figure,model,seed,calibration,level,scope,classifier_strategy,bin,bin_lower,bin_upper,n,mean_probability,observed_fraction,rank,coverage,risk,aurc,failure_inclusive
S7,yolo26,17,raw,eye,ALL,model_specific,0,0.0,0.1,21,0.011728677845902548,0.19047619047619047,,,,,
S7,yolo26,17,raw,eye,ALL,model_specific,2,0.2,0.30000000000000004,2,0.23509062450986157,0.0,,,,,
S7,yolo26,17,raw,eye,ALL,model_specific,9,0.9,1.0,12,0.9950103787794,0.9166666666666666,,,,,
S7,yolo26,17,temperature_scaled,eye,ALL,model_specific,0,0.0,0.1,18,0.009012800956851922,0.2222222222222222,,,,,
S7,yolo26,17,temperature_scaled,eye,ALL,model_specific,1,0.1,0.2,1,0.14623244903032126,0.0,,,,,
S7,yolo26,17,temperature_scaled,eye,ALL,model_specific,2,0.2,0.30000000000000004,2,0.21442371344450717,0.0,,,,,
S7,yolo26,17,temperature_scaled,eye,ALL,model_specific,3,0.30000000000000004,0.4,2,0.3355783405679084,0.0,,,,,
S7,yolo26,17,temperature_scaled,eye,ALL,model_specific,8,0.8,0.9,1,0.8397465321183595,0.0,,,,,
S7,yolo26,17,temperature_scaled,eye,ALL,model_specific,9,0.9,1.0,11,0.9904955414009453,1.0,,,,,
S8,yolo26,17,operational,eye,ALL,model_specific,,,,,,,1,0.027777777777777776,0.0,0.116122042203758,True
S8,yolo26,17,operational,eye,ALL,model_specific,,,,,,,2,0.05555555555555555,0.0,0.116122042203758,True
S8,yolo26,17,operational,eye,ALL,model_specific,,,,,,,3,0.08333333333333333,0.0,0.116122042203758,True
S8,yolo26,17,operational,eye,ALL,model_specific,,,,,,,4,0.1111111111111111,0.0,0.116122042203758,True
S8,yolo26,17,operational,eye,ALL,model_specific,,,,,,,5,0.1388888888888889,0.0,0.116122042203758,True
S8,yolo26,17,operational,eye,ALL,model_specific,,,,,,,6,0.16666666666666666,0.0,0.116122042203758,True
S8,yolo26,17,operational,eye,ALL,model_specific,,,,,,,7,0.19444444444444445,0.0,0.116122042203758,True
S8,yolo26,17,operational,eye,ALL,model_specific,,,,,,,8,0.2222222222222222,0.0,0.116122042203758,True
S8,yolo26,17,operational,eye,ALL,model_specific,,,,,,,9,0.25,0.0,0.116122042203758,True
S8,yolo26,17,operational,eye,ALL,model_specific,,,,,,,10,0.2777777777777778,0.0,0.116122042203758,True
S8,yolo26,17,operational,eye,ALL,model_specific,,,,,,,11,0.3055555555555556,0.09090909090909091,0.116122042203758,True
S8,yolo26,17,operational,eye,ALL,model_specific,,,,,,,12,0.3333333333333333,0.08333333333333333,0.116122042203758,True
S8,yolo26,17,operational,eye,ALL,model_specific,,,,,,,13,0.3611111111111111,0.15384615384615385,0.116122042203758,True
S8,yolo26,17,operational,eye,ALL,model_specific,,,,,,,14,0.3888888888888889,0.14285714285714285,0.116122042203758,True
S8,yolo26,17,operational,eye,ALL,model_specific,,,,,,,15,0.4166666666666667,0.2,0.116122042203758,True
S8,yolo26,17,operational,eye,ALL,model_specific,,,,,,,16,0.4444444444444444,0.25,0.116122042203758,True
S8,yolo26,17,operational,eye,ALL,model_specific,,,,,,,17,0.4722222222222222,0.23529411764705882,0.116122042203758,True
S8,yolo26,17,operational,eye,ALL,model_specific,,,,,,,18,0.5,0.2222222222222222,0.116122042203758,True
S8,yolo26,17,operational,eye,ALL,model_specific,,,,,,,19,0.5277777777777778,0.21052631578947367,0.116122042203758,True
S8,yolo26,17,operational,eye,ALL,model_specific,,,,,,,20,0.5555555555555556,0.2,0.116122042203758,True
S8,yolo26,17,operational,eye,ALL,model_specific,,,,,,,21,0.5833333333333334,0.19047619047619047,0.116122042203758,True
S8,yolo26,17,operational,eye,ALL,model_specific,,,,,,,22,0.6111111111111112,0.18181818181818182,0.116122042203758,True
S8,yolo26,17,operational,eye,ALL,model_specific,,,,,,,23,0.6388888888888888,0.17391304347826086,0.116122042203758,True
S8,yolo26,17,operational,eye,ALL,model_specific,,,,,,,24,0.6666666666666666,0.16666666666666666,0.116122042203758,True
S8,yolo26,17,operational,eye,ALL,model_specific,,,,,,,25,0.6944444444444444,0.16,0.116122042203758,True
S8,yolo26,17,operational,eye,ALL,model_specific,,,,,,,26,0.7222222222222222,0.15384615384615385,0.116122042203758,True
S8,yolo26,17,operational,eye,ALL,model_specific,,,,,,,27,0.75,0.14814814814814814,0.116122042203758,True
S8,yolo26,17,operational,eye,ALL,model_specific,,,,,,,28,0.7777777777777778,0.14285714285714285,0.116122042203758,True
S8,yolo26,17,operational,eye,ALL,model_specific,,,,,,,29,0.8055555555555556,0.13793103448275862,0.116122042203758,True
S8,yolo26,17,operational,eye,ALL,model_specific,,,,,,,30,0.8333333333333334,0.13333333333333333,0.116122042203758,True
S8,yolo26,17,operational,eye,ALL,model_specific,,,,,,,31,0.8611111111111112,0.12903225806451613,0.116122042203758,True
S8,yolo26,17,operational,eye,ALL,model_specific,,,,,,,32,0.8888888888888888,0.125,0.116122042203758,True
S8,yolo26,17,operational,eye,ALL,model_specific,,,,,,,33,0.9166666666666666,0.12121212121212122,0.116122042203758,True
S8,yolo26,17,operational,eye,ALL,model_specific,,,,,,,34,0.9444444444444444,0.11764705882352941,0.116122042203758,True
S8,yolo26,17,operational,eye,ALL,model_specific,,,,,,,35,0.9722222222222222,0.14285714285714285,0.116122042203758,True
S8,yolo26,17,operational,eye,ALL,model_specific,,,,,,,36,1.0,0.16666666666666666,0.116122042203758,True
S7,yolo26,42,raw,eye,ALL,model_specific,0,0.0,0.1,19,0.0028133869373298294,0.10526315789473684,,,,,
S7,yolo26,42,raw,eye,ALL,model_specific,1,0.1,0.2,2,0.13572750442853831,0.0,,,,,
S7,yolo26,42,raw,eye,ALL,model_specific,6,0.6000000000000001,0.7000000000000001,1,0.6700798086822033,0.0,,,,,
S7,yolo26,42,raw,eye,ALL,model_specific,7,0.7000000000000001,0.8,1,0.7701793523239238,1.0,,,,,
S7,yolo26,42,raw,eye,ALL,model_specific,9,0.9,1.0,13,0.9991452088722816,1.0,,,,,
S7,yolo26,42,temperature_scaled,eye,ALL,model_specific,0,0.0,0.1,17,0.007664138757507788,0.11764705882352941,,,,,
S7,yolo26,42,temperature_scaled,eye,ALL,model_specific,1,0.1,0.2,1,0.13500388701695074,0.0,,,,,
S7,yolo26,42,temperature_scaled,eye,ALL,model_specific,2,0.2,0.30000000000000004,1,0.22387058874358787,0.0,,,,,
S7,yolo26,42,temperature_scaled,eye,ALL,model_specific,3,0.30000000000000004,0.4,2,0.3218424271874055,0.0,,,,,
S7,yolo26,42,temperature_scaled,eye,ALL,model_specific,5,0.5,0.6000000000000001,1,0.570798616787747,0.0,,,,,
S7,yolo26,42,temperature_scaled,eye,ALL,model_specific,6,0.6000000000000001,0.7000000000000001,1,0.6193092108049756,1.0,,,,,
S7,yolo26,42,temperature_scaled,eye,ALL,model_specific,8,0.8,0.9,1,0.865783885332689,1.0,,,,,
S7,yolo26,42,temperature_scaled,eye,ALL,model_specific,9,0.9,1.0,12,0.9832629822973948,1.0,,,,,
S8,yolo26,42,operational,eye,ALL,model_specific,,,,,,,1,0.027777777777777776,0.0,0.02539339976327889,True
S8,yolo26,42,operational,eye,ALL,model_specific,,,,,,,2,0.05555555555555555,0.0,0.02539339976327889,True
S8,yolo26,42,operational,eye,ALL,model_specific,,,,,,,3,0.08333333333333333,0.0,0.02539339976327889,True
S8,yolo26,42,operational,eye,ALL,model_specific,,,,,,,4,0.1111111111111111,0.0,0.02539339976327889,True
S8,yolo26,42,operational,eye,ALL,model_specific,,,,,,,5,0.1388888888888889,0.0,0.02539339976327889,True
S8,yolo26,42,operational,eye,ALL,model_specific,,,,,,,6,0.16666666666666666,0.0,0.02539339976327889,True
S8,yolo26,42,operational,eye,ALL,model_specific,,,,,,,7,0.19444444444444445,0.0,0.02539339976327889,True
S8,yolo26,42,operational,eye,ALL,model_specific,,,,,,,8,0.2222222222222222,0.0,0.02539339976327889,True
S8,yolo26,42,operational,eye,ALL,model_specific,,,,,,,9,0.25,0.0,0.02539339976327889,True
S8,yolo26,42,operational,eye,ALL,model_specific,,,,,,,10,0.2777777777777778,0.0,0.02539339976327889,True
S8,yolo26,42,operational,eye,ALL,model_specific,,,,,,,11,0.3055555555555556,0.0,0.02539339976327889,True
S8,yolo26,42,operational,eye,ALL,model_specific,,,,,,,12,0.3333333333333333,0.0,0.02539339976327889,True
S8,yolo26,42,operational,eye,ALL,model_specific,,,,,,,13,0.3611111111111111,0.0,0.02539339976327889,True
S8,yolo26,42,operational,eye,ALL,model_specific,,,,,,,14,0.3888888888888889,0.0,0.02539339976327889,True
S8,yolo26,42,operational,eye,ALL,model_specific,,,,,,,15,0.4166666666666667,0.0,0.02539339976327889,True
S8,yolo26,42,operational,eye,ALL,model_specific,,,,,,,16,0.4444444444444444,0.0,0.02539339976327889,True
S8,yolo26,42,operational,eye,ALL,model_specific,,,,,,,17,0.4722222222222222,0.0,0.02539339976327889,True
S8,yolo26,42,operational,eye,ALL,model_specific,,,,,,,18,0.5,0.0,0.02539339976327889,True
S8,yolo26,42,operational,eye,ALL,model_specific,,,,,,,19,0.5277777777777778,0.0,0.02539339976327889,True
S8,yolo26,42,operational,eye,ALL,model_specific,,,,,,,20,0.5555555555555556,0.0,0.02539339976327889,True
S8,yolo26,42,operational,eye,ALL,model_specific,,,,,,,21,0.5833333333333334,0.0,0.02539339976327889,True
S8,yolo26,42,operational,eye,ALL,model_specific,,,,,,,22,0.6111111111111112,0.0,0.02539339976327889,True
S8,yolo26,42,operational,eye,ALL,model_specific,,,,,,,23,0.6388888888888888,0.043478260869565216,0.02539339976327889,True
S8,yolo26,42,operational,eye,ALL,model_specific,,,,,,,24,0.6666666666666666,0.041666666666666664,0.02539339976327889,True
S8,yolo26,42,operational,eye,ALL,model_specific,,,,,,,25,0.6944444444444444,0.04,0.02539339976327889,True
S8,yolo26,42,operational,eye,ALL,model_specific,,,,,,,26,0.7222222222222222,0.038461538461538464,0.02539339976327889,True
S8,yolo26,42,operational,eye,ALL,model_specific,,,,,,,27,0.75,0.037037037037037035,0.02539339976327889,True
S8,yolo26,42,operational,eye,ALL,model_specific,,,,,,,28,0.7777777777777778,0.07142857142857142,0.02539339976327889,True
S8,yolo26,42,operational,eye,ALL,model_specific,,,,,,,29,0.8055555555555556,0.06896551724137931,0.02539339976327889,True
S8,yolo26,42,operational,eye,ALL,model_specific,,,,,,,30,0.8333333333333334,0.06666666666666667,0.02539339976327889,True
S8,yolo26,42,operational,eye,ALL,model_specific,,,,,,,31,0.8611111111111112,0.06451612903225806,0.02539339976327889,True
S8,yolo26,42,operational,eye,ALL,model_specific,,,,,,,32,0.8888888888888888,0.09375,0.02539339976327889,True
S8,yolo26,42,operational,eye,ALL,model_specific,,,,,,,33,0.9166666666666666,0.09090909090909091,0.02539339976327889,True
S8,yolo26,42,operational,eye,ALL,model_specific,,,,,,,34,0.9444444444444444,0.08823529411764706,0.02539339976327889,True
S8,yolo26,42,operational,eye,ALL,model_specific,,,,,,,35,0.9722222222222222,0.08571428571428572,0.02539339976327889,True
S8,yolo26,42,operational,eye,ALL,model_specific,,,,,,,36,1.0,0.08333333333333333,0.02539339976327889,True
S7,yolo26,2026,raw,eye,ALL,model_specific,0,0.0,0.1,19,0.008800997185569844,0.10526315789473684,,,,,
S7,yolo26,2026,raw,eye,ALL,model_specific,8,0.8,0.9,2,0.8156563751399517,1.0,,,,,
S7,yolo26,2026,raw,eye,ALL,model_specific,9,0.9,1.0,9,0.9879526147135983,1.0,,,,,
S7,yolo26,2026,temperature_scaled,eye,ALL,model_specific,2,0.2,0.30000000000000004,2,0.2989061989359891,0.0,,,,,
S7,yolo26,2026,temperature_scaled,eye,ALL,model_specific,3,0.30000000000000004,0.4,17,0.32439500198359283,0.11764705882352941,,,,,
S7,yolo26,2026,temperature_scaled,eye,ALL,model_specific,5,0.5,0.6000000000000001,2,0.5577342690404288,1.0,,,,,
S7,yolo26,2026,temperature_scaled,eye,ALL,model_specific,6,0.6000000000000001,0.7000000000000001,9,0.6793258349449331,1.0,,,,,
S8,yolo26,2026,operational,eye,ALL,model_specific,,,,,,,1,0.027777777777777776,0.0,0.08647530051433995,True
S8,yolo26,2026,operational,eye,ALL,model_specific,,,,,,,2,0.05555555555555555,0.0,0.08647530051433995,True
S8,yolo26,2026,operational,eye,ALL,model_specific,,,,,,,3,0.08333333333333333,0.0,0.08647530051433995,True
S8,yolo26,2026,operational,eye,ALL,model_specific,,,,,,,4,0.1111111111111111,0.0,0.08647530051433995,True
S8,yolo26,2026,operational,eye,ALL,model_specific,,,,,,,5,0.1388888888888889,0.0,0.08647530051433995,True
S8,yolo26,2026,operational,eye,ALL,model_specific,,,,,,,6,0.16666666666666666,0.0,0.08647530051433995,True
S8,yolo26,2026,operational,eye,ALL,model_specific,,,,,,,7,0.19444444444444445,0.0,0.08647530051433995,True
S8,yolo26,2026,operational,eye,ALL,model_specific,,,,,,,8,0.2222222222222222,0.0,0.08647530051433995,True
S8,yolo26,2026,operational,eye,ALL,model_specific,,,,,,,9,0.25,0.0,0.08647530051433995,True
S8,yolo26,2026,operational,eye,ALL,model_specific,,,,,,,10,0.2777777777777778,0.1,0.08647530051433995,True
S8,yolo26,2026,operational,eye,ALL,model_specific,,,,,,,11,0.3055555555555556,0.09090909090909091,0.08647530051433995,True
S8,yolo26,2026,operational,eye,ALL,model_specific,,,,,,,12,0.3333333333333333,0.16666666666666666,0.08647530051433995,True
S8,yolo26,2026,operational,eye,ALL,model_specific,,,,,,,13,0.3611111111111111,0.15384615384615385,0.08647530051433995,True
S8,yolo26,2026,operational,eye,ALL,model_specific,,,,,,,14,0.3888888888888889,0.14285714285714285,0.08647530051433995,True
S8,yolo26,2026,operational,eye,ALL,model_specific,,,,,,,15,0.4166666666666667,0.13333333333333333,0.08647530051433995,True
S8,yolo26,2026,operational,eye,ALL,model_specific,,,,,,,16,0.4444444444444444,0.125,0.08647530051433995,True
S8,yolo26,2026,operational,eye,ALL,model_specific,,,,,,,17,0.4722222222222222,0.11764705882352941,0.08647530051433995,True
S8,yolo26,2026,operational,eye,ALL,model_specific,,,,,,,18,0.5,0.1111111111111111,0.08647530051433995,True
S8,yolo26,2026,operational,eye,ALL,model_specific,,,,,,,19,0.5277777777777778,0.10526315789473684,0.08647530051433995,True
S8,yolo26,2026,operational,eye,ALL,model_specific,,,,,,,20,0.5555555555555556,0.1,0.08647530051433995,True
S8,yolo26,2026,operational,eye,ALL,model_specific,,,,,,,21,0.5833333333333334,0.09523809523809523,0.08647530051433995,True
S8,yolo26,2026,operational,eye,ALL,model_specific,,,,,,,22,0.6111111111111112,0.09090909090909091,0.08647530051433995,True
S8,yolo26,2026,operational,eye,ALL,model_specific,,,,,,,23,0.6388888888888888,0.08695652173913043,0.08647530051433995,True
S8,yolo26,2026,operational,eye,ALL,model_specific,,,,,,,24,0.6666666666666666,0.08333333333333333,0.08647530051433995,True
S8,yolo26,2026,operational,eye,ALL,model_specific,,,,,,,25,0.6944444444444444,0.08,0.08647530051433995,True
S8,yolo26,2026,operational,eye,ALL,model_specific,,,,,,,26,0.7222222222222222,0.07692307692307693,0.08647530051433995,True
S8,yolo26,2026,operational,eye,ALL,model_specific,,,,,,,27,0.75,0.07407407407407407,0.08647530051433995,True
S8,yolo26,2026,operational,eye,ALL,model_specific,,,,,,,28,0.7777777777777778,0.07142857142857142,0.08647530051433995,True
S8,yolo26,2026,operational,eye,ALL,model_specific,,,,,,,29,0.8055555555555556,0.06896551724137931,0.08647530051433995,True
S8,yolo26,2026,operational,eye,ALL,model_specific,,,,,,,30,0.8333333333333334,0.06666666666666667,0.08647530051433995,True
S8,yolo26,2026,operational,eye,ALL,model_specific,,,,,,,31,0.8611111111111112,0.0967741935483871,0.08647530051433995,True
S8,yolo26,2026,operational,eye,ALL,model_specific,,,,,,,32,0.8888888888888888,0.125,0.08647530051433995,True
S8,yolo26,2026,operational,eye,ALL,model_specific,,,,,,,33,0.9166666666666666,0.15151515151515152,0.08647530051433995,True
S8,yolo26,2026,operational,eye,ALL,model_specific,,,,,,,34,0.9444444444444444,0.17647058823529413,0.08647530051433995,True
S8,yolo26,2026,operational,eye,ALL,model_specific,,,,,,,35,0.9722222222222222,0.2,0.08647530051433995,True
S8,yolo26,2026,operational,eye,ALL,model_specific,,,,,,,36,1.0,0.2222222222222222,0.08647530051433995,True
S7,yolo26,3407,raw,eye,ALL,model_specific,0,0.0,0.1,23,0.0004275806791582858,0.17391304347826086,,,,,
S7,yolo26,3407,raw,eye,ALL,model_specific,4,0.4,0.5,1,0.495396576688758,0.0,,,,,
S7,yolo26,3407,raw,eye,ALL,model_specific,9,0.9,1.0,10,0.9999981134278434,1.0,,,,,
S7,yolo26,3407,temperature_scaled,eye,ALL,model_specific,0,0.0,0.1,16,0.0781455164102311,0.25,,,,,
S7,yolo26,3407,temperature_scaled,eye,ALL,model_specific,1,0.1,0.2,4,0.12538304694825214,0.0,,,,,
S7,yolo26,3407,temperature_scaled,eye,ALL,model_specific,2,0.2,0.30000000000000004,3,0.22806055319124055,0.0,,,,,
S7,yolo26,3407,temperature_scaled,eye,ALL,model_specific,4,0.4,0.5,1,0.49905826872660813,0.0,,,,,
S7,yolo26,3407,temperature_scaled,eye,ALL,model_specific,9,0.9,1.0,10,0.9377192910932072,1.0,,,,,
S8,yolo26,3407,operational,eye,ALL,model_specific,,,,,,,1,0.027777777777777776,0.0,0.07405956002217612,True
S8,yolo26,3407,operational,eye,ALL,model_specific,,,,,,,2,0.05555555555555555,0.0,0.07405956002217612,True
S8,yolo26,3407,operational,eye,ALL,model_specific,,,,,,,3,0.08333333333333333,0.0,0.07405956002217612,True
S8,yolo26,3407,operational,eye,ALL,model_specific,,,,,,,4,0.1111111111111111,0.0,0.07405956002217612,True
S8,yolo26,3407,operational,eye,ALL,model_specific,,,,,,,5,0.1388888888888889,0.0,0.07405956002217612,True
S8,yolo26,3407,operational,eye,ALL,model_specific,,,,,,,6,0.16666666666666666,0.0,0.07405956002217612,True
S8,yolo26,3407,operational,eye,ALL,model_specific,,,,,,,7,0.19444444444444445,0.0,0.07405956002217612,True
S8,yolo26,3407,operational,eye,ALL,model_specific,,,,,,,8,0.2222222222222222,0.0,0.07405956002217612,True
S8,yolo26,3407,operational,eye,ALL,model_specific,,,,,,,9,0.25,0.0,0.07405956002217612,True
S8,yolo26,3407,operational,eye,ALL,model_specific,,,,,,,10,0.2777777777777778,0.0,0.07405956002217612,True
S8,yolo26,3407,operational,eye,ALL,model_specific,,,,,,,11,0.3055555555555556,0.0,0.07405956002217612,True
S8,yolo26,3407,operational,eye,ALL,model_specific,,,,,,,12,0.3333333333333333,0.0,0.07405956002217612,True
S8,yolo26,3407,operational,eye,ALL,model_specific,,,,,,,13,0.3611111111111111,0.0,0.07405956002217612,True
S8,yolo26,3407,operational,eye,ALL,model_specific,,,,,,,14,0.3888888888888889,0.0,0.07405956002217612,True
S8,yolo26,3407,operational,eye,ALL,model_specific,,,,,,,15,0.4166666666666667,0.06666666666666667,0.07405956002217612,True
S8,yolo26,3407,operational,eye,ALL,model_specific,,,,,,,16,0.4444444444444444,0.0625,0.07405956002217612,True
S8,yolo26,3407,operational,eye,ALL,model_specific,,,,,,,17,0.4722222222222222,0.058823529411764705,0.07405956002217612,True
S8,yolo26,3407,operational,eye,ALL,model_specific,,,,,,,18,0.5,0.1111111111111111,0.07405956002217612,True
S8,yolo26,3407,operational,eye,ALL,model_specific,,,,,,,19,0.5277777777777778,0.10526315789473684,0.07405956002217612,True
S8,yolo26,3407,operational,eye,ALL,model_specific,,,,,,,20,0.5555555555555556,0.1,0.07405956002217612,True
S8,yolo26,3407,operational,eye,ALL,model_specific,,,,,,,21,0.5833333333333334,0.09523809523809523,0.07405956002217612,True
S8,yolo26,3407,operational,eye,ALL,model_specific,,,,,,,22,0.6111111111111112,0.09090909090909091,0.07405956002217612,True
S8,yolo26,3407,operational,eye,ALL,model_specific,,,,,,,23,0.6388888888888888,0.13043478260869565,0.07405956002217612,True
S8,yolo26,3407,operational,eye,ALL,model_specific,,,,,,,24,0.6666666666666666,0.16666666666666666,0.07405956002217612,True
S8,yolo26,3407,operational,eye,ALL,model_specific,,,,,,,25,0.6944444444444444,0.16,0.07405956002217612,True
S8,yolo26,3407,operational,eye,ALL,model_specific,,,,,,,26,0.7222222222222222,0.15384615384615385,0.07405956002217612,True
S8,yolo26,3407,operational,eye,ALL,model_specific,,,,,,,27,0.75,0.14814814814814814,0.07405956002217612,True
S8,yolo26,3407,operational,eye,ALL,model_specific,,,,,,,28,0.7777777777777778,0.14285714285714285,0.07405956002217612,True
S8,yolo26,3407,operational,eye,ALL,model_specific,,,,,,,29,0.8055555555555556,0.13793103448275862,0.07405956002217612,True
S8,yolo26,3407,operational,eye,ALL,model_specific,,,,,,,30,0.8333333333333334,0.13333333333333333,0.07405956002217612,True
S8,yolo26,3407,operational,eye,ALL,model_specific,,,,,,,31,0.8611111111111112,0.12903225806451613,0.07405956002217612,True
S8,yolo26,3407,operational,eye,ALL,model_specific,,,,,,,32,0.8888888888888888,0.125,0.07405956002217612,True
S8,yolo26,3407,operational,eye,ALL,model_specific,,,,,,,33,0.9166666666666666,0.12121212121212122,0.07405956002217612,True
S8,yolo26,3407,operational,eye,ALL,model_specific,,,,,,,34,0.9444444444444444,0.11764705882352941,0.07405956002217612,True
S8,yolo26,3407,operational,eye,ALL,model_specific,,,,,,,35,0.9722222222222222,0.14285714285714285,0.07405956002217612,True
S8,yolo26,3407,operational,eye,ALL,model_specific,,,,,,,36,1.0,0.16666666666666666,0.07405956002217612,True
S7,yolo26,9103,raw,eye,ALL,model_specific,0,0.0,0.1,18,0.002721891231026372,0.05555555555555555,,,,,
S7,yolo26,9103,raw,eye,ALL,model_specific,1,0.1,0.2,1,0.12736484626504666,0.0,,,,,
S7,yolo26,9103,raw,eye,ALL,model_specific,2,0.2,0.30000000000000004,1,0.29722637629817783,1.0,,,,,
S7,yolo26,9103,raw,eye,ALL,model_specific,4,0.4,0.5,1,0.4613116064366685,0.0,,,,,
S7,yolo26,9103,raw,eye,ALL,model_specific,6,0.6000000000000001,0.7000000000000001,1,0.6484056666626462,0.0,,,,,
S7,yolo26,9103,raw,eye,ALL,model_specific,9,0.9,1.0,12,0.9999474388739419,1.0,,,,,
S7,yolo26,9103,temperature_scaled,eye,ALL,model_specific,0,0.0,0.1,15,0.034603856643314425,0.0,,,,,
S7,yolo26,9103,temperature_scaled,eye,ALL,model_specific,1,0.1,0.2,2,0.11530814505944528,0.0,,,,,
S7,yolo26,9103,temperature_scaled,eye,ALL,model_specific,2,0.2,0.30000000000000004,1,0.28390310706037436,1.0,,,,,
S7,yolo26,9103,temperature_scaled,eye,ALL,model_specific,3,0.30000000000000004,0.4,1,0.3573893383267294,0.0,,,,,
S7,yolo26,9103,temperature_scaled,eye,ALL,model_specific,4,0.4,0.5,2,0.46148433404575095,0.5,,,,,
S7,yolo26,9103,temperature_scaled,eye,ALL,model_specific,5,0.5,0.6000000000000001,1,0.5465133738627972,0.0,,,,,
S7,yolo26,9103,temperature_scaled,eye,ALL,model_specific,9,0.9,1.0,12,0.9610539302752734,1.0,,,,,
S8,yolo26,9103,operational,eye,ALL,model_specific,,,,,,,1,0.027777777777777776,0.0,0.018845261711722808,True
S8,yolo26,9103,operational,eye,ALL,model_specific,,,,,,,2,0.05555555555555555,0.0,0.018845261711722808,True
S8,yolo26,9103,operational,eye,ALL,model_specific,,,,,,,3,0.08333333333333333,0.0,0.018845261711722808,True
S8,yolo26,9103,operational,eye,ALL,model_specific,,,,,,,4,0.1111111111111111,0.0,0.018845261711722808,True
S8,yolo26,9103,operational,eye,ALL,model_specific,,,,,,,5,0.1388888888888889,0.0,0.018845261711722808,True
S8,yolo26,9103,operational,eye,ALL,model_specific,,,,,,,6,0.16666666666666666,0.0,0.018845261711722808,True
S8,yolo26,9103,operational,eye,ALL,model_specific,,,,,,,7,0.19444444444444445,0.0,0.018845261711722808,True
S8,yolo26,9103,operational,eye,ALL,model_specific,,,,,,,8,0.2222222222222222,0.0,0.018845261711722808,True
S8,yolo26,9103,operational,eye,ALL,model_specific,,,,,,,9,0.25,0.0,0.018845261711722808,True
S8,yolo26,9103,operational,eye,ALL,model_specific,,,,,,,10,0.2777777777777778,0.0,0.018845261711722808,True
S8,yolo26,9103,operational,eye,ALL,model_specific,,,,,,,11,0.3055555555555556,0.0,0.018845261711722808,True
S8,yolo26,9103,operational,eye,ALL,model_specific,,,,,,,12,0.3333333333333333,0.0,0.018845261711722808,True
S8,yolo26,9103,operational,eye,ALL,model_specific,,,,,,,13,0.3611111111111111,0.0,0.018845261711722808,True
S8,yolo26,9103,operational,eye,ALL,model_specific,,,,,,,14,0.3888888888888889,0.0,0.018845261711722808,True
S8,yolo26,9103,operational,eye,ALL,model_specific,,,,,,,15,0.4166666666666667,0.0,0.018845261711722808,True
S8,yolo26,9103,operational,eye,ALL,model_specific,,,,,,,16,0.4444444444444444,0.0,0.018845261711722808,True
S8,yolo26,9103,operational,eye,ALL,model_specific,,,,,,,17,0.4722222222222222,0.0,0.018845261711722808,True
S8,yolo26,9103,operational,eye,ALL,model_specific,,,,,,,18,0.5,0.0,0.018845261711722808,True
S8,yolo26,9103,operational,eye,ALL,model_specific,,,,,,,19,0.5277777777777778,0.0,0.018845261711722808,True
S8,yolo26,9103,operational,eye,ALL,model_specific,,,,,,,20,0.5555555555555556,0.0,0.018845261711722808,True
S8,yolo26,9103,operational,eye,ALL,model_specific,,,,,,,21,0.5833333333333334,0.0,0.018845261711722808,True
S8,yolo26,9103,operational,eye,ALL,model_specific,,,,,,,22,0.6111111111111112,0.0,0.018845261711722808,True
S8,yolo26,9103,operational,eye,ALL,model_specific,,,,,,,23,0.6388888888888888,0.0,0.018845261711722808,True
S8,yolo26,9103,operational,eye,ALL,model_specific,,,,,,,24,0.6666666666666666,0.0,0.018845261711722808,True
S8,yolo26,9103,operational,eye,ALL,model_specific,,,,,,,25,0.6944444444444444,0.0,0.018845261711722808,True
S8,yolo26,9103,operational,eye,ALL,model_specific,,,,,,,26,0.7222222222222222,0.0,0.018845261711722808,True
S8,yolo26,9103,operational,eye,ALL,model_specific,,,,,,,27,0.75,0.0,0.018845261711722808,True
S8,yolo26,9103,operational,eye,ALL,model_specific,,,,,,,28,0.7777777777777778,0.0,0.018845261711722808,True
S8,yolo26,9103,operational,eye,ALL,model_specific,,,,,,,29,0.8055555555555556,0.0,0.018845261711722808,True
S8,yolo26,9103,operational,eye,ALL,model_specific,,,,,,,30,0.8333333333333334,0.03333333333333333,0.018845261711722808,True
S8,yolo26,9103,operational,eye,ALL,model_specific,,,,,,,31,0.8611111111111112,0.06451612903225806,0.018845261711722808,True
S8,yolo26,9103,operational,eye,ALL,model_specific,,,,,,,32,0.8888888888888888,0.0625,0.018845261711722808,True
S8,yolo26,9103,operational,eye,ALL,model_specific,,,,,,,33,0.9166666666666666,0.09090909090909091,0.018845261711722808,True
S8,yolo26,9103,operational,eye,ALL,model_specific,,,,,,,34,0.9444444444444444,0.11764705882352941,0.018845261711722808,True
S8,yolo26,9103,operational,eye,ALL,model_specific,,,,,,,35,0.9722222222222222,0.14285714285714285,0.018845261711722808,True
S8,yolo26,9103,operational,eye,ALL,model_specific,,,,,,,36,1.0,0.16666666666666666,0.018845261711722808,True
S7,vit_method2,17,raw,eye,ALL,model_specific,0,0.0,0.1,5,0.08448006212711333,0.2,,,,,
S7,vit_method2,17,raw,eye,ALL,model_specific,1,0.1,0.2,12,0.14773716405034065,0.16666666666666666,,,,,
S7,vit_method2,17,raw,eye,ALL,model_specific,2,0.2,0.30000000000000004,3,0.2889056546347482,0.3333333333333333,,,,,
S7,vit_method2,17,raw,eye,ALL,model_specific,3,0.30000000000000004,0.4,2,0.368204870394298,0.0,,,,,
S7,vit_method2,17,raw,eye,ALL,model_specific,5,0.5,0.6000000000000001,1,0.5928838849067688,1.0,,,,,
S7,vit_method2,17,raw,eye,ALL,model_specific,6,0.6000000000000001,0.7000000000000001,2,0.6222764338765825,0.0,,,,,
S7,vit_method2,17,raw,eye,ALL,model_specific,8,0.8,0.9,1,0.8519876769610814,1.0,,,,,
S7,vit_method2,17,raw,eye,ALL,model_specific,9,0.9,1.0,10,0.9842018008232118,1.0,,,,,
S7,vit_method2,17,temperature_scaled,eye,ALL,model_specific,0,0.0,0.1,12,0.06146720719467211,0.16666666666666666,,,,,
S7,vit_method2,17,temperature_scaled,eye,ALL,model_specific,1,0.1,0.2,5,0.12721301628247947,0.2,,,,,
S7,vit_method2,17,temperature_scaled,eye,ALL,model_specific,2,0.2,0.30000000000000004,3,0.23866348970899087,0.3333333333333333,,,,,
S7,vit_method2,17,temperature_scaled,eye,ALL,model_specific,3,0.30000000000000004,0.4,2,0.332974529174751,0.0,,,,,
S7,vit_method2,17,temperature_scaled,eye,ALL,model_specific,6,0.6000000000000001,0.7000000000000001,3,0.6430931590144348,0.3333333333333333,,,,,
S7,vit_method2,17,temperature_scaled,eye,ALL,model_specific,9,0.9,1.0,11,0.9860672388949322,1.0,,,,,
S8,vit_method2,17,operational,eye,ALL,model_specific,,,,,,,1,0.027777777777777776,0.0,0.13172820215528727,True
S8,vit_method2,17,operational,eye,ALL,model_specific,,,,,,,2,0.05555555555555555,0.0,0.13172820215528727,True
S8,vit_method2,17,operational,eye,ALL,model_specific,,,,,,,3,0.08333333333333333,0.0,0.13172820215528727,True
S8,vit_method2,17,operational,eye,ALL,model_specific,,,,,,,4,0.1111111111111111,0.0,0.13172820215528727,True
S8,vit_method2,17,operational,eye,ALL,model_specific,,,,,,,5,0.1388888888888889,0.0,0.13172820215528727,True
S8,vit_method2,17,operational,eye,ALL,model_specific,,,,,,,6,0.16666666666666666,0.0,0.13172820215528727,True
S8,vit_method2,17,operational,eye,ALL,model_specific,,,,,,,7,0.19444444444444445,0.0,0.13172820215528727,True
S8,vit_method2,17,operational,eye,ALL,model_specific,,,,,,,8,0.2222222222222222,0.0,0.13172820215528727,True
S8,vit_method2,17,operational,eye,ALL,model_specific,,,,,,,9,0.25,0.0,0.13172820215528727,True
S8,vit_method2,17,operational,eye,ALL,model_specific,,,,,,,10,0.2777777777777778,0.0,0.13172820215528727,True
S8,vit_method2,17,operational,eye,ALL,model_specific,,,,,,,11,0.3055555555555556,0.0,0.13172820215528727,True
S8,vit_method2,17,operational,eye,ALL,model_specific,,,,,,,12,0.3333333333333333,0.08333333333333333,0.13172820215528727,True
S8,vit_method2,17,operational,eye,ALL,model_specific,,,,,,,13,0.3611111111111111,0.15384615384615385,0.13172820215528727,True
S8,vit_method2,17,operational,eye,ALL,model_specific,,,,,,,14,0.3888888888888889,0.14285714285714285,0.13172820215528727,True
S8,vit_method2,17,operational,eye,ALL,model_specific,,,,,,,15,0.4166666666666667,0.13333333333333333,0.13172820215528727,True
S8,vit_method2,17,operational,eye,ALL,model_specific,,,,,,,16,0.4444444444444444,0.125,0.13172820215528727,True
S8,vit_method2,17,operational,eye,ALL,model_specific,,,,,,,17,0.4722222222222222,0.11764705882352941,0.13172820215528727,True
S8,vit_method2,17,operational,eye,ALL,model_specific,,,,,,,18,0.5,0.16666666666666666,0.13172820215528727,True
S8,vit_method2,17,operational,eye,ALL,model_specific,,,,,,,19,0.5277777777777778,0.21052631578947367,0.13172820215528727,True
S8,vit_method2,17,operational,eye,ALL,model_specific,,,,,,,20,0.5555555555555556,0.2,0.13172820215528727,True
S8,vit_method2,17,operational,eye,ALL,model_specific,,,,,,,21,0.5833333333333334,0.19047619047619047,0.13172820215528727,True
S8,vit_method2,17,operational,eye,ALL,model_specific,,,,,,,22,0.6111111111111112,0.22727272727272727,0.13172820215528727,True
S8,vit_method2,17,operational,eye,ALL,model_specific,,,,,,,23,0.6388888888888888,0.21739130434782608,0.13172820215528727,True
S8,vit_method2,17,operational,eye,ALL,model_specific,,,,,,,24,0.6666666666666666,0.20833333333333334,0.13172820215528727,True
S8,vit_method2,17,operational,eye,ALL,model_specific,,,,,,,25,0.6944444444444444,0.2,0.13172820215528727,True
S8,vit_method2,17,operational,eye,ALL,model_specific,,,,,,,26,0.7222222222222222,0.19230769230769232,0.13172820215528727,True
S8,vit_method2,17,operational,eye,ALL,model_specific,,,,,,,27,0.75,0.18518518518518517,0.13172820215528727,True
S8,vit_method2,17,operational,eye,ALL,model_specific,,,,,,,28,0.7777777777777778,0.21428571428571427,0.13172820215528727,True
S8,vit_method2,17,operational,eye,ALL,model_specific,,,,,,,29,0.8055555555555556,0.20689655172413793,0.13172820215528727,True
S8,vit_method2,17,operational,eye,ALL,model_specific,,,,,,,30,0.8333333333333334,0.2,0.13172820215528727,True
S8,vit_method2,17,operational,eye,ALL,model_specific,,,,,,,31,0.8611111111111112,0.1935483870967742,0.13172820215528727,True
S8,vit_method2,17,operational,eye,ALL,model_specific,,,,,,,32,0.8888888888888888,0.21875,0.13172820215528727,True
S8,vit_method2,17,operational,eye,ALL,model_specific,,,,,,,33,0.9166666666666666,0.21212121212121213,0.13172820215528727,True
S8,vit_method2,17,operational,eye,ALL,model_specific,,,,,,,34,0.9444444444444444,0.23529411764705882,0.13172820215528727,True
S8,vit_method2,17,operational,eye,ALL,model_specific,,,,,,,35,0.9722222222222222,0.2571428571428571,0.13172820215528727,True
S8,vit_method2,17,operational,eye,ALL,model_specific,,,,,,,36,1.0,0.25,0.13172820215528727,True
S7,vit_method2,42,raw,eye,ALL,model_specific,0,0.0,0.1,9,0.06321865187159607,0.1111111111111111,,,,,
S7,vit_method2,42,raw,eye,ALL,model_specific,1,0.1,0.2,8,0.14366130989843182,0.0,,,,,
S7,vit_method2,42,raw,eye,ALL,model_specific,2,0.2,0.30000000000000004,2,0.24909678101539612,0.5,,,,,
S7,vit_method2,42,raw,eye,ALL,model_specific,3,0.30000000000000004,0.4,2,0.338604177747454,0.0,,,,,
S7,vit_method2,42,raw,eye,ALL,model_specific,4,0.4,0.5,1,0.40958647642816814,0.0,,,,,
S7,vit_method2,42,raw,eye,ALL,model_specific,5,0.5,0.6000000000000001,1,0.5661042673247201,1.0,,,,,
S7,vit_method2,42,raw,eye,ALL,model_specific,7,0.7000000000000001,0.8,1,0.7300442286900112,1.0,,,,,
S7,vit_method2,42,raw,eye,ALL,model_specific,9,0.9,1.0,11,0.9973385628167684,1.0,,,,,
S7,vit_method2,42,temperature_scaled,eye,ALL,model_specific,0,0.0,0.1,12,0.04460820286581099,0.08333333333333333,,,,,
S7,vit_method2,42,temperature_scaled,eye,ALL,model_specific,1,0.1,0.2,6,0.12892723225310374,0.16666666666666666,,,,,
S7,vit_method2,42,temperature_scaled,eye,ALL,model_specific,2,0.2,0.30000000000000004,2,0.26522398718755724,0.0,,,,,
S7,vit_method2,42,temperature_scaled,eye,ALL,model_specific,3,0.30000000000000004,0.4,2,0.3512311435458676,0.0,,,,,
S7,vit_method2,42,temperature_scaled,eye,ALL,model_specific,5,0.5,0.6000000000000001,1,0.5811807171933832,1.0,,,,,
S7,vit_method2,42,temperature_scaled,eye,ALL,model_specific,7,0.7000000000000001,0.8,1,0.773018670035294,1.0,,,,,
S7,vit_method2,42,temperature_scaled,eye,ALL,model_specific,9,0.9,1.0,11,0.9991594211172068,1.0,,,,,
S8,vit_method2,42,operational,eye,ALL,model_specific,,,,,,,1,0.027777777777777776,1.0,0.13953068388281625,True
S8,vit_method2,42,operational,eye,ALL,model_specific,,,,,,,2,0.05555555555555555,0.5,0.13953068388281625,True
S8,vit_method2,42,operational,eye,ALL,model_specific,,,,,,,3,0.08333333333333333,0.3333333333333333,0.13953068388281625,True
S8,vit_method2,42,operational,eye,ALL,model_specific,,,,,,,4,0.1111111111111111,0.25,0.13953068388281625,True
S8,vit_method2,42,operational,eye,ALL,model_specific,,,,,,,5,0.1388888888888889,0.2,0.13953068388281625,True
S8,vit_method2,42,operational,eye,ALL,model_specific,,,,,,,6,0.16666666666666666,0.16666666666666666,0.13953068388281625,True
S8,vit_method2,42,operational,eye,ALL,model_specific,,,,,,,7,0.19444444444444445,0.14285714285714285,0.13953068388281625,True
S8,vit_method2,42,operational,eye,ALL,model_specific,,,,,,,8,0.2222222222222222,0.125,0.13953068388281625,True
S8,vit_method2,42,operational,eye,ALL,model_specific,,,,,,,9,0.25,0.1111111111111111,0.13953068388281625,True
S8,vit_method2,42,operational,eye,ALL,model_specific,,,,,,,10,0.2777777777777778,0.1,0.13953068388281625,True
S8,vit_method2,42,operational,eye,ALL,model_specific,,,,,,,11,0.3055555555555556,0.09090909090909091,0.13953068388281625,True
S8,vit_method2,42,operational,eye,ALL,model_specific,,,,,,,12,0.3333333333333333,0.08333333333333333,0.13953068388281625,True
S8,vit_method2,42,operational,eye,ALL,model_specific,,,,,,,13,0.3611111111111111,0.07692307692307693,0.13953068388281625,True
S8,vit_method2,42,operational,eye,ALL,model_specific,,,,,,,14,0.3888888888888889,0.07142857142857142,0.13953068388281625,True
S8,vit_method2,42,operational,eye,ALL,model_specific,,,,,,,15,0.4166666666666667,0.06666666666666667,0.13953068388281625,True
S8,vit_method2,42,operational,eye,ALL,model_specific,,,,,,,16,0.4444444444444444,0.0625,0.13953068388281625,True
S8,vit_method2,42,operational,eye,ALL,model_specific,,,,,,,17,0.4722222222222222,0.058823529411764705,0.13953068388281625,True
S8,vit_method2,42,operational,eye,ALL,model_specific,,,,,,,18,0.5,0.1111111111111111,0.13953068388281625,True
S8,vit_method2,42,operational,eye,ALL,model_specific,,,,,,,19,0.5277777777777778,0.10526315789473684,0.13953068388281625,True
S8,vit_method2,42,operational,eye,ALL,model_specific,,,,,,,20,0.5555555555555556,0.1,0.13953068388281625,True
S8,vit_method2,42,operational,eye,ALL,model_specific,,,,,,,21,0.5833333333333334,0.09523809523809523,0.13953068388281625,True
S8,vit_method2,42,operational,eye,ALL,model_specific,,,,,,,22,0.6111111111111112,0.09090909090909091,0.13953068388281625,True
S8,vit_method2,42,operational,eye,ALL,model_specific,,,,,,,23,0.6388888888888888,0.08695652173913043,0.13953068388281625,True
S8,vit_method2,42,operational,eye,ALL,model_specific,,,,,,,24,0.6666666666666666,0.08333333333333333,0.13953068388281625,True
S8,vit_method2,42,operational,eye,ALL,model_specific,,,,,,,25,0.6944444444444444,0.08,0.13953068388281625,True
S8,vit_method2,42,operational,eye,ALL,model_specific,,,,,,,26,0.7222222222222222,0.07692307692307693,0.13953068388281625,True
S8,vit_method2,42,operational,eye,ALL,model_specific,,,,,,,27,0.75,0.07407407407407407,0.13953068388281625,True
S8,vit_method2,42,operational,eye,ALL,model_specific,,,,,,,28,0.7777777777777778,0.07142857142857142,0.13953068388281625,True
S8,vit_method2,42,operational,eye,ALL,model_specific,,,,,,,29,0.8055555555555556,0.06896551724137931,0.13953068388281625,True
S8,vit_method2,42,operational,eye,ALL,model_specific,,,,,,,30,0.8333333333333334,0.06666666666666667,0.13953068388281625,True
S8,vit_method2,42,operational,eye,ALL,model_specific,,,,,,,31,0.8611111111111112,0.06451612903225806,0.13953068388281625,True
S8,vit_method2,42,operational,eye,ALL,model_specific,,,,,,,32,0.8888888888888888,0.0625,0.13953068388281625,True
S8,vit_method2,42,operational,eye,ALL,model_specific,,,,,,,33,0.9166666666666666,0.06060606060606061,0.13953068388281625,True
S8,vit_method2,42,operational,eye,ALL,model_specific,,,,,,,34,0.9444444444444444,0.08823529411764706,0.13953068388281625,True
S8,vit_method2,42,operational,eye,ALL,model_specific,,,,,,,35,0.9722222222222222,0.08571428571428572,0.13953068388281625,True
S8,vit_method2,42,operational,eye,ALL,model_specific,,,,,,,36,1.0,0.1111111111111111,0.13953068388281625,True
S7,vit_method2,2026,raw,eye,ALL,model_specific,0,0.0,0.1,4,0.09026437039886202,0.0,,,,,
S7,vit_method2,2026,raw,eye,ALL,model_specific,1,0.1,0.2,13,0.15224277743926415,0.23076923076923078,,,,,
S7,vit_method2,2026,raw,eye,ALL,model_specific,2,0.2,0.30000000000000004,5,0.23078611507302238,0.6,,,,,
S7,vit_method2,2026,raw,eye,ALL,model_specific,3,0.30000000000000004,0.4,4,0.34815265238285065,0.25,,,,,
S7,vit_method2,2026,raw,eye,ALL,model_specific,4,0.4,0.5,1,0.4588515715939658,0.0,,,,,
S7,vit_method2,2026,raw,eye,ALL,model_specific,7,0.7000000000000001,0.8,2,0.7499814288956779,1.0,,,,,
S7,vit_method2,2026,raw,eye,ALL,model_specific,8,0.8,0.9,3,0.8570833858989534,1.0,,,,,
S7,vit_method2,2026,raw,eye,ALL,model_specific,9,0.9,1.0,3,0.9210587115514847,1.0,,,,,
S7,vit_method2,2026,temperature_scaled,eye,ALL,model_specific,1,0.1,0.2,6,0.1778868493239835,0.0,,,,,
S7,vit_method2,2026,temperature_scaled,eye,ALL,model_specific,2,0.2,0.30000000000000004,14,0.25680424791745077,0.42857142857142855,,,,,
S7,vit_method2,2026,temperature_scaled,eye,ALL,model_specific,3,0.30000000000000004,0.4,4,0.3459532252269162,0.25,,,,,
S7,vit_method2,2026,temperature_scaled,eye,ALL,model_specific,4,0.4,0.5,3,0.4392697842978539,0.0,,,,,
S7,vit_method2,2026,temperature_scaled,eye,ALL,model_specific,6,0.6000000000000001,0.7000000000000001,1,0.6502797344017687,1.0,,,,,
S7,vit_method2,2026,temperature_scaled,eye,ALL,model_specific,7,0.7000000000000001,0.8,4,0.7549012590762166,1.0,,,,,
S7,vit_method2,2026,temperature_scaled,eye,ALL,model_specific,8,0.8,0.9,3,0.8408549250344429,1.0,,,,,
S8,vit_method2,2026,operational,eye,ALL,model_specific,,,,,,,1,0.027777777777777776,0.0,0.09852772436566624,True
S8,vit_method2,2026,operational,eye,ALL,model_specific,,,,,,,2,0.05555555555555555,0.0,0.09852772436566624,True
S8,vit_method2,2026,operational,eye,ALL,model_specific,,,,,,,3,0.08333333333333333,0.0,0.09852772436566624,True
S8,vit_method2,2026,operational,eye,ALL,model_specific,,,,,,,4,0.1111111111111111,0.0,0.09852772436566624,True
S8,vit_method2,2026,operational,eye,ALL,model_specific,,,,,,,5,0.1388888888888889,0.0,0.09852772436566624,True
S8,vit_method2,2026,operational,eye,ALL,model_specific,,,,,,,6,0.16666666666666666,0.0,0.09852772436566624,True
S8,vit_method2,2026,operational,eye,ALL,model_specific,,,,,,,7,0.19444444444444445,0.0,0.09852772436566624,True
S8,vit_method2,2026,operational,eye,ALL,model_specific,,,,,,,8,0.2222222222222222,0.0,0.09852772436566624,True
S8,vit_method2,2026,operational,eye,ALL,model_specific,,,,,,,9,0.25,0.0,0.09852772436566624,True
S8,vit_method2,2026,operational,eye,ALL,model_specific,,,,,,,10,0.2777777777777778,0.0,0.09852772436566624,True
S8,vit_method2,2026,operational,eye,ALL,model_specific,,,,,,,11,0.3055555555555556,0.0,0.09852772436566624,True
S8,vit_method2,2026,operational,eye,ALL,model_specific,,,,,,,12,0.3333333333333333,0.0,0.09852772436566624,True
S8,vit_method2,2026,operational,eye,ALL,model_specific,,,,,,,13,0.3611111111111111,0.0,0.09852772436566624,True
S8,vit_method2,2026,operational,eye,ALL,model_specific,,,,,,,14,0.3888888888888889,0.0,0.09852772436566624,True
S8,vit_method2,2026,operational,eye,ALL,model_specific,,,,,,,15,0.4166666666666667,0.0,0.09852772436566624,True
S8,vit_method2,2026,operational,eye,ALL,model_specific,,,,,,,16,0.4444444444444444,0.0625,0.09852772436566624,True
S8,vit_method2,2026,operational,eye,ALL,model_specific,,,,,,,17,0.4722222222222222,0.058823529411764705,0.09852772436566624,True
S8,vit_method2,2026,operational,eye,ALL,model_specific,,,,,,,18,0.5,0.05555555555555555,0.09852772436566624,True
S8,vit_method2,2026,operational,eye,ALL,model_specific,,,,,,,19,0.5277777777777778,0.05263157894736842,0.09852772436566624,True
S8,vit_method2,2026,operational,eye,ALL,model_specific,,,,,,,20,0.5555555555555556,0.05,0.09852772436566624,True
S8,vit_method2,2026,operational,eye,ALL,model_specific,,,,,,,21,0.5833333333333334,0.09523809523809523,0.09852772436566624,True
S8,vit_method2,2026,operational,eye,ALL,model_specific,,,,,,,22,0.6111111111111112,0.09090909090909091,0.09852772436566624,True
S8,vit_method2,2026,operational,eye,ALL,model_specific,,,,,,,23,0.6388888888888888,0.08695652173913043,0.09852772436566624,True
S8,vit_method2,2026,operational,eye,ALL,model_specific,,,,,,,24,0.6666666666666666,0.08333333333333333,0.09852772436566624,True
S8,vit_method2,2026,operational,eye,ALL,model_specific,,,,,,,25,0.6944444444444444,0.12,0.09852772436566624,True
S8,vit_method2,2026,operational,eye,ALL,model_specific,,,,,,,26,0.7222222222222222,0.15384615384615385,0.09852772436566624,True
S8,vit_method2,2026,operational,eye,ALL,model_specific,,,,,,,27,0.75,0.18518518518518517,0.09852772436566624,True
S8,vit_method2,2026,operational,eye,ALL,model_specific,,,,,,,28,0.7777777777777778,0.21428571428571427,0.09852772436566624,True
S8,vit_method2,2026,operational,eye,ALL,model_specific,,,,,,,29,0.8055555555555556,0.2413793103448276,0.09852772436566624,True
S8,vit_method2,2026,operational,eye,ALL,model_specific,,,,,,,30,0.8333333333333334,0.26666666666666666,0.09852772436566624,True
S8,vit_method2,2026,operational,eye,ALL,model_specific,,,,,,,31,0.8611111111111112,0.2903225806451613,0.09852772436566624,True
S8,vit_method2,2026,operational,eye,ALL,model_specific,,,,,,,32,0.8888888888888888,0.28125,0.09852772436566624,True
S8,vit_method2,2026,operational,eye,ALL,model_specific,,,,,,,33,0.9166666666666666,0.2727272727272727,0.09852772436566624,True
S8,vit_method2,2026,operational,eye,ALL,model_specific,,,,,,,34,0.9444444444444444,0.29411764705882354,0.09852772436566624,True
S8,vit_method2,2026,operational,eye,ALL,model_specific,,,,,,,35,0.9722222222222222,0.2857142857142857,0.09852772436566624,True
S8,vit_method2,2026,operational,eye,ALL,model_specific,,,,,,,36,1.0,0.3055555555555556,0.09852772436566624,True
S7,vit_method2,3407,raw,eye,ALL,model_specific,1,0.1,0.2,10,0.14649729441319193,0.2,,,,,
S7,vit_method2,3407,raw,eye,ALL,model_specific,2,0.2,0.30000000000000004,5,0.2304769877876554,0.4,,,,,
S7,vit_method2,3407,raw,eye,ALL,model_specific,3,0.30000000000000004,0.4,5,0.32527964285441807,0.0,,,,,
S7,vit_method2,3407,raw,eye,ALL,model_specific,4,0.4,0.5,3,0.44560381202470695,0.6666666666666666,,,,,
S7,vit_method2,3407,raw,eye,ALL,model_specific,5,0.5,0.6000000000000001,1,0.5384110893521991,1.0,,,,,
S7,vit_method2,3407,raw,eye,ALL,model_specific,6,0.6000000000000001,0.7000000000000001,2,0.6665303366524833,0.5,,,,,
S7,vit_method2,3407,raw,eye,ALL,model_specific,7,0.7000000000000001,0.8,1,0.7214734724589756,0.0,,,,,
S7,vit_method2,3407,raw,eye,ALL,model_specific,8,0.8,0.9,1,0.8072949477604457,0.0,,,,,
S7,vit_method2,3407,raw,eye,ALL,model_specific,9,0.9,1.0,7,0.9461412320331651,1.0,,,,,
S7,vit_method2,3407,temperature_scaled,eye,ALL,model_specific,0,0.0,0.1,10,0.07474073888174657,0.2,,,,,
S7,vit_method2,3407,temperature_scaled,eye,ALL,model_specific,1,0.1,0.2,5,0.15130974327802288,0.4,,,,,
S7,vit_method2,3407,temperature_scaled,eye,ALL,model_specific,2,0.2,0.30000000000000004,4,0.24599679753330206,0.0,,,,,
S7,vit_method2,3407,temperature_scaled,eye,ALL,model_specific,3,0.30000000000000004,0.4,2,0.3428741523878449,0.5,,,,,
S7,vit_method2,3407,temperature_scaled,eye,ALL,model_specific,4,0.4,0.5,2,0.4508715224604398,0.5,,,,,
S7,vit_method2,3407,temperature_scaled,eye,ALL,model_specific,5,0.5,0.6000000000000001,1,0.5549257295446217,1.0,,,,,
S7,vit_method2,3407,temperature_scaled,eye,ALL,model_specific,6,0.6000000000000001,0.7000000000000001,1,0.6967037842651851,1.0,,,,,
S7,vit_method2,3407,temperature_scaled,eye,ALL,model_specific,7,0.7000000000000001,0.8,2,0.7787895777965324,0.0,,,,,
S7,vit_method2,3407,temperature_scaled,eye,ALL,model_specific,8,0.8,0.9,1,0.8862184972772862,0.0,,,,,
S7,vit_method2,3407,temperature_scaled,eye,ALL,model_specific,9,0.9,1.0,7,0.9823526109159404,1.0,,,,,
S8,vit_method2,3407,operational,eye,ALL,model_specific,,,,,,,1,0.027777777777777776,0.0,0.1988402425622674,True
S8,vit_method2,3407,operational,eye,ALL,model_specific,,,,,,,2,0.05555555555555555,0.0,0.1988402425622674,True
S8,vit_method2,3407,operational,eye,ALL,model_specific,,,,,,,3,0.08333333333333333,0.0,0.1988402425622674,True
S8,vit_method2,3407,operational,eye,ALL,model_specific,,,,,,,4,0.1111111111111111,0.0,0.1988402425622674,True
S8,vit_method2,3407,operational,eye,ALL,model_specific,,,,,,,5,0.1388888888888889,0.0,0.1988402425622674,True
S8,vit_method2,3407,operational,eye,ALL,model_specific,,,,,,,6,0.16666666666666666,0.0,0.1988402425622674,True
S8,vit_method2,3407,operational,eye,ALL,model_specific,,,,,,,7,0.19444444444444445,0.0,0.1988402425622674,True
S8,vit_method2,3407,operational,eye,ALL,model_specific,,,,,,,8,0.2222222222222222,0.125,0.1988402425622674,True
S8,vit_method2,3407,operational,eye,ALL,model_specific,,,,,,,9,0.25,0.2222222222222222,0.1988402425622674,True
S8,vit_method2,3407,operational,eye,ALL,model_specific,,,,,,,10,0.2777777777777778,0.3,0.1988402425622674,True
S8,vit_method2,3407,operational,eye,ALL,model_specific,,,,,,,11,0.3055555555555556,0.2727272727272727,0.1988402425622674,True
S8,vit_method2,3407,operational,eye,ALL,model_specific,,,,,,,12,0.3333333333333333,0.25,0.1988402425622674,True
S8,vit_method2,3407,operational,eye,ALL,model_specific,,,,,,,13,0.3611111111111111,0.23076923076923078,0.1988402425622674,True
S8,vit_method2,3407,operational,eye,ALL,model_specific,,,,,,,14,0.3888888888888889,0.21428571428571427,0.1988402425622674,True
S8,vit_method2,3407,operational,eye,ALL,model_specific,,,,,,,15,0.4166666666666667,0.2,0.1988402425622674,True
S8,vit_method2,3407,operational,eye,ALL,model_specific,,,,,,,16,0.4444444444444444,0.1875,0.1988402425622674,True
S8,vit_method2,3407,operational,eye,ALL,model_specific,,,,,,,17,0.4722222222222222,0.17647058823529413,0.1988402425622674,True
S8,vit_method2,3407,operational,eye,ALL,model_specific,,,,,,,18,0.5,0.16666666666666666,0.1988402425622674,True
S8,vit_method2,3407,operational,eye,ALL,model_specific,,,,,,,19,0.5277777777777778,0.21052631578947367,0.1988402425622674,True
S8,vit_method2,3407,operational,eye,ALL,model_specific,,,,,,,20,0.5555555555555556,0.2,0.1988402425622674,True
S8,vit_method2,3407,operational,eye,ALL,model_specific,,,,,,,21,0.5833333333333334,0.23809523809523808,0.1988402425622674,True
S8,vit_method2,3407,operational,eye,ALL,model_specific,,,,,,,22,0.6111111111111112,0.2727272727272727,0.1988402425622674,True
S8,vit_method2,3407,operational,eye,ALL,model_specific,,,,,,,23,0.6388888888888888,0.2608695652173913,0.1988402425622674,True
S8,vit_method2,3407,operational,eye,ALL,model_specific,,,,,,,24,0.6666666666666666,0.25,0.1988402425622674,True
S8,vit_method2,3407,operational,eye,ALL,model_specific,,,,,,,25,0.6944444444444444,0.24,0.1988402425622674,True
S8,vit_method2,3407,operational,eye,ALL,model_specific,,,,,,,26,0.7222222222222222,0.2692307692307692,0.1988402425622674,True
S8,vit_method2,3407,operational,eye,ALL,model_specific,,,,,,,27,0.75,0.25925925925925924,0.1988402425622674,True
S8,vit_method2,3407,operational,eye,ALL,model_specific,,,,,,,28,0.7777777777777778,0.25,0.1988402425622674,True
S8,vit_method2,3407,operational,eye,ALL,model_specific,,,,,,,29,0.8055555555555556,0.27586206896551724,0.1988402425622674,True
S8,vit_method2,3407,operational,eye,ALL,model_specific,,,,,,,30,0.8333333333333334,0.3,0.1988402425622674,True
S8,vit_method2,3407,operational,eye,ALL,model_specific,,,,,,,31,0.8611111111111112,0.2903225806451613,0.1988402425622674,True
S8,vit_method2,3407,operational,eye,ALL,model_specific,,,,,,,32,0.8888888888888888,0.28125,0.1988402425622674,True
S8,vit_method2,3407,operational,eye,ALL,model_specific,,,,,,,33,0.9166666666666666,0.2727272727272727,0.1988402425622674,True
S8,vit_method2,3407,operational,eye,ALL,model_specific,,,,,,,34,0.9444444444444444,0.29411764705882354,0.1988402425622674,True
S8,vit_method2,3407,operational,eye,ALL,model_specific,,,,,,,35,0.9722222222222222,0.3142857142857143,0.1988402425622674,True
S8,vit_method2,3407,operational,eye,ALL,model_specific,,,,,,,36,1.0,0.3333333333333333,0.1988402425622674,True
S7,vit_method2,9103,raw,eye,ALL,model_specific,0,0.0,0.1,15,0.058872187164212976,0.06666666666666667,,,,,
S7,vit_method2,9103,raw,eye,ALL,model_specific,1,0.1,0.2,5,0.14118503417287553,0.2,,,,,
S7,vit_method2,9103,raw,eye,ALL,model_specific,2,0.2,0.30000000000000004,1,0.24414052282060897,0.0,,,,,
S7,vit_method2,9103,raw,eye,ALL,model_specific,5,0.5,0.6000000000000001,1,0.5415001511573792,1.0,,,,,
S7,vit_method2,9103,raw,eye,ALL,model_specific,8,0.8,0.9,5,0.8803444904940468,1.0,,,,,
S7,vit_method2,9103,raw,eye,ALL,model_specific,9,0.9,1.0,9,0.9667527779700263,0.8888888888888888,,,,,
S7,vit_method2,9103,temperature_scaled,eye,ALL,model_specific,0,0.0,0.1,16,0.05584774700743683,0.0625,,,,,
S7,vit_method2,9103,temperature_scaled,eye,ALL,model_specific,1,0.1,0.2,4,0.14268242111515864,0.25,,,,,
S7,vit_method2,9103,temperature_scaled,eye,ALL,model_specific,2,0.2,0.30000000000000004,1,0.23605532422375047,0.0,,,,,
S7,vit_method2,9103,temperature_scaled,eye,ALL,model_specific,5,0.5,0.6000000000000001,1,0.5431196630497829,1.0,,,,,
S7,vit_method2,9103,temperature_scaled,eye,ALL,model_specific,8,0.8,0.9,4,0.8837372824796428,1.0,,,,,
S7,vit_method2,9103,temperature_scaled,eye,ALL,model_specific,9,0.9,1.0,10,0.9638464052686053,0.9,,,,,
S8,vit_method2,9103,operational,eye,ALL,model_specific,,,,,,,1,0.027777777777777776,0.0,0.11835142042044017,True
S8,vit_method2,9103,operational,eye,ALL,model_specific,,,,,,,2,0.05555555555555555,0.0,0.11835142042044017,True
S8,vit_method2,9103,operational,eye,ALL,model_specific,,,,,,,3,0.08333333333333333,0.0,0.11835142042044017,True
S8,vit_method2,9103,operational,eye,ALL,model_specific,,,,,,,4,0.1111111111111111,0.0,0.11835142042044017,True
S8,vit_method2,9103,operational,eye,ALL,model_specific,,,,,,,5,0.1388888888888889,0.0,0.11835142042044017,True
S8,vit_method2,9103,operational,eye,ALL,model_specific,,,,,,,6,0.16666666666666666,0.16666666666666666,0.11835142042044017,True
S8,vit_method2,9103,operational,eye,ALL,model_specific,,,,,,,7,0.19444444444444445,0.14285714285714285,0.11835142042044017,True
S8,vit_method2,9103,operational,eye,ALL,model_specific,,,,,,,8,0.2222222222222222,0.125,0.11835142042044017,True
S8,vit_method2,9103,operational,eye,ALL,model_specific,,,,,,,9,0.25,0.1111111111111111,0.11835142042044017,True
S8,vit_method2,9103,operational,eye,ALL,model_specific,,,,,,,10,0.2777777777777778,0.1,0.11835142042044017,True
S8,vit_method2,9103,operational,eye,ALL,model_specific,,,,,,,11,0.3055555555555556,0.09090909090909091,0.11835142042044017,True
S8,vit_method2,9103,operational,eye,ALL,model_specific,,,,,,,12,0.3333333333333333,0.08333333333333333,0.11835142042044017,True
S8,vit_method2,9103,operational,eye,ALL,model_specific,,,,,,,13,0.3611111111111111,0.07692307692307693,0.11835142042044017,True
S8,vit_method2,9103,operational,eye,ALL,model_specific,,,,,,,14,0.3888888888888889,0.07142857142857142,0.11835142042044017,True
S8,vit_method2,9103,operational,eye,ALL,model_specific,,,,,,,15,0.4166666666666667,0.06666666666666667,0.11835142042044017,True
S8,vit_method2,9103,operational,eye,ALL,model_specific,,,,,,,16,0.4444444444444444,0.125,0.11835142042044017,True
S8,vit_method2,9103,operational,eye,ALL,model_specific,,,,,,,17,0.4722222222222222,0.11764705882352941,0.11835142042044017,True
S8,vit_method2,9103,operational,eye,ALL,model_specific,,,,,,,18,0.5,0.1111111111111111,0.11835142042044017,True
S8,vit_method2,9103,operational,eye,ALL,model_specific,,,,,,,19,0.5277777777777778,0.10526315789473684,0.11835142042044017,True
S8,vit_method2,9103,operational,eye,ALL,model_specific,,,,,,,20,0.5555555555555556,0.1,0.11835142042044017,True
S8,vit_method2,9103,operational,eye,ALL,model_specific,,,,,,,21,0.5833333333333334,0.14285714285714285,0.11835142042044017,True
S8,vit_method2,9103,operational,eye,ALL,model_specific,,,,,,,22,0.6111111111111112,0.13636363636363635,0.11835142042044017,True
S8,vit_method2,9103,operational,eye,ALL,model_specific,,,,,,,23,0.6388888888888888,0.13043478260869565,0.11835142042044017,True
S8,vit_method2,9103,operational,eye,ALL,model_specific,,,,,,,24,0.6666666666666666,0.16666666666666666,0.11835142042044017,True
S8,vit_method2,9103,operational,eye,ALL,model_specific,,,,,,,25,0.6944444444444444,0.16,0.11835142042044017,True
S8,vit_method2,9103,operational,eye,ALL,model_specific,,,,,,,26,0.7222222222222222,0.15384615384615385,0.11835142042044017,True
S8,vit_method2,9103,operational,eye,ALL,model_specific,,,,,,,27,0.75,0.14814814814814814,0.11835142042044017,True
S8,vit_method2,9103,operational,eye,ALL,model_specific,,,,,,,28,0.7777777777777778,0.17857142857142858,0.11835142042044017,True
S8,vit_method2,9103,operational,eye,ALL,model_specific,,,,,,,29,0.8055555555555556,0.1724137931034483,0.11835142042044017,True
S8,vit_method2,9103,operational,eye,ALL,model_specific,,,,,,,30,0.8333333333333334,0.2,0.11835142042044017,True
S8,vit_method2,9103,operational,eye,ALL,model_specific,,,,,,,31,0.8611111111111112,0.1935483870967742,0.11835142042044017,True
S8,vit_method2,9103,operational,eye,ALL,model_specific,,,,,,,32,0.8888888888888888,0.1875,0.11835142042044017,True
S8,vit_method2,9103,operational,eye,ALL,model_specific,,,,,,,33,0.9166666666666666,0.18181818181818182,0.11835142042044017,True
S8,vit_method2,9103,operational,eye,ALL,model_specific,,,,,,,34,0.9444444444444444,0.17647058823529413,0.11835142042044017,True
S8,vit_method2,9103,operational,eye,ALL,model_specific,,,,,,,35,0.9722222222222222,0.17142857142857143,0.11835142042044017,True
S8,vit_method2,9103,operational,eye,ALL,model_specific,,,,,,,36,1.0,0.16666666666666666,0.11835142042044017,True
S7,emcad,17,raw,eye,ALL,model_specific,0,0.0,0.1,14,0.02636601026728274,0.21428571428571427,,,,,
S7,emcad,17,raw,eye,ALL,model_specific,1,0.1,0.2,2,0.14062947487192495,0.0,,,,,
S7,emcad,17,raw,eye,ALL,model_specific,2,0.2,0.30000000000000004,3,0.2885109704165231,0.0,,,,,
S7,emcad,17,raw,eye,ALL,model_specific,3,0.30000000000000004,0.4,1,0.3551620010818754,0.0,,,,,
S7,emcad,17,raw,eye,ALL,model_specific,4,0.4,0.5,1,0.4428864967610155,0.0,,,,,
S7,emcad,17,raw,eye,ALL,model_specific,5,0.5,0.6000000000000001,2,0.5941166781953403,0.5,,,,,
S7,emcad,17,raw,eye,ALL,model_specific,6,0.6000000000000001,0.7000000000000001,1,0.6531710156372615,0.0,,,,,
S7,emcad,17,raw,eye,ALL,model_specific,9,0.9,1.0,12,0.9999996310188658,1.0,,,,,
S7,emcad,17,temperature_scaled,eye,ALL,model_specific,0,0.0,0.1,6,0.06967628971458846,0.0,,,,,
S7,emcad,17,temperature_scaled,eye,ALL,model_specific,1,0.1,0.2,5,0.1435161105709662,0.4,,,,,
S7,emcad,17,temperature_scaled,eye,ALL,model_specific,2,0.2,0.30000000000000004,3,0.23392176520360863,0.3333333333333333,,,,,
S7,emcad,17,temperature_scaled,eye,ALL,model_specific,3,0.30000000000000004,0.4,4,0.34695752473127767,0.0,,,,,
S7,emcad,17,temperature_scaled,eye,ALL,model_specific,4,0.4,0.5,3,0.4347715572025777,0.0,,,,,
S7,emcad,17,temperature_scaled,eye,ALL,model_specific,5,0.5,0.6000000000000001,3,0.554116466556882,0.3333333333333333,,,,,
S7,emcad,17,temperature_scaled,eye,ALL,model_specific,9,0.9,1.0,12,0.9990970903331746,1.0,,,,,
S8,emcad,17,operational,eye,ALL,model_specific,,,,,,,1,0.027777777777777776,0.0,0.06703623526738554,True
S8,emcad,17,operational,eye,ALL,model_specific,,,,,,,2,0.05555555555555555,0.0,0.06703623526738554,True
S8,emcad,17,operational,eye,ALL,model_specific,,,,,,,3,0.08333333333333333,0.0,0.06703623526738554,True
S8,emcad,17,operational,eye,ALL,model_specific,,,,,,,4,0.1111111111111111,0.0,0.06703623526738554,True
S8,emcad,17,operational,eye,ALL,model_specific,,,,,,,5,0.1388888888888889,0.0,0.06703623526738554,True
S8,emcad,17,operational,eye,ALL,model_specific,,,,,,,6,0.16666666666666666,0.0,0.06703623526738554,True
S8,emcad,17,operational,eye,ALL,model_specific,,,,,,,7,0.19444444444444445,0.0,0.06703623526738554,True
S8,emcad,17,operational,eye,ALL,model_specific,,,,,,,8,0.2222222222222222,0.0,0.06703623526738554,True
S8,emcad,17,operational,eye,ALL,model_specific,,,,,,,9,0.25,0.0,0.06703623526738554,True
S8,emcad,17,operational,eye,ALL,model_specific,,,,,,,10,0.2777777777777778,0.0,0.06703623526738554,True
S8,emcad,17,operational,eye,ALL,model_specific,,,,,,,11,0.3055555555555556,0.0,0.06703623526738554,True
S8,emcad,17,operational,eye,ALL,model_specific,,,,,,,12,0.3333333333333333,0.0,0.06703623526738554,True
S8,emcad,17,operational,eye,ALL,model_specific,,,,,,,13,0.3611111111111111,0.0,0.06703623526738554,True
S8,emcad,17,operational,eye,ALL,model_specific,,,,,,,14,0.3888888888888889,0.0,0.06703623526738554,True
S8,emcad,17,operational,eye,ALL,model_specific,,,,,,,15,0.4166666666666667,0.0,0.06703623526738554,True
S8,emcad,17,operational,eye,ALL,model_specific,,,,,,,16,0.4444444444444444,0.0,0.06703623526738554,True
S8,emcad,17,operational,eye,ALL,model_specific,,,,,,,17,0.4722222222222222,0.0,0.06703623526738554,True
S8,emcad,17,operational,eye,ALL,model_specific,,,,,,,18,0.5,0.0,0.06703623526738554,True
S8,emcad,17,operational,eye,ALL,model_specific,,,,,,,19,0.5277777777777778,0.0,0.06703623526738554,True
S8,emcad,17,operational,eye,ALL,model_specific,,,,,,,20,0.5555555555555556,0.05,0.06703623526738554,True
S8,emcad,17,operational,eye,ALL,model_specific,,,,,,,21,0.5833333333333334,0.047619047619047616,0.06703623526738554,True
S8,emcad,17,operational,eye,ALL,model_specific,,,,,,,22,0.6111111111111112,0.09090909090909091,0.06703623526738554,True
S8,emcad,17,operational,eye,ALL,model_specific,,,,,,,23,0.6388888888888888,0.08695652173913043,0.06703623526738554,True
S8,emcad,17,operational,eye,ALL,model_specific,,,,,,,24,0.6666666666666666,0.08333333333333333,0.06703623526738554,True
S8,emcad,17,operational,eye,ALL,model_specific,,,,,,,25,0.6944444444444444,0.12,0.06703623526738554,True
S8,emcad,17,operational,eye,ALL,model_specific,,,,,,,26,0.7222222222222222,0.11538461538461539,0.06703623526738554,True
S8,emcad,17,operational,eye,ALL,model_specific,,,,,,,27,0.75,0.14814814814814814,0.06703623526738554,True
S8,emcad,17,operational,eye,ALL,model_specific,,,,,,,28,0.7777777777777778,0.14285714285714285,0.06703623526738554,True
S8,emcad,17,operational,eye,ALL,model_specific,,,,,,,29,0.8055555555555556,0.1724137931034483,0.06703623526738554,True
S8,emcad,17,operational,eye,ALL,model_specific,,,,,,,30,0.8333333333333334,0.16666666666666666,0.06703623526738554,True
S8,emcad,17,operational,eye,ALL,model_specific,,,,,,,31,0.8611111111111112,0.16129032258064516,0.06703623526738554,True
S8,emcad,17,operational,eye,ALL,model_specific,,,,,,,32,0.8888888888888888,0.1875,0.06703623526738554,True
S8,emcad,17,operational,eye,ALL,model_specific,,,,,,,33,0.9166666666666666,0.21212121212121213,0.06703623526738554,True
S8,emcad,17,operational,eye,ALL,model_specific,,,,,,,34,0.9444444444444444,0.20588235294117646,0.06703623526738554,True
S8,emcad,17,operational,eye,ALL,model_specific,,,,,,,35,0.9722222222222222,0.2,0.06703623526738554,True
S8,emcad,17,operational,eye,ALL,model_specific,,,,,,,36,1.0,0.2222222222222222,0.06703623526738554,True
S7,emcad,42,raw,eye,ALL,model_specific,0,0.0,0.1,21,0.019297151229990536,0.19047619047619047,,,,,
S7,emcad,42,raw,eye,ALL,model_specific,2,0.2,0.30000000000000004,1,0.24338112997689418,0.0,,,,,
S7,emcad,42,raw,eye,ALL,model_specific,4,0.4,0.5,1,0.4866722057174359,0.0,,,,,
S7,emcad,42,raw,eye,ALL,model_specific,9,0.9,1.0,13,0.9942229540793452,0.9230769230769231,,,,,
S7,emcad,42,temperature_scaled,eye,ALL,model_specific,0,0.0,0.1,18,0.03277260877146052,0.16666666666666666,,,,,
S7,emcad,42,temperature_scaled,eye,ALL,model_specific,1,0.1,0.2,3,0.14040355807394464,0.3333333333333333,,,,,
S7,emcad,42,temperature_scaled,eye,ALL,model_specific,3,0.30000000000000004,0.4,1,0.30687385431687236,0.0,,,,,
S7,emcad,42,temperature_scaled,eye,ALL,model_specific,4,0.4,0.5,1,0.4904248764868803,0.0,,,,,
S7,emcad,42,temperature_scaled,eye,ALL,model_specific,8,0.8,0.9,1,0.8645363946491161,0.0,,,,,
S7,emcad,42,temperature_scaled,eye,ALL,model_specific,9,0.9,1.0,12,0.9979339273591924,1.0,,,,,
S8,emcad,42,operational,eye,ALL,model_specific,,,,,,,1,0.027777777777777776,0.0,0.07341414994907486,True
S8,emcad,42,operational,eye,ALL,model_specific,,,,,,,2,0.05555555555555555,0.0,0.07341414994907486,True
S8,emcad,42,operational,eye,ALL,model_specific,,,,,,,3,0.08333333333333333,0.0,0.07341414994907486,True
S8,emcad,42,operational,eye,ALL,model_specific,,,,,,,4,0.1111111111111111,0.0,0.07341414994907486,True
S8,emcad,42,operational,eye,ALL,model_specific,,,,,,,5,0.1388888888888889,0.0,0.07341414994907486,True
S8,emcad,42,operational,eye,ALL,model_specific,,,,,,,6,0.16666666666666666,0.0,0.07341414994907486,True
S8,emcad,42,operational,eye,ALL,model_specific,,,,,,,7,0.19444444444444445,0.0,0.07341414994907486,True
S8,emcad,42,operational,eye,ALL,model_specific,,,,,,,8,0.2222222222222222,0.0,0.07341414994907486,True
S8,emcad,42,operational,eye,ALL,model_specific,,,,,,,9,0.25,0.0,0.07341414994907486,True
S8,emcad,42,operational,eye,ALL,model_specific,,,,,,,10,0.2777777777777778,0.0,0.07341414994907486,True
S8,emcad,42,operational,eye,ALL,model_specific,,,,,,,11,0.3055555555555556,0.0,0.07341414994907486,True
S8,emcad,42,operational,eye,ALL,model_specific,,,,,,,12,0.3333333333333333,0.0,0.07341414994907486,True
S8,emcad,42,operational,eye,ALL,model_specific,,,,,,,13,0.3611111111111111,0.0,0.07341414994907486,True
S8,emcad,42,operational,eye,ALL,model_specific,,,,,,,14,0.3888888888888889,0.07142857142857142,0.07341414994907486,True
S8,emcad,42,operational,eye,ALL,model_specific,,,,,,,15,0.4166666666666667,0.13333333333333333,0.07341414994907486,True
S8,emcad,42,operational,eye,ALL,model_specific,,,,,,,16,0.4444444444444444,0.125,0.07341414994907486,True
S8,emcad,42,operational,eye,ALL,model_specific,,,,,,,17,0.4722222222222222,0.11764705882352941,0.07341414994907486,True
S8,emcad,42,operational,eye,ALL,model_specific,,,,,,,18,0.5,0.1111111111111111,0.07341414994907486,True
S8,emcad,42,operational,eye,ALL,model_specific,,,,,,,19,0.5277777777777778,0.10526315789473684,0.07341414994907486,True
S8,emcad,42,operational,eye,ALL,model_specific,,,,,,,20,0.5555555555555556,0.1,0.07341414994907486,True
S8,emcad,42,operational,eye,ALL,model_specific,,,,,,,21,0.5833333333333334,0.09523809523809523,0.07341414994907486,True
S8,emcad,42,operational,eye,ALL,model_specific,,,,,,,22,0.6111111111111112,0.09090909090909091,0.07341414994907486,True
S8,emcad,42,operational,eye,ALL,model_specific,,,,,,,23,0.6388888888888888,0.08695652173913043,0.07341414994907486,True
S8,emcad,42,operational,eye,ALL,model_specific,,,,,,,24,0.6666666666666666,0.08333333333333333,0.07341414994907486,True
S8,emcad,42,operational,eye,ALL,model_specific,,,,,,,25,0.6944444444444444,0.12,0.07341414994907486,True
S8,emcad,42,operational,eye,ALL,model_specific,,,,,,,26,0.7222222222222222,0.11538461538461539,0.07341414994907486,True
S8,emcad,42,operational,eye,ALL,model_specific,,,,,,,27,0.75,0.1111111111111111,0.07341414994907486,True
S8,emcad,42,operational,eye,ALL,model_specific,,,,,,,28,0.7777777777777778,0.10714285714285714,0.07341414994907486,True
S8,emcad,42,operational,eye,ALL,model_specific,,,,,,,29,0.8055555555555556,0.10344827586206896,0.07341414994907486,True
S8,emcad,42,operational,eye,ALL,model_specific,,,,,,,30,0.8333333333333334,0.1,0.07341414994907486,True
S8,emcad,42,operational,eye,ALL,model_specific,,,,,,,31,0.8611111111111112,0.12903225806451613,0.07341414994907486,True
S8,emcad,42,operational,eye,ALL,model_specific,,,,,,,32,0.8888888888888888,0.15625,0.07341414994907486,True
S8,emcad,42,operational,eye,ALL,model_specific,,,,,,,33,0.9166666666666666,0.15151515151515152,0.07341414994907486,True
S8,emcad,42,operational,eye,ALL,model_specific,,,,,,,34,0.9444444444444444,0.14705882352941177,0.07341414994907486,True
S8,emcad,42,operational,eye,ALL,model_specific,,,,,,,35,0.9722222222222222,0.14285714285714285,0.07341414994907486,True
S8,emcad,42,operational,eye,ALL,model_specific,,,,,,,36,1.0,0.1388888888888889,0.07341414994907486,True
S7,emcad,2026,raw,eye,ALL,model_specific,0,0.0,0.1,20,0.0046846612158284815,0.1,,,,,
S7,emcad,2026,raw,eye,ALL,model_specific,9,0.9,1.0,14,0.9985702439230316,1.0,,,,,
S7,emcad,2026,temperature_scaled,eye,ALL,model_specific,2,0.2,0.30000000000000004,17,0.2618631881487335,0.11764705882352941,,,,,
S7,emcad,2026,temperature_scaled,eye,ALL,model_specific,3,0.30000000000000004,0.4,2,0.3170405497704297,0.0,,,,,
S7,emcad,2026,temperature_scaled,eye,ALL,model_specific,4,0.4,0.5,1,0.46060543757922545,0.0,,,,,
S7,emcad,2026,temperature_scaled,eye,ALL,model_specific,5,0.5,0.6000000000000001,1,0.5692187547318377,1.0,,,,,
S7,emcad,2026,temperature_scaled,eye,ALL,model_specific,6,0.6000000000000001,0.7000000000000001,5,0.6596512379942052,1.0,,,,,
S7,emcad,2026,temperature_scaled,eye,ALL,model_specific,7,0.7000000000000001,0.8,8,0.7522737307071727,1.0,,,,,
S8,emcad,2026,operational,eye,ALL,model_specific,,,,,,,1,0.027777777777777776,0.0,0.028044802612239208,True
S8,emcad,2026,operational,eye,ALL,model_specific,,,,,,,2,0.05555555555555555,0.0,0.028044802612239208,True
S8,emcad,2026,operational,eye,ALL,model_specific,,,,,,,3,0.08333333333333333,0.0,0.028044802612239208,True
S8,emcad,2026,operational,eye,ALL,model_specific,,,,,,,4,0.1111111111111111,0.0,0.028044802612239208,True
S8,emcad,2026,operational,eye,ALL,model_specific,,,,,,,5,0.1388888888888889,0.0,0.028044802612239208,True
S8,emcad,2026,operational,eye,ALL,model_specific,,,,,,,6,0.16666666666666666,0.0,0.028044802612239208,True
S8,emcad,2026,operational,eye,ALL,model_specific,,,,,,,7,0.19444444444444445,0.0,0.028044802612239208,True
S8,emcad,2026,operational,eye,ALL,model_specific,,,,,,,8,0.2222222222222222,0.0,0.028044802612239208,True
S8,emcad,2026,operational,eye,ALL,model_specific,,,,,,,9,0.25,0.0,0.028044802612239208,True
S8,emcad,2026,operational,eye,ALL,model_specific,,,,,,,10,0.2777777777777778,0.0,0.028044802612239208,True
S8,emcad,2026,operational,eye,ALL,model_specific,,,,,,,11,0.3055555555555556,0.0,0.028044802612239208,True
S8,emcad,2026,operational,eye,ALL,model_specific,,,,,,,12,0.3333333333333333,0.0,0.028044802612239208,True
S8,emcad,2026,operational,eye,ALL,model_specific,,,,,,,13,0.3611111111111111,0.0,0.028044802612239208,True
S8,emcad,2026,operational,eye,ALL,model_specific,,,,,,,14,0.3888888888888889,0.0,0.028044802612239208,True
S8,emcad,2026,operational,eye,ALL,model_specific,,,,,,,15,0.4166666666666667,0.0,0.028044802612239208,True
S8,emcad,2026,operational,eye,ALL,model_specific,,,,,,,16,0.4444444444444444,0.0,0.028044802612239208,True
S8,emcad,2026,operational,eye,ALL,model_specific,,,,,,,17,0.4722222222222222,0.0,0.028044802612239208,True
S8,emcad,2026,operational,eye,ALL,model_specific,,,,,,,18,0.5,0.0,0.028044802612239208,True
S8,emcad,2026,operational,eye,ALL,model_specific,,,,,,,19,0.5277777777777778,0.0,0.028044802612239208,True
S8,emcad,2026,operational,eye,ALL,model_specific,,,,,,,20,0.5555555555555556,0.05,0.028044802612239208,True
S8,emcad,2026,operational,eye,ALL,model_specific,,,,,,,21,0.5833333333333334,0.047619047619047616,0.028044802612239208,True
S8,emcad,2026,operational,eye,ALL,model_specific,,,,,,,22,0.6111111111111112,0.045454545454545456,0.028044802612239208,True
S8,emcad,2026,operational,eye,ALL,model_specific,,,,,,,23,0.6388888888888888,0.043478260869565216,0.028044802612239208,True
S8,emcad,2026,operational,eye,ALL,model_specific,,,,,,,24,0.6666666666666666,0.041666666666666664,0.028044802612239208,True
S8,emcad,2026,operational,eye,ALL,model_specific,,,,,,,25,0.6944444444444444,0.04,0.028044802612239208,True
S8,emcad,2026,operational,eye,ALL,model_specific,,,,,,,26,0.7222222222222222,0.038461538461538464,0.028044802612239208,True
S8,emcad,2026,operational,eye,ALL,model_specific,,,,,,,27,0.75,0.037037037037037035,0.028044802612239208,True
S8,emcad,2026,operational,eye,ALL,model_specific,,,,,,,28,0.7777777777777778,0.03571428571428571,0.028044802612239208,True
S8,emcad,2026,operational,eye,ALL,model_specific,,,,,,,29,0.8055555555555556,0.034482758620689655,0.028044802612239208,True
S8,emcad,2026,operational,eye,ALL,model_specific,,,,,,,30,0.8333333333333334,0.06666666666666667,0.028044802612239208,True
S8,emcad,2026,operational,eye,ALL,model_specific,,,,,,,31,0.8611111111111112,0.06451612903225806,0.028044802612239208,True
S8,emcad,2026,operational,eye,ALL,model_specific,,,,,,,32,0.8888888888888888,0.0625,0.028044802612239208,True
S8,emcad,2026,operational,eye,ALL,model_specific,,,,,,,33,0.9166666666666666,0.06060606060606061,0.028044802612239208,True
S8,emcad,2026,operational,eye,ALL,model_specific,,,,,,,34,0.9444444444444444,0.08823529411764706,0.028044802612239208,True
S8,emcad,2026,operational,eye,ALL,model_specific,,,,,,,35,0.9722222222222222,0.11428571428571428,0.028044802612239208,True
S8,emcad,2026,operational,eye,ALL,model_specific,,,,,,,36,1.0,0.1388888888888889,0.028044802612239208,True
S7,emcad,3407,raw,eye,ALL,model_specific,0,0.0,0.1,17,0.052054113152773446,0.23529411764705882,,,,,
S7,emcad,3407,raw,eye,ALL,model_specific,1,0.1,0.2,5,0.1463265098631382,0.0,,,,,
S7,emcad,3407,raw,eye,ALL,model_specific,2,0.2,0.30000000000000004,1,0.2162181990487235,0.0,,,,,
S7,emcad,3407,raw,eye,ALL,model_specific,3,0.30000000000000004,0.4,1,0.3214309960603714,1.0,,,,,
S7,emcad,3407,raw,eye,ALL,model_specific,5,0.5,0.6000000000000001,2,0.5315365982907159,1.0,,,,,
S7,emcad,3407,raw,eye,ALL,model_specific,6,0.6000000000000001,0.7000000000000001,1,0.68002131155559,1.0,,,,,
S7,emcad,3407,raw,eye,ALL,model_specific,7,0.7000000000000001,0.8,2,0.7268834433385304,0.5,,,,,
S7,emcad,3407,raw,eye,ALL,model_specific,8,0.8,0.9,1,0.8019195028713771,1.0,,,,,
S7,emcad,3407,raw,eye,ALL,model_specific,9,0.9,1.0,5,0.9908568344797407,1.0,,,,,
S7,emcad,3407,temperature_scaled,eye,ALL,model_specific,1,0.1,0.2,15,0.1545076193583457,0.26666666666666666,,,,,
S7,emcad,3407,temperature_scaled,eye,ALL,model_specific,2,0.2,0.30000000000000004,7,0.25351820313667045,0.0,,,,,
S7,emcad,3407,temperature_scaled,eye,ALL,model_specific,3,0.30000000000000004,0.4,2,0.36170897240457545,0.5,,,,,
S7,emcad,3407,temperature_scaled,eye,ALL,model_specific,5,0.5,0.6000000000000001,2,0.517735793452117,1.0,,,,,
S7,emcad,3407,temperature_scaled,eye,ALL,model_specific,6,0.6000000000000001,0.7000000000000001,4,0.6398653444612459,0.75,,,,,
S7,emcad,3407,temperature_scaled,eye,ALL,model_specific,8,0.8,0.9,1,0.8640304997080556,1.0,,,,,
S7,emcad,3407,temperature_scaled,eye,ALL,model_specific,9,0.9,1.0,4,0.9723531113654071,1.0,,,,,
S8,emcad,3407,operational,eye,ALL,model_specific,,,,,,,1,0.027777777777777776,0.0,0.14510832986205335,True
S8,emcad,3407,operational,eye,ALL,model_specific,,,,,,,2,0.05555555555555555,0.0,0.14510832986205335,True
S8,emcad,3407,operational,eye,ALL,model_specific,,,,,,,3,0.08333333333333333,0.0,0.14510832986205335,True
S8,emcad,3407,operational,eye,ALL,model_specific,,,,,,,4,0.1111111111111111,0.0,0.14510832986205335,True
S8,emcad,3407,operational,eye,ALL,model_specific,,,,,,,5,0.1388888888888889,0.2,0.14510832986205335,True
S8,emcad,3407,operational,eye,ALL,model_specific,,,,,,,6,0.16666666666666666,0.16666666666666666,0.14510832986205335,True
S8,emcad,3407,operational,eye,ALL,model_specific,,,,,,,7,0.19444444444444445,0.14285714285714285,0.14510832986205335,True
S8,emcad,3407,operational,eye,ALL,model_specific,,,,,,,8,0.2222222222222222,0.125,0.14510832986205335,True
S8,emcad,3407,operational,eye,ALL,model_specific,,,,,,,9,0.25,0.1111111111111111,0.14510832986205335,True
S8,emcad,3407,operational,eye,ALL,model_specific,,,,,,,10,0.2777777777777778,0.1,0.14510832986205335,True
S8,emcad,3407,operational,eye,ALL,model_specific,,,,,,,11,0.3055555555555556,0.09090909090909091,0.14510832986205335,True
S8,emcad,3407,operational,eye,ALL,model_specific,,,,,,,12,0.3333333333333333,0.16666666666666666,0.14510832986205335,True
S8,emcad,3407,operational,eye,ALL,model_specific,,,,,,,13,0.3611111111111111,0.15384615384615385,0.14510832986205335,True
S8,emcad,3407,operational,eye,ALL,model_specific,,,,,,,14,0.3888888888888889,0.21428571428571427,0.14510832986205335,True
S8,emcad,3407,operational,eye,ALL,model_specific,,,,,,,15,0.4166666666666667,0.2,0.14510832986205335,True
S8,emcad,3407,operational,eye,ALL,model_specific,,,,,,,16,0.4444444444444444,0.1875,0.14510832986205335,True
S8,emcad,3407,operational,eye,ALL,model_specific,,,,,,,17,0.4722222222222222,0.17647058823529413,0.14510832986205335,True
S8,emcad,3407,operational,eye,ALL,model_specific,,,,,,,18,0.5,0.16666666666666666,0.14510832986205335,True
S8,emcad,3407,operational,eye,ALL,model_specific,,,,,,,19,0.5277777777777778,0.15789473684210525,0.14510832986205335,True
S8,emcad,3407,operational,eye,ALL,model_specific,,,,,,,20,0.5555555555555556,0.2,0.14510832986205335,True
S8,emcad,3407,operational,eye,ALL,model_specific,,,,,,,21,0.5833333333333334,0.19047619047619047,0.14510832986205335,True
S8,emcad,3407,operational,eye,ALL,model_specific,,,,,,,22,0.6111111111111112,0.18181818181818182,0.14510832986205335,True
S8,emcad,3407,operational,eye,ALL,model_specific,,,,,,,23,0.6388888888888888,0.17391304347826086,0.14510832986205335,True
S8,emcad,3407,operational,eye,ALL,model_specific,,,,,,,24,0.6666666666666666,0.16666666666666666,0.14510832986205335,True
S8,emcad,3407,operational,eye,ALL,model_specific,,,,,,,25,0.6944444444444444,0.16,0.14510832986205335,True
S8,emcad,3407,operational,eye,ALL,model_specific,,,,,,,26,0.7222222222222222,0.15384615384615385,0.14510832986205335,True
S8,emcad,3407,operational,eye,ALL,model_specific,,,,,,,27,0.75,0.14814814814814814,0.14510832986205335,True
S8,emcad,3407,operational,eye,ALL,model_specific,,,,,,,28,0.7777777777777778,0.14285714285714285,0.14510832986205335,True
S8,emcad,3407,operational,eye,ALL,model_specific,,,,,,,29,0.8055555555555556,0.13793103448275862,0.14510832986205335,True
S8,emcad,3407,operational,eye,ALL,model_specific,,,,,,,30,0.8333333333333334,0.16666666666666666,0.14510832986205335,True
S8,emcad,3407,operational,eye,ALL,model_specific,,,,,,,31,0.8611111111111112,0.16129032258064516,0.14510832986205335,True
S8,emcad,3407,operational,eye,ALL,model_specific,,,,,,,32,0.8888888888888888,0.15625,0.14510832986205335,True
S8,emcad,3407,operational,eye,ALL,model_specific,,,,,,,33,0.9166666666666666,0.18181818181818182,0.14510832986205335,True
S8,emcad,3407,operational,eye,ALL,model_specific,,,,,,,34,0.9444444444444444,0.17647058823529413,0.14510832986205335,True
S8,emcad,3407,operational,eye,ALL,model_specific,,,,,,,35,0.9722222222222222,0.17142857142857143,0.14510832986205335,True
S8,emcad,3407,operational,eye,ALL,model_specific,,,,,,,36,1.0,0.19444444444444445,0.14510832986205335,True
S7,emcad,9103,raw,eye,ALL,model_specific,0,0.0,0.1,20,0.012344794967339114,0.05,,,,,
S7,emcad,9103,raw,eye,ALL,model_specific,1,0.1,0.2,2,0.13484573630349977,0.5,,,,,
S7,emcad,9103,raw,eye,ALL,model_specific,4,0.4,0.5,1,0.42655458316827816,1.0,,,,,
S7,emcad,9103,raw,eye,ALL,model_specific,9,0.9,1.0,11,0.9969991073979961,1.0,,,,,
S7,emcad,9103,temperature_scaled,eye,ALL,model_specific,0,0.0,0.1,19,0.02431066261728288,0.05263157894736842,,,,,
S7,emcad,9103,temperature_scaled,eye,ALL,model_specific,1,0.1,0.2,2,0.16460615199460754,0.5,,,,,
S7,emcad,9103,temperature_scaled,eye,ALL,model_specific,2,0.2,0.30000000000000004,1,0.23101061016801774,0.0,,,,,
S7,emcad,9103,temperature_scaled,eye,ALL,model_specific,4,0.4,0.5,1,0.4460232553616668,1.0,,,,,
S7,emcad,9103,temperature_scaled,eye,ALL,model_specific,9,0.9,1.0,11,0.9898408117978609,1.0,,,,,
S8,emcad,9103,operational,eye,ALL,model_specific,,,,,,,1,0.027777777777777776,0.0,0.02597771276774956,True
S8,emcad,9103,operational,eye,ALL,model_specific,,,,,,,2,0.05555555555555555,0.0,0.02597771276774956,True
S8,emcad,9103,operational,eye,ALL,model_specific,,,,,,,3,0.08333333333333333,0.0,0.02597771276774956,True
S8,emcad,9103,operational,eye,ALL,model_specific,,,,,,,4,0.1111111111111111,0.0,0.02597771276774956,True
S8,emcad,9103,operational,eye,ALL,model_specific,,,,,,,5,0.1388888888888889,0.0,0.02597771276774956,True
S8,emcad,9103,operational,eye,ALL,model_specific,,,,,,,6,0.16666666666666666,0.0,0.02597771276774956,True
S8,emcad,9103,operational,eye,ALL,model_specific,,,,,,,7,0.19444444444444445,0.0,0.02597771276774956,True
S8,emcad,9103,operational,eye,ALL,model_specific,,,,,,,8,0.2222222222222222,0.0,0.02597771276774956,True
S8,emcad,9103,operational,eye,ALL,model_specific,,,,,,,9,0.25,0.0,0.02597771276774956,True
S8,emcad,9103,operational,eye,ALL,model_specific,,,,,,,10,0.2777777777777778,0.0,0.02597771276774956,True
S8,emcad,9103,operational,eye,ALL,model_specific,,,,,,,11,0.3055555555555556,0.0,0.02597771276774956,True
S8,emcad,9103,operational,eye,ALL,model_specific,,,,,,,12,0.3333333333333333,0.0,0.02597771276774956,True
S8,emcad,9103,operational,eye,ALL,model_specific,,,,,,,13,0.3611111111111111,0.0,0.02597771276774956,True
S8,emcad,9103,operational,eye,ALL,model_specific,,,,,,,14,0.3888888888888889,0.0,0.02597771276774956,True
S8,emcad,9103,operational,eye,ALL,model_specific,,,,,,,15,0.4166666666666667,0.0,0.02597771276774956,True
S8,emcad,9103,operational,eye,ALL,model_specific,,,,,,,16,0.4444444444444444,0.0,0.02597771276774956,True
S8,emcad,9103,operational,eye,ALL,model_specific,,,,,,,17,0.4722222222222222,0.0,0.02597771276774956,True
S8,emcad,9103,operational,eye,ALL,model_specific,,,,,,,18,0.5,0.05555555555555555,0.02597771276774956,True
S8,emcad,9103,operational,eye,ALL,model_specific,,,,,,,19,0.5277777777777778,0.05263157894736842,0.02597771276774956,True
S8,emcad,9103,operational,eye,ALL,model_specific,,,,,,,20,0.5555555555555556,0.05,0.02597771276774956,True
S8,emcad,9103,operational,eye,ALL,model_specific,,,,,,,21,0.5833333333333334,0.047619047619047616,0.02597771276774956,True
S8,emcad,9103,operational,eye,ALL,model_specific,,,,,,,22,0.6111111111111112,0.045454545454545456,0.02597771276774956,True
S8,emcad,9103,operational,eye,ALL,model_specific,,,,,,,23,0.6388888888888888,0.043478260869565216,0.02597771276774956,True
S8,emcad,9103,operational,eye,ALL,model_specific,,,,,,,24,0.6666666666666666,0.041666666666666664,0.02597771276774956,True
S8,emcad,9103,operational,eye,ALL,model_specific,,,,,,,25,0.6944444444444444,0.04,0.02597771276774956,True
S8,emcad,9103,operational,eye,ALL,model_specific,,,,,,,26,0.7222222222222222,0.038461538461538464,0.02597771276774956,True
S8,emcad,9103,operational,eye,ALL,model_specific,,,,,,,27,0.75,0.037037037037037035,0.02597771276774956,True
S8,emcad,9103,operational,eye,ALL,model_specific,,,,,,,28,0.7777777777777778,0.03571428571428571,0.02597771276774956,True
S8,emcad,9103,operational,eye,ALL,model_specific,,,,,,,29,0.8055555555555556,0.034482758620689655,0.02597771276774956,True
S8,emcad,9103,operational,eye,ALL,model_specific,,,,,,,30,0.8333333333333334,0.03333333333333333,0.02597771276774956,True
S8,emcad,9103,operational,eye,ALL,model_specific,,,,,,,31,0.8611111111111112,0.03225806451612903,0.02597771276774956,True
S8,emcad,9103,operational,eye,ALL,model_specific,,,,,,,32,0.8888888888888888,0.03125,0.02597771276774956,True
S8,emcad,9103,operational,eye,ALL,model_specific,,,,,,,33,0.9166666666666666,0.06060606060606061,0.02597771276774956,True
S8,emcad,9103,operational,eye,ALL,model_specific,,,,,,,34,0.9444444444444444,0.058823529411764705,0.02597771276774956,True
S8,emcad,9103,operational,eye,ALL,model_specific,,,,,,,35,0.9722222222222222,0.08571428571428572,0.02597771276774956,True
S8,emcad,9103,operational,eye,ALL,model_specific,,,,,,,36,1.0,0.1111111111111111,0.02597771276774956,True
S7,sam2_unet,17,raw,eye,ALL,model_specific,0,0.0,0.1,18,0.04004909770400633,0.16666666666666666,,,,,
S7,sam2_unet,17,raw,eye,ALL,model_specific,1,0.1,0.2,2,0.1495922069464411,0.5,,,,,
S7,sam2_unet,17,raw,eye,ALL,model_specific,2,0.2,0.30000000000000004,2,0.2480904385447502,0.0,,,,,
S7,sam2_unet,17,raw,eye,ALL,model_specific,3,0.30000000000000004,0.4,1,0.31576937649931225,0.0,,,,,
S7,sam2_unet,17,raw,eye,ALL,model_specific,4,0.4,0.5,1,0.41507890607629505,0.0,,,,,
S7,sam2_unet,17,raw,eye,ALL,model_specific,9,0.9,1.0,12,0.9996682958943502,1.0,,,,,
S7,sam2_unet,17,temperature_scaled,eye,ALL,model_specific,0,0.0,0.1,10,0.07128920360417426,0.1,,,,,
S7,sam2_unet,17,temperature_scaled,eye,ALL,model_specific,1,0.1,0.2,8,0.15256296349277637,0.25,,,,,
S7,sam2_unet,17,temperature_scaled,eye,ALL,model_specific,2,0.2,0.30000000000000004,2,0.24351027466576114,0.5,,,,,
S7,sam2_unet,17,temperature_scaled,eye,ALL,model_specific,3,0.30000000000000004,0.4,3,0.3452111025575526,0.0,,,,,
S7,sam2_unet,17,temperature_scaled,eye,ALL,model_specific,4,0.4,0.5,1,0.4450277546891766,0.0,,,,,
S7,sam2_unet,17,temperature_scaled,eye,ALL,model_specific,9,0.9,1.0,12,0.9944286861900437,1.0,,,,,
S8,sam2_unet,17,operational,eye,ALL,model_specific,,,,,,,1,0.027777777777777776,0.0,0.05423901470895501,True
S8,sam2_unet,17,operational,eye,ALL,model_specific,,,,,,,2,0.05555555555555555,0.0,0.05423901470895501,True
S8,sam2_unet,17,operational,eye,ALL,model_specific,,,,,,,3,0.08333333333333333,0.0,0.05423901470895501,True
S8,sam2_unet,17,operational,eye,ALL,model_specific,,,,,,,4,0.1111111111111111,0.0,0.05423901470895501,True
S8,sam2_unet,17,operational,eye,ALL,model_specific,,,,,,,5,0.1388888888888889,0.0,0.05423901470895501,True
S8,sam2_unet,17,operational,eye,ALL,model_specific,,,,,,,6,0.16666666666666666,0.0,0.05423901470895501,True
S8,sam2_unet,17,operational,eye,ALL,model_specific,,,,,,,7,0.19444444444444445,0.0,0.05423901470895501,True
S8,sam2_unet,17,operational,eye,ALL,model_specific,,,,,,,8,0.2222222222222222,0.0,0.05423901470895501,True
S8,sam2_unet,17,operational,eye,ALL,model_specific,,,,,,,9,0.25,0.0,0.05423901470895501,True
S8,sam2_unet,17,operational,eye,ALL,model_specific,,,,,,,10,0.2777777777777778,0.0,0.05423901470895501,True
S8,sam2_unet,17,operational,eye,ALL,model_specific,,,,,,,11,0.3055555555555556,0.0,0.05423901470895501,True
S8,sam2_unet,17,operational,eye,ALL,model_specific,,,,,,,12,0.3333333333333333,0.0,0.05423901470895501,True
S8,sam2_unet,17,operational,eye,ALL,model_specific,,,,,,,13,0.3611111111111111,0.0,0.05423901470895501,True
S8,sam2_unet,17,operational,eye,ALL,model_specific,,,,,,,14,0.3888888888888889,0.0,0.05423901470895501,True
S8,sam2_unet,17,operational,eye,ALL,model_specific,,,,,,,15,0.4166666666666667,0.0,0.05423901470895501,True
S8,sam2_unet,17,operational,eye,ALL,model_specific,,,,,,,16,0.4444444444444444,0.0,0.05423901470895501,True
S8,sam2_unet,17,operational,eye,ALL,model_specific,,,,,,,17,0.4722222222222222,0.0,0.05423901470895501,True
S8,sam2_unet,17,operational,eye,ALL,model_specific,,,,,,,18,0.5,0.05555555555555555,0.05423901470895501,True
S8,sam2_unet,17,operational,eye,ALL,model_specific,,,,,,,19,0.5277777777777778,0.05263157894736842,0.05423901470895501,True
S8,sam2_unet,17,operational,eye,ALL,model_specific,,,,,,,20,0.5555555555555556,0.05,0.05423901470895501,True
S8,sam2_unet,17,operational,eye,ALL,model_specific,,,,,,,21,0.5833333333333334,0.047619047619047616,0.05423901470895501,True
S8,sam2_unet,17,operational,eye,ALL,model_specific,,,,,,,22,0.6111111111111112,0.045454545454545456,0.05423901470895501,True
S8,sam2_unet,17,operational,eye,ALL,model_specific,,,,,,,23,0.6388888888888888,0.043478260869565216,0.05423901470895501,True
S8,sam2_unet,17,operational,eye,ALL,model_specific,,,,,,,24,0.6666666666666666,0.041666666666666664,0.05423901470895501,True
S8,sam2_unet,17,operational,eye,ALL,model_specific,,,,,,,25,0.6944444444444444,0.08,0.05423901470895501,True
S8,sam2_unet,17,operational,eye,ALL,model_specific,,,,,,,26,0.7222222222222222,0.07692307692307693,0.05423901470895501,True
S8,sam2_unet,17,operational,eye,ALL,model_specific,,,,,,,27,0.75,0.1111111111111111,0.05423901470895501,True
S8,sam2_unet,17,operational,eye,ALL,model_specific,,,,,,,28,0.7777777777777778,0.10714285714285714,0.05423901470895501,True
S8,sam2_unet,17,operational,eye,ALL,model_specific,,,,,,,29,0.8055555555555556,0.10344827586206896,0.05423901470895501,True
S8,sam2_unet,17,operational,eye,ALL,model_specific,,,,,,,30,0.8333333333333334,0.13333333333333333,0.05423901470895501,True
S8,sam2_unet,17,operational,eye,ALL,model_specific,,,,,,,31,0.8611111111111112,0.12903225806451613,0.05423901470895501,True
S8,sam2_unet,17,operational,eye,ALL,model_specific,,,,,,,32,0.8888888888888888,0.125,0.05423901470895501,True
S8,sam2_unet,17,operational,eye,ALL,model_specific,,,,,,,33,0.9166666666666666,0.15151515151515152,0.05423901470895501,True
S8,sam2_unet,17,operational,eye,ALL,model_specific,,,,,,,34,0.9444444444444444,0.17647058823529413,0.05423901470895501,True
S8,sam2_unet,17,operational,eye,ALL,model_specific,,,,,,,35,0.9722222222222222,0.2,0.05423901470895501,True
S8,sam2_unet,17,operational,eye,ALL,model_specific,,,,,,,36,1.0,0.2222222222222222,0.05423901470895501,True
S7,sam2_unet,42,raw,eye,ALL,model_specific,0,0.0,0.1,23,0.016285079100382675,0.17391304347826086,,,,,
S7,sam2_unet,42,raw,eye,ALL,model_specific,1,0.1,0.2,1,0.15627721226025773,0.0,,,,,
S7,sam2_unet,42,raw,eye,ALL,model_specific,9,0.9,1.0,12,0.9998094744625546,1.0,,,,,
S7,sam2_unet,42,temperature_scaled,eye,ALL,model_specific,0,0.0,0.1,14,0.023424302063314795,0.14285714285714285,,,,,
S7,sam2_unet,42,temperature_scaled,eye,ALL,model_specific,1,0.1,0.2,2,0.18661068810702958,0.0,,,,,
S7,sam2_unet,42,temperature_scaled,eye,ALL,model_specific,2,0.2,0.30000000000000004,7,0.256542475669232,0.2857142857142857,,,,,
S7,sam2_unet,42,temperature_scaled,eye,ALL,model_specific,3,0.30000000000000004,0.4,1,0.35477732130229306,0.0,,,,,
S7,sam2_unet,42,temperature_scaled,eye,ALL,model_specific,9,0.9,1.0,12,0.9739471523526776,1.0,,,,,
S8,sam2_unet,42,operational,eye,ALL,model_specific,,,,,,,1,0.027777777777777776,0.0,0.07596440399093499,True
S8,sam2_unet,42,operational,eye,ALL,model_specific,,,,,,,2,0.05555555555555555,0.0,0.07596440399093499,True
S8,sam2_unet,42,operational,eye,ALL,model_specific,,,,,,,3,0.08333333333333333,0.0,0.07596440399093499,True
S8,sam2_unet,42,operational,eye,ALL,model_specific,,,,,,,4,0.1111111111111111,0.0,0.07596440399093499,True
S8,sam2_unet,42,operational,eye,ALL,model_specific,,,,,,,5,0.1388888888888889,0.0,0.07596440399093499,True
S8,sam2_unet,42,operational,eye,ALL,model_specific,,,,,,,6,0.16666666666666666,0.0,0.07596440399093499,True
S8,sam2_unet,42,operational,eye,ALL,model_specific,,,,,,,7,0.19444444444444445,0.0,0.07596440399093499,True
S8,sam2_unet,42,operational,eye,ALL,model_specific,,,,,,,8,0.2222222222222222,0.0,0.07596440399093499,True
S8,sam2_unet,42,operational,eye,ALL,model_specific,,,,,,,9,0.25,0.0,0.07596440399093499,True
S8,sam2_unet,42,operational,eye,ALL,model_specific,,,,,,,10,0.2777777777777778,0.1,0.07596440399093499,True
S8,sam2_unet,42,operational,eye,ALL,model_specific,,,,,,,11,0.3055555555555556,0.09090909090909091,0.07596440399093499,True
S8,sam2_unet,42,operational,eye,ALL,model_specific,,,,,,,12,0.3333333333333333,0.08333333333333333,0.07596440399093499,True
S8,sam2_unet,42,operational,eye,ALL,model_specific,,,,,,,13,0.3611111111111111,0.07692307692307693,0.07596440399093499,True
S8,sam2_unet,42,operational,eye,ALL,model_specific,,,,,,,14,0.3888888888888889,0.14285714285714285,0.07596440399093499,True
S8,sam2_unet,42,operational,eye,ALL,model_specific,,,,,,,15,0.4166666666666667,0.13333333333333333,0.07596440399093499,True
S8,sam2_unet,42,operational,eye,ALL,model_specific,,,,,,,16,0.4444444444444444,0.125,0.07596440399093499,True
S8,sam2_unet,42,operational,eye,ALL,model_specific,,,,,,,17,0.4722222222222222,0.11764705882352941,0.07596440399093499,True
S8,sam2_unet,42,operational,eye,ALL,model_specific,,,,,,,18,0.5,0.1111111111111111,0.07596440399093499,True
S8,sam2_unet,42,operational,eye,ALL,model_specific,,,,,,,19,0.5277777777777778,0.10526315789473684,0.07596440399093499,True
S8,sam2_unet,42,operational,eye,ALL,model_specific,,,,,,,20,0.5555555555555556,0.1,0.07596440399093499,True
S8,sam2_unet,42,operational,eye,ALL,model_specific,,,,,,,21,0.5833333333333334,0.09523809523809523,0.07596440399093499,True
S8,sam2_unet,42,operational,eye,ALL,model_specific,,,,,,,22,0.6111111111111112,0.09090909090909091,0.07596440399093499,True
S8,sam2_unet,42,operational,eye,ALL,model_specific,,,,,,,23,0.6388888888888888,0.08695652173913043,0.07596440399093499,True
S8,sam2_unet,42,operational,eye,ALL,model_specific,,,,,,,24,0.6666666666666666,0.08333333333333333,0.07596440399093499,True
S8,sam2_unet,42,operational,eye,ALL,model_specific,,,,,,,25,0.6944444444444444,0.08,0.07596440399093499,True
S8,sam2_unet,42,operational,eye,ALL,model_specific,,,,,,,26,0.7222222222222222,0.07692307692307693,0.07596440399093499,True
S8,sam2_unet,42,operational,eye,ALL,model_specific,,,,,,,27,0.75,0.07407407407407407,0.07596440399093499,True
S8,sam2_unet,42,operational,eye,ALL,model_specific,,,,,,,28,0.7777777777777778,0.07142857142857142,0.07596440399093499,True
S8,sam2_unet,42,operational,eye,ALL,model_specific,,,,,,,29,0.8055555555555556,0.10344827586206896,0.07596440399093499,True
S8,sam2_unet,42,operational,eye,ALL,model_specific,,,,,,,30,0.8333333333333334,0.1,0.07596440399093499,True
S8,sam2_unet,42,operational,eye,ALL,model_specific,,,,,,,31,0.8611111111111112,0.0967741935483871,0.07596440399093499,True
S8,sam2_unet,42,operational,eye,ALL,model_specific,,,,,,,32,0.8888888888888888,0.125,0.07596440399093499,True
S8,sam2_unet,42,operational,eye,ALL,model_specific,,,,,,,33,0.9166666666666666,0.12121212121212122,0.07596440399093499,True
S8,sam2_unet,42,operational,eye,ALL,model_specific,,,,,,,34,0.9444444444444444,0.11764705882352941,0.07596440399093499,True
S8,sam2_unet,42,operational,eye,ALL,model_specific,,,,,,,35,0.9722222222222222,0.11428571428571428,0.07596440399093499,True
S8,sam2_unet,42,operational,eye,ALL,model_specific,,,,,,,36,1.0,0.1111111111111111,0.07596440399093499,True
S7,sam2_unet,2026,raw,eye,ALL,model_specific,0,0.0,0.1,21,0.004674881757927986,0.09523809523809523,,,,,
S7,sam2_unet,2026,raw,eye,ALL,model_specific,2,0.2,0.30000000000000004,1,0.24391626460211618,0.0,,,,,
S7,sam2_unet,2026,raw,eye,ALL,model_specific,9,0.9,1.0,14,0.9999998747086039,1.0,,,,,
S7,sam2_unet,2026,temperature_scaled,eye,ALL,model_specific,2,0.2,0.30000000000000004,18,0.2554424963333587,0.05555555555555555,,,,,
S7,sam2_unet,2026,temperature_scaled,eye,ALL,model_specific,3,0.30000000000000004,0.4,2,0.3589111081964477,0.0,,,,,
S7,sam2_unet,2026,temperature_scaled,eye,ALL,model_specific,4,0.4,0.5,2,0.43717773029773876,0.5,,,,,
S7,sam2_unet,2026,temperature_scaled,eye,ALL,model_specific,8,0.8,0.9,14,0.8909736714903708,1.0,,,,,
S8,sam2_unet,2026,operational,eye,ALL,model_specific,,,,,,,1,0.027777777777777776,0.0,0.05682767984343497,True
S8,sam2_unet,2026,operational,eye,ALL,model_specific,,,,,,,2,0.05555555555555555,0.0,0.05682767984343497,True
S8,sam2_unet,2026,operational,eye,ALL,model_specific,,,,,,,3,0.08333333333333333,0.0,0.05682767984343497,True
S8,sam2_unet,2026,operational,eye,ALL,model_specific,,,,,,,4,0.1111111111111111,0.0,0.05682767984343497,True
S8,sam2_unet,2026,operational,eye,ALL,model_specific,,,,,,,5,0.1388888888888889,0.0,0.05682767984343497,True
S8,sam2_unet,2026,operational,eye,ALL,model_specific,,,,,,,6,0.16666666666666666,0.0,0.05682767984343497,True
S8,sam2_unet,2026,operational,eye,ALL,model_specific,,,,,,,7,0.19444444444444445,0.0,0.05682767984343497,True
S8,sam2_unet,2026,operational,eye,ALL,model_specific,,,,,,,8,0.2222222222222222,0.0,0.05682767984343497,True
S8,sam2_unet,2026,operational,eye,ALL,model_specific,,,,,,,9,0.25,0.0,0.05682767984343497,True
S8,sam2_unet,2026,operational,eye,ALL,model_specific,,,,,,,10,0.2777777777777778,0.0,0.05682767984343497,True
S8,sam2_unet,2026,operational,eye,ALL,model_specific,,,,,,,11,0.3055555555555556,0.0,0.05682767984343497,True
S8,sam2_unet,2026,operational,eye,ALL,model_specific,,,,,,,12,0.3333333333333333,0.0,0.05682767984343497,True
S8,sam2_unet,2026,operational,eye,ALL,model_specific,,,,,,,13,0.3611111111111111,0.0,0.05682767984343497,True
S8,sam2_unet,2026,operational,eye,ALL,model_specific,,,,,,,14,0.3888888888888889,0.0,0.05682767984343497,True
S8,sam2_unet,2026,operational,eye,ALL,model_specific,,,,,,,15,0.4166666666666667,0.06666666666666667,0.05682767984343497,True
S8,sam2_unet,2026,operational,eye,ALL,model_specific,,,,,,,16,0.4444444444444444,0.0625,0.05682767984343497,True
S8,sam2_unet,2026,operational,eye,ALL,model_specific,,,,,,,17,0.4722222222222222,0.11764705882352941,0.05682767984343497,True
S8,sam2_unet,2026,operational,eye,ALL,model_specific,,,,,,,18,0.5,0.1111111111111111,0.05682767984343497,True
S8,sam2_unet,2026,operational,eye,ALL,model_specific,,,,,,,19,0.5277777777777778,0.10526315789473684,0.05682767984343497,True
S8,sam2_unet,2026,operational,eye,ALL,model_specific,,,,,,,20,0.5555555555555556,0.1,0.05682767984343497,True
S8,sam2_unet,2026,operational,eye,ALL,model_specific,,,,,,,21,0.5833333333333334,0.09523809523809523,0.05682767984343497,True
S8,sam2_unet,2026,operational,eye,ALL,model_specific,,,,,,,22,0.6111111111111112,0.09090909090909091,0.05682767984343497,True
S8,sam2_unet,2026,operational,eye,ALL,model_specific,,,,,,,23,0.6388888888888888,0.08695652173913043,0.05682767984343497,True
S8,sam2_unet,2026,operational,eye,ALL,model_specific,,,,,,,24,0.6666666666666666,0.08333333333333333,0.05682767984343497,True
S8,sam2_unet,2026,operational,eye,ALL,model_specific,,,,,,,25,0.6944444444444444,0.08,0.05682767984343497,True
S8,sam2_unet,2026,operational,eye,ALL,model_specific,,,,,,,26,0.7222222222222222,0.07692307692307693,0.05682767984343497,True
S8,sam2_unet,2026,operational,eye,ALL,model_specific,,,,,,,27,0.75,0.07407407407407407,0.05682767984343497,True
S8,sam2_unet,2026,operational,eye,ALL,model_specific,,,,,,,28,0.7777777777777778,0.07142857142857142,0.05682767984343497,True
S8,sam2_unet,2026,operational,eye,ALL,model_specific,,,,,,,29,0.8055555555555556,0.06896551724137931,0.05682767984343497,True
S8,sam2_unet,2026,operational,eye,ALL,model_specific,,,,,,,30,0.8333333333333334,0.1,0.05682767984343497,True
S8,sam2_unet,2026,operational,eye,ALL,model_specific,,,,,,,31,0.8611111111111112,0.0967741935483871,0.05682767984343497,True
S8,sam2_unet,2026,operational,eye,ALL,model_specific,,,,,,,32,0.8888888888888888,0.09375,0.05682767984343497,True
S8,sam2_unet,2026,operational,eye,ALL,model_specific,,,,,,,33,0.9166666666666666,0.12121212121212122,0.05682767984343497,True
S8,sam2_unet,2026,operational,eye,ALL,model_specific,,,,,,,34,0.9444444444444444,0.11764705882352941,0.05682767984343497,True
S8,sam2_unet,2026,operational,eye,ALL,model_specific,,,,,,,35,0.9722222222222222,0.11428571428571428,0.05682767984343497,True
S8,sam2_unet,2026,operational,eye,ALL,model_specific,,,,,,,36,1.0,0.1111111111111111,0.05682767984343497,True
S7,sam2_unet,3407,raw,eye,ALL,model_specific,0,0.0,0.1,8,0.04056702964174162,0.0,,,,,
S7,sam2_unet,3407,raw,eye,ALL,model_specific,1,0.1,0.2,1,0.12010265407817704,1.0,,,,,
S7,sam2_unet,3407,raw,eye,ALL,model_specific,2,0.2,0.30000000000000004,3,0.24059708766816626,0.3333333333333333,,,,,
S7,sam2_unet,3407,raw,eye,ALL,model_specific,4,0.4,0.5,2,0.4694791707609381,0.5,,,,,
S7,sam2_unet,3407,raw,eye,ALL,model_specific,6,0.6000000000000001,0.7000000000000001,1,0.6116187274456024,0.0,,,,,
S7,sam2_unet,3407,raw,eye,ALL,model_specific,7,0.7000000000000001,0.8,2,0.7132105316434587,0.5,,,,,
S7,sam2_unet,3407,raw,eye,ALL,model_specific,8,0.8,0.9,2,0.8650834794555392,0.0,,,,,
S7,sam2_unet,3407,raw,eye,ALL,model_specific,9,0.9,1.0,17,0.9928247077124458,0.7058823529411765,,,,,
S7,sam2_unet,3407,temperature_scaled,eye,ALL,model_specific,0,0.0,0.1,1,0.0957881844412633,0.0,,,,,
S7,sam2_unet,3407,temperature_scaled,eye,ALL,model_specific,1,0.1,0.2,3,0.12603246875376242,0.0,,,,,
S7,sam2_unet,3407,temperature_scaled,eye,ALL,model_specific,2,0.2,0.30000000000000004,5,0.2527334862475543,0.2,,,,,
S7,sam2_unet,3407,temperature_scaled,eye,ALL,model_specific,3,0.30000000000000004,0.4,3,0.3759993014910359,0.3333333333333333,,,,,
S7,sam2_unet,3407,temperature_scaled,eye,ALL,model_specific,4,0.4,0.5,2,0.4865335124133239,0.5,,,,,
S7,sam2_unet,3407,temperature_scaled,eye,ALL,model_specific,5,0.5,0.6000000000000001,2,0.5726033180896479,0.5,,,,,
S7,sam2_unet,3407,temperature_scaled,eye,ALL,model_specific,6,0.6000000000000001,0.7000000000000001,2,0.6420719928477102,0.0,,,,,
S7,sam2_unet,3407,temperature_scaled,eye,ALL,model_specific,7,0.7000000000000001,0.8,2,0.7473699997533146,0.0,,,,,
S7,sam2_unet,3407,temperature_scaled,eye,ALL,model_specific,8,0.8,0.9,3,0.8491702118975325,0.3333333333333333,,,,,
S7,sam2_unet,3407,temperature_scaled,eye,ALL,model_specific,9,0.9,1.0,13,0.9656124989014832,0.8461538461538461,,,,,
S8,sam2_unet,3407,operational,eye,ALL,model_specific,,,,,,,1,0.027777777777777776,0.0,0.1349881796973465,True
S8,sam2_unet,3407,operational,eye,ALL,model_specific,,,,,,,2,0.05555555555555555,0.0,0.1349881796973465,True
S8,sam2_unet,3407,operational,eye,ALL,model_specific,,,,,,,3,0.08333333333333333,0.0,0.1349881796973465,True
S8,sam2_unet,3407,operational,eye,ALL,model_specific,,,,,,,4,0.1111111111111111,0.0,0.1349881796973465,True
S8,sam2_unet,3407,operational,eye,ALL,model_specific,,,,,,,5,0.1388888888888889,0.0,0.1349881796973465,True
S8,sam2_unet,3407,operational,eye,ALL,model_specific,,,,,,,6,0.16666666666666666,0.0,0.1349881796973465,True
S8,sam2_unet,3407,operational,eye,ALL,model_specific,,,,,,,7,0.19444444444444445,0.0,0.1349881796973465,True
S8,sam2_unet,3407,operational,eye,ALL,model_specific,,,,,,,8,0.2222222222222222,0.0,0.1349881796973465,True
S8,sam2_unet,3407,operational,eye,ALL,model_specific,,,,,,,9,0.25,0.1111111111111111,0.1349881796973465,True
S8,sam2_unet,3407,operational,eye,ALL,model_specific,,,,,,,10,0.2777777777777778,0.1,0.1349881796973465,True
S8,sam2_unet,3407,operational,eye,ALL,model_specific,,,,,,,11,0.3055555555555556,0.18181818181818182,0.1349881796973465,True
S8,sam2_unet,3407,operational,eye,ALL,model_specific,,,,,,,12,0.3333333333333333,0.16666666666666666,0.1349881796973465,True
S8,sam2_unet,3407,operational,eye,ALL,model_specific,,,,,,,13,0.3611111111111111,0.23076923076923078,0.1349881796973465,True
S8,sam2_unet,3407,operational,eye,ALL,model_specific,,,,,,,14,0.3888888888888889,0.21428571428571427,0.1349881796973465,True
S8,sam2_unet,3407,operational,eye,ALL,model_specific,,,,,,,15,0.4166666666666667,0.2,0.1349881796973465,True
S8,sam2_unet,3407,operational,eye,ALL,model_specific,,,,,,,16,0.4444444444444444,0.25,0.1349881796973465,True
S8,sam2_unet,3407,operational,eye,ALL,model_specific,,,,,,,17,0.4722222222222222,0.23529411764705882,0.1349881796973465,True
S8,sam2_unet,3407,operational,eye,ALL,model_specific,,,,,,,18,0.5,0.2222222222222222,0.1349881796973465,True
S8,sam2_unet,3407,operational,eye,ALL,model_specific,,,,,,,19,0.5277777777777778,0.21052631578947367,0.1349881796973465,True
S8,sam2_unet,3407,operational,eye,ALL,model_specific,,,,,,,20,0.5555555555555556,0.2,0.1349881796973465,True
S8,sam2_unet,3407,operational,eye,ALL,model_specific,,,,,,,21,0.5833333333333334,0.19047619047619047,0.1349881796973465,True
S8,sam2_unet,3407,operational,eye,ALL,model_specific,,,,,,,22,0.6111111111111112,0.18181818181818182,0.1349881796973465,True
S8,sam2_unet,3407,operational,eye,ALL,model_specific,,,,,,,23,0.6388888888888888,0.17391304347826086,0.1349881796973465,True
S8,sam2_unet,3407,operational,eye,ALL,model_specific,,,,,,,24,0.6666666666666666,0.16666666666666666,0.1349881796973465,True
S8,sam2_unet,3407,operational,eye,ALL,model_specific,,,,,,,25,0.6944444444444444,0.16,0.1349881796973465,True
S8,sam2_unet,3407,operational,eye,ALL,model_specific,,,,,,,26,0.7222222222222222,0.15384615384615385,0.1349881796973465,True
S8,sam2_unet,3407,operational,eye,ALL,model_specific,,,,,,,27,0.75,0.14814814814814814,0.1349881796973465,True
S8,sam2_unet,3407,operational,eye,ALL,model_specific,,,,,,,28,0.7777777777777778,0.14285714285714285,0.1349881796973465,True
S8,sam2_unet,3407,operational,eye,ALL,model_specific,,,,,,,29,0.8055555555555556,0.13793103448275862,0.1349881796973465,True
S8,sam2_unet,3407,operational,eye,ALL,model_specific,,,,,,,30,0.8333333333333334,0.13333333333333333,0.1349881796973465,True
S8,sam2_unet,3407,operational,eye,ALL,model_specific,,,,,,,31,0.8611111111111112,0.12903225806451613,0.1349881796973465,True
S8,sam2_unet,3407,operational,eye,ALL,model_specific,,,,,,,32,0.8888888888888888,0.125,0.1349881796973465,True
S8,sam2_unet,3407,operational,eye,ALL,model_specific,,,,,,,33,0.9166666666666666,0.15151515151515152,0.1349881796973465,True
S8,sam2_unet,3407,operational,eye,ALL,model_specific,,,,,,,34,0.9444444444444444,0.17647058823529413,0.1349881796973465,True
S8,sam2_unet,3407,operational,eye,ALL,model_specific,,,,,,,35,0.9722222222222222,0.17142857142857143,0.1349881796973465,True
S8,sam2_unet,3407,operational,eye,ALL,model_specific,,,,,,,36,1.0,0.19444444444444445,0.1349881796973465,True
S7,sam2_unet,9103,raw,eye,ALL,model_specific,1,0.1,0.2,4,0.1722280079764979,0.0,,,,,
S7,sam2_unet,9103,raw,eye,ALL,model_specific,2,0.2,0.30000000000000004,7,0.248618090639309,0.0,,,,,
S7,sam2_unet,9103,raw,eye,ALL,model_specific,3,0.30000000000000004,0.4,6,0.3523554479082425,0.3333333333333333,,,,,
S7,sam2_unet,9103,raw,eye,ALL,model_specific,4,0.4,0.5,2,0.4376423678227833,0.0,,,,,
S7,sam2_unet,9103,raw,eye,ALL,model_specific,5,0.5,0.6000000000000001,1,0.5812346339225769,0.0,,,,,
S7,sam2_unet,9103,raw,eye,ALL,model_specific,6,0.6000000000000001,0.7000000000000001,1,0.6312732696533203,0.0,,,,,
S7,sam2_unet,9103,raw,eye,ALL,model_specific,7,0.7000000000000001,0.8,1,0.7786945870944432,0.0,,,,,
S7,sam2_unet,9103,raw,eye,ALL,model_specific,9,0.9,1.0,14,0.9931306133464891,1.0,,,,,
S7,sam2_unet,9103,temperature_scaled,eye,ALL,model_specific,0,0.0,0.1,12,0.03615540248244289,0.0,,,,,
S7,sam2_unet,9103,temperature_scaled,eye,ALL,model_specific,1,0.1,0.2,3,0.1399811716718046,0.6666666666666666,,,,,
S7,sam2_unet,9103,temperature_scaled,eye,ALL,model_specific,2,0.2,0.30000000000000004,2,0.22587011851057917,0.0,,,,,
S7,sam2_unet,9103,temperature_scaled,eye,ALL,model_specific,3,0.30000000000000004,0.4,2,0.32984938321171253,0.0,,,,,
S7,sam2_unet,9103,temperature_scaled,eye,ALL,model_specific,7,0.7000000000000001,0.8,1,0.7166464924291515,0.0,,,,,
S7,sam2_unet,9103,temperature_scaled,eye,ALL,model_specific,8,0.8,0.9,1,0.8208019163840181,0.0,,,,,
S7,sam2_unet,9103,temperature_scaled,eye,ALL,model_specific,9,0.9,1.0,15,0.9981557991917482,0.9333333333333333,,,,,
S8,sam2_unet,9103,operational,eye,ALL,model_specific,,,,,,,1,0.027777777777777776,0.0,0.09559222130280393,True
S8,sam2_unet,9103,operational,eye,ALL,model_specific,,,,,,,2,0.05555555555555555,0.0,0.09559222130280393,True
S8,sam2_unet,9103,operational,eye,ALL,model_specific,,,,,,,3,0.08333333333333333,0.0,0.09559222130280393,True
S8,sam2_unet,9103,operational,eye,ALL,model_specific,,,,,,,4,0.1111111111111111,0.0,0.09559222130280393,True
S8,sam2_unet,9103,operational,eye,ALL,model_specific,,,,,,,5,0.1388888888888889,0.0,0.09559222130280393,True
S8,sam2_unet,9103,operational,eye,ALL,model_specific,,,,,,,6,0.16666666666666666,0.0,0.09559222130280393,True
S8,sam2_unet,9103,operational,eye,ALL,model_specific,,,,,,,7,0.19444444444444445,0.0,0.09559222130280393,True
S8,sam2_unet,9103,operational,eye,ALL,model_specific,,,,,,,8,0.2222222222222222,0.0,0.09559222130280393,True
S8,sam2_unet,9103,operational,eye,ALL,model_specific,,,,,,,9,0.25,0.0,0.09559222130280393,True
S8,sam2_unet,9103,operational,eye,ALL,model_specific,,,,,,,10,0.2777777777777778,0.0,0.09559222130280393,True
S8,sam2_unet,9103,operational,eye,ALL,model_specific,,,,,,,11,0.3055555555555556,0.0,0.09559222130280393,True
S8,sam2_unet,9103,operational,eye,ALL,model_specific,,,,,,,12,0.3333333333333333,0.0,0.09559222130280393,True
S8,sam2_unet,9103,operational,eye,ALL,model_specific,,,,,,,13,0.3611111111111111,0.0,0.09559222130280393,True
S8,sam2_unet,9103,operational,eye,ALL,model_specific,,,,,,,14,0.3888888888888889,0.0,0.09559222130280393,True
S8,sam2_unet,9103,operational,eye,ALL,model_specific,,,,,,,15,0.4166666666666667,0.06666666666666667,0.09559222130280393,True
S8,sam2_unet,9103,operational,eye,ALL,model_specific,,,,,,,16,0.4444444444444444,0.125,0.09559222130280393,True
S8,sam2_unet,9103,operational,eye,ALL,model_specific,,,,,,,17,0.4722222222222222,0.17647058823529413,0.09559222130280393,True
S8,sam2_unet,9103,operational,eye,ALL,model_specific,,,,,,,18,0.5,0.16666666666666666,0.09559222130280393,True
S8,sam2_unet,9103,operational,eye,ALL,model_specific,,,,,,,19,0.5277777777777778,0.15789473684210525,0.09559222130280393,True
S8,sam2_unet,9103,operational,eye,ALL,model_specific,,,,,,,20,0.5555555555555556,0.15,0.09559222130280393,True
S8,sam2_unet,9103,operational,eye,ALL,model_specific,,,,,,,21,0.5833333333333334,0.14285714285714285,0.09559222130280393,True
S8,sam2_unet,9103,operational,eye,ALL,model_specific,,,,,,,22,0.6111111111111112,0.13636363636363635,0.09559222130280393,True
S8,sam2_unet,9103,operational,eye,ALL,model_specific,,,,,,,23,0.6388888888888888,0.13043478260869565,0.09559222130280393,True
S8,sam2_unet,9103,operational,eye,ALL,model_specific,,,,,,,24,0.6666666666666666,0.125,0.09559222130280393,True
S8,sam2_unet,9103,operational,eye,ALL,model_specific,,,,,,,25,0.6944444444444444,0.12,0.09559222130280393,True
S8,sam2_unet,9103,operational,eye,ALL,model_specific,,,,,,,26,0.7222222222222222,0.11538461538461539,0.09559222130280393,True
S8,sam2_unet,9103,operational,eye,ALL,model_specific,,,,,,,27,0.75,0.1111111111111111,0.09559222130280393,True
S8,sam2_unet,9103,operational,eye,ALL,model_specific,,,,,,,28,0.7777777777777778,0.14285714285714285,0.09559222130280393,True
S8,sam2_unet,9103,operational,eye,ALL,model_specific,,,,,,,29,0.8055555555555556,0.13793103448275862,0.09559222130280393,True
S8,sam2_unet,9103,operational,eye,ALL,model_specific,,,,,,,30,0.8333333333333334,0.13333333333333333,0.09559222130280393,True
S8,sam2_unet,9103,operational,eye,ALL,model_specific,,,,,,,31,0.8611111111111112,0.16129032258064516,0.09559222130280393,True
S8,sam2_unet,9103,operational,eye,ALL,model_specific,,,,,,,32,0.8888888888888888,0.1875,0.09559222130280393,True
S8,sam2_unet,9103,operational,eye,ALL,model_specific,,,,,,,33,0.9166666666666666,0.21212121212121213,0.09559222130280393,True
S8,sam2_unet,9103,operational,eye,ALL,model_specific,,,,,,,34,0.9444444444444444,0.23529411764705882,0.09559222130280393,True
S8,sam2_unet,9103,operational,eye,ALL,model_specific,,,,,,,35,0.9722222222222222,0.2571428571428571,0.09559222130280393,True
S8,sam2_unet,9103,operational,eye,ALL,model_specific,,,,,,,36,1.0,0.25,0.09559222130280393,True
