model,seed,classifier_strategy,classifier_role,classifier_estimand_id,is_primary_estimand,level,scope,arm,operational_probability_scale,n_total,n_covered,n_abstain,coverage,coverage_negative,coverage_positive,class_conditional_coverage.negative,class_conditional_coverage.positive,abstention_rate,selective_risk,conditional_aurc,failure_aware_aurc,failure_aware_accuracy,failure_aware_balanced_accuracy,failure_aware_sensitivity,failure_aware_specificity,conditional.n,conditional.events,conditional.nonevents,conditional.threshold,conditional.auroc,conditional.average_precision,conditional.accuracy,conditional.balanced_accuracy,conditional.sensitivity,conditional.specificity,conditional.ppv,conditional.npv,conditional.f1,conditional.mcc,conditional.brier,conditional.nll,conditional.tn,conditional.fp,conditional.fn,conditional.tp,failure_inclusive.accuracy,failure_inclusive.balanced_accuracy,failure_inclusive.sensitivity,failure_inclusive.specificity,failure_inclusive.correct,failure_inclusive.incorrect_or_abstained,failure_inclusive.aurc,calibration.n,calibration.brier,calibration.nll,calibration.ece,calibration.adaptive_ece,calibration.ece_equal_width,calibration.ece_equal_mass,calibration.n_bins_requested,calibration.n_nonempty_uniform_bins,calibration.n_adaptive_bins,calibration.regression.n,calibration.regression.events,calibration.regression.nonevents,calibration.regression.intercept,calibration.regression.slope,calibration.regression.intercept_se,calibration.regression.slope_se,calibration.regression.status,calibration.calibration_intercept,calibration.calibration_slope,metric_scope_note,localized_diagnostic_success.n_success,localized_diagnostic_success.rate,localized_diagnostic_success.localized_rate,localized_diagnostic_success.definition,raw.n_total,raw.n_covered,raw.n_abstain,raw.coverage,raw.coverage_negative,raw.coverage_positive,raw.class_conditional_coverage.negative,raw.class_conditional_coverage.positive,raw.abstention_rate,raw.selective_risk,raw.conditional_aurc,raw.failure_aware_aurc,raw.failure_aware_accuracy,raw.failure_aware_balanced_accuracy,raw.failure_aware_sensitivity,raw.failure_aware_specificity,raw.conditional.n,raw.conditional.events,raw.conditional.nonevents,raw.conditional.threshold,raw.conditional.auroc,raw.conditional.average_precision,raw.conditional.accuracy,raw.conditional.balanced_accuracy,raw.conditional.sensitivity,raw.conditional.specificity,raw.conditional.ppv,raw.conditional.npv,raw.conditional.f1,raw.conditional.mcc,raw.conditional.brier,raw.conditional.nll,raw.conditional.tn,raw.conditional.fp,raw.conditional.fn,raw.conditional.tp,raw.failure_inclusive.accuracy,raw.failure_inclusive.balanced_accuracy,raw.failure_inclusive.sensitivity,raw.failure_inclusive.specificity,raw.failure_inclusive.correct,raw.failure_inclusive.incorrect_or_abstained,raw.failure_inclusive.aurc,raw.calibration.n,raw.calibration.brier,raw.calibration.nll,raw.calibration.ece,raw.calibration.adaptive_ece,raw.calibration.ece_equal_width,raw.calibration.ece_equal_mass,raw.calibration.n_bins_requested,raw.calibration.n_nonempty_uniform_bins,raw.calibration.n_adaptive_bins,raw.calibration.regression.n,raw.calibration.regression.events,raw.calibration.regression.nonevents,raw.calibration.regression.intercept,raw.calibration.regression.slope,raw.calibration.regression.intercept_se,raw.calibration.regression.slope_se,raw.calibration.regression.status,raw.calibration.calibration_intercept,raw.calibration.calibration_slope,raw.metric_scope_note,raw.localized_diagnostic_success.n_success,raw.localized_diagnostic_success.rate,raw.localized_diagnostic_success.localized_rate,raw.localized_diagnostic_success.definition,temperature_scaled.n_total,temperature_scaled.n_covered,temperature_scaled.n_abstain,temperature_scaled.coverage,temperature_scaled.coverage_negative,temperature_scaled.coverage_positive,temperature_scaled.class_conditional_coverage.negative,temperature_scaled.class_conditional_coverage.positive,temperature_scaled.abstention_rate,temperature_scaled.selective_risk,temperature_scaled.conditional_aurc,temperature_scaled.failure_aware_aurc,temperature_scaled.failure_aware_accuracy,temperature_scaled.failure_aware_balanced_accuracy,temperature_scaled.failure_aware_sensitivity,temperature_scaled.failure_aware_specificity,temperature_scaled.conditional.n,temperature_scaled.conditional.events,temperature_scaled.conditional.nonevents,temperature_scaled.conditional.threshold,temperature_scaled.conditional.auroc,temperature_scaled.conditional.average_precision,temperature_scaled.conditional.accuracy,temperature_scaled.conditional.balanced_accuracy,temperature_scaled.conditional.sensitivity,temperature_scaled.conditional.specificity,temperature_scaled.conditional.ppv,temperature_scaled.conditional.npv,temperature_scaled.conditional.f1,temperature_scaled.conditional.mcc,temperature_scaled.conditional.brier,temperature_scaled.conditional.nll,temperature_scaled.conditional.tn,temperature_scaled.conditional.fp,temperature_scaled.conditional.fn,temperature_scaled.conditional.tp,temperature_scaled.failure_inclusive.accuracy,temperature_scaled.failure_inclusive.balanced_accuracy,temperature_scaled.failure_inclusive.sensitivity,temperature_scaled.failure_inclusive.specificity,temperature_scaled.failure_inclusive.correct,temperature_scaled.failure_inclusive.incorrect_or_abstained,temperature_scaled.failure_inclusive.aurc,temperature_scaled.calibration.n,temperature_scaled.calibration.brier,temperature_scaled.calibration.nll,temperature_scaled.calibration.ece,temperature_scaled.calibration.adaptive_ece,temperature_scaled.calibration.ece_equal_width,temperature_scaled.calibration.ece_equal_mass,temperature_scaled.calibration.n_bins_requested,temperature_scaled.calibration.n_nonempty_uniform_bins,temperature_scaled.calibration.n_adaptive_bins,temperature_scaled.calibration.regression.n,temperature_scaled.calibration.regression.events,temperature_scaled.calibration.regression.nonevents,temperature_scaled.calibration.regression.intercept,temperature_scaled.calibration.regression.slope,temperature_scaled.calibration.regression.intercept_se,temperature_scaled.calibration.regression.slope_se,temperature_scaled.calibration.regression.status,temperature_scaled.calibration.calibration_intercept,temperature_scaled.calibration.calibration_slope,temperature_scaled.metric_scope_note,temperature_scaled.localized_diagnostic_success.n_success,temperature_scaled.localized_diagnostic_success.rate,temperature_scaled.localized_diagnostic_success.localized_rate,temperature_scaled.localized_diagnostic_success.definition,temperature_scaled.status
yolo26,17,model_specific,primary_estimand,E1_model_specific_strict_roi_system,True,eye,ALL,predicted_roi,temperature_scaled,36,35,1,0.9722222222222222,1.0,0.9375,1.0,0.9375,0.027777777777777776,0.14285714285714285,0.11467791007624632,0.116122042203758,0.8333333333333334,0.81875,0.6875,0.95,35,15,20,0.7,0.8833333333333333,0.895182884748102,0.8571428571428571,0.8416666666666666,0.7333333333333333,0.95,0.9166666666666666,0.8260869565217391,0.8148148148148148,0.7124242480283388,0.14253461517027585,0.6617846014871152,19,1,4,11,0.8333333333333334,0.81875,0.6875,0.95,30,6,0.116122042203758,35,0.14253461517027585,0.6617846014871152,0.17223719190113657,0.17512801256366148,0.17223719190113657,0.17512801256366148,10,6,10,35,15,20,0.11447313894830198,0.3830599170133547,0.48712723201749086,0.1150157171639989,ok,0.11447313894830198,0.3830599170133547,Discrimination and calibration are conditional on evaluability; failure-inclusive threshold metrics count abstention as failure.,30,0.8333333333333334,0.9722222222222222,correct non-abstained diagnosis and locked GT-localisation criterion,36,35,1,0.9722222222222222,1.0,0.9375,1.0,0.9375,0.027777777777777776,0.14285714285714285,0.11467791007624632,0.116122042203758,0.8333333333333334,0.81875,0.6875,0.95,35,15,20,0.8128368573583403,0.8833333333333333,0.895182884748102,0.8571428571428571,0.8416666666666666,0.7333333333333333,0.95,0.9166666666666666,0.8260869565217391,0.8148148148148148,0.7124242480283388,0.14360220419579384,1.0771762899878974,19,1,4,11,0.8333333333333334,0.81875,0.6875,0.95,30,6,0.116122042203758,35,0.14360220419579384,1.0771762899878974,0.14754295884595914,0.16160231045269421,0.14754295884595914,0.16160231045269421,10,3,10,35,15,20,0.11447313907349943,0.22101113346635892,0.48712723202825103,0.06635973352469811,ok,0.11447313907349943,0.22101113346635892,Discrimination and calibration are conditional on evaluability; failure-inclusive threshold metrics count abstention as failure.,30,0.8333333333333334,0.9722222222222222,correct non-abstained diagnosis and locked GT-localisation criterion,36,35,1,0.9722222222222222,1.0,0.9375,1.0,0.9375,0.027777777777777776,0.14285714285714285,0.11467791007624632,0.116122042203758,0.8333333333333334,0.81875,0.6875,0.95,35,15,20,0.7,0.8833333333333333,0.895182884748102,0.8571428571428571,0.8416666666666666,0.7333333333333333,0.95,0.9166666666666666,0.8260869565217391,0.8148148148148148,0.7124242480283388,0.14253461517027585,0.6617846014871152,19,1,4,11,0.8333333333333334,0.81875,0.6875,0.95,30,6,0.116122042203758,35,0.14253461517027585,0.6617846014871152,0.17223719190113657,0.17512801256366148,0.17223719190113657,0.17512801256366148,10,6,10,35,15,20,0.11447313894830198,0.3830599170133547,0.48712723201749086,0.1150157171639989,ok,0.11447313894830198,0.3830599170133547,Discrimination and calibration are conditional on evaluability; failure-inclusive threshold metrics count abstention as failure.,30,0.8333333333333334,0.9722222222222222,correct non-abstained diagnosis and locked GT-localisation criterion,available
yolo26,17,model_specific,primary_estimand,E1_model_specific_strict_roi_system,True,patient,ALL,predicted_roi,temperature_scaled,18,17,1,0.9444444444444444,1.0,0.875,1.0,0.875,0.05555555555555555,0.11764705882352941,0.0724870381444776,0.07771923972904365,0.8333333333333334,0.8125,0.625,1.0,17,7,10,0.5,0.8285714285714285,0.8626373626373627,0.8823529411764706,0.8571428571428572,0.7142857142857143,1.0,1.0,0.8333333333333334,0.8333333333333334,0.7715167498104596,0.1184286998381835,1.9034511187336052,10,0,2,5,0.8333333333333334,0.8125,0.625,1.0,15,3,0.07771923972904365,17,0.1184286998381835,1.9034511187336052,0.12442783187790495,0.12442783187790495,0.12442783187790495,0.12442783187790495,10,3,10,17,7,10,0.6084762244885632,0.14429297484694342,0.9892556733886381,0.0656549864703676,ok,0.6084762244885632,0.14429297484694342,Discrimination and calibration are conditional on evaluability; failure-inclusive threshold metrics count abstention as failure.,15,0.8333333333333334,0.9444444444444444,correct non-abstained diagnosis and locked GT-localisation criterion,18,17,1,0.9444444444444444,1.0,0.875,1.0,0.875,0.05555555555555555,0.11764705882352941,0.08572233226212467,0.09021923972904367,0.8333333333333334,0.8125,0.625,1.0,17,7,10,0.5,0.8285714285714285,0.8626373626373627,0.8823529411764706,0.8571428571428572,0.7142857142857143,1.0,1.0,0.8333333333333334,0.8333333333333334,0.7715167498104596,0.13291478887338626,1.0453081045612305,10,0,2,5,0.8333333333333334,0.8125,0.625,1.0,15,3,0.09021923972904367,17,0.13291478887338626,1.0453081045612305,0.15239262203260667,0.16665595889181947,0.15239262203260667,0.16665595889181947,10,4,10,17,7,10,-0.08731579108825933,0.21874979213068116,0.6401792175888136,0.10058802994860659,ok,-0.08731579108825933,0.21874979213068116,Discrimination and calibration are conditional on evaluability; failure-inclusive threshold metrics count abstention as failure.,15,0.8333333333333334,0.9444444444444444,correct non-abstained diagnosis and locked GT-localisation criterion,18,17,1,0.9444444444444444,1.0,0.875,1.0,0.875,0.05555555555555555,0.11764705882352941,0.0724870381444776,0.07771923972904365,0.8333333333333334,0.8125,0.625,1.0,17,7,10,0.5,0.8285714285714285,0.8626373626373627,0.8823529411764706,0.8571428571428572,0.7142857142857143,1.0,1.0,0.8333333333333334,0.8333333333333334,0.7715167498104596,0.1184286998381835,1.9034511187336052,10,0,2,5,0.8333333333333334,0.8125,0.625,1.0,15,3,0.07771923972904365,17,0.1184286998381835,1.9034511187336052,0.12442783187790495,0.12442783187790495,0.12442783187790495,0.12442783187790495,10,3,10,17,7,10,0.6084762244885632,0.14429297484694342,0.9892556733886381,0.0656549864703676,ok,0.6084762244885632,0.14429297484694342,Discrimination and calibration are conditional on evaluability; failure-inclusive threshold metrics count abstention as failure.,15,0.8333333333333334,0.9444444444444444,correct non-abstained diagnosis and locked GT-localisation criterion,available
yolo26,42,model_specific,primary_estimand,E1_model_specific_strict_roi_system,True,eye,ALL,predicted_roi,temperature_scaled,36,36,0,1.0,1.0,1.0,1.0,1.0,0.0,0.08333333333333333,0.02539339976327889,0.02539339976327889,0.9166666666666666,0.9125,0.875,0.95,36,16,20,0.35,0.94375,0.9546506734006734,0.9166666666666666,0.9125,0.875,0.95,0.9333333333333333,0.9047619047619048,0.9032258064516129,0.8315218406202999,0.07603381795243147,0.34787885907172983,19,1,2,14,0.9166666666666666,0.9125,0.875,0.95,33,3,0.02539339976327889,36,0.07603381795243147,0.34787885907172983,0.11552274178719617,0.09020167362232376,0.11552274178719617,0.09020167362232376,10,8,10,36,16,20,0.2736966371737111,0.6206861281602586,0.587618051364915,0.1760385782426017,ok,0.2736966371737111,0.6206861281602586,Discrimination and calibration are conditional on evaluability; failure-inclusive threshold metrics count abstention as failure.,32,0.8888888888888888,0.9722222222222222,correct non-abstained diagnosis and locked GT-localisation criterion,36,36,0,1.0,1.0,1.0,1.0,1.0,0.0,0.08333333333333333,0.04262509134669516,0.04262509134669516,0.9166666666666666,0.9125,0.875,0.95,36,16,20,0.17676584185531183,0.94375,0.9546506734006734,0.9166666666666666,0.9125,0.875,0.95,0.9333333333333333,0.9047619047619048,0.9032258064516129,0.8315218406202999,0.0705782240741053,0.7068640982211188,19,1,2,14,0.9166666666666666,0.9125,0.875,0.95,33,3,0.04262509134669516,36,0.0705782240741053,0.7068640982211188,0.08691703883517857,0.07657981448893678,0.08691703883517857,0.07657981448893678,10,5,10,36,16,20,0.2736966371735512,0.24975647807845086,0.5876180513646526,0.07083576273586702,ok,0.2736966371735512,0.24975647807845086,Discrimination and calibration are conditional on evaluability; failure-inclusive threshold metrics count abstention as failure.,32,0.8888888888888888,0.9722222222222222,correct non-abstained diagnosis and locked GT-localisation criterion,36,36,0,1.0,1.0,1.0,1.0,1.0,0.0,0.08333333333333333,0.02539339976327889,0.02539339976327889,0.9166666666666666,0.9125,0.875,0.95,36,16,20,0.35,0.94375,0.9546506734006734,0.9166666666666666,0.9125,0.875,0.95,0.9333333333333333,0.9047619047619048,0.9032258064516129,0.8315218406202999,0.07603381795243147,0.34787885907172983,19,1,2,14,0.9166666666666666,0.9125,0.875,0.95,33,3,0.02539339976327889,36,0.07603381795243147,0.34787885907172983,0.11552274178719617,0.09020167362232376,0.11552274178719617,0.09020167362232376,10,8,10,36,16,20,0.2736966371737111,0.6206861281602586,0.587618051364915,0.1760385782426017,ok,0.2736966371737111,0.6206861281602586,Discrimination and calibration are conditional on evaluability; failure-inclusive threshold metrics count abstention as failure.,32,0.8888888888888888,0.9722222222222222,correct non-abstained diagnosis and locked GT-localisation criterion,available
yolo26,42,model_specific,primary_estimand,E1_model_specific_strict_roi_system,True,patient,ALL,predicted_roi,temperature_scaled,18,18,0,1.0,1.0,1.0,1.0,1.0,0.0,0.05555555555555555,0.06732081915905445,0.06732081915905445,0.9444444444444444,0.9375,0.875,1.0,18,8,10,0.5,0.925,0.9464285714285714,0.9444444444444444,0.9375,0.875,1.0,1.0,0.9090909090909091,0.9333333333333333,0.8918825850158447,0.07216932061425764,0.4389582534514973,10,0,1,7,0.9444444444444444,0.9375,0.875,1.0,17,1,0.06732081915905445,18,0.07216932061425764,0.4389582534514973,0.10492885052894717,0.08380472949541069,0.10492885052894717,0.08380472949541069,10,5,10,18,8,10,0.2494449429357563,0.45027104495913783,0.8034478594504895,0.1823453794126718,ok,0.2494449429357563,0.45027104495913783,Discrimination and calibration are conditional on evaluability; failure-inclusive threshold metrics count abstention as failure.,16,0.8888888888888888,0.9444444444444444,correct non-abstained diagnosis and locked GT-localisation criterion,18,18,0,1.0,1.0,1.0,1.0,1.0,0.0,0.05555555555555555,0.06732081915905445,0.06732081915905445,0.9444444444444444,0.9375,0.875,1.0,18,8,10,0.5,0.925,0.9464285714285714,0.9444444444444444,0.9375,0.875,1.0,1.0,0.9090909090909091,0.9333333333333333,0.8918825850158447,0.06444869785494835,0.6927332718843404,10,0,1,7,0.9444444444444444,0.9375,0.875,1.0,17,1,0.06732081915905445,18,0.06444869785494835,0.6927332718843404,0.08933563715666767,0.07658177564746992,0.08933563715666767,0.07658177564746992,10,5,10,18,8,10,0.2494449429375664,0.25689177884473535,0.8034478594511659,0.10403295838332317,ok,0.2494449429375664,0.25689177884473535,Discrimination and calibration are conditional on evaluability; failure-inclusive threshold metrics count abstention as failure.,16,0.8888888888888888,0.9444444444444444,correct non-abstained diagnosis and locked GT-localisation criterion,18,18,0,1.0,1.0,1.0,1.0,1.0,0.0,0.05555555555555555,0.06732081915905445,0.06732081915905445,0.9444444444444444,0.9375,0.875,1.0,18,8,10,0.5,0.925,0.9464285714285714,0.9444444444444444,0.9375,0.875,1.0,1.0,0.9090909090909091,0.9333333333333333,0.8918825850158447,0.07216932061425764,0.4389582534514973,10,0,1,7,0.9444444444444444,0.9375,0.875,1.0,17,1,0.06732081915905445,18,0.07216932061425764,0.4389582534514973,0.10492885052894717,0.08380472949541069,0.10492885052894717,0.08380472949541069,10,5,10,18,8,10,0.2494449429357563,0.45027104495913783,0.8034478594504895,0.1823453794126718,ok,0.2494449429357563,0.45027104495913783,Discrimination and calibration are conditional on evaluability; failure-inclusive threshold metrics count abstention as failure.,16,0.8888888888888888,0.9444444444444444,correct non-abstained diagnosis and locked GT-localisation criterion,available
yolo26,2026,model_specific,primary_estimand,E1_model_specific_strict_roi_system,True,eye,ALL,predicted_roi,temperature_scaled,36,30,6,0.8333333333333334,0.85,0.8125,0.85,0.8125,0.16666666666666666,0.06666666666666667,0.07137095543317279,0.08647530051433995,0.7777777777777778,0.76875,0.6875,0.85,30,13,17,0.5,0.8778280542986425,0.9201139601139599,0.9333333333333333,0.9230769230769231,0.8461538461538461,1.0,1.0,0.8947368421052632,0.9166666666666666,0.8701063269755686,0.13459570808900284,0.453315898861571,17,0,2,11,0.7777777777777778,0.76875,0.6875,0.85,28,8,0.08647530051433995,30,0.13459570808900284,0.453315898861571,0.26277087930026,0.3103424336989117,0.26277087930026,0.3103424336989117,10,4,10,30,13,17,2.016180510317907,5.5470831259891735,2.1694093857499785,3.002923264378026,ok,2.016180510317907,5.5470831259891735,Discrimination and calibration are conditional on evaluability; failure-inclusive threshold metrics count abstention as failure.,27,0.75,0.8055555555555556,correct non-abstained diagnosis and locked GT-localisation criterion,36,30,6,0.8333333333333334,0.85,0.8125,0.85,0.8125,0.16666666666666666,0.06666666666666667,0.07137095543317279,0.08647530051433995,0.7777777777777778,0.76875,0.6875,0.85,30,13,17,0.5,0.8778280542986425,0.9201139601139599,0.9333333333333333,0.9230769230769231,0.8461538461538461,1.0,1.0,0.8947368421052632,0.9166666666666666,0.8701063269755686,0.06821448552236305,0.3574111999501141,17,0,2,11,0.7777777777777778,0.76875,0.6875,0.85,28,8,0.08647530051433995,30,0.06821448552236305,0.3574111999501141,0.07699649235906283,0.08576159625099825,0.07699649235906283,0.08576159625099825,10,3,10,30,13,17,2.016180511658207,0.8651981992934619,2.169409387941069,0.46837657621512174,ok,2.016180511658207,0.8651981992934619,Discrimination and calibration are conditional on evaluability; failure-inclusive threshold metrics count abstention as failure.,27,0.75,0.8055555555555556,correct non-abstained diagnosis and locked GT-localisation criterion,36,30,6,0.8333333333333334,0.85,0.8125,0.85,0.8125,0.16666666666666666,0.06666666666666667,0.07137095543317279,0.08647530051433995,0.7777777777777778,0.76875,0.6875,0.85,30,13,17,0.5,0.8778280542986425,0.9201139601139599,0.9333333333333333,0.9230769230769231,0.8461538461538461,1.0,1.0,0.8947368421052632,0.9166666666666666,0.8701063269755686,0.13459570808900284,0.453315898861571,17,0,2,11,0.7777777777777778,0.76875,0.6875,0.85,28,8,0.08647530051433995,30,0.13459570808900284,0.453315898861571,0.26277087930026,0.3103424336989117,0.26277087930026,0.3103424336989117,10,4,10,30,13,17,2.016180510317907,5.5470831259891735,2.1694093857499785,3.002923264378026,ok,2.016180510317907,5.5470831259891735,Discrimination and calibration are conditional on evaluability; failure-inclusive threshold metrics count abstention as failure.,27,0.75,0.8055555555555556,correct non-abstained diagnosis and locked GT-localisation criterion,available
yolo26,2026,model_specific,primary_estimand,E1_model_specific_strict_roi_system,True,patient,ALL,predicted_roi,temperature_scaled,18,13,5,0.7222222222222222,0.8,0.625,0.8,0.625,0.2777777777777778,0.07692307692307693,0.06898464783080169,0.1176171413916512,0.6666666666666666,0.65,0.5,0.8,13,5,8,0.35,0.8250000000000001,0.8833333333333333,0.9230769230769231,0.9,0.8,1.0,1.0,0.8888888888888888,0.8888888888888888,0.8432740427115678,0.13682737034109962,0.4581369052689657,8,0,1,4,0.6666666666666666,0.65,0.5,0.8,12,6,0.1176171413916512,13,0.13682737034109962,0.4581369052689657,0.250809876427358,0.3082852307539587,0.250809876427358,0.3082852307539587,10,3,10,13,5,8,1.9040032589606788,5.30551138990108,3.412794537795623,4.655123298912539,ok,1.9040032589606788,5.30551138990108,Discrimination and calibration are conditional on evaluability; failure-inclusive threshold metrics count abstention as failure.,11,0.6111111111111112,0.6666666666666666,correct non-abstained diagnosis and locked GT-localisation criterion,18,13,5,0.7222222222222222,0.8,0.625,0.8,0.625,0.2777777777777778,0.07692307692307693,0.06898464783080169,0.1176171413916512,0.6666666666666666,0.65,0.5,0.8,13,5,8,0.018472852377453355,0.8250000000000001,0.8833333333333333,0.9230769230769231,0.9,0.8,1.0,1.0,0.8888888888888888,0.8888888888888888,0.8432740427115678,0.07707562796509718,0.40259773959482553,8,0,1,4,0.6666666666666666,0.65,0.5,0.8,12,6,0.1176171413916512,13,0.07707562796509718,0.40259773959482553,0.08189972583161866,0.09165534224103619,0.08189972583161866,0.09165534224103619,10,3,10,13,5,8,1.9040032591281653,0.8266999108769691,3.412794537981364,0.7253570360656861,ok,1.9040032591281653,0.8266999108769691,Discrimination and calibration are conditional on evaluability; failure-inclusive threshold metrics count abstention as failure.,11,0.6111111111111112,0.6666666666666666,correct non-abstained diagnosis and locked GT-localisation criterion,18,13,5,0.7222222222222222,0.8,0.625,0.8,0.625,0.2777777777777778,0.07692307692307693,0.06898464783080169,0.1176171413916512,0.6666666666666666,0.65,0.5,0.8,13,5,8,0.35,0.8250000000000001,0.8833333333333333,0.9230769230769231,0.9,0.8,1.0,1.0,0.8888888888888888,0.8888888888888888,0.8432740427115678,0.13682737034109962,0.4581369052689657,8,0,1,4,0.6666666666666666,0.65,0.5,0.8,12,6,0.1176171413916512,13,0.13682737034109962,0.4581369052689657,0.250809876427358,0.3082852307539587,0.250809876427358,0.3082852307539587,10,3,10,13,5,8,1.9040032589606788,5.30551138990108,3.412794537795623,4.655123298912539,ok,1.9040032589606788,5.30551138990108,Discrimination and calibration are conditional on evaluability; failure-inclusive threshold metrics count abstention as failure.,11,0.6111111111111112,0.6666666666666666,correct non-abstained diagnosis and locked GT-localisation criterion,available
yolo26,3407,model_specific,primary_estimand,E1_model_specific_strict_roi_system,True,eye,ALL,predicted_roi,temperature_scaled,36,34,2,0.9444444444444444,1.0,0.875,1.0,0.875,0.05555555555555555,0.11764705882352941,0.06931236327278033,0.07405956002217612,0.8333333333333334,0.8125,0.625,1.0,34,14,20,0.5,0.825,0.8595360122453719,0.8823529411764706,0.8571428571428572,0.7142857142857143,1.0,1.0,0.8333333333333334,0.8333333333333334,0.7715167498104596,0.11676732624435943,0.40438190076475844,20,0,4,10,0.8333333333333334,0.8125,0.625,1.0,30,6,0.07405956002217612,34,0.11676732624435943,0.40438190076475844,0.14874267478228143,0.17948267291260356,0.14874267478228143,0.17948267291260356,10,5,10,34,14,20,0.36197543300285556,0.8890053007427983,0.6252467734166791,0.2863905772668985,ok,0.36197543300285556,0.8890053007427983,Discrimination and calibration are conditional on evaluability; failure-inclusive threshold metrics count abstention as failure.,28,0.7777777777777778,0.8888888888888888,correct non-abstained diagnosis and locked GT-localisation criterion,36,34,2,0.9444444444444444,1.0,0.875,1.0,0.875,0.05555555555555555,0.11764705882352941,0.06931236327278033,0.07405956002217612,0.8333333333333334,0.8125,0.625,1.0,34,14,20,0.5,0.825,0.8595360122453719,0.8823529411764706,0.8571428571428572,0.7142857142857143,1.0,1.0,0.8333333333333334,0.8333333333333334,0.7715167498104596,0.12486487799226084,1.4291294838430564,20,0,4,10,0.8333333333333334,0.8125,0.625,1.0,30,6,0.07405956002217612,34,0.12486487799226084,1.4291294838430564,0.1319288554938142,0.1325031452381767,0.1319288554938142,0.1325031452381767,10,3,10,34,14,20,0.3619754328800926,0.18186062223729507,0.6252467733726318,0.05858589205225675,ok_optimizer_warning,0.3619754328800926,0.18186062223729507,Discrimination and calibration are conditional on evaluability; failure-inclusive threshold metrics count abstention as failure.,28,0.7777777777777778,0.8888888888888888,correct non-abstained diagnosis and locked GT-localisation criterion,36,34,2,0.9444444444444444,1.0,0.875,1.0,0.875,0.05555555555555555,0.11764705882352941,0.06931236327278033,0.07405956002217612,0.8333333333333334,0.8125,0.625,1.0,34,14,20,0.5,0.825,0.8595360122453719,0.8823529411764706,0.8571428571428572,0.7142857142857143,1.0,1.0,0.8333333333333334,0.8333333333333334,0.7715167498104596,0.11676732624435943,0.40438190076475844,20,0,4,10,0.8333333333333334,0.8125,0.625,1.0,30,6,0.07405956002217612,34,0.11676732624435943,0.40438190076475844,0.14874267478228143,0.17948267291260356,0.14874267478228143,0.17948267291260356,10,5,10,34,14,20,0.36197543300285556,0.8890053007427983,0.6252467734166791,0.2863905772668985,ok,0.36197543300285556,0.8890053007427983,Discrimination and calibration are conditional on evaluability; failure-inclusive threshold metrics count abstention as failure.,28,0.7777777777777778,0.8888888888888888,correct non-abstained diagnosis and locked GT-localisation criterion,available
yolo26,3407,model_specific,primary_estimand,E1_model_specific_strict_roi_system,True,patient,ALL,predicted_roi,temperature_scaled,18,16,2,0.8888888888888888,1.0,0.75,1.0,0.75,0.1111111111111111,0.125,0.0906714812964813,0.10274647284451206,0.7777777777777778,0.75,0.5,1.0,16,6,10,0.5,0.7666666666666666,0.813034188034188,0.875,0.8333333333333333,0.6666666666666666,1.0,1.0,0.8333333333333334,0.8,0.7453559924999299,0.12839258519511237,0.4373682616988435,10,0,2,4,0.7777777777777778,0.75,0.5,1.0,14,4,0.10274647284451206,16,0.12839258519511237,0.4373682616988435,0.19974242765581443,0.207106167144498,0.19974242765581443,0.207106167144498,10,5,10,16,6,10,0.09986017528352722,0.8311133492650743,0.8034242211298606,0.39835946523467464,ok,0.09986017528352722,0.8311133492650743,Discrimination and calibration are conditional on evaluability; failure-inclusive threshold metrics count abstention as failure.,12,0.6666666666666666,0.7777777777777778,correct non-abstained diagnosis and locked GT-localisation criterion,18,16,2,0.8888888888888888,1.0,0.75,1.0,0.75,0.1111111111111111,0.125,0.0906714812964813,0.10274647284451206,0.7777777777777778,0.75,0.5,1.0,16,6,10,0.5,0.7666666666666666,0.813034188034188,0.875,0.8333333333333333,0.6666666666666666,1.0,1.0,0.8333333333333334,0.8,0.7453559924999299,0.1288650523543503,1.5064431712041157,10,0,2,4,0.7777777777777778,0.75,0.5,1.0,14,4,0.10274647284451206,16,0.1288650523543503,1.5064431712041157,0.14030116117527783,0.14078455009168941,0.14030116117527783,0.14078455009168941,10,3,10,16,6,10,0.0998601753632386,0.16458492613204898,0.8034242211453172,0.07888690901014365,ok,0.0998601753632386,0.16458492613204898,Discrimination and calibration are conditional on evaluability; failure-inclusive threshold metrics count abstention as failure.,12,0.6666666666666666,0.7777777777777778,correct non-abstained diagnosis and locked GT-localisation criterion,18,16,2,0.8888888888888888,1.0,0.75,1.0,0.75,0.1111111111111111,0.125,0.0906714812964813,0.10274647284451206,0.7777777777777778,0.75,0.5,1.0,16,6,10,0.5,0.7666666666666666,0.813034188034188,0.875,0.8333333333333333,0.6666666666666666,1.0,1.0,0.8333333333333334,0.8,0.7453559924999299,0.12839258519511237,0.4373682616988435,10,0,2,4,0.7777777777777778,0.75,0.5,1.0,14,4,0.10274647284451206,16,0.12839258519511237,0.4373682616988435,0.19974242765581443,0.207106167144498,0.19974242765581443,0.207106167144498,10,5,10,16,6,10,0.09986017528352722,0.8311133492650743,0.8034242211298606,0.39835946523467464,ok,0.09986017528352722,0.8311133492650743,Discrimination and calibration are conditional on evaluability; failure-inclusive threshold metrics count abstention as failure.,12,0.6666666666666666,0.7777777777777778,correct non-abstained diagnosis and locked GT-localisation criterion,available
yolo26,9103,model_specific,primary_estimand,E1_model_specific_strict_roi_system,True,eye,ALL,predicted_roi,temperature_scaled,36,34,2,0.9444444444444444,1.0,0.875,1.0,0.875,0.05555555555555555,0.11764705882352941,0.01085016506171211,0.018845261711722808,0.8333333333333334,0.83125,0.8125,0.85,34,14,20,0.35,0.9821428571428571,0.9778711484593836,0.8823529411764706,0.8892857142857142,0.9285714285714286,0.85,0.8125,0.9444444444444444,0.8666666666666667,0.7676817813784025,0.04605810847163554,0.15435969766003937,17,3,1,13,0.8333333333333334,0.83125,0.8125,0.85,30,6,0.018845261711722808,34,0.04605810847163554,0.15435969766003937,0.08570758569126401,0.05316563949822708,0.08570758569126401,0.05316563949822708,10,7,10,34,14,20,-0.03000061931149274,1.5062788437089287,0.877794259048082,0.6428325366879327,ok_optimizer_warning,-0.03000061931149274,1.5062788437089287,Discrimination and calibration are conditional on evaluability; failure-inclusive threshold metrics count abstention as failure.,30,0.8333333333333334,0.9444444444444444,correct non-abstained diagnosis and locked GT-localisation criterion,36,34,2,0.9444444444444444,1.0,0.875,1.0,0.875,0.05555555555555555,0.11764705882352941,0.06006476786062433,0.06532571991069545,0.8333333333333334,0.83125,0.8125,0.85,34,14,20,0.11603832437183838,0.9821428571428571,0.9778711484593836,0.8823529411764706,0.8892857142857142,0.9285714285714286,0.85,0.8125,0.9444444444444444,0.8666666666666667,0.7676817813784025,0.06040268790558473,0.17937564343345816,17,3,1,13,0.8333333333333334,0.83125,0.8125,0.85,30,6,0.06532571991069545,34,0.06040268790558473,0.17937564343345816,0.08504389513001195,0.03631305679956457,0.08504389513001195,0.03631305679956457,10,6,10,34,14,20,-0.030000615877324208,0.45922127144704494,0.8777942596289428,0.1959812264785004,ok,-0.030000615877324208,0.45922127144704494,Discrimination and calibration are conditional on evaluability; failure-inclusive threshold metrics count abstention as failure.,30,0.8333333333333334,0.9444444444444444,correct non-abstained diagnosis and locked GT-localisation criterion,36,34,2,0.9444444444444444,1.0,0.875,1.0,0.875,0.05555555555555555,0.11764705882352941,0.01085016506171211,0.018845261711722808,0.8333333333333334,0.83125,0.8125,0.85,34,14,20,0.35,0.9821428571428571,0.9778711484593836,0.8823529411764706,0.8892857142857142,0.9285714285714286,0.85,0.8125,0.9444444444444444,0.8666666666666667,0.7676817813784025,0.04605810847163554,0.15435969766003937,17,3,1,13,0.8333333333333334,0.83125,0.8125,0.85,30,6,0.018845261711722808,34,0.04605810847163554,0.15435969766003937,0.08570758569126401,0.05316563949822708,0.08570758569126401,0.05316563949822708,10,7,10,34,14,20,-0.03000061931149274,1.5062788437089287,0.877794259048082,0.6428325366879327,ok_optimizer_warning,-0.03000061931149274,1.5062788437089287,Discrimination and calibration are conditional on evaluability; failure-inclusive threshold metrics count abstention as failure.,30,0.8333333333333334,0.9444444444444444,correct non-abstained diagnosis and locked GT-localisation criterion,available
yolo26,9103,model_specific,primary_estimand,E1_model_specific_strict_roi_system,True,patient,ALL,predicted_roi,temperature_scaled,18,16,2,0.8888888888888888,1.0,0.75,1.0,0.75,0.1111111111111111,0.0,0.0,0.00944081336238199,0.8888888888888888,0.875,0.75,1.0,16,6,10,0.5,1.0,1.0,1.0,1.0,1.0,1.0,1.0,1.0,1.0,1.0,0.047546957742055695,0.15824565838953658,10,0,0,6,0.8888888888888888,0.875,0.75,1.0,16,2,0.00944081336238199,16,0.047546957742055695,0.15824565838953658,0.12453904505756369,0.12453904505756368,0.12453904505756369,0.12453904505756368,10,6,10,16,6,10,17.158899576404185,104.63139948106581,50471.26839025397,158779.8691276943,ok,17.158899576404185,104.63139948106581,Discrimination and calibration are conditional on evaluability; failure-inclusive threshold metrics count abstention as failure.,16,0.8888888888888888,0.8888888888888888,correct non-abstained diagnosis and locked GT-localisation criterion,18,16,2,0.8888888888888888,1.0,0.75,1.0,0.75,0.1111111111111111,0.0,0.0,0.00944081336238199,0.8888888888888888,0.875,0.75,1.0,16,6,10,0.5,1.0,1.0,1.0,1.0,1.0,1.0,1.0,1.0,1.0,1.0,0.03209973921116025,0.11269201176654334,10,0,0,6,0.8888888888888888,0.875,0.75,1.0,16,2,0.00944081336238199,16,0.03209973921116025,0.11269201176654334,0.0905526079514713,0.0905526079514713,0.0905526079514713,0.0905526079514713,10,6,10,16,6,10,18.72973376547106,54.003380221499945,123790.6611172969,173746.8128569265,ok,18.72973376547106,54.003380221499945,Discrimination and calibration are conditional on evaluability; failure-inclusive threshold metrics count abstention as failure.,16,0.8888888888888888,0.8888888888888888,correct non-abstained diagnosis and locked GT-localisation criterion,18,16,2,0.8888888888888888,1.0,0.75,1.0,0.75,0.1111111111111111,0.0,0.0,0.00944081336238199,0.8888888888888888,0.875,0.75,1.0,16,6,10,0.5,1.0,1.0,1.0,1.0,1.0,1.0,1.0,1.0,1.0,1.0,0.047546957742055695,0.15824565838953658,10,0,0,6,0.8888888888888888,0.875,0.75,1.0,16,2,0.00944081336238199,16,0.047546957742055695,0.15824565838953658,0.12453904505756369,0.12453904505756368,0.12453904505756369,0.12453904505756368,10,6,10,16,6,10,17.158899576404185,104.63139948106581,50471.26839025397,158779.8691276943,ok,17.158899576404185,104.63139948106581,Discrimination and calibration are conditional on evaluability; failure-inclusive threshold metrics count abstention as failure.,16,0.8888888888888888,0.8888888888888888,correct non-abstained diagnosis and locked GT-localisation criterion,available
vit_method2,17,model_specific,primary_estimand,E1_model_specific_strict_roi_system,True,eye,ALL,predicted_roi,temperature_scaled,36,36,0,1.0,1.0,1.0,1.0,1.0,0.0,0.25,0.13172820215528727,0.13172820215528727,0.75,0.75625,0.8125,0.7,36,16,20,0.2,0.853125,0.8870542834358623,0.75,0.75625,0.8125,0.7,0.6842105263157895,0.8235294117647058,0.7428571428571429,0.5101144168382754,0.12724039622008687,0.40637314617872544,14,6,3,13,0.75,0.75625,0.8125,0.7,27,9,0.13172820215528727,36,0.12724039622008687,0.40637314617872544,0.10163407974091992,0.11258370397933154,0.10163407974091992,0.11258370397933154,10,6,10,36,16,20,-0.19132580473870986,0.6582964472820574,0.5163032260814017,0.22418602652358327,ok_optimizer_warning,-0.19132580473870986,0.6582964472820574,Discrimination and calibration are conditional on evaluability; failure-inclusive threshold metrics count abstention as failure.,27,0.75,1.0,correct non-abstained diagnosis and locked GT-localisation criterion,36,36,0,1.0,1.0,1.0,1.0,1.0,0.0,0.25,0.12761469869967856,0.12761469869967856,0.75,0.75625,0.8125,0.7,36,16,20,0.25419384082469393,0.853125,0.8870542834358623,0.75,0.75625,0.8125,0.7,0.6842105263157895,0.8235294117647058,0.7428571428571429,0.5101144168382754,0.12374814576103842,0.38676506534068744,14,6,3,13,0.75,0.75625,0.8125,0.7,27,9,0.12761469869967856,36,0.12374814576103842,0.38676506534068744,0.1008919387582748,0.09903871350818211,0.1008919387582748,0.09903871350818211,10,8,10,36,16,20,-0.19132580559854015,0.8478439961626494,0.5163032261066502,0.2887373574195697,ok,-0.19132580559854015,0.8478439961626494,Discrimination and calibration are conditional on evaluability; failure-inclusive threshold metrics count abstention as failure.,27,0.75,1.0,correct non-abstained diagnosis and locked GT-localisation criterion,36,36,0,1.0,1.0,1.0,1.0,1.0,0.0,0.25,0.13172820215528727,0.13172820215528727,0.75,0.75625,0.8125,0.7,36,16,20,0.2,0.853125,0.8870542834358623,0.75,0.75625,0.8125,0.7,0.6842105263157895,0.8235294117647058,0.7428571428571429,0.5101144168382754,0.12724039622008687,0.40637314617872544,14,6,3,13,0.75,0.75625,0.8125,0.7,27,9,0.13172820215528727,36,0.12724039622008687,0.40637314617872544,0.10163407974091992,0.11258370397933154,0.10163407974091992,0.11258370397933154,10,6,10,36,16,20,-0.19132580473870986,0.6582964472820574,0.5163032260814017,0.22418602652358327,ok_optimizer_warning,-0.19132580473870986,0.6582964472820574,Discrimination and calibration are conditional on evaluability; failure-inclusive threshold metrics count abstention as failure.,27,0.75,1.0,correct non-abstained diagnosis and locked GT-localisation criterion,available
vit_method2,17,model_specific,primary_estimand,E1_model_specific_strict_roi_system,True,patient,ALL,predicted_roi,temperature_scaled,18,18,0,1.0,1.0,1.0,1.0,1.0,0.0,0.2222222222222222,0.07707725734686519,0.07707725734686519,0.7777777777777778,0.775,0.75,0.8,18,8,10,0.25,0.8625,0.8943452380952381,0.7777777777777778,0.775,0.75,0.8,0.75,0.8,0.75,0.55,0.11349558966766603,0.38306950619623253,8,2,2,6,0.7777777777777778,0.775,0.75,0.8,14,4,0.07707725734686519,18,0.11349558966766603,0.38306950619623253,0.1505308139518448,0.16753598594322364,0.1505308139518448,0.16753598594322364,10,6,10,18,8,10,-0.037598533214887014,0.6990585939754804,0.8010933520433104,0.3522361902306345,ok,-0.037598533214887014,0.6990585939754804,Discrimination and calibration are conditional on evaluability; failure-inclusive threshold metrics count abstention as failure.,14,0.7777777777777778,1.0,correct non-abstained diagnosis and locked GT-localisation criterion,18,18,0,1.0,1.0,1.0,1.0,1.0,0.0,0.2222222222222222,0.07310900337861123,0.07310900337861123,0.7777777777777778,0.775,0.75,0.8,18,8,10,0.3257605292209485,0.8625,0.8943452380952381,0.7777777777777778,0.775,0.75,0.8,0.75,0.8,0.75,0.55,0.1134077546706822,0.36417752948390764,8,2,2,6,0.7777777777777778,0.775,0.75,0.8,14,4,0.07310900337861123,18,0.1134077546706822,0.36417752948390764,0.17908289709261485,0.1898301515196051,0.17908289709261485,0.1898301515196051,10,7,10,18,8,10,-0.03759853321767647,1.0557743780255142,0.8010933520429377,0.5319753563771578,ok,-0.03759853321767647,1.0557743780255142,Discrimination and calibration are conditional on evaluability; failure-inclusive threshold metrics count abstention as failure.,14,0.7777777777777778,1.0,correct non-abstained diagnosis and locked GT-localisation criterion,18,18,0,1.0,1.0,1.0,1.0,1.0,0.0,0.2222222222222222,0.07707725734686519,0.07707725734686519,0.7777777777777778,0.775,0.75,0.8,18,8,10,0.25,0.8625,0.8943452380952381,0.7777777777777778,0.775,0.75,0.8,0.75,0.8,0.75,0.55,0.11349558966766603,0.38306950619623253,8,2,2,6,0.7777777777777778,0.775,0.75,0.8,14,4,0.07707725734686519,18,0.11349558966766603,0.38306950619623253,0.1505308139518448,0.16753598594322364,0.1505308139518448,0.16753598594322364,10,6,10,18,8,10,-0.037598533214887014,0.6990585939754804,0.8010933520433104,0.3522361902306345,ok,-0.037598533214887014,0.6990585939754804,Discrimination and calibration are conditional on evaluability; failure-inclusive threshold metrics count abstention as failure.,14,0.7777777777777778,1.0,correct non-abstained diagnosis and locked GT-localisation criterion,available
vit_method2,42,model_specific,primary_estimand,E1_model_specific_strict_roi_system,True,eye,ALL,predicted_roi,temperature_scaled,36,35,1,0.9722222222222222,1.0,0.9375,1.0,0.9375,0.027777777777777776,0.08571428571428572,0.14034267167629355,0.13953068388281625,0.8888888888888888,0.875,0.75,1.0,35,15,20,0.75,0.92,0.947089947089947,0.9142857142857143,0.9,0.8,1.0,1.0,0.8695652173913043,0.8888888888888888,0.8340576562282991,0.06845923131806371,0.31905174004600695,20,0,3,12,0.8888888888888888,0.875,0.75,1.0,32,4,0.13953068388281625,35,0.06845923131806371,0.31905174004600695,0.07368844040115839,0.070862157550508,0.07368844040115839,0.070862157550508,10,7,10,35,15,20,-0.42522134022705405,0.6262338387944839,0.6295034834682932,0.25222073235114645,ok,-0.42522134022705405,0.6262338387944839,Discrimination and calibration are conditional on evaluability; failure-inclusive threshold metrics count abstention as failure.,28,0.7777777777777778,0.8611111111111112,correct non-abstained diagnosis and locked GT-localisation criterion,36,35,1,0.9722222222222222,1.0,0.9375,1.0,0.9375,0.027777777777777776,0.08571428571428572,0.14034267167629355,0.13953068388281625,0.8888888888888888,0.875,0.75,1.0,35,15,20,0.70927962967809,0.92,0.947089947089947,0.9142857142857143,0.9,0.8,1.0,1.0,0.8695652173913043,0.8888888888888888,0.8340576562282991,0.07258697959452376,0.3073878133282433,20,0,3,12,0.8888888888888888,0.875,0.75,1.0,32,4,0.13953068388281625,35,0.07258697959452376,0.3073878133282433,0.1114871770067483,0.08151129394465562,0.1114871770067483,0.08151129394465562,10,8,10,35,15,20,-0.42522134022243113,0.7713840903964705,0.6295034834153576,0.3106811675422625,ok,-0.42522134022243113,0.7713840903964705,Discrimination and calibration are conditional on evaluability; failure-inclusive threshold metrics count abstention as failure.,28,0.7777777777777778,0.8611111111111112,correct non-abstained diagnosis and locked GT-localisation criterion,36,35,1,0.9722222222222222,1.0,0.9375,1.0,0.9375,0.027777777777777776,0.08571428571428572,0.14034267167629355,0.13953068388281625,0.8888888888888888,0.875,0.75,1.0,35,15,20,0.75,0.92,0.947089947089947,0.9142857142857143,0.9,0.8,1.0,1.0,0.8695652173913043,0.8888888888888888,0.8340576562282991,0.06845923131806371,0.31905174004600695,20,0,3,12,0.8888888888888888,0.875,0.75,1.0,32,4,0.13953068388281625,35,0.06845923131806371,0.31905174004600695,0.07368844040115839,0.070862157550508,0.07368844040115839,0.070862157550508,10,7,10,35,15,20,-0.42522134022705405,0.6262338387944839,0.6295034834682932,0.25222073235114645,ok,-0.42522134022705405,0.6262338387944839,Discrimination and calibration are conditional on evaluability; failure-inclusive threshold metrics count abstention as failure.,28,0.7777777777777778,0.8611111111111112,correct non-abstained diagnosis and locked GT-localisation criterion,available
vit_method2,42,model_specific,primary_estimand,E1_model_specific_strict_roi_system,True,patient,ALL,predicted_roi,temperature_scaled,18,17,1,0.9444444444444444,1.0,0.875,1.0,0.875,0.05555555555555555,0.058823529411764705,0.09448348172396615,0.09540723891214087,0.8888888888888888,0.875,0.75,1.0,17,7,10,0.65,0.9,0.9285714285714284,0.9411764705882353,0.9285714285714286,0.8571428571428571,1.0,1.0,0.9090909090909091,0.9230769230769231,0.8827348295047495,0.06347584228037836,0.25445170711486004,10,0,1,6,0.8888888888888888,0.875,0.75,1.0,16,2,0.09540723891214087,17,0.06347584228037836,0.25445170711486004,0.09153017737659733,0.09657845676362975,0.09153017737659733,0.09657845676362975,10,4,10,17,7,10,0.28814598923111384,0.8988257989715043,1.5154042741397706,0.6438075991781557,ok_optimizer_warning,0.28814598923111384,0.8988257989715043,Discrimination and calibration are conditional on evaluability; failure-inclusive threshold metrics count abstention as failure.,13,0.7222222222222222,0.7777777777777778,correct non-abstained diagnosis and locked GT-localisation criterion,18,17,1,0.9444444444444444,1.0,0.875,1.0,0.875,0.05555555555555555,0.058823529411764705,0.09448348172396615,0.09540723891214087,0.8888888888888888,0.875,0.75,1.0,17,7,10,0.5984652392445076,0.9,0.9285714285714284,0.9411764705882353,0.9285714285714286,0.8571428571428571,1.0,1.0,0.9090909090909091,0.9230769230769231,0.8827348295047495,0.06989611258957451,0.2536144306995082,10,0,1,6,0.8888888888888888,0.875,0.75,1.0,16,2,0.09540723891214087,17,0.06989611258957451,0.2536144306995082,0.11788951244768728,0.12458892700364108,0.11788951244768728,0.12458892700364108,10,5,10,17,7,10,0.2881459399233956,1.3942475320781893,1.5154042609446567,0.9986664337634709,ok_optimizer_warning,0.2881459399233956,1.3942475320781893,Discrimination and calibration are conditional on evaluability; failure-inclusive threshold metrics count abstention as failure.,13,0.7222222222222222,0.7777777777777778,correct non-abstained diagnosis and locked GT-localisation criterion,18,17,1,0.9444444444444444,1.0,0.875,1.0,0.875,0.05555555555555555,0.058823529411764705,0.09448348172396615,0.09540723891214087,0.8888888888888888,0.875,0.75,1.0,17,7,10,0.65,0.9,0.9285714285714284,0.9411764705882353,0.9285714285714286,0.8571428571428571,1.0,1.0,0.9090909090909091,0.9230769230769231,0.8827348295047495,0.06347584228037836,0.25445170711486004,10,0,1,6,0.8888888888888888,0.875,0.75,1.0,16,2,0.09540723891214087,17,0.06347584228037836,0.25445170711486004,0.09153017737659733,0.09657845676362975,0.09153017737659733,0.09657845676362975,10,4,10,17,7,10,0.28814598923111384,0.8988257989715043,1.5154042741397706,0.6438075991781557,ok_optimizer_warning,0.28814598923111384,0.8988257989715043,Discrimination and calibration are conditional on evaluability; failure-inclusive threshold metrics count abstention as failure.,13,0.7222222222222222,0.7777777777777778,correct non-abstained diagnosis and locked GT-localisation criterion,available
vit_method2,2026,model_specific,primary_estimand,E1_model_specific_strict_roi_system,True,eye,ALL,predicted_roi,temperature_scaled,36,35,1,0.9722222222222222,1.0,0.9375,1.0,0.9375,0.027777777777777776,0.2857142857142857,0.09261264347452655,0.09852772436566624,0.6944444444444444,0.68125,0.5625,0.8,35,15,20,0.35,0.8600000000000001,0.8465290677674577,0.7142857142857143,0.7,0.6,0.8,0.6923076923076923,0.7272727272727273,0.6428571428571429,0.40967324519935133,0.15862002784297927,0.4893879004798408,16,4,6,9,0.6944444444444444,0.68125,0.5625,0.8,25,11,0.09852772436566624,35,0.15862002784297927,0.4893879004798408,0.19946383808831006,0.19882249229752136,0.19946383808831006,0.19882249229752136,10,7,10,35,15,20,0.8393067621673892,1.9059034026493695,0.7069258958389022,0.7118008782919358,ok,0.8393067621673892,1.9059034026493695,Discrimination and calibration are conditional on evaluability; failure-inclusive threshold metrics count abstention as failure.,24,0.6666666666666666,0.9166666666666666,correct non-abstained diagnosis and locked GT-localisation criterion,36,35,1,0.9722222222222222,1.0,0.9375,1.0,0.9375,0.027777777777777776,0.2857142857142857,0.09451740537928846,0.10037957621751809,0.6944444444444444,0.68125,0.5625,0.8,35,15,20,0.28596403135912307,0.8600000000000001,0.8465290677674577,0.7142857142857143,0.7,0.6,0.8,0.6923076923076923,0.7272727272727273,0.6428571428571429,0.40967324519935133,0.15827601070321445,0.4782356019621734,16,4,6,9,0.6944444444444444,0.68125,0.5625,0.8,25,11,0.10037957621751809,35,0.15827601070321445,0.4782356019621734,0.14985839515721716,0.17999078428664175,0.14985839515721716,0.17999078428664175,10,8,10,35,15,20,0.8393067622183275,1.2893356970347911,0.7069258958365253,0.48153032325667044,ok,0.8393067622183275,1.2893356970347911,Discrimination and calibration are conditional on evaluability; failure-inclusive threshold metrics count abstention as failure.,24,0.6666666666666666,0.9166666666666666,correct non-abstained diagnosis and locked GT-localisation criterion,36,35,1,0.9722222222222222,1.0,0.9375,1.0,0.9375,0.027777777777777776,0.2857142857142857,0.09261264347452655,0.09852772436566624,0.6944444444444444,0.68125,0.5625,0.8,35,15,20,0.35,0.8600000000000001,0.8465290677674577,0.7142857142857143,0.7,0.6,0.8,0.6923076923076923,0.7272727272727273,0.6428571428571429,0.40967324519935133,0.15862002784297927,0.4893879004798408,16,4,6,9,0.6944444444444444,0.68125,0.5625,0.8,25,11,0.09852772436566624,35,0.15862002784297927,0.4893879004798408,0.19946383808831006,0.19882249229752136,0.19946383808831006,0.19882249229752136,10,7,10,35,15,20,0.8393067621673892,1.9059034026493695,0.7069258958389022,0.7118008782919358,ok,0.8393067621673892,1.9059034026493695,Discrimination and calibration are conditional on evaluability; failure-inclusive threshold metrics count abstention as failure.,24,0.6666666666666666,0.9166666666666666,correct non-abstained diagnosis and locked GT-localisation criterion,available
vit_method2,2026,model_specific,primary_estimand,E1_model_specific_strict_roi_system,True,patient,ALL,predicted_roi,temperature_scaled,18,17,1,0.9444444444444444,1.0,0.875,1.0,0.875,0.05555555555555555,0.29411764705882354,0.1983890676797251,0.2058859713271478,0.6666666666666666,0.6625,0.625,0.7,17,7,10,0.25,0.8714285714285713,0.855952380952381,0.7058823529411765,0.7071428571428571,0.7142857142857143,0.7,0.625,0.7777777777777778,0.6666666666666666,0.408491223118783,0.1555600921700823,0.47723537017622775,7,3,2,5,0.6666666666666666,0.6625,0.625,0.7,12,6,0.2058859713271478,17,0.1555600921700823,0.47723537017622775,0.30511314420772384,0.2608086734741001,0.30511314420772384,0.2608086734741001,10,6,10,17,7,10,1.1022913596587567,1.9189011618667309,1.153926337346637,1.0458633678039038,ok,1.1022913596587567,1.9189011618667309,Discrimination and calibration are conditional on evaluability; failure-inclusive threshold metrics count abstention as failure.,11,0.6111111111111112,0.8333333333333334,correct non-abstained diagnosis and locked GT-localisation criterion,18,17,1,0.9444444444444444,1.0,0.875,1.0,0.875,0.05555555555555555,0.29411764705882354,0.21659635059289037,0.22308173852291496,0.6666666666666666,0.6625,0.625,0.7,17,7,10,0.20691967459311045,0.8714285714285713,0.855952380952381,0.7058823529411765,0.7071428571428571,0.7142857142857143,0.7,0.625,0.7777777777777778,0.6666666666666666,0.408491223118783,0.15578917638376535,0.47208625779180147,7,3,2,5,0.6666666666666666,0.6625,0.625,0.7,12,6,0.22308173852291496,17,0.15578917638376535,0.47208625779180147,0.21091445343417614,0.2463889908181185,0.21091445343417614,0.2463889908181185,10,8,10,17,7,10,1.1022913599386188,1.569022080579856,1.1539263375416517,0.8551679210647034,ok,1.1022913599386188,1.569022080579856,Discrimination and calibration are conditional on evaluability; failure-inclusive threshold metrics count abstention as failure.,11,0.6111111111111112,0.8333333333333334,correct non-abstained diagnosis and locked GT-localisation criterion,18,17,1,0.9444444444444444,1.0,0.875,1.0,0.875,0.05555555555555555,0.29411764705882354,0.1983890676797251,0.2058859713271478,0.6666666666666666,0.6625,0.625,0.7,17,7,10,0.25,0.8714285714285713,0.855952380952381,0.7058823529411765,0.7071428571428571,0.7142857142857143,0.7,0.625,0.7777777777777778,0.6666666666666666,0.408491223118783,0.1555600921700823,0.47723537017622775,7,3,2,5,0.6666666666666666,0.6625,0.625,0.7,12,6,0.2058859713271478,17,0.1555600921700823,0.47723537017622775,0.30511314420772384,0.2608086734741001,0.30511314420772384,0.2608086734741001,10,6,10,17,7,10,1.1022913596587567,1.9189011618667309,1.153926337346637,1.0458633678039038,ok,1.1022913596587567,1.9189011618667309,Discrimination and calibration are conditional on evaluability; failure-inclusive threshold metrics count abstention as failure.,11,0.6111111111111112,0.8333333333333334,correct non-abstained diagnosis and locked GT-localisation criterion,available
vit_method2,3407,model_specific,primary_estimand,E1_model_specific_strict_roi_system,True,eye,ALL,predicted_roi,temperature_scaled,36,35,1,0.9722222222222222,1.0,0.9375,1.0,0.9375,0.027777777777777776,0.3142857142857143,0.19499758282595123,0.1988402425622674,0.6666666666666666,0.66875,0.6875,0.65,35,15,20,0.25,0.79,0.8041688503067812,0.6857142857142857,0.6916666666666667,0.7333333333333333,0.65,0.6111111111111112,0.7647058823529411,0.6666666666666666,0.3795565581410585,0.19229500380569609,0.5686414933364895,13,7,4,11,0.6666666666666666,0.66875,0.6875,0.65,24,12,0.1988402425622674,35,0.19229500380569609,0.5686414933364895,0.20594970279651487,0.1795749894574817,0.20594970279651487,0.1795749894574817,10,10,10,35,15,20,-0.18713973194797637,0.5514535946304958,0.41818086159320944,0.20007877719319045,ok_optimizer_warning,-0.18713973194797637,0.5514535946304958,Discrimination and calibration are conditional on evaluability; failure-inclusive threshold metrics count abstention as failure.,15,0.4166666666666667,0.6944444444444444,correct non-abstained diagnosis and locked GT-localisation criterion,36,35,1,0.9722222222222222,1.0,0.9375,1.0,0.9375,0.027777777777777776,0.3142857142857143,0.19114336229438517,0.19509308371213374,0.6666666666666666,0.66875,0.6875,0.65,35,15,20,0.3171933206445648,0.79,0.8041688503067812,0.6857142857142857,0.6916666666666667,0.7333333333333333,0.65,0.6111111111111112,0.7647058823529411,0.6666666666666666,0.3795565581410585,0.17994891360783846,0.5251780491693142,13,7,4,11,0.6666666666666666,0.66875,0.6875,0.65,24,12,0.19509308371213374,35,0.17994891360783846,0.5251780491693142,0.18207595071622304,0.17040718170453087,0.18207595071622304,0.17040718170453087,10,9,10,35,15,20,-0.18713973205122358,0.7901831567269972,0.4181808615753114,0.2866948031541866,ok,-0.18713973205122358,0.7901831567269972,Discrimination and calibration are conditional on evaluability; failure-inclusive threshold metrics count abstention as failure.,15,0.4166666666666667,0.6944444444444444,correct non-abstained diagnosis and locked GT-localisation criterion,36,35,1,0.9722222222222222,1.0,0.9375,1.0,0.9375,0.027777777777777776,0.3142857142857143,0.19499758282595123,0.1988402425622674,0.6666666666666666,0.66875,0.6875,0.65,35,15,20,0.25,0.79,0.8041688503067812,0.6857142857142857,0.6916666666666667,0.7333333333333333,0.65,0.6111111111111112,0.7647058823529411,0.6666666666666666,0.3795565581410585,0.19229500380569609,0.5686414933364895,13,7,4,11,0.6666666666666666,0.66875,0.6875,0.65,24,12,0.1988402425622674,35,0.19229500380569609,0.5686414933364895,0.20594970279651487,0.1795749894574817,0.20594970279651487,0.1795749894574817,10,10,10,35,15,20,-0.18713973194797637,0.5514535946304958,0.41818086159320944,0.20007877719319045,ok_optimizer_warning,-0.18713973194797637,0.5514535946304958,Discrimination and calibration are conditional on evaluability; failure-inclusive threshold metrics count abstention as failure.,15,0.4166666666666667,0.6944444444444444,correct non-abstained diagnosis and locked GT-localisation criterion,available
vit_method2,3407,model_specific,primary_estimand,E1_model_specific_strict_roi_system,True,patient,ALL,predicted_roi,temperature_scaled,18,17,1,0.9444444444444444,1.0,0.875,1.0,0.875,0.05555555555555555,0.23529411764705882,0.20251163676769213,0.20669308904603023,0.7222222222222222,0.7125,0.625,0.8,17,7,10,0.25,0.7857142857142858,0.8047619047619048,0.7647058823529411,0.7571428571428571,0.7142857142857143,0.8,0.7142857142857143,0.8,0.7142857142857143,0.5142857142857142,0.18367588417005218,0.5908385554418579,8,2,2,5,0.7222222222222222,0.7125,0.625,0.8,13,5,0.20669308904603023,17,0.18367588417005218,0.5908385554418579,0.23778574155610072,0.1908975712254104,0.23778574155610072,0.1908975712254104,10,7,10,17,7,10,-0.24124907731295767,0.46870157573710797,0.6124540191104575,0.24348478589805747,ok,-0.24124907731295767,0.46870157573710797,Discrimination and calibration are conditional on evaluability; failure-inclusive threshold metrics count abstention as failure.,7,0.3888888888888889,0.6111111111111112,correct non-abstained diagnosis and locked GT-localisation criterion,18,17,1,0.9444444444444444,1.0,0.875,1.0,0.875,0.05555555555555555,0.23529411764705882,0.18140774066379603,0.1867616316145728,0.7222222222222222,0.7125,0.625,0.8,17,7,10,0.35645461328358025,0.7857142857142858,0.8047619047619048,0.7647058823529411,0.7571428571428571,0.7142857142857143,0.8,0.7142857142857143,0.8,0.7142857142857143,0.5142857142857142,0.1700376704773668,0.5074521249944675,8,2,2,5,0.7222222222222222,0.7125,0.625,0.8,13,5,0.1867616316145728,17,0.1700376704773668,0.5074521249944675,0.1587386660027404,0.19491747713514737,0.1587386660027404,0.19491747713514737,10,7,10,17,7,10,-0.2412490771429067,0.8715873908295739,0.6124540191175337,0.4527790821180557,ok,-0.2412490771429067,0.8715873908295739,Discrimination and calibration are conditional on evaluability; failure-inclusive threshold metrics count abstention as failure.,7,0.3888888888888889,0.6111111111111112,correct non-abstained diagnosis and locked GT-localisation criterion,18,17,1,0.9444444444444444,1.0,0.875,1.0,0.875,0.05555555555555555,0.23529411764705882,0.20251163676769213,0.20669308904603023,0.7222222222222222,0.7125,0.625,0.8,17,7,10,0.25,0.7857142857142858,0.8047619047619048,0.7647058823529411,0.7571428571428571,0.7142857142857143,0.8,0.7142857142857143,0.8,0.7142857142857143,0.5142857142857142,0.18367588417005218,0.5908385554418579,8,2,2,5,0.7222222222222222,0.7125,0.625,0.8,13,5,0.20669308904603023,17,0.18367588417005218,0.5908385554418579,0.23778574155610072,0.1908975712254104,0.23778574155610072,0.1908975712254104,10,7,10,17,7,10,-0.24124907731295767,0.46870157573710797,0.6124540191104575,0.24348478589805747,ok,-0.24124907731295767,0.46870157573710797,Discrimination and calibration are conditional on evaluability; failure-inclusive threshold metrics count abstention as failure.,7,0.3888888888888889,0.6111111111111112,correct non-abstained diagnosis and locked GT-localisation criterion,available
vit_method2,9103,model_specific,primary_estimand,E1_model_specific_strict_roi_system,True,eye,ALL,predicted_roi,temperature_scaled,36,36,0,1.0,1.0,1.0,1.0,1.0,0.0,0.16666666666666666,0.11835142042044017,0.11835142042044017,0.8333333333333334,0.84375,0.9375,0.75,36,16,20,0.1,0.925,0.9060722263847263,0.8333333333333334,0.84375,0.9375,0.75,0.75,0.9375,0.8333333333333334,0.6875,0.08452562976370054,0.3133535818377482,15,5,1,15,0.8333333333333334,0.84375,0.9375,0.75,30,6,0.11835142042044017,36,0.08452562976370054,0.3133535818377482,0.06478213742671739,0.10318856764518775,0.06478213742671739,0.10318856764518775,10,6,10,36,16,20,0.11383593259203703,0.8714400947701433,0.5947471331805912,0.2510772190950711,ok_optimizer_warning,0.11383593259203703,0.8714400947701433,Discrimination and calibration are conditional on evaluability; failure-inclusive threshold metrics count abstention as failure.,25,0.6944444444444444,0.8611111111111112,correct non-abstained diagnosis and locked GT-localisation criterion,36,36,0,1.0,1.0,1.0,1.0,1.0,0.0,0.16666666666666666,0.11719401301303274,0.11719401301303274,0.8333333333333334,0.84375,0.9375,0.75,36,16,20,0.10771360716411839,0.925,0.9060722263847263,0.8333333333333334,0.84375,0.9375,0.75,0.75,0.9375,0.8333333333333334,0.6875,0.08455731986910359,0.3113143961717084,15,5,1,15,0.8333333333333334,0.84375,0.9375,0.75,30,6,0.11719401301303274,36,0.08455731986910359,0.3113143961717084,0.0670190261832128,0.10458016715988164,0.0670190261832128,0.10458016715988164,10,6,10,36,16,20,0.11383593111275592,0.9056138787720154,0.5947471330456718,0.2609232873045529,ok,0.11383593111275592,0.9056138787720154,Discrimination and calibration are conditional on evaluability; failure-inclusive threshold metrics count abstention as failure.,25,0.6944444444444444,0.8611111111111112,correct non-abstained diagnosis and locked GT-localisation criterion,36,36,0,1.0,1.0,1.0,1.0,1.0,0.0,0.16666666666666666,0.11835142042044017,0.11835142042044017,0.8333333333333334,0.84375,0.9375,0.75,36,16,20,0.1,0.925,0.9060722263847263,0.8333333333333334,0.84375,0.9375,0.75,0.75,0.9375,0.8333333333333334,0.6875,0.08452562976370054,0.3133535818377482,15,5,1,15,0.8333333333333334,0.84375,0.9375,0.75,30,6,0.11835142042044017,36,0.08452562976370054,0.3133535818377482,0.06478213742671739,0.10318856764518775,0.06478213742671739,0.10318856764518775,10,6,10,36,16,20,0.11383593259203703,0.8714400947701433,0.5947471331805912,0.2510772190950711,ok_optimizer_warning,0.11383593259203703,0.8714400947701433,Discrimination and calibration are conditional on evaluability; failure-inclusive threshold metrics count abstention as failure.,25,0.6944444444444444,0.8611111111111112,correct non-abstained diagnosis and locked GT-localisation criterion,available
vit_method2,9103,model_specific,primary_estimand,E1_model_specific_strict_roi_system,True,patient,ALL,predicted_roi,temperature_scaled,18,18,0,1.0,1.0,1.0,1.0,1.0,0.0,0.2222222222222222,0.13339984724788645,0.13339984724788645,0.7777777777777778,0.8,1.0,0.6,18,8,10,0.05,0.9624999999999999,0.9659090909090909,0.7777777777777778,0.8,1.0,0.6,0.6666666666666666,1.0,0.8,0.6324555320336759,0.07185695892372224,0.25340422449617467,6,4,0,8,0.7777777777777778,0.8,1.0,0.6,14,4,0.13339984724788645,18,0.07185695892372224,0.25340422449617467,0.10076008555252874,0.11407166010679898,0.10076008555252874,0.11407166010679898,10,5,10,18,8,10,0.27165680238409795,1.027968646740215,0.9438400085504989,0.41403775451846353,ok,0.27165680238409795,1.027968646740215,Discrimination and calibration are conditional on evaluability; failure-inclusive threshold metrics count abstention as failure.,10,0.5555555555555556,0.7777777777777778,correct non-abstained diagnosis and locked GT-localisation criterion,18,18,0,1.0,1.0,1.0,1.0,1.0,0.0,0.2222222222222222,0.1278442916923309,0.1278442916923309,0.7777777777777778,0.8,1.0,0.6,18,8,10,0.07078067741183125,0.9624999999999999,0.9659090909090909,0.7777777777777778,0.8,1.0,0.6,0.6666666666666666,1.0,0.8,0.6324555320336759,0.07211055573807607,0.25654587693328074,6,4,0,8,0.7777777777777778,0.8,1.0,0.6,14,4,0.1278442916923309,18,0.07211055573807607,0.25654587693328074,0.1473380465112213,0.1249396051612816,0.1473380465112213,0.1249396051612816,10,7,10,18,8,10,0.27165680251182456,1.1755629349233119,0.9438400085819623,0.47348471124917013,ok,0.27165680251182456,1.1755629349233119,Discrimination and calibration are conditional on evaluability; failure-inclusive threshold metrics count abstention as failure.,10,0.5555555555555556,0.7777777777777778,correct non-abstained diagnosis and locked GT-localisation criterion,18,18,0,1.0,1.0,1.0,1.0,1.0,0.0,0.2222222222222222,0.13339984724788645,0.13339984724788645,0.7777777777777778,0.8,1.0,0.6,18,8,10,0.05,0.9624999999999999,0.9659090909090909,0.7777777777777778,0.8,1.0,0.6,0.6666666666666666,1.0,0.8,0.6324555320336759,0.07185695892372224,0.25340422449617467,6,4,0,8,0.7777777777777778,0.8,1.0,0.6,14,4,0.13339984724788645,18,0.07185695892372224,0.25340422449617467,0.10076008555252874,0.11407166010679898,0.10076008555252874,0.11407166010679898,10,5,10,18,8,10,0.27165680238409795,1.027968646740215,0.9438400085504989,0.41403775451846353,ok,0.27165680238409795,1.027968646740215,Discrimination and calibration are conditional on evaluability; failure-inclusive threshold metrics count abstention as failure.,10,0.5555555555555556,0.7777777777777778,correct non-abstained diagnosis and locked GT-localisation criterion,available
emcad,17,model_specific,primary_estimand,E1_model_specific_strict_roi_system,True,eye,ALL,predicted_roi,temperature_scaled,36,36,0,1.0,1.0,1.0,1.0,1.0,0.0,0.2222222222222222,0.06703623526738554,0.06703623526738554,0.7777777777777778,0.78125,0.8125,0.75,36,16,20,0.4,0.890625,0.9152841733894957,0.7777777777777778,0.78125,0.8125,0.75,0.7222222222222222,0.8333333333333334,0.7647058823529411,0.5590169943749475,0.11389214496349605,0.3428729198902249,15,5,3,13,0.7777777777777778,0.78125,0.8125,0.75,28,8,0.06703623526738554,36,0.11389214496349605,0.3428729198902249,0.14900113822297967,0.1104358979067098,0.14900113822297967,0.1104358979067098,10,7,10,36,16,20,-0.8048776100969643,0.7017212630977826,0.5526682734530804,0.27168428655316657,ok,-0.8048776100969643,0.7017212630977826,Discrimination and calibration are conditional on evaluability; failure-inclusive threshold metrics count abstention as failure.,28,0.7777777777777778,1.0,correct non-abstained diagnosis and locked GT-localisation criterion,36,36,0,1.0,1.0,1.0,1.0,1.0,0.0,0.2222222222222222,0.09486767479880714,0.09486767479880714,0.7777777777777778,0.78125,0.8125,0.75,36,16,20,0.29589909642327394,0.890625,0.9152841733894957,0.7777777777777778,0.78125,0.8125,0.75,0.7222222222222222,0.8333333333333334,0.7647058823529411,0.5590169943749475,0.11926528016269021,0.4203959907863389,15,5,3,13,0.7777777777777778,0.78125,0.8125,0.75,28,8,0.09486767479880714,36,0.11926528016269021,0.4203959907863389,0.15047569485821954,0.13553175935729606,0.15047569485821954,0.13553175935729606,10,8,10,36,16,20,-0.804877609785034,0.3282067685827565,0.5526682734248604,0.12707128379872515,ok_optimizer_warning,-0.804877609785034,0.3282067685827565,Discrimination and calibration are conditional on evaluability; failure-inclusive threshold metrics count abstention as failure.,28,0.7777777777777778,1.0,correct non-abstained diagnosis and locked GT-localisation criterion,36,36,0,1.0,1.0,1.0,1.0,1.0,0.0,0.2222222222222222,0.06703623526738554,0.06703623526738554,0.7777777777777778,0.78125,0.8125,0.75,36,16,20,0.4,0.890625,0.9152841733894957,0.7777777777777778,0.78125,0.8125,0.75,0.7222222222222222,0.8333333333333334,0.7647058823529411,0.5590169943749475,0.11389214496349605,0.3428729198902249,15,5,3,13,0.7777777777777778,0.78125,0.8125,0.75,28,8,0.06703623526738554,36,0.11389214496349605,0.3428729198902249,0.14900113822297967,0.1104358979067098,0.14900113822297967,0.1104358979067098,10,7,10,36,16,20,-0.8048776100969643,0.7017212630977826,0.5526682734530804,0.27168428655316657,ok,-0.8048776100969643,0.7017212630977826,Discrimination and calibration are conditional on evaluability; failure-inclusive threshold metrics count abstention as failure.,28,0.7777777777777778,1.0,correct non-abstained diagnosis and locked GT-localisation criterion,available
emcad,17,model_specific,primary_estimand,E1_model_specific_strict_roi_system,True,patient,ALL,predicted_roi,temperature_scaled,18,18,0,1.0,1.0,1.0,1.0,1.0,0.0,0.1111111111111111,0.10214743499057224,0.10214743499057224,0.8888888888888888,0.875,0.75,1.0,18,8,10,0.55,0.8875,0.9138888888888889,0.8888888888888888,0.875,0.75,1.0,1.0,0.8333333333333334,0.8571428571428571,0.7905694150420948,0.11619474299504261,0.4953459353049438,10,0,2,6,0.8888888888888888,0.875,0.75,1.0,16,2,0.10214743499057224,18,0.11619474299504261,0.4953459353049438,0.13145350291321778,0.1446339024760691,0.13145350291321778,0.1446339024760691,10,5,10,18,8,10,-0.6303025699765602,0.27591465613561084,0.7767162268657638,0.13932833290351299,ok,-0.6303025699765602,0.27591465613561084,Discrimination and calibration are conditional on evaluability; failure-inclusive threshold metrics count abstention as failure.,16,0.8888888888888888,1.0,correct non-abstained diagnosis and locked GT-localisation criterion,18,18,0,1.0,1.0,1.0,1.0,1.0,0.0,0.1111111111111111,0.10214743499057224,0.10214743499057224,0.8888888888888888,0.875,0.75,1.0,18,8,10,0.5308778002463765,0.8875,0.9138888888888889,0.8888888888888888,0.875,0.75,1.0,1.0,0.8333333333333334,0.8571428571428571,0.7905694150420948,0.11224504073662717,0.3812212616012953,10,0,2,6,0.8888888888888888,0.875,0.75,1.0,16,2,0.10214743499057224,18,0.11224504073662717,0.3812212616012953,0.13535465409222525,0.1486488482797064,0.13535465409222525,0.1486488482797064,10,6,10,18,8,10,-0.8219293848010146,0.3552457655049376,0.8040473910114838,0.21332811831728746,ok,-0.8219293848010146,0.3552457655049376,Discrimination and calibration are conditional on evaluability; failure-inclusive threshold metrics count abstention as failure.,16,0.8888888888888888,1.0,correct non-abstained diagnosis and locked GT-localisation criterion,18,18,0,1.0,1.0,1.0,1.0,1.0,0.0,0.1111111111111111,0.10214743499057224,0.10214743499057224,0.8888888888888888,0.875,0.75,1.0,18,8,10,0.55,0.8875,0.9138888888888889,0.8888888888888888,0.875,0.75,1.0,1.0,0.8333333333333334,0.8571428571428571,0.7905694150420948,0.11619474299504261,0.4953459353049438,10,0,2,6,0.8888888888888888,0.875,0.75,1.0,16,2,0.10214743499057224,18,0.11619474299504261,0.4953459353049438,0.13145350291321778,0.1446339024760691,0.13145350291321778,0.1446339024760691,10,5,10,18,8,10,-0.6303025699765602,0.27591465613561084,0.7767162268657638,0.13932833290351299,ok,-0.6303025699765602,0.27591465613561084,Discrimination and calibration are conditional on evaluability; failure-inclusive threshold metrics count abstention as failure.,16,0.8888888888888888,1.0,correct non-abstained diagnosis and locked GT-localisation criterion,available
emcad,42,model_specific,primary_estimand,E1_model_specific_strict_roi_system,True,eye,ALL,predicted_roi,temperature_scaled,36,36,0,1.0,1.0,1.0,1.0,1.0,0.0,0.1388888888888889,0.07341414994907486,0.07341414994907486,0.8611111111111112,0.85,0.75,0.95,36,16,20,0.5,0.8406250000000001,0.8894180778371955,0.8611111111111112,0.85,0.75,0.95,0.9230769230769231,0.8260869565217391,0.8275862068965517,0.7241648401566204,0.13336586578038576,0.4967535832900631,19,1,4,12,0.8611111111111112,0.85,0.75,0.95,31,5,0.07341414994907486,36,0.13336586578038576,0.4967535832900631,0.1298752879176232,0.15141913341460989,0.1298752879176232,0.15141913341460989,10,6,10,36,16,20,-0.2948139147174738,0.4295277009836648,0.5139017268684667,0.13345945444865454,ok,-0.2948139147174738,0.4295277009836648,Discrimination and calibration are conditional on evaluability; failure-inclusive threshold metrics count abstention as failure.,31,0.8611111111111112,1.0,correct non-abstained diagnosis and locked GT-localisation criterion,36,36,0,1.0,1.0,1.0,1.0,1.0,0.0,0.1388888888888889,0.07341414994907486,0.07341414994907486,0.8611111111111112,0.85,0.75,0.95,36,16,20,0.5,0.8406250000000001,0.8894180778371955,0.8611111111111112,0.85,0.75,0.95,0.9230769230769231,0.8260869565217391,0.8275862068965517,0.7241648401566204,0.1398299889868377,0.6437303436246571,19,1,4,12,0.8611111111111112,0.85,0.75,0.95,31,5,0.07341414994907486,36,0.1398299889868377,0.6437303436246571,0.145825321191556,0.1545752174066683,0.145825321191556,0.1545752174066683,10,4,10,36,16,20,-0.2948139148693317,0.30855137766561463,0.5139017268544085,0.09587064684458664,ok,-0.2948139148693317,0.30855137766561463,Discrimination and calibration are conditional on evaluability; failure-inclusive threshold metrics count abstention as failure.,31,0.8611111111111112,1.0,correct non-abstained diagnosis and locked GT-localisation criterion,36,36,0,1.0,1.0,1.0,1.0,1.0,0.0,0.1388888888888889,0.07341414994907486,0.07341414994907486,0.8611111111111112,0.85,0.75,0.95,36,16,20,0.5,0.8406250000000001,0.8894180778371955,0.8611111111111112,0.85,0.75,0.95,0.9230769230769231,0.8260869565217391,0.8275862068965517,0.7241648401566204,0.13336586578038576,0.4967535832900631,19,1,4,12,0.8611111111111112,0.85,0.75,0.95,31,5,0.07341414994907486,36,0.13336586578038576,0.4967535832900631,0.1298752879176232,0.15141913341460989,0.1298752879176232,0.15141913341460989,10,6,10,36,16,20,-0.2948139147174738,0.4295277009836648,0.5139017268684667,0.13345945444865454,ok,-0.2948139147174738,0.4295277009836648,Discrimination and calibration are conditional on evaluability; failure-inclusive threshold metrics count abstention as failure.,31,0.8611111111111112,1.0,correct non-abstained diagnosis and locked GT-localisation criterion,available
emcad,42,model_specific,primary_estimand,E1_model_specific_strict_roi_system,True,patient,ALL,predicted_roi,temperature_scaled,18,18,0,1.0,1.0,1.0,1.0,1.0,0.0,0.16666666666666666,0.07130707890511813,0.07130707890511813,0.8333333333333334,0.825,0.75,0.9,18,8,10,0.25,0.8375,0.8854166666666667,0.8333333333333334,0.825,0.75,0.9,0.8571428571428571,0.8181818181818182,0.8,0.6625413488689132,0.12236378789636095,0.9677226189617918,9,1,2,6,0.8333333333333334,0.825,0.75,0.9,15,3,0.07130707890511813,18,0.12236378789636095,0.9677226189617918,0.13989437352560832,0.14253639124333134,0.13989437352560832,0.14253639124333134,10,4,10,18,8,10,-0.18820400874661045,0.19965855907584235,0.7327867912985385,0.08729421082569233,ok,-0.18820400874661045,0.19965855907584235,Discrimination and calibration are conditional on evaluability; failure-inclusive threshold metrics count abstention as failure.,15,0.8333333333333334,1.0,correct non-abstained diagnosis and locked GT-localisation criterion,18,18,0,1.0,1.0,1.0,1.0,1.0,0.0,0.16666666666666666,0.06803910504890898,0.06803910504890898,0.8333333333333334,0.825,0.75,0.9,18,8,10,0.365222815738125,0.8375,0.8854166666666667,0.8333333333333334,0.825,0.75,0.9,0.8571428571428571,0.8181818181818182,0.8,0.6625413488689132,0.12403817560618174,0.5362890645150765,9,1,2,6,0.8333333333333334,0.825,0.75,0.9,15,3,0.06803910504890898,18,0.12403817560618174,0.5362890645150765,0.14805286545500465,0.1589382174041396,0.14805286545500465,0.1589382174041396,10,5,10,18,8,10,-0.3306016688919256,0.35603846633622016,0.7438096537822563,0.16645433149386055,ok,-0.3306016688919256,0.35603846633622016,Discrimination and calibration are conditional on evaluability; failure-inclusive threshold metrics count abstention as failure.,15,0.8333333333333334,1.0,correct non-abstained diagnosis and locked GT-localisation criterion,18,18,0,1.0,1.0,1.0,1.0,1.0,0.0,0.16666666666666666,0.07130707890511813,0.07130707890511813,0.8333333333333334,0.825,0.75,0.9,18,8,10,0.25,0.8375,0.8854166666666667,0.8333333333333334,0.825,0.75,0.9,0.8571428571428571,0.8181818181818182,0.8,0.6625413488689132,0.12236378789636095,0.9677226189617918,9,1,2,6,0.8333333333333334,0.825,0.75,0.9,15,3,0.07130707890511813,18,0.12236378789636095,0.9677226189617918,0.13989437352560832,0.14253639124333134,0.13989437352560832,0.14253639124333134,10,4,10,18,8,10,-0.18820400874661045,0.19965855907584235,0.7327867912985385,0.08729421082569233,ok,-0.18820400874661045,0.19965855907584235,Discrimination and calibration are conditional on evaluability; failure-inclusive threshold metrics count abstention as failure.,15,0.8333333333333334,1.0,correct non-abstained diagnosis and locked GT-localisation criterion,available
emcad,2026,model_specific,primary_estimand,E1_model_specific_strict_roi_system,True,eye,ALL,predicted_roi,temperature_scaled,36,34,2,0.9444444444444444,0.9,1.0,0.9,1.0,0.05555555555555555,0.08823529411764706,0.02224818502547083,0.028044802612239208,0.8611111111111112,0.8625,0.875,0.85,34,16,18,0.4,0.9409722222222222,0.9588248638838476,0.9117647058823529,0.9097222222222222,0.875,0.9444444444444444,0.9333333333333333,0.8947368421052632,0.9032258064516129,0.8237460196403346,0.11095357756025896,0.39670895168813697,17,1,2,14,0.8611111111111112,0.8625,0.875,0.85,31,5,0.028044802612239208,34,0.11095357756025896,0.39670895168813697,0.22531458662612674,0.1982201491214665,0.22531458662612674,0.1982201491214665,10,6,10,34,16,18,1.0554600879741491,3.370332007633452,0.9648565274650323,1.0949442160801093,ok_optimizer_warning,1.0554600879741491,3.370332007633452,Discrimination and calibration are conditional on evaluability; failure-inclusive threshold metrics count abstention as failure.,30,0.8333333333333334,0.9166666666666666,correct non-abstained diagnosis and locked GT-localisation criterion,36,34,2,0.9444444444444444,0.9,1.0,0.9,1.0,0.05555555555555555,0.08823529411764706,0.04442178990323231,0.048986540552347274,0.8611111111111112,0.8625,0.875,0.85,34,16,18,0.0029321278981650862,0.9409722222222222,0.9588248638838476,0.9117647058823529,0.9097222222222222,0.875,0.9444444444444444,0.9333333333333333,0.8947368421052632,0.9032258064516129,0.8237460196403346,0.059090778595852725,0.8562764951375756,17,1,2,14,0.8611111111111112,0.8625,0.875,0.85,31,5,0.048986540552347274,34,0.059090778595852725,0.8562764951375756,0.0566565694341467,0.0610002291139064,0.0566565694341467,0.0610002291139064,10,2,10,34,16,18,1.055460089313074,0.23443658113240592,0.9648565291005814,0.07616311333893946,ok,1.055460089313074,0.23443658113240592,Discrimination and calibration are conditional on evaluability; failure-inclusive threshold metrics count abstention as failure.,30,0.8333333333333334,0.9166666666666666,correct non-abstained diagnosis and locked GT-localisation criterion,36,34,2,0.9444444444444444,0.9,1.0,0.9,1.0,0.05555555555555555,0.08823529411764706,0.02224818502547083,0.028044802612239208,0.8611111111111112,0.8625,0.875,0.85,34,16,18,0.4,0.9409722222222222,0.9588248638838476,0.9117647058823529,0.9097222222222222,0.875,0.9444444444444444,0.9333333333333333,0.8947368421052632,0.9032258064516129,0.8237460196403346,0.11095357756025896,0.39670895168813697,17,1,2,14,0.8611111111111112,0.8625,0.875,0.85,31,5,0.028044802612239208,34,0.11095357756025896,0.39670895168813697,0.22531458662612674,0.1982201491214665,0.22531458662612674,0.1982201491214665,10,6,10,34,16,18,1.0554600879741491,3.370332007633452,0.9648565274650323,1.0949442160801093,ok_optimizer_warning,1.0554600879741491,3.370332007633452,Discrimination and calibration are conditional on evaluability; failure-inclusive threshold metrics count abstention as failure.,30,0.8333333333333334,0.9166666666666666,correct non-abstained diagnosis and locked GT-localisation criterion,available
emcad,2026,model_specific,primary_estimand,E1_model_specific_strict_roi_system,True,patient,ALL,predicted_roi,temperature_scaled,18,16,2,0.8888888888888888,0.8,1.0,0.8,1.0,0.1111111111111111,0.125,0.02645947802197802,0.04566913660050915,0.7777777777777778,0.7875,0.875,0.7,16,8,8,0.4,0.9375,0.9583333333333333,0.875,0.875,0.875,0.875,0.875,0.875,0.875,0.75,0.10851416010755342,0.38748958696397495,7,1,1,7,0.7777777777777778,0.7875,0.875,0.7,14,4,0.04566913660050915,16,0.10851416010755342,0.38748958696397495,0.20111898305137665,0.21945625379326045,0.20111898305137665,0.21945625379326045,10,5,10,16,8,8,0.9037923315950656,2.6548690014787506,1.117790267832488,1.1528888927860013,ok,0.9037923315950656,2.6548690014787506,Discrimination and calibration are conditional on evaluability; failure-inclusive threshold metrics count abstention as failure.,13,0.7222222222222222,0.8333333333333334,correct non-abstained diagnosis and locked GT-localisation criterion,18,16,2,0.8888888888888888,0.8,1.0,0.8,1.0,0.1111111111111111,0.125,0.06658688533688534,0.08133794310264898,0.7777777777777778,0.7875,0.875,0.7,16,8,8,0.009819178084616768,0.9375,0.9583333333333333,0.875,0.875,0.875,0.875,0.875,0.875,0.875,0.75,0.06264197116432116,0.874130893525493,7,1,1,7,0.7777777777777778,0.7875,0.875,0.7,14,4,0.08133794310264898,16,0.06264197116432116,0.874130893525493,0.06019760861021824,0.06493063165273597,0.06019760861021824,0.06493063165273597,10,2,10,16,8,8,0.9037923315780468,0.23332503403648253,1.1177902678537288,0.10132245319837496,ok,0.9037923315780468,0.23332503403648253,Discrimination and calibration are conditional on evaluability; failure-inclusive threshold metrics count abstention as failure.,13,0.7222222222222222,0.8333333333333334,correct non-abstained diagnosis and locked GT-localisation criterion,18,16,2,0.8888888888888888,0.8,1.0,0.8,1.0,0.1111111111111111,0.125,0.02645947802197802,0.04566913660050915,0.7777777777777778,0.7875,0.875,0.7,16,8,8,0.4,0.9375,0.9583333333333333,0.875,0.875,0.875,0.875,0.875,0.875,0.875,0.75,0.10851416010755342,0.38748958696397495,7,1,1,7,0.7777777777777778,0.7875,0.875,0.7,14,4,0.04566913660050915,16,0.10851416010755342,0.38748958696397495,0.20111898305137665,0.21945625379326045,0.20111898305137665,0.21945625379326045,10,5,10,16,8,8,0.9037923315950656,2.6548690014787506,1.117790267832488,1.1528888927860013,ok,0.9037923315950656,2.6548690014787506,Discrimination and calibration are conditional on evaluability; failure-inclusive threshold metrics count abstention as failure.,13,0.7222222222222222,0.8333333333333334,correct non-abstained diagnosis and locked GT-localisation criterion,available
emcad,3407,model_specific,primary_estimand,E1_model_specific_strict_roi_system,True,eye,ALL,predicted_roi,temperature_scaled,36,35,1,0.9722222222222222,1.0,0.9375,1.0,0.9375,0.027777777777777776,0.17142857142857143,0.14369872658827074,0.14510832986205335,0.8055555555555556,0.7875,0.625,0.95,35,15,20,0.5,0.79,0.8302591044545067,0.8285714285714286,0.8083333333333333,0.6666666666666666,0.95,0.9090909090909091,0.7916666666666666,0.7692307692307693,0.6573688754297989,0.1535249989325724,0.47963708688855483,19,1,5,10,0.8055555555555556,0.7875,0.625,0.95,29,7,0.14510832986205335,35,0.1535249989325724,0.47963708688855483,0.15386340791009873,0.1607779347832894,0.15386340791009873,0.1607779347832894,10,7,10,35,15,20,0.5321373076887588,1.232895132283202,0.611679305217329,0.4769670133139542,ok_optimizer_warning,0.5321373076887588,1.232895132283202,Discrimination and calibration are conditional on evaluability; failure-inclusive threshold metrics count abstention as failure.,27,0.75,0.9166666666666666,correct non-abstained diagnosis and locked GT-localisation criterion,36,35,1,0.9722222222222222,1.0,0.9375,1.0,0.9375,0.027777777777777776,0.17142857142857143,0.14369872658827074,0.14510832986205335,0.8055555555555556,0.7875,0.625,0.95,35,15,20,0.5,0.79,0.8302591044545067,0.8285714285714286,0.8083333333333333,0.6666666666666666,0.95,0.9090909090909091,0.7916666666666666,0.7692307692307693,0.6573688754297989,0.15762876776338655,0.5441359745894467,19,1,5,10,0.8055555555555556,0.7875,0.625,0.95,29,7,0.14510832986205335,35,0.15762876776338655,0.5441359745894467,0.19131338662791006,0.17826970565836042,0.19131338662791006,0.17826970565836042,10,9,10,35,15,20,0.5321373051865822,0.692032883700012,0.6116793043325972,0.2677250069356969,ok_optimizer_warning,0.5321373051865822,0.692032883700012,Discrimination and calibration are conditional on evaluability; failure-inclusive threshold metrics count abstention as failure.,27,0.75,0.9166666666666666,correct non-abstained diagnosis and locked GT-localisation criterion,36,35,1,0.9722222222222222,1.0,0.9375,1.0,0.9375,0.027777777777777776,0.17142857142857143,0.14369872658827074,0.14510832986205335,0.8055555555555556,0.7875,0.625,0.95,35,15,20,0.5,0.79,0.8302591044545067,0.8285714285714286,0.8083333333333333,0.6666666666666666,0.95,0.9090909090909091,0.7916666666666666,0.7692307692307693,0.6573688754297989,0.1535249989325724,0.47963708688855483,19,1,5,10,0.8055555555555556,0.7875,0.625,0.95,29,7,0.14510832986205335,35,0.1535249989325724,0.47963708688855483,0.15386340791009873,0.1607779347832894,0.15386340791009873,0.1607779347832894,10,7,10,35,15,20,0.5321373076887588,1.232895132283202,0.611679305217329,0.4769670133139542,ok_optimizer_warning,0.5321373076887588,1.232895132283202,Discrimination and calibration are conditional on evaluability; failure-inclusive threshold metrics count abstention as failure.,27,0.75,0.9166666666666666,correct non-abstained diagnosis and locked GT-localisation criterion,available
emcad,3407,model_specific,primary_estimand,E1_model_specific_strict_roi_system,True,patient,ALL,predicted_roi,temperature_scaled,18,17,1,0.9444444444444444,1.0,0.875,1.0,0.875,0.05555555555555555,0.11764705882352941,0.1859557589661396,0.18488414272728,0.8333333333333334,0.8125,0.625,1.0,17,7,10,0.5,0.8,0.8588235294117648,0.8823529411764706,0.8571428571428572,0.7142857142857143,1.0,1.0,0.8333333333333334,0.8333333333333334,0.7715167498104596,0.15105459091594228,0.4954826344429994,10,0,2,5,0.8333333333333334,0.8125,0.625,1.0,15,3,0.18488414272728,17,0.15105459091594228,0.4954826344429994,0.21866615996874061,0.27083355535505627,0.21866615996874061,0.27083355535505627,10,8,10,17,7,10,0.7030552053586464,1.1505889868885602,0.8507519183559226,0.5613299373557843,ok_optimizer_warning,0.7030552053586464,1.1505889868885602,Discrimination and calibration are conditional on evaluability; failure-inclusive threshold metrics count abstention as failure.,13,0.7222222222222222,0.8333333333333334,correct non-abstained diagnosis and locked GT-localisation criterion,18,17,1,0.9444444444444444,1.0,0.875,1.0,0.875,0.05555555555555555,0.11764705882352941,0.1859557589661396,0.18488414272728,0.8333333333333334,0.8125,0.625,1.0,17,7,10,0.5,0.8,0.8588235294117648,0.8823529411764706,0.8571428571428572,0.7142857142857143,1.0,1.0,0.8333333333333334,0.8333333333333334,0.7715167498104596,0.1472415221750279,0.5320851221612491,10,0,2,5,0.8333333333333334,0.8125,0.625,1.0,15,3,0.18488414272728,17,0.1472415221750279,0.5320851221612491,0.21966297850169306,0.24363576159851638,0.21966297850169306,0.24363576159851638,10,7,10,17,7,10,0.7030552103308545,0.8189005146272553,0.850751919038109,0.39951136350982536,ok,0.7030552103308545,0.8189005146272553,Discrimination and calibration are conditional on evaluability; failure-inclusive threshold metrics count abstention as failure.,13,0.7222222222222222,0.8333333333333334,correct non-abstained diagnosis and locked GT-localisation criterion,18,17,1,0.9444444444444444,1.0,0.875,1.0,0.875,0.05555555555555555,0.11764705882352941,0.1859557589661396,0.18488414272728,0.8333333333333334,0.8125,0.625,1.0,17,7,10,0.5,0.8,0.8588235294117648,0.8823529411764706,0.8571428571428572,0.7142857142857143,1.0,1.0,0.8333333333333334,0.8333333333333334,0.7715167498104596,0.15105459091594228,0.4954826344429994,10,0,2,5,0.8333333333333334,0.8125,0.625,1.0,15,3,0.18488414272728,17,0.15105459091594228,0.4954826344429994,0.21866615996874061,0.27083355535505627,0.21866615996874061,0.27083355535505627,10,8,10,17,7,10,0.7030552053586464,1.1505889868885602,0.8507519183559226,0.5613299373557843,ok_optimizer_warning,0.7030552053586464,1.1505889868885602,Discrimination and calibration are conditional on evaluability; failure-inclusive threshold metrics count abstention as failure.,13,0.7222222222222222,0.8333333333333334,correct non-abstained diagnosis and locked GT-localisation criterion,available
emcad,9103,model_specific,primary_estimand,E1_model_specific_strict_roi_system,True,eye,ALL,predicted_roi,temperature_scaled,36,34,2,0.9444444444444444,1.0,0.875,1.0,0.875,0.05555555555555555,0.058823529411764705,0.02171683125922316,0.02597771276774956,0.8888888888888888,0.875,0.75,1.0,34,14,20,0.25,0.9464285714285714,0.9591836734693877,0.9411764705882353,0.9285714285714286,0.8571428571428571,1.0,1.0,0.9090909090909091,0.9230769230769231,0.8827348295047495,0.061315715693888294,0.26851581932310875,20,0,2,12,0.8888888888888888,0.875,0.75,1.0,32,4,0.02597771276774956,34,0.061315715693888294,0.26851581932310875,0.06193010386212622,0.07440113733021834,0.06193010386212622,0.07440113733021834,10,5,10,34,14,20,0.5409271998839692,0.7708100468868445,0.9040653956597834,0.30706230123644407,ok,0.5409271998839692,0.7708100468868445,Discrimination and calibration are conditional on evaluability; failure-inclusive threshold metrics count abstention as failure.,30,0.8333333333333334,0.8888888888888888,correct non-abstained diagnosis and locked GT-localisation criterion,36,34,2,0.9444444444444444,1.0,0.875,1.0,0.875,0.05555555555555555,0.058823529411764705,0.02008284433111859,0.024434502891206356,0.8888888888888888,0.875,0.75,1.0,34,14,20,0.18244163859502233,0.9464285714285714,0.9591836734693877,0.9411764705882353,0.9285714285714286,0.8571428571428571,1.0,1.0,0.9090909090909091,0.9230769230769231,0.8827348295047495,0.06361388369081981,0.3275872032813171,20,0,2,12,0.8888888888888888,0.875,0.75,1.0,32,4,0.024434502891206356,34,0.06361388369081981,0.3275872032813171,0.06146670186764653,0.07056217819345398,0.06146670186764653,0.07056217819345398,10,4,10,34,14,20,0.5409272002268212,0.5645882597421402,0.9040653957593294,0.22491114509939317,ok,0.5409272002268212,0.5645882597421402,Discrimination and calibration are conditional on evaluability; failure-inclusive threshold metrics count abstention as failure.,30,0.8333333333333334,0.8888888888888888,correct non-abstained diagnosis and locked GT-localisation criterion,36,34,2,0.9444444444444444,1.0,0.875,1.0,0.875,0.05555555555555555,0.058823529411764705,0.02171683125922316,0.02597771276774956,0.8888888888888888,0.875,0.75,1.0,34,14,20,0.25,0.9464285714285714,0.9591836734693877,0.9411764705882353,0.9285714285714286,0.8571428571428571,1.0,1.0,0.9090909090909091,0.9230769230769231,0.8827348295047495,0.061315715693888294,0.26851581932310875,20,0,2,12,0.8888888888888888,0.875,0.75,1.0,32,4,0.02597771276774956,34,0.061315715693888294,0.26851581932310875,0.06193010386212622,0.07440113733021834,0.06193010386212622,0.07440113733021834,10,5,10,34,14,20,0.5409271998839692,0.7708100468868445,0.9040653956597834,0.30706230123644407,ok,0.5409271998839692,0.7708100468868445,Discrimination and calibration are conditional on evaluability; failure-inclusive threshold metrics count abstention as failure.,30,0.8333333333333334,0.8888888888888888,correct non-abstained diagnosis and locked GT-localisation criterion,available
emcad,9103,model_specific,primary_estimand,E1_model_specific_strict_roi_system,True,patient,ALL,predicted_roi,temperature_scaled,18,16,2,0.8888888888888888,1.0,0.75,1.0,0.75,0.1111111111111111,0.0625,0.008072916666666666,0.022971132897603483,0.8333333333333334,0.8125,0.625,1.0,16,6,10,0.15,0.9833333333333334,0.9761904761904762,0.9375,0.9166666666666667,0.8333333333333334,1.0,1.0,0.9090909090909091,0.9090909090909091,0.8703882797784892,0.06041349995224983,0.2028064712438153,10,0,1,5,0.8333333333333334,0.8125,0.625,1.0,15,3,0.022971132897603483,16,0.06041349995224983,0.2028064712438153,0.07407651620393142,0.07543547905541306,0.07407651620393142,0.07543547905541306,10,4,10,16,6,10,3.416447198120429,1.9372773011051865,4.46709062954122,1.7849981003468436,ok_optimizer_warning,3.416447198120429,1.9372773011051865,Discrimination and calibration are conditional on evaluability; failure-inclusive threshold metrics count abstention as failure.,13,0.7222222222222222,0.7777777777777778,correct non-abstained diagnosis and locked GT-localisation criterion,18,16,2,0.8888888888888888,1.0,0.75,1.0,0.75,0.1111111111111111,0.0625,0.008072916666666666,0.022971132897603483,0.8333333333333334,0.8125,0.625,1.0,16,6,10,0.11012368067949294,0.9833333333333334,0.9761904761904762,0.9375,0.9166666666666667,0.8333333333333334,1.0,1.0,0.9090909090909091,0.9090909090909091,0.8703882797784892,0.061814863772897605,0.21772638533096755,10,0,1,5,0.8333333333333334,0.8125,0.625,1.0,15,3,0.022971132897603483,16,0.061814863772897605,0.21772638533096755,0.06529162395792995,0.07370141357101072,0.06529162395792995,0.07370141357101072,10,3,10,16,6,10,3.4164472617572366,1.6082498540045322,4.4670907275415,1.4818337889228619,ok,3.4164472617572366,1.6082498540045322,Discrimination and calibration are conditional on evaluability; failure-inclusive threshold metrics count abstention as failure.,13,0.7222222222222222,0.7777777777777778,correct non-abstained diagnosis and locked GT-localisation criterion,18,16,2,0.8888888888888888,1.0,0.75,1.0,0.75,0.1111111111111111,0.0625,0.008072916666666666,0.022971132897603483,0.8333333333333334,0.8125,0.625,1.0,16,6,10,0.15,0.9833333333333334,0.9761904761904762,0.9375,0.9166666666666667,0.8333333333333334,1.0,1.0,0.9090909090909091,0.9090909090909091,0.8703882797784892,0.06041349995224983,0.2028064712438153,10,0,1,5,0.8333333333333334,0.8125,0.625,1.0,15,3,0.022971132897603483,16,0.06041349995224983,0.2028064712438153,0.07407651620393142,0.07543547905541306,0.07407651620393142,0.07543547905541306,10,4,10,16,6,10,3.416447198120429,1.9372773011051865,4.46709062954122,1.7849981003468436,ok_optimizer_warning,3.416447198120429,1.9372773011051865,Discrimination and calibration are conditional on evaluability; failure-inclusive threshold metrics count abstention as failure.,13,0.7222222222222222,0.7777777777777778,correct non-abstained diagnosis and locked GT-localisation criterion,available
sam2_unet,17,model_specific,primary_estimand,E1_model_specific_strict_roi_system,True,eye,ALL,predicted_roi,temperature_scaled,36,36,0,1.0,1.0,1.0,1.0,1.0,0.0,0.2222222222222222,0.05423901470895501,0.05423901470895501,0.7777777777777778,0.775,0.75,0.8,36,16,20,0.3,0.89375,0.9128646821631878,0.7777777777777778,0.775,0.75,0.8,0.75,0.8,0.75,0.55,0.0996787217222227,0.31836262336269133,16,4,4,12,0.7777777777777778,0.775,0.75,0.8,28,8,0.05423901470895501,36,0.0996787217222227,0.31836262336269133,0.08686390374349541,0.12251948097557062,0.08686390374349541,0.12251948097557062,10,6,10,36,16,20,-0.16363905026566922,0.8277559596092824,0.6552153407331652,0.3180239055442637,ok,-0.16363905026566922,0.8277559596092824,Discrimination and calibration are conditional on evaluability; failure-inclusive threshold metrics count abstention as failure.,28,0.7777777777777778,1.0,correct non-abstained diagnosis and locked GT-localisation criterion,36,36,0,1.0,1.0,1.0,1.0,1.0,0.0,0.2222222222222222,0.07245161144364422,0.07245161144364422,0.7777777777777778,0.775,0.75,0.8,36,16,20,0.2114227649868788,0.89375,0.9128646821631878,0.7777777777777778,0.775,0.75,0.8,0.75,0.8,0.75,0.55,0.1051438638656846,0.368966522643278,16,4,4,12,0.7777777777777778,0.775,0.75,0.8,28,8,0.07245161144364422,36,0.1051438638656846,0.368966522643278,0.11697059545466414,0.1272891372098543,0.11697059545466414,0.1272891372098543,10,6,10,36,16,20,-0.16363905027306064,0.532795136894768,0.655215340733623,0.20469993398787542,ok,-0.16363905027306064,0.532795136894768,Discrimination and calibration are conditional on evaluability; failure-inclusive threshold metrics count abstention as failure.,28,0.7777777777777778,1.0,correct non-abstained diagnosis and locked GT-localisation criterion,36,36,0,1.0,1.0,1.0,1.0,1.0,0.0,0.2222222222222222,0.05423901470895501,0.05423901470895501,0.7777777777777778,0.775,0.75,0.8,36,16,20,0.3,0.89375,0.9128646821631878,0.7777777777777778,0.775,0.75,0.8,0.75,0.8,0.75,0.55,0.0996787217222227,0.31836262336269133,16,4,4,12,0.7777777777777778,0.775,0.75,0.8,28,8,0.05423901470895501,36,0.0996787217222227,0.31836262336269133,0.08686390374349541,0.12251948097557062,0.08686390374349541,0.12251948097557062,10,6,10,36,16,20,-0.16363905026566922,0.8277559596092824,0.6552153407331652,0.3180239055442637,ok,-0.16363905026566922,0.8277559596092824,Discrimination and calibration are conditional on evaluability; failure-inclusive threshold metrics count abstention as failure.,28,0.7777777777777778,1.0,correct non-abstained diagnosis and locked GT-localisation criterion,available
sam2_unet,17,model_specific,primary_estimand,E1_model_specific_strict_roi_system,True,patient,ALL,predicted_roi,temperature_scaled,18,18,0,1.0,1.0,1.0,1.0,1.0,0.0,0.2222222222222222,0.0682206591520317,0.0682206591520317,0.7777777777777778,0.775,0.75,0.8,18,8,10,0.25,0.8875,0.9138888888888889,0.7777777777777778,0.775,0.75,0.8,0.75,0.8,0.75,0.55,0.10054029617836431,0.32302200800777975,8,2,2,6,0.7777777777777778,0.775,0.75,0.8,14,4,0.0682206591520317,18,0.10054029617836431,0.32302200800777975,0.1388012785676042,0.15225651576961954,0.1388012785676042,0.15225651576961954,10,5,10,18,8,10,-0.1437717157239498,0.7247054517573116,0.9656722972846784,0.40969707927243404,ok,-0.1437717157239498,0.7247054517573116,Discrimination and calibration are conditional on evaluability; failure-inclusive threshold metrics count abstention as failure.,14,0.7777777777777778,1.0,correct non-abstained diagnosis and locked GT-localisation criterion,18,18,0,1.0,1.0,1.0,1.0,1.0,0.0,0.2222222222222222,0.08407363333833923,0.08407363333833923,0.7777777777777778,0.775,0.75,0.8,18,8,10,0.19189912524628377,0.8875,0.9138888888888889,0.7777777777777778,0.775,0.75,0.8,0.75,0.8,0.75,0.55,0.10465414783498368,0.3588442069903817,8,2,2,6,0.7777777777777778,0.775,0.75,0.8,14,4,0.08407363333833923,18,0.10465414783498368,0.3588442069903817,0.11697059545466414,0.14411181052370614,0.11697059545466414,0.14411181052370614,10,5,10,18,8,10,-0.14377171326634994,0.5537739948721161,0.9656722974668325,0.3130645531426061,ok_optimizer_warning,-0.14377171326634994,0.5537739948721161,Discrimination and calibration are conditional on evaluability; failure-inclusive threshold metrics count abstention as failure.,14,0.7777777777777778,1.0,correct non-abstained diagnosis and locked GT-localisation criterion,18,18,0,1.0,1.0,1.0,1.0,1.0,0.0,0.2222222222222222,0.0682206591520317,0.0682206591520317,0.7777777777777778,0.775,0.75,0.8,18,8,10,0.25,0.8875,0.9138888888888889,0.7777777777777778,0.775,0.75,0.8,0.75,0.8,0.75,0.55,0.10054029617836431,0.32302200800777975,8,2,2,6,0.7777777777777778,0.775,0.75,0.8,14,4,0.0682206591520317,18,0.10054029617836431,0.32302200800777975,0.1388012785676042,0.15225651576961954,0.1388012785676042,0.15225651576961954,10,5,10,18,8,10,-0.1437717157239498,0.7247054517573116,0.9656722972846784,0.40969707927243404,ok,-0.1437717157239498,0.7247054517573116,Discrimination and calibration are conditional on evaluability; failure-inclusive threshold metrics count abstention as failure.,14,0.7777777777777778,1.0,correct non-abstained diagnosis and locked GT-localisation criterion,available
sam2_unet,42,model_specific,primary_estimand,E1_model_specific_strict_roi_system,True,eye,ALL,predicted_roi,temperature_scaled,36,36,0,1.0,1.0,1.0,1.0,1.0,0.0,0.1111111111111111,0.07596440399093499,0.07596440399093499,0.8888888888888888,0.875,0.75,1.0,36,16,20,0.55,0.909375,0.9193420242493133,0.8888888888888888,0.875,0.75,1.0,1.0,0.8333333333333334,0.8571428571428571,0.7905694150420948,0.10024407759710346,0.3568778885521675,20,0,4,12,0.8888888888888888,0.875,0.75,1.0,32,4,0.07596440399093499,36,0.10024407759710346,0.3568778885521675,0.08102486974203306,0.11425419923244633,0.08102486974203306,0.11425419923244633,10,5,10,36,16,20,0.24105837972133817,0.7585454863940753,0.5855249914045882,0.24062708098136215,ok,0.24105837972133817,0.7585454863940753,Discrimination and calibration are conditional on evaluability; failure-inclusive threshold metrics count abstention as failure.,32,0.8888888888888888,1.0,correct non-abstained diagnosis and locked GT-localisation criterion,36,36,0,1.0,1.0,1.0,1.0,1.0,0.0,0.1111111111111111,0.10446294799177423,0.10446294799177423,0.8888888888888888,0.875,0.75,1.0,36,16,20,0.637778624502691,0.909375,0.9193420242493133,0.8888888888888888,0.875,0.75,1.0,1.0,0.8333333333333334,0.8571428571428571,0.7905694150420948,0.10805172748729006,0.741045628973926,20,0,4,12,0.8888888888888888,0.875,0.75,1.0,32,4,0.10446294799177423,36,0.10805172748729006,0.741045628973926,0.10511129720557778,0.11527911312505006,0.10511129720557778,0.11527911312505006,10,3,10,36,16,20,0.24105837991972365,0.26906178213798865,0.5855249914921815,0.08535223319592211,ok_optimizer_warning,0.24105837991972365,0.26906178213798865,Discrimination and calibration are conditional on evaluability; failure-inclusive threshold metrics count abstention as failure.,32,0.8888888888888888,1.0,correct non-abstained diagnosis and locked GT-localisation criterion,36,36,0,1.0,1.0,1.0,1.0,1.0,0.0,0.1111111111111111,0.07596440399093499,0.07596440399093499,0.8888888888888888,0.875,0.75,1.0,36,16,20,0.55,0.909375,0.9193420242493133,0.8888888888888888,0.875,0.75,1.0,1.0,0.8333333333333334,0.8571428571428571,0.7905694150420948,0.10024407759710346,0.3568778885521675,20,0,4,12,0.8888888888888888,0.875,0.75,1.0,32,4,0.07596440399093499,36,0.10024407759710346,0.3568778885521675,0.08102486974203306,0.11425419923244633,0.08102486974203306,0.11425419923244633,10,5,10,36,16,20,0.24105837972133817,0.7585454863940753,0.5855249914045882,0.24062708098136215,ok,0.24105837972133817,0.7585454863940753,Discrimination and calibration are conditional on evaluability; failure-inclusive threshold metrics count abstention as failure.,32,0.8888888888888888,1.0,correct non-abstained diagnosis and locked GT-localisation criterion,available
sam2_unet,42,model_specific,primary_estimand,E1_model_specific_strict_roi_system,True,patient,ALL,predicted_roi,temperature_scaled,18,18,0,1.0,1.0,1.0,1.0,1.0,0.0,0.1111111111111111,0.043900280910084834,0.043900280910084834,0.8888888888888888,0.875,0.75,1.0,18,8,10,0.25,0.8875,0.9064685314685315,0.8888888888888888,0.875,0.75,1.0,1.0,0.8333333333333334,0.8571428571428571,0.7905694150420948,0.11042591764316884,1.1250663149221412,10,0,2,6,0.8888888888888888,0.875,0.75,1.0,16,2,0.043900280910084834,18,0.11042591764316884,1.1250663149221412,0.10800343666899237,0.11344372292508813,0.10800343666899237,0.11344372292508813,10,2,10,18,8,10,0.20250609289875005,0.18413386601174941,0.7806228871903076,0.08070950831659966,ok,0.20250609289875005,0.18413386601174941,Discrimination and calibration are conditional on evaluability; failure-inclusive threshold metrics count abstention as failure.,16,0.8888888888888888,1.0,correct non-abstained diagnosis and locked GT-localisation criterion,18,18,0,1.0,1.0,1.0,1.0,1.0,0.0,0.1111111111111111,0.043900280910084834,0.043900280910084834,0.8888888888888888,0.875,0.75,1.0,18,8,10,0.3305740689767543,0.8875,0.9064685314685315,0.8888888888888888,0.875,0.75,1.0,1.0,0.8333333333333334,0.8571428571428571,0.7905694150420948,0.10766199373750951,0.7357963526190894,10,0,2,6,0.8888888888888888,0.875,0.75,1.0,16,2,0.043900280910084834,18,0.10766199373750951,0.7357963526190894,0.09642922985778574,0.12088170957487354,0.09642922985778574,0.12088170957487354,10,2,10,18,8,10,0.17230281292805705,0.27801454826427235,0.7838182804325634,0.12376673367067531,ok,0.17230281292805705,0.27801454826427235,Discrimination and calibration are conditional on evaluability; failure-inclusive threshold metrics count abstention as failure.,16,0.8888888888888888,1.0,correct non-abstained diagnosis and locked GT-localisation criterion,18,18,0,1.0,1.0,1.0,1.0,1.0,0.0,0.1111111111111111,0.043900280910084834,0.043900280910084834,0.8888888888888888,0.875,0.75,1.0,18,8,10,0.25,0.8875,0.9064685314685315,0.8888888888888888,0.875,0.75,1.0,1.0,0.8333333333333334,0.8571428571428571,0.7905694150420948,0.11042591764316884,1.1250663149221412,10,0,2,6,0.8888888888888888,0.875,0.75,1.0,16,2,0.043900280910084834,18,0.11042591764316884,1.1250663149221412,0.10800343666899237,0.11344372292508813,0.10800343666899237,0.11344372292508813,10,2,10,18,8,10,0.20250609289875005,0.18413386601174941,0.7806228871903076,0.08070950831659966,ok,0.20250609289875005,0.18413386601174941,Discrimination and calibration are conditional on evaluability; failure-inclusive threshold metrics count abstention as failure.,16,0.8888888888888888,1.0,correct non-abstained diagnosis and locked GT-localisation criterion,available
sam2_unet,2026,model_specific,primary_estimand,E1_model_specific_strict_roi_system,True,eye,ALL,predicted_roi,temperature_scaled,36,36,0,1.0,1.0,1.0,1.0,1.0,0.0,0.1111111111111111,0.05682767984343497,0.05682767984343497,0.8888888888888888,0.89375,0.9375,0.85,36,16,20,0.3,0.9781249999999999,0.9790482954545454,0.8888888888888888,0.89375,0.9375,0.85,0.8333333333333334,0.9444444444444444,0.8823529411764706,0.7826237921249264,0.07265742688829023,0.286145608594582,17,3,1,15,0.8888888888888888,0.89375,0.9375,0.85,32,4,0.05682767984343497,36,0.07265742688829023,0.286145608594582,0.1657722302481301,0.1657722302481301,0.1657722302481301,0.1657722302481301,10,4,10,36,16,20,0.3237983343493947,3.1200749933172274,1.453434843335701,1.7466493017231006,ok,0.3237983343493947,3.1200749933172274,Discrimination and calibration are conditional on evaluability; failure-inclusive threshold metrics count abstention as failure.,32,0.8888888888888888,1.0,correct non-abstained diagnosis and locked GT-localisation criterion,36,36,0,1.0,1.0,1.0,1.0,1.0,0.0,0.1111111111111111,0.07133049303638775,0.07133049303638775,0.8888888888888888,0.89375,0.9375,0.85,36,16,20,0.0016406809714302438,0.9781249999999999,0.9790482954545454,0.8888888888888888,0.89375,0.9375,0.85,0.8333333333333334,0.9444444444444444,0.8823529411764706,0.7826237921249264,0.05380473137028159,0.29001970302789304,17,3,1,15,0.8888888888888888,0.89375,0.9375,0.85,32,4,0.07133049303638775,36,0.05380473137028159,0.29001970302789304,0.05960404171569928,0.04789129804995023,0.05960404171569928,0.04789129804995023,10,3,10,36,16,20,0.32379834023722615,0.41235877394559267,1.453434846340189,0.23084258129825433,ok_optimizer_warning,0.32379834023722615,0.41235877394559267,Discrimination and calibration are conditional on evaluability; failure-inclusive threshold metrics count abstention as failure.,32,0.8888888888888888,1.0,correct non-abstained diagnosis and locked GT-localisation criterion,36,36,0,1.0,1.0,1.0,1.0,1.0,0.0,0.1111111111111111,0.05682767984343497,0.05682767984343497,0.8888888888888888,0.89375,0.9375,0.85,36,16,20,0.3,0.9781249999999999,0.9790482954545454,0.8888888888888888,0.89375,0.9375,0.85,0.8333333333333334,0.9444444444444444,0.8823529411764706,0.7826237921249264,0.07265742688829023,0.286145608594582,17,3,1,15,0.8888888888888888,0.89375,0.9375,0.85,32,4,0.05682767984343497,36,0.07265742688829023,0.286145608594582,0.1657722302481301,0.1657722302481301,0.1657722302481301,0.1657722302481301,10,4,10,36,16,20,0.3237983343493947,3.1200749933172274,1.453434843335701,1.7466493017231006,ok,0.3237983343493947,3.1200749933172274,Discrimination and calibration are conditional on evaluability; failure-inclusive threshold metrics count abstention as failure.,32,0.8888888888888888,1.0,correct non-abstained diagnosis and locked GT-localisation criterion,available
sam2_unet,2026,model_specific,primary_estimand,E1_model_specific_strict_roi_system,True,patient,ALL,predicted_roi,temperature_scaled,18,18,0,1.0,1.0,1.0,1.0,1.0,0.0,0.1111111111111111,0.020584993256561882,0.020584993256561882,0.8888888888888888,0.9,1.0,0.8,18,8,10,0.3,0.9875,0.9861111111111112,0.8888888888888888,0.9,1.0,0.8,0.8,1.0,0.8888888888888888,0.8,0.054636677418068415,0.21848984021128431,8,2,0,8,0.8888888888888888,0.9,1.0,0.8,16,2,0.020584993256561882,18,0.054636677418068415,0.21848984021128431,0.14319370765584255,0.137289456355366,0.14319370765584255,0.137289456355366,10,5,10,18,8,10,1.2360167702661207,3.6697069797287023,2.626301879338931,3.2496164664037726,ok,1.2360167702661207,3.6697069797287023,Discrimination and calibration are conditional on evaluability; failure-inclusive threshold metrics count abstention as failure.,16,0.8888888888888888,1.0,correct non-abstained diagnosis and locked GT-localisation criterion,18,18,0,1.0,1.0,1.0,1.0,1.0,0.0,0.1111111111111111,0.05321147171637367,0.05321147171637367,0.8888888888888888,0.9,1.0,0.8,18,8,10,0.01090317982874347,0.9875,0.9861111111111112,0.8888888888888888,0.9,1.0,0.8,0.8,1.0,0.8888888888888888,0.8,0.0529248247394612,0.1998541763020097,8,2,0,8,0.8888888888888888,0.9,1.0,0.8,16,2,0.05321147171637367,18,0.0529248247394612,0.1998541763020097,0.05966230045244932,0.060293438009524386,0.05966230045244932,0.060293438009524386,10,3,10,18,8,10,1.2360167737210068,0.6897772337635306,2.6263018802359515,0.6108148331022736,ok,1.2360167737210068,0.6897772337635306,Discrimination and calibration are conditional on evaluability; failure-inclusive threshold metrics count abstention as failure.,16,0.8888888888888888,1.0,correct non-abstained diagnosis and locked GT-localisation criterion,18,18,0,1.0,1.0,1.0,1.0,1.0,0.0,0.1111111111111111,0.020584993256561882,0.020584993256561882,0.8888888888888888,0.9,1.0,0.8,18,8,10,0.3,0.9875,0.9861111111111112,0.8888888888888888,0.9,1.0,0.8,0.8,1.0,0.8888888888888888,0.8,0.054636677418068415,0.21848984021128431,8,2,0,8,0.8888888888888888,0.9,1.0,0.8,16,2,0.020584993256561882,18,0.054636677418068415,0.21848984021128431,0.14319370765584255,0.137289456355366,0.14319370765584255,0.137289456355366,10,5,10,18,8,10,1.2360167702661207,3.6697069797287023,2.626301879338931,3.2496164664037726,ok,1.2360167702661207,3.6697069797287023,Discrimination and calibration are conditional on evaluability; failure-inclusive threshold metrics count abstention as failure.,16,0.8888888888888888,1.0,correct non-abstained diagnosis and locked GT-localisation criterion,available
sam2_unet,3407,model_specific,primary_estimand,E1_model_specific_strict_roi_system,True,eye,ALL,predicted_roi,temperature_scaled,36,36,0,1.0,1.0,1.0,1.0,1.0,0.0,0.19444444444444445,0.1349881796973465,0.1349881796973465,0.8055555555555556,0.79375,0.6875,0.9,36,16,20,0.9,0.8625,0.8844207875457876,0.8055555555555556,0.79375,0.6875,0.9,0.8461538461538461,0.782608695652174,0.7586206896551724,0.6077812051314493,0.209282446859932,0.6019409623252785,18,2,5,11,0.8055555555555556,0.79375,0.6875,0.9,29,7,0.1349881796973465,36,0.209282446859932,0.6019409623252785,0.19214021234388903,0.23519704591628166,0.19214021234388903,0.23519704591628166,10,10,10,36,16,20,-1.2641098313427144,0.8360031738106937,0.5590039007894355,0.2553921476253155,ok,-1.2641098313427144,0.8360031738106937,Discrimination and calibration are conditional on evaluability; failure-inclusive threshold metrics count abstention as failure.,28,0.7777777777777778,0.9722222222222222,correct non-abstained diagnosis and locked GT-localisation criterion,36,36,0,1.0,1.0,1.0,1.0,1.0,0.0,0.19444444444444445,0.1388111429606397,0.1388111429606397,0.8055555555555556,0.79375,0.6875,0.9,36,16,20,0.9932504819105744,0.8625,0.8844207875457876,0.8055555555555556,0.79375,0.6875,0.9,0.8461538461538461,0.782608695652174,0.7586206896551724,0.6077812051314493,0.2579009122530999,0.961591776387843,18,2,5,11,0.8055555555555556,0.79375,0.6875,0.9,29,7,0.1388111429606397,36,0.2579009122530999,0.961591776387843,0.2552752988690155,0.2520086901421319,0.2552752988690155,0.2520086901421319,10,8,10,36,16,20,-1.2641098310872259,0.3680020811111615,0.5590039007247012,0.11242163280594884,ok_optimizer_warning,-1.2641098310872259,0.3680020811111615,Discrimination and calibration are conditional on evaluability; failure-inclusive threshold metrics count abstention as failure.,28,0.7777777777777778,0.9722222222222222,correct non-abstained diagnosis and locked GT-localisation criterion,36,36,0,1.0,1.0,1.0,1.0,1.0,0.0,0.19444444444444445,0.1349881796973465,0.1349881796973465,0.8055555555555556,0.79375,0.6875,0.9,36,16,20,0.9,0.8625,0.8844207875457876,0.8055555555555556,0.79375,0.6875,0.9,0.8461538461538461,0.782608695652174,0.7586206896551724,0.6077812051314493,0.209282446859932,0.6019409623252785,18,2,5,11,0.8055555555555556,0.79375,0.6875,0.9,29,7,0.1349881796973465,36,0.209282446859932,0.6019409623252785,0.19214021234388903,0.23519704591628166,0.19214021234388903,0.23519704591628166,10,10,10,36,16,20,-1.2641098313427144,0.8360031738106937,0.5590039007894355,0.2553921476253155,ok,-1.2641098313427144,0.8360031738106937,Discrimination and calibration are conditional on evaluability; failure-inclusive threshold metrics count abstention as failure.,28,0.7777777777777778,0.9722222222222222,correct non-abstained diagnosis and locked GT-localisation criterion,available
sam2_unet,3407,model_specific,primary_estimand,E1_model_specific_strict_roi_system,True,patient,ALL,predicted_roi,temperature_scaled,18,18,0,1.0,1.0,1.0,1.0,1.0,0.0,0.1111111111111111,0.14575274942922,0.14575274942922,0.8888888888888888,0.875,0.75,1.0,18,8,10,0.85,0.85,0.8887362637362637,0.8888888888888888,0.875,0.75,1.0,1.0,0.8333333333333334,0.8571428571428571,0.7905694150420948,0.1917668316426688,0.5183973734387844,10,0,2,6,0.8888888888888888,0.875,0.75,1.0,16,2,0.14575274942922,18,0.1917668316426688,0.5183973734387844,0.23086289081787642,0.32328671176558404,0.23086289081787642,0.32328671176558404,10,8,10,18,8,10,-1.4008421171758025,0.8864578567604465,0.8041250419186547,0.3914517906474317,ok,-1.4008421171758025,0.8864578567604465,Discrimination and calibration are conditional on evaluability; failure-inclusive threshold metrics count abstention as failure.,15,0.8333333333333334,0.9444444444444444,correct non-abstained diagnosis and locked GT-localisation criterion,18,18,0,1.0,1.0,1.0,1.0,1.0,0.0,0.1111111111111111,0.14575274942922,0.14575274942922,0.8888888888888888,0.875,0.75,1.0,18,8,10,0.9458411817086073,0.85,0.8887362637362637,0.8888888888888888,0.875,0.75,1.0,1.0,0.8333333333333334,0.8571428571428571,0.7905694150420948,0.2245539170038209,0.6246227314922498,10,0,2,6,0.8888888888888888,0.875,0.75,1.0,16,2,0.14575274942922,18,0.2245539170038209,0.6246227314922498,0.24313748530149168,0.3260024757446012,0.24313748530149168,0.3260024757446012,10,7,10,18,8,10,-1.400842133705846,0.5376111934670246,0.8041250453650615,0.23740425130936693,ok_optimizer_warning,-1.400842133705846,0.5376111934670246,Discrimination and calibration are conditional on evaluability; failure-inclusive threshold metrics count abstention as failure.,15,0.8333333333333334,0.9444444444444444,correct non-abstained diagnosis and locked GT-localisation criterion,18,18,0,1.0,1.0,1.0,1.0,1.0,0.0,0.1111111111111111,0.14575274942922,0.14575274942922,0.8888888888888888,0.875,0.75,1.0,18,8,10,0.85,0.85,0.8887362637362637,0.8888888888888888,0.875,0.75,1.0,1.0,0.8333333333333334,0.8571428571428571,0.7905694150420948,0.1917668316426688,0.5183973734387844,10,0,2,6,0.8888888888888888,0.875,0.75,1.0,16,2,0.14575274942922,18,0.1917668316426688,0.5183973734387844,0.23086289081787642,0.32328671176558404,0.23086289081787642,0.32328671176558404,10,8,10,18,8,10,-1.4008421171758025,0.8864578567604465,0.8041250419186547,0.3914517906474317,ok,-1.4008421171758025,0.8864578567604465,Discrimination and calibration are conditional on evaluability; failure-inclusive threshold metrics count abstention as failure.,15,0.8333333333333334,0.9444444444444444,correct non-abstained diagnosis and locked GT-localisation criterion,available
sam2_unet,9103,model_specific,primary_estimand,E1_model_specific_strict_roi_system,True,eye,ALL,predicted_roi,temperature_scaled,36,36,0,1.0,1.0,1.0,1.0,1.0,0.0,0.25,0.09559222130280393,0.09559222130280393,0.75,0.7625,0.875,0.65,36,16,20,0.2,0.95,0.957427536231884,0.75,0.7625,0.875,0.65,0.6666666666666666,0.8666666666666667,0.7567567567567568,0.5291502622129182,0.1138606258725779,0.3603262959218516,13,7,2,14,0.75,0.7625,0.875,0.65,27,9,0.09559222130280393,36,0.1138606258725779,0.3603262959218516,0.15653182541410768,0.14406968504030565,0.15653182541410768,0.14406968504030565,10,7,10,36,16,20,-1.6167879630572524,0.3971585531136757,0.705854524208504,0.132906015926308,ok,-1.6167879630572524,0.3971585531136757,Discrimination and calibration are conditional on evaluability; failure-inclusive threshold metrics count abstention as failure.,27,0.75,1.0,correct non-abstained diagnosis and locked GT-localisation criterion,36,36,0,1.0,1.0,1.0,1.0,1.0,0.0,0.25,0.09046510659996239,0.09046510659996239,0.75,0.7625,0.875,0.65,36,16,20,0.3799384815749349,0.95,0.957427536231884,0.75,0.7625,0.875,0.65,0.6666666666666666,0.8666666666666667,0.7567567567567568,0.5291502622129182,0.10395009014924655,0.31889106970818687,13,7,2,14,0.75,0.7625,0.875,0.65,27,9,0.09046510659996239,36,0.10395009014924655,0.31889106970818687,0.15294527759154636,0.18339469768698255,0.15294527759154636,0.18339469768698255,10,8,10,36,16,20,-1.6167879630567465,1.1240672837646621,0.7058545242076825,0.3761603600039643,ok,-1.6167879630567465,1.1240672837646621,Discrimination and calibration are conditional on evaluability; failure-inclusive threshold metrics count abstention as failure.,27,0.75,1.0,correct non-abstained diagnosis and locked GT-localisation criterion,36,36,0,1.0,1.0,1.0,1.0,1.0,0.0,0.25,0.09559222130280393,0.09559222130280393,0.75,0.7625,0.875,0.65,36,16,20,0.2,0.95,0.957427536231884,0.75,0.7625,0.875,0.65,0.6666666666666666,0.8666666666666667,0.7567567567567568,0.5291502622129182,0.1138606258725779,0.3603262959218516,13,7,2,14,0.75,0.7625,0.875,0.65,27,9,0.09559222130280393,36,0.1138606258725779,0.3603262959218516,0.15653182541410768,0.14406968504030565,0.15653182541410768,0.14406968504030565,10,7,10,36,16,20,-1.6167879630572524,0.3971585531136757,0.705854524208504,0.132906015926308,ok,-1.6167879630572524,0.3971585531136757,Discrimination and calibration are conditional on evaluability; failure-inclusive threshold metrics count abstention as failure.,27,0.75,1.0,correct non-abstained diagnosis and locked GT-localisation criterion,available
sam2_unet,9103,model_specific,primary_estimand,E1_model_specific_strict_roi_system,True,patient,ALL,predicted_roi,temperature_scaled,18,18,0,1.0,1.0,1.0,1.0,1.0,0.0,0.2222222222222222,0.13666782110409562,0.13666782110409562,0.7777777777777778,0.7875,0.875,0.7,18,8,10,0.15,0.95,0.9583333333333333,0.7777777777777778,0.7875,0.875,0.7,0.7,0.875,0.7777777777777778,0.575,0.09629984804436496,0.2832384501090091,7,3,1,7,0.7777777777777778,0.7875,0.875,0.7,14,4,0.13666782110409562,18,0.09629984804436496,0.2832384501090091,0.14531152619108328,0.14531115283154428,0.14531152619108328,0.14531115283154428,10,6,10,18,8,10,-1.5182744425708128,0.42538926539050453,1.0078257655261074,0.23942493953236924,ok_optimizer_warning,-1.5182744425708128,0.42538926539050453,Discrimination and calibration are conditional on evaluability; failure-inclusive threshold metrics count abstention as failure.,14,0.7777777777777778,1.0,correct non-abstained diagnosis and locked GT-localisation criterion,18,18,0,1.0,1.0,1.0,1.0,1.0,0.0,0.2222222222222222,0.1070175331204743,0.1070175331204743,0.7777777777777778,0.7875,0.875,0.7,18,8,10,0.35543952185654415,0.95,0.9583333333333333,0.7777777777777778,0.7875,0.875,0.7,0.7,0.875,0.7777777777777778,0.575,0.09730800953690139,0.3057057944660506,7,3,1,7,0.7777777777777778,0.7875,0.875,0.7,14,4,0.1070175331204743,18,0.09730800953690139,0.3057057944660506,0.15573228682790483,0.18953538461337016,0.15573228682790483,0.18953538461337016,10,5,10,18,8,10,-1.5185000918237743,1.2392434670357944,1.007843571751964,0.6977888864669326,ok,-1.5185000918237743,1.2392434670357944,Discrimination and calibration are conditional on evaluability; failure-inclusive threshold metrics count abstention as failure.,14,0.7777777777777778,1.0,correct non-abstained diagnosis and locked GT-localisation criterion,18,18,0,1.0,1.0,1.0,1.0,1.0,0.0,0.2222222222222222,0.13666782110409562,0.13666782110409562,0.7777777777777778,0.7875,0.875,0.7,18,8,10,0.15,0.95,0.9583333333333333,0.7777777777777778,0.7875,0.875,0.7,0.7,0.875,0.7777777777777778,0.575,0.09629984804436496,0.2832384501090091,7,3,1,7,0.7777777777777778,0.7875,0.875,0.7,14,4,0.13666782110409562,18,0.09629984804436496,0.2832384501090091,0.14531152619108328,0.14531115283154428,0.14531152619108328,0.14531115283154428,10,6,10,18,8,10,-1.5182744425708128,0.42538926539050453,1.0078257655261074,0.23942493953236924,ok_optimizer_warning,-1.5182744425708128,0.42538926539050453,Discrimination and calibration are conditional on evaluability; failure-inclusive threshold metrics count abstention as failure.,14,0.7777777777777778,1.0,correct non-abstained diagnosis and locked GT-localisation criterion,available
