task,model,seed,class,curve,point,x,y
binary,yolo26,17,Abnormal,ROC,0,0.0,0.0
binary,yolo26,17,Abnormal,ROC,1,0.0,0.06666666666666667
binary,yolo26,17,Abnormal,ROC,2,0.0,0.7333333333333333
binary,yolo26,17,Abnormal,ROC,3,0.4,0.7333333333333333
binary,yolo26,17,Abnormal,ROC,4,0.4,0.8666666666666667
binary,yolo26,17,Abnormal,ROC,5,0.45,0.8666666666666667
binary,yolo26,17,Abnormal,ROC,6,0.45,0.9333333333333333
binary,yolo26,17,Abnormal,ROC,7,0.5,0.9333333333333333
binary,yolo26,17,Abnormal,ROC,8,0.5,1.0
binary,yolo26,17,Abnormal,ROC,9,1.0,1.0
binary,yolo26,17,Abnormal,PR,0,1.0,0.42857142857142855
binary,yolo26,17,Abnormal,PR,1,1.0,0.4411764705882353
binary,yolo26,17,Abnormal,PR,2,1.0,0.45454545454545453
binary,yolo26,17,Abnormal,PR,3,1.0,0.46875
binary,yolo26,17,Abnormal,PR,4,1.0,0.4838709677419355
binary,yolo26,17,Abnormal,PR,5,1.0,0.5
binary,yolo26,17,Abnormal,PR,6,1.0,0.5172413793103449
binary,yolo26,17,Abnormal,PR,7,1.0,0.5357142857142857
binary,yolo26,17,Abnormal,PR,8,1.0,0.5555555555555556
binary,yolo26,17,Abnormal,PR,9,1.0,0.5769230769230769
binary,yolo26,17,Abnormal,PR,10,1.0,0.6
binary,yolo26,17,Abnormal,PR,11,0.9333333333333333,0.5833333333333334
binary,yolo26,17,Abnormal,PR,12,0.9333333333333333,0.6086956521739131
binary,yolo26,17,Abnormal,PR,13,0.8666666666666667,0.5909090909090909
binary,yolo26,17,Abnormal,PR,14,0.8666666666666667,0.6190476190476191
binary,yolo26,17,Abnormal,PR,15,0.8,0.6
binary,yolo26,17,Abnormal,PR,16,0.7333333333333333,0.5789473684210527
binary,yolo26,17,Abnormal,PR,17,0.7333333333333333,0.6111111111111112
binary,yolo26,17,Abnormal,PR,18,0.7333333333333333,0.6470588235294118
binary,yolo26,17,Abnormal,PR,19,0.7333333333333333,0.6875
binary,yolo26,17,Abnormal,PR,20,0.7333333333333333,0.7333333333333333
binary,yolo26,17,Abnormal,PR,21,0.7333333333333333,0.7857142857142857
binary,yolo26,17,Abnormal,PR,22,0.7333333333333333,0.8461538461538461
binary,yolo26,17,Abnormal,PR,23,0.7333333333333333,0.9166666666666666
binary,yolo26,17,Abnormal,PR,24,0.7333333333333333,1.0
binary,yolo26,17,Abnormal,PR,25,0.6666666666666666,1.0
binary,yolo26,17,Abnormal,PR,26,0.6,1.0
binary,yolo26,17,Abnormal,PR,27,0.5333333333333333,1.0
binary,yolo26,17,Abnormal,PR,28,0.4666666666666667,1.0
binary,yolo26,17,Abnormal,PR,29,0.4,1.0
binary,yolo26,17,Abnormal,PR,30,0.3333333333333333,1.0
binary,yolo26,17,Abnormal,PR,31,0.26666666666666666,1.0
binary,yolo26,17,Abnormal,PR,32,0.2,1.0
binary,yolo26,17,Abnormal,PR,33,0.13333333333333333,1.0
binary,yolo26,17,Abnormal,PR,34,0.06666666666666667,1.0
binary,yolo26,17,Abnormal,PR,35,0.0,1.0
binary,yolo26,42,Abnormal,ROC,0,0.0,0.0
binary,yolo26,42,Abnormal,ROC,1,0.0,0.0625
binary,yolo26,42,Abnormal,ROC,2,0.0,0.875
binary,yolo26,42,Abnormal,ROC,3,0.35,0.875
binary,yolo26,42,Abnormal,ROC,4,0.35,0.9375
binary,yolo26,42,Abnormal,ROC,5,0.55,0.9375
binary,yolo26,42,Abnormal,ROC,6,0.55,1.0
binary,yolo26,42,Abnormal,ROC,7,1.0,1.0
binary,yolo26,42,Abnormal,PR,0,1.0,0.4444444444444444
binary,yolo26,42,Abnormal,PR,1,1.0,0.45714285714285713
binary,yolo26,42,Abnormal,PR,2,1.0,0.47058823529411764
binary,yolo26,42,Abnormal,PR,3,1.0,0.48484848484848486
binary,yolo26,42,Abnormal,PR,4,1.0,0.5
binary,yolo26,42,Abnormal,PR,5,1.0,0.5161290322580645
binary,yolo26,42,Abnormal,PR,6,1.0,0.5333333333333333
binary,yolo26,42,Abnormal,PR,7,1.0,0.5517241379310345
binary,yolo26,42,Abnormal,PR,8,1.0,0.5714285714285714
binary,yolo26,42,Abnormal,PR,9,1.0,0.5925925925925926
binary,yolo26,42,Abnormal,PR,10,0.9375,0.5769230769230769
binary,yolo26,42,Abnormal,PR,11,0.9375,0.6
binary,yolo26,42,Abnormal,PR,12,0.9375,0.625
binary,yolo26,42,Abnormal,PR,13,0.9375,0.6521739130434783
binary,yolo26,42,Abnormal,PR,14,0.9375,0.6818181818181818
binary,yolo26,42,Abnormal,PR,15,0.875,0.6666666666666666
binary,yolo26,42,Abnormal,PR,16,0.875,0.7
binary,yolo26,42,Abnormal,PR,17,0.875,0.7368421052631579
binary,yolo26,42,Abnormal,PR,18,0.875,0.7777777777777778
binary,yolo26,42,Abnormal,PR,19,0.875,0.8235294117647058
binary,yolo26,42,Abnormal,PR,20,0.875,0.875
binary,yolo26,42,Abnormal,PR,21,0.875,0.9333333333333333
binary,yolo26,42,Abnormal,PR,22,0.875,1.0
binary,yolo26,42,Abnormal,PR,23,0.8125,1.0
binary,yolo26,42,Abnormal,PR,24,0.75,1.0
binary,yolo26,42,Abnormal,PR,25,0.6875,1.0
binary,yolo26,42,Abnormal,PR,26,0.625,1.0
binary,yolo26,42,Abnormal,PR,27,0.5625,1.0
binary,yolo26,42,Abnormal,PR,28,0.5,1.0
binary,yolo26,42,Abnormal,PR,29,0.4375,1.0
binary,yolo26,42,Abnormal,PR,30,0.375,1.0
binary,yolo26,42,Abnormal,PR,31,0.3125,1.0
binary,yolo26,42,Abnormal,PR,32,0.25,1.0
binary,yolo26,42,Abnormal,PR,33,0.1875,1.0
binary,yolo26,42,Abnormal,PR,34,0.125,1.0
binary,yolo26,42,Abnormal,PR,35,0.0625,1.0
binary,yolo26,42,Abnormal,PR,36,0.0,1.0
binary,yolo26,2026,Abnormal,ROC,0,0.0,0.0
binary,yolo26,2026,Abnormal,ROC,1,0.0,0.07692307692307693
binary,yolo26,2026,Abnormal,ROC,2,0.0,0.8461538461538461
binary,yolo26,2026,Abnormal,ROC,3,0.7647058823529411,0.8461538461538461
binary,yolo26,2026,Abnormal,ROC,4,0.7647058823529411,0.9230769230769231
binary,yolo26,2026,Abnormal,ROC,5,0.8235294117647058,0.9230769230769231
binary,yolo26,2026,Abnormal,ROC,6,0.8235294117647058,1.0
binary,yolo26,2026,Abnormal,ROC,7,1.0,1.0
binary,yolo26,2026,Abnormal,PR,0,1.0,0.43333333333333335
binary,yolo26,2026,Abnormal,PR,1,1.0,0.4482758620689655
binary,yolo26,2026,Abnormal,PR,2,1.0,0.4642857142857143
binary,yolo26,2026,Abnormal,PR,3,1.0,0.48148148148148145
binary,yolo26,2026,Abnormal,PR,4,0.9230769230769231,0.46153846153846156
binary,yolo26,2026,Abnormal,PR,5,0.9230769230769231,0.48
binary,yolo26,2026,Abnormal,PR,6,0.8461538461538461,0.4583333333333333
binary,yolo26,2026,Abnormal,PR,7,0.8461538461538461,0.4782608695652174
binary,yolo26,2026,Abnormal,PR,8,0.8461538461538461,0.5
binary,yolo26,2026,Abnormal,PR,9,0.8461538461538461,0.5238095238095238
binary,yolo26,2026,Abnormal,PR,10,0.8461538461538461,0.55
binary,yolo26,2026,Abnormal,PR,11,0.8461538461538461,0.5789473684210527
binary,yolo26,2026,Abnormal,PR,12,0.8461538461538461,0.6111111111111112
binary,yolo26,2026,Abnormal,PR,13,0.8461538461538461,0.6470588235294118
binary,yolo26,2026,Abnormal,PR,14,0.8461538461538461,0.6875
binary,yolo26,2026,Abnormal,PR,15,0.8461538461538461,0.7333333333333333
binary,yolo26,2026,Abnormal,PR,16,0.8461538461538461,0.7857142857142857
binary,yolo26,2026,Abnormal,PR,17,0.8461538461538461,0.8461538461538461
binary,yolo26,2026,Abnormal,PR,18,0.8461538461538461,0.9166666666666666
binary,yolo26,2026,Abnormal,PR,19,0.8461538461538461,1.0
binary,yolo26,2026,Abnormal,PR,20,0.7692307692307693,1.0
binary,yolo26,2026,Abnormal,PR,21,0.6923076923076923,1.0
binary,yolo26,2026,Abnormal,PR,22,0.6153846153846154,1.0
binary,yolo26,2026,Abnormal,PR,23,0.5384615384615384,1.0
binary,yolo26,2026,Abnormal,PR,24,0.46153846153846156,1.0
binary,yolo26,2026,Abnormal,PR,25,0.38461538461538464,1.0
binary,yolo26,2026,Abnormal,PR,26,0.3076923076923077,1.0
binary,yolo26,2026,Abnormal,PR,27,0.23076923076923078,1.0
binary,yolo26,2026,Abnormal,PR,28,0.15384615384615385,1.0
binary,yolo26,2026,Abnormal,PR,29,0.07692307692307693,1.0
binary,yolo26,2026,Abnormal,PR,30,0.0,1.0
binary,yolo26,3407,Abnormal,ROC,0,0.0,0.0
binary,yolo26,3407,Abnormal,ROC,1,0.0,0.07142857142857142
binary,yolo26,3407,Abnormal,ROC,2,0.0,0.21428571428571427
binary,yolo26,3407,Abnormal,ROC,3,0.0,0.35714285714285715
binary,yolo26,3407,Abnormal,ROC,4,0.0,0.7142857142857143
binary,yolo26,3407,Abnormal,ROC,5,0.5,0.7142857142857143
binary,yolo26,3407,Abnormal,ROC,6,0.5,0.8571428571428571
binary,yolo26,3407,Abnormal,ROC,7,0.7,0.8571428571428571
binary,yolo26,3407,Abnormal,ROC,8,0.7,0.9285714285714286
binary,yolo26,3407,Abnormal,ROC,9,0.75,0.9285714285714286
binary,yolo26,3407,Abnormal,ROC,10,0.75,1.0
binary,yolo26,3407,Abnormal,ROC,11,1.0,1.0
binary,yolo26,3407,Abnormal,PR,0,1.0,0.4117647058823529
binary,yolo26,3407,Abnormal,PR,1,1.0,0.42424242424242425
binary,yolo26,3407,Abnormal,PR,2,1.0,0.4375
binary,yolo26,3407,Abnormal,PR,3,1.0,0.45161290322580644
binary,yolo26,3407,Abnormal,PR,4,1.0,0.4666666666666667
binary,yolo26,3407,Abnormal,PR,5,1.0,0.4827586206896552
binary,yolo26,3407,Abnormal,PR,6,0.9285714285714286,0.4642857142857143
binary,yolo26,3407,Abnormal,PR,7,0.9285714285714286,0.48148148148148145
binary,yolo26,3407,Abnormal,PR,8,0.8571428571428571,0.46153846153846156
binary,yolo26,3407,Abnormal,PR,9,0.8571428571428571,0.48
binary,yolo26,3407,Abnormal,PR,10,0.8571428571428571,0.5
binary,yolo26,3407,Abnormal,PR,11,0.8571428571428571,0.5217391304347826
binary,yolo26,3407,Abnormal,PR,12,0.8571428571428571,0.5454545454545454
binary,yolo26,3407,Abnormal,PR,13,0.7857142857142857,0.5238095238095238
binary,yolo26,3407,Abnormal,PR,14,0.7142857142857143,0.5
binary,yolo26,3407,Abnormal,PR,15,0.7142857142857143,0.5263157894736842
binary,yolo26,3407,Abnormal,PR,16,0.7142857142857143,0.5555555555555556
binary,yolo26,3407,Abnormal,PR,17,0.7142857142857143,0.5882352941176471
binary,yolo26,3407,Abnormal,PR,18,0.7142857142857143,0.625
binary,yolo26,3407,Abnormal,PR,19,0.7142857142857143,0.6666666666666666
binary,yolo26,3407,Abnormal,PR,20,0.7142857142857143,0.7142857142857143
binary,yolo26,3407,Abnormal,PR,21,0.7142857142857143,0.7692307692307693
binary,yolo26,3407,Abnormal,PR,22,0.7142857142857143,0.8333333333333334
binary,yolo26,3407,Abnormal,PR,23,0.7142857142857143,0.9090909090909091
binary,yolo26,3407,Abnormal,PR,24,0.7142857142857143,1.0
binary,yolo26,3407,Abnormal,PR,25,0.6428571428571429,1.0
binary,yolo26,3407,Abnormal,PR,26,0.5714285714285714,1.0
binary,yolo26,3407,Abnormal,PR,27,0.5,1.0
binary,yolo26,3407,Abnormal,PR,28,0.42857142857142855,1.0
binary,yolo26,3407,Abnormal,PR,29,0.35714285714285715,1.0
binary,yolo26,3407,Abnormal,PR,30,0.21428571428571427,1.0
binary,yolo26,3407,Abnormal,PR,31,0.14285714285714285,1.0
binary,yolo26,3407,Abnormal,PR,32,0.07142857142857142,1.0
binary,yolo26,3407,Abnormal,PR,33,0.0,1.0
binary,yolo26,9103,Abnormal,ROC,0,0.0,0.0
binary,yolo26,9103,Abnormal,ROC,1,0.0,0.07142857142857142
binary,yolo26,9103,Abnormal,ROC,2,0.0,0.8571428571428571
binary,yolo26,9103,Abnormal,ROC,3,0.1,0.8571428571428571
binary,yolo26,9103,Abnormal,ROC,4,0.1,0.9285714285714286
binary,yolo26,9103,Abnormal,ROC,5,0.15,0.9285714285714286
binary,yolo26,9103,Abnormal,ROC,6,0.15,1.0
binary,yolo26,9103,Abnormal,ROC,7,1.0,1.0
binary,yolo26,9103,Abnormal,PR,0,1.0,0.4117647058823529
binary,yolo26,9103,Abnormal,PR,1,1.0,0.42424242424242425
binary,yolo26,9103,Abnormal,PR,2,1.0,0.4375
binary,yolo26,9103,Abnormal,PR,3,1.0,0.45161290322580644
binary,yolo26,9103,Abnormal,PR,4,1.0,0.4666666666666667
binary,yolo26,9103,Abnormal,PR,5,1.0,0.4827586206896552
binary,yolo26,9103,Abnormal,PR,6,1.0,0.5
binary,yolo26,9103,Abnormal,PR,7,1.0,0.5185185185185185
binary,yolo26,9103,Abnormal,PR,8,1.0,0.5384615384615384
binary,yolo26,9103,Abnormal,PR,9,1.0,0.56
binary,yolo26,9103,Abnormal,PR,10,1.0,0.5833333333333334
binary,yolo26,9103,Abnormal,PR,11,1.0,0.6086956521739131
binary,yolo26,9103,Abnormal,PR,12,1.0,0.6363636363636364
binary,yolo26,9103,Abnormal,PR,13,1.0,0.6666666666666666
binary,yolo26,9103,Abnormal,PR,14,1.0,0.7
binary,yolo26,9103,Abnormal,PR,15,1.0,0.7368421052631579
binary,yolo26,9103,Abnormal,PR,16,1.0,0.7777777777777778
binary,yolo26,9103,Abnormal,PR,17,1.0,0.8235294117647058
binary,yolo26,9103,Abnormal,PR,18,0.9285714285714286,0.8125
binary,yolo26,9103,Abnormal,PR,19,0.9285714285714286,0.8666666666666667
binary,yolo26,9103,Abnormal,PR,20,0.8571428571428571,0.8571428571428571
binary,yolo26,9103,Abnormal,PR,21,0.8571428571428571,0.9230769230769231
binary,yolo26,9103,Abnormal,PR,22,0.8571428571428571,1.0
binary,yolo26,9103,Abnormal,PR,23,0.7857142857142857,1.0
binary,yolo26,9103,Abnormal,PR,24,0.7142857142857143,1.0
binary,yolo26,9103,Abnormal,PR,25,0.6428571428571429,1.0
binary,yolo26,9103,Abnormal,PR,26,0.5714285714285714,1.0
binary,yolo26,9103,Abnormal,PR,27,0.5,1.0
binary,yolo26,9103,Abnormal,PR,28,0.42857142857142855,1.0
binary,yolo26,9103,Abnormal,PR,29,0.35714285714285715,1.0
binary,yolo26,9103,Abnormal,PR,30,0.2857142857142857,1.0
binary,yolo26,9103,Abnormal,PR,31,0.21428571428571427,1.0
binary,yolo26,9103,Abnormal,PR,32,0.14285714285714285,1.0
binary,yolo26,9103,Abnormal,PR,33,0.07142857142857142,1.0
binary,yolo26,9103,Abnormal,PR,34,0.0,1.0
binary,vit_method2,17,Abnormal,ROC,0,0.0,0.0
binary,vit_method2,17,Abnormal,ROC,1,0.0,0.0625
binary,vit_method2,17,Abnormal,ROC,2,0.0,0.6875
binary,vit_method2,17,Abnormal,ROC,3,0.1,0.6875
binary,vit_method2,17,Abnormal,ROC,4,0.1,0.75
binary,vit_method2,17,Abnormal,ROC,5,0.3,0.75
binary,vit_method2,17,Abnormal,ROC,6,0.3,0.8125
binary,vit_method2,17,Abnormal,ROC,7,0.35,0.8125
binary,vit_method2,17,Abnormal,ROC,8,0.35,0.875
binary,vit_method2,17,Abnormal,ROC,9,0.75,0.875
binary,vit_method2,17,Abnormal,ROC,10,0.75,0.9375
binary,vit_method2,17,Abnormal,ROC,11,0.85,0.9375
binary,vit_method2,17,Abnormal,ROC,12,0.85,1.0
binary,vit_method2,17,Abnormal,ROC,13,1.0,1.0
binary,vit_method2,17,Abnormal,PR,0,1.0,0.4444444444444444
binary,vit_method2,17,Abnormal,PR,1,1.0,0.45714285714285713
binary,vit_method2,17,Abnormal,PR,2,1.0,0.47058823529411764
binary,vit_method2,17,Abnormal,PR,3,1.0,0.48484848484848486
binary,vit_method2,17,Abnormal,PR,4,0.9375,0.46875
binary,vit_method2,17,Abnormal,PR,5,0.9375,0.4838709677419355
binary,vit_method2,17,Abnormal,PR,6,0.9375,0.5
binary,vit_method2,17,Abnormal,PR,7,0.875,0.4827586206896552
binary,vit_method2,17,Abnormal,PR,8,0.875,0.5
binary,vit_method2,17,Abnormal,PR,9,0.875,0.5185185185185185
binary,vit_method2,17,Abnormal,PR,10,0.875,0.5384615384615384
binary,vit_method2,17,Abnormal,PR,11,0.875,0.56
binary,vit_method2,17,Abnormal,PR,12,0.875,0.5833333333333334
binary,vit_method2,17,Abnormal,PR,13,0.875,0.6086956521739131
binary,vit_method2,17,Abnormal,PR,14,0.875,0.6363636363636364
binary,vit_method2,17,Abnormal,PR,15,0.875,0.6666666666666666
binary,vit_method2,17,Abnormal,PR,16,0.8125,0.65
binary,vit_method2,17,Abnormal,PR,17,0.8125,0.6842105263157895
binary,vit_method2,17,Abnormal,PR,18,0.75,0.6666666666666666
binary,vit_method2,17,Abnormal,PR,19,0.75,0.7058823529411765
binary,vit_method2,17,Abnormal,PR,20,0.75,0.75
binary,vit_method2,17,Abnormal,PR,21,0.75,0.8
binary,vit_method2,17,Abnormal,PR,22,0.75,0.8571428571428571
binary,vit_method2,17,Abnormal,PR,23,0.6875,0.8461538461538461
binary,vit_method2,17,Abnormal,PR,24,0.6875,0.9166666666666666
binary,vit_method2,17,Abnormal,PR,25,0.6875,1.0
binary,vit_method2,17,Abnormal,PR,26,0.625,1.0
binary,vit_method2,17,Abnormal,PR,27,0.5625,1.0
binary,vit_method2,17,Abnormal,PR,28,0.5,1.0
binary,vit_method2,17,Abnormal,PR,29,0.4375,1.0
binary,vit_method2,17,Abnormal,PR,30,0.375,1.0
binary,vit_method2,17,Abnormal,PR,31,0.3125,1.0
binary,vit_method2,17,Abnormal,PR,32,0.25,1.0
binary,vit_method2,17,Abnormal,PR,33,0.1875,1.0
binary,vit_method2,17,Abnormal,PR,34,0.125,1.0
binary,vit_method2,17,Abnormal,PR,35,0.0625,1.0
binary,vit_method2,17,Abnormal,PR,36,0.0,1.0
binary,vit_method2,42,Abnormal,ROC,0,0.0,0.0
binary,vit_method2,42,Abnormal,ROC,1,0.0,0.06666666666666667
binary,vit_method2,42,Abnormal,ROC,2,0.0,0.8666666666666667
binary,vit_method2,42,Abnormal,ROC,3,0.2,0.8666666666666667
binary,vit_method2,42,Abnormal,ROC,4,0.2,0.9333333333333333
binary,vit_method2,42,Abnormal,ROC,5,1.0,0.9333333333333333
binary,vit_method2,42,Abnormal,ROC,6,1.0,1.0
binary,vit_method2,42,Abnormal,PR,0,1.0,0.42857142857142855
binary,vit_method2,42,Abnormal,PR,1,0.9333333333333333,0.4117647058823529
binary,vit_method2,42,Abnormal,PR,2,0.9333333333333333,0.42424242424242425
binary,vit_method2,42,Abnormal,PR,3,0.9333333333333333,0.4375
binary,vit_method2,42,Abnormal,PR,4,0.9333333333333333,0.45161290322580644
binary,vit_method2,42,Abnormal,PR,5,0.9333333333333333,0.4666666666666667
binary,vit_method2,42,Abnormal,PR,6,0.9333333333333333,0.4827586206896552
binary,vit_method2,42,Abnormal,PR,7,0.9333333333333333,0.5
binary,vit_method2,42,Abnormal,PR,8,0.9333333333333333,0.5185185185185185
binary,vit_method2,42,Abnormal,PR,9,0.9333333333333333,0.5384615384615384
binary,vit_method2,42,Abnormal,PR,10,0.9333333333333333,0.56
binary,vit_method2,42,Abnormal,PR,11,0.9333333333333333,0.5833333333333334
binary,vit_method2,42,Abnormal,PR,12,0.9333333333333333,0.6086956521739131
binary,vit_method2,42,Abnormal,PR,13,0.9333333333333333,0.6363636363636364
binary,vit_method2,42,Abnormal,PR,14,0.9333333333333333,0.6666666666666666
binary,vit_method2,42,Abnormal,PR,15,0.9333333333333333,0.7
binary,vit_method2,42,Abnormal,PR,16,0.9333333333333333,0.7368421052631579
binary,vit_method2,42,Abnormal,PR,17,0.9333333333333333,0.7777777777777778
binary,vit_method2,42,Abnormal,PR,18,0.8666666666666667,0.7647058823529411
binary,vit_method2,42,Abnormal,PR,19,0.8666666666666667,0.8125
binary,vit_method2,42,Abnormal,PR,20,0.8666666666666667,0.8666666666666667
binary,vit_method2,42,Abnormal,PR,21,0.8666666666666667,0.9285714285714286
binary,vit_method2,42,Abnormal,PR,22,0.8666666666666667,1.0
binary,vit_method2,42,Abnormal,PR,23,0.8,1.0
binary,vit_method2,42,Abnormal,PR,24,0.7333333333333333,1.0
binary,vit_method2,42,Abnormal,PR,25,0.6666666666666666,1.0
binary,vit_method2,42,Abnormal,PR,26,0.6,1.0
binary,vit_method2,42,Abnormal,PR,27,0.5333333333333333,1.0
binary,vit_method2,42,Abnormal,PR,28,0.4666666666666667,1.0
binary,vit_method2,42,Abnormal,PR,29,0.4,1.0
binary,vit_method2,42,Abnormal,PR,30,0.3333333333333333,1.0
binary,vit_method2,42,Abnormal,PR,31,0.26666666666666666,1.0
binary,vit_method2,42,Abnormal,PR,32,0.2,1.0
binary,vit_method2,42,Abnormal,PR,33,0.13333333333333333,1.0
binary,vit_method2,42,Abnormal,PR,34,0.06666666666666667,1.0
binary,vit_method2,42,Abnormal,PR,35,0.0,1.0
binary,vit_method2,2026,Abnormal,ROC,0,0.0,0.0
binary,vit_method2,2026,Abnormal,ROC,1,0.0,0.06666666666666667
binary,vit_method2,2026,Abnormal,ROC,2,0.0,0.5333333333333333
binary,vit_method2,2026,Abnormal,ROC,3,0.15,0.5333333333333333
binary,vit_method2,2026,Abnormal,ROC,4,0.15,0.6
binary,vit_method2,2026,Abnormal,ROC,5,0.3,0.6
binary,vit_method2,2026,Abnormal,ROC,6,0.3,0.9333333333333333
binary,vit_method2,2026,Abnormal,ROC,7,0.45,0.9333333333333333
binary,vit_method2,2026,Abnormal,ROC,8,0.45,1.0
binary,vit_method2,2026,Abnormal,ROC,9,1.0,1.0
binary,vit_method2,2026,Abnormal,PR,0,1.0,0.42857142857142855
binary,vit_method2,2026,Abnormal,PR,1,1.0,0.4411764705882353
binary,vit_method2,2026,Abnormal,PR,2,1.0,0.45454545454545453
binary,vit_method2,2026,Abnormal,PR,3,1.0,0.46875
binary,vit_method2,2026,Abnormal,PR,4,1.0,0.4838709677419355
binary,vit_method2,2026,Abnormal,PR,5,1.0,0.5
binary,vit_method2,2026,Abnormal,PR,6,1.0,0.5172413793103449
binary,vit_method2,2026,Abnormal,PR,7,1.0,0.5357142857142857
binary,vit_method2,2026,Abnormal,PR,8,1.0,0.5555555555555556
binary,vit_method2,2026,Abnormal,PR,9,1.0,0.5769230769230769
binary,vit_method2,2026,Abnormal,PR,10,1.0,0.6
binary,vit_method2,2026,Abnormal,PR,11,1.0,0.625
binary,vit_method2,2026,Abnormal,PR,12,0.9333333333333333,0.6086956521739131
binary,vit_method2,2026,Abnormal,PR,13,0.9333333333333333,0.6363636363636364
binary,vit_method2,2026,Abnormal,PR,14,0.9333333333333333,0.6666666666666666
binary,vit_method2,2026,Abnormal,PR,15,0.9333333333333333,0.7
binary,vit_method2,2026,Abnormal,PR,16,0.8666666666666667,0.6842105263157895
binary,vit_method2,2026,Abnormal,PR,17,0.8,0.6666666666666666
binary,vit_method2,2026,Abnormal,PR,18,0.7333333333333333,0.6470588235294118
binary,vit_method2,2026,Abnormal,PR,19,0.6666666666666666,0.625
binary,vit_method2,2026,Abnormal,PR,20,0.6,0.6
binary,vit_method2,2026,Abnormal,PR,21,0.6,0.6428571428571429
binary,vit_method2,2026,Abnormal,PR,22,0.6,0.6923076923076923
binary,vit_method2,2026,Abnormal,PR,23,0.6,0.75
binary,vit_method2,2026,Abnormal,PR,24,0.5333333333333333,0.7272727272727273
binary,vit_method2,2026,Abnormal,PR,25,0.5333333333333333,0.8
binary,vit_method2,2026,Abnormal,PR,26,0.5333333333333333,0.8888888888888888
binary,vit_method2,2026,Abnormal,PR,27,0.5333333333333333,1.0
binary,vit_method2,2026,Abnormal,PR,28,0.4666666666666667,1.0
binary,vit_method2,2026,Abnormal,PR,29,0.4,1.0
binary,vit_method2,2026,Abnormal,PR,30,0.3333333333333333,1.0
binary,vit_method2,2026,Abnormal,PR,31,0.26666666666666666,1.0
binary,vit_method2,2026,Abnormal,PR,32,0.2,1.0
binary,vit_method2,2026,Abnormal,PR,33,0.13333333333333333,1.0
binary,vit_method2,2026,Abnormal,PR,34,0.06666666666666667,1.0
binary,vit_method2,2026,Abnormal,PR,35,0.0,1.0
binary,vit_method2,3407,Abnormal,ROC,0,0.0,0.0
binary,vit_method2,3407,Abnormal,ROC,1,0.0,0.06666666666666667
binary,vit_method2,3407,Abnormal,ROC,2,0.0,0.4666666666666667
binary,vit_method2,3407,Abnormal,ROC,3,0.15,0.4666666666666667
binary,vit_method2,3407,Abnormal,ROC,4,0.15,0.6666666666666666
binary,vit_method2,3407,Abnormal,ROC,5,0.2,0.6666666666666666
binary,vit_method2,3407,Abnormal,ROC,6,0.2,0.7333333333333333
binary,vit_method2,3407,Abnormal,ROC,7,0.5,0.7333333333333333
binary,vit_method2,3407,Abnormal,ROC,8,0.5,0.8
binary,vit_method2,3407,Abnormal,ROC,9,0.6,0.8
binary,vit_method2,3407,Abnormal,ROC,10,0.6,0.8666666666666667
binary,vit_method2,3407,Abnormal,ROC,11,0.7,0.8666666666666667
binary,vit_method2,3407,Abnormal,ROC,12,0.7,1.0
binary,vit_method2,3407,Abnormal,ROC,13,1.0,1.0
binary,vit_method2,3407,Abnormal,PR,0,1.0,0.42857142857142855
binary,vit_method2,3407,Abnormal,PR,1,1.0,0.4411764705882353
binary,vit_method2,3407,Abnormal,PR,2,1.0,0.45454545454545453
binary,vit_method2,3407,Abnormal,PR,3,1.0,0.46875
binary,vit_method2,3407,Abnormal,PR,4,1.0,0.4838709677419355
binary,vit_method2,3407,Abnormal,PR,5,1.0,0.5
binary,vit_method2,3407,Abnormal,PR,6,1.0,0.5172413793103449
binary,vit_method2,3407,Abnormal,PR,7,0.9333333333333333,0.5
binary,vit_method2,3407,Abnormal,PR,8,0.8666666666666667,0.48148148148148145
binary,vit_method2,3407,Abnormal,PR,9,0.8666666666666667,0.5
binary,vit_method2,3407,Abnormal,PR,10,0.8666666666666667,0.52
binary,vit_method2,3407,Abnormal,PR,11,0.8,0.5
binary,vit_method2,3407,Abnormal,PR,12,0.8,0.5217391304347826
binary,vit_method2,3407,Abnormal,PR,13,0.8,0.5454545454545454
binary,vit_method2,3407,Abnormal,PR,14,0.7333333333333333,0.5238095238095238
binary,vit_method2,3407,Abnormal,PR,15,0.7333333333333333,0.55
binary,vit_method2,3407,Abnormal,PR,16,0.7333333333333333,0.5789473684210527
binary,vit_method2,3407,Abnormal,PR,17,0.7333333333333333,0.6111111111111112
binary,vit_method2,3407,Abnormal,PR,18,0.7333333333333333,0.6470588235294118
binary,vit_method2,3407,Abnormal,PR,19,0.7333333333333333,0.6875
binary,vit_method2,3407,Abnormal,PR,20,0.7333333333333333,0.7333333333333333
binary,vit_method2,3407,Abnormal,PR,21,0.6666666666666666,0.7142857142857143
binary,vit_method2,3407,Abnormal,PR,22,0.6666666666666666,0.7692307692307693
binary,vit_method2,3407,Abnormal,PR,23,0.6,0.75
binary,vit_method2,3407,Abnormal,PR,24,0.5333333333333333,0.7272727272727273
binary,vit_method2,3407,Abnormal,PR,25,0.4666666666666667,0.7
binary,vit_method2,3407,Abnormal,PR,26,0.4666666666666667,0.7777777777777778
binary,vit_method2,3407,Abnormal,PR,27,0.4666666666666667,0.875
binary,vit_method2,3407,Abnormal,PR,28,0.4666666666666667,1.0
binary,vit_method2,3407,Abnormal,PR,29,0.4,1.0
binary,vit_method2,3407,Abnormal,PR,30,0.3333333333333333,1.0
binary,vit_method2,3407,Abnormal,PR,31,0.26666666666666666,1.0
binary,vit_method2,3407,Abnormal,PR,32,0.2,1.0
binary,vit_method2,3407,Abnormal,PR,33,0.13333333333333333,1.0
binary,vit_method2,3407,Abnormal,PR,34,0.06666666666666667,1.0
binary,vit_method2,3407,Abnormal,PR,35,0.0,1.0
binary,vit_method2,9103,Abnormal,ROC,0,0.0,0.0
binary,vit_method2,9103,Abnormal,ROC,1,0.0,0.0625
binary,vit_method2,9103,Abnormal,ROC,2,0.0,0.3125
binary,vit_method2,9103,Abnormal,ROC,3,0.05,0.3125
binary,vit_method2,9103,Abnormal,ROC,4,0.05,0.875
binary,vit_method2,9103,Abnormal,ROC,5,0.25,0.875
binary,vit_method2,9103,Abnormal,ROC,6,0.25,0.9375
binary,vit_method2,9103,Abnormal,ROC,7,0.5,0.9375
binary,vit_method2,9103,Abnormal,ROC,8,0.5,1.0
binary,vit_method2,9103,Abnormal,ROC,9,1.0,1.0
binary,vit_method2,9103,Abnormal,PR,0,1.0,0.4444444444444444
binary,vit_method2,9103,Abnormal,PR,1,1.0,0.45714285714285713
binary,vit_method2,9103,Abnormal,PR,2,1.0,0.47058823529411764
binary,vit_method2,9103,Abnormal,PR,3,1.0,0.48484848484848486
binary,vit_method2,9103,Abnormal,PR,4,1.0,0.5
binary,vit_method2,9103,Abnormal,PR,5,1.0,0.5161290322580645
binary,vit_method2,9103,Abnormal,PR,6,1.0,0.5333333333333333
binary,vit_method2,9103,Abnormal,PR,7,1.0,0.5517241379310345
binary,vit_method2,9103,Abnormal,PR,8,1.0,0.5714285714285714
binary,vit_method2,9103,Abnormal,PR,9,1.0,0.5925925925925926
binary,vit_method2,9103,Abnormal,PR,10,1.0,0.6153846153846154
binary,vit_method2,9103,Abnormal,PR,11,0.9375,0.6
binary,vit_method2,9103,Abnormal,PR,12,0.9375,0.625
binary,vit_method2,9103,Abnormal,PR,13,0.9375,0.6521739130434783
binary,vit_method2,9103,Abnormal,PR,14,0.9375,0.6818181818181818
binary,vit_method2,9103,Abnormal,PR,15,0.9375,0.7142857142857143
binary,vit_method2,9103,Abnormal,PR,16,0.9375,0.75
binary,vit_method2,9103,Abnormal,PR,17,0.875,0.7368421052631579
binary,vit_method2,9103,Abnormal,PR,18,0.875,0.7777777777777778
binary,vit_method2,9103,Abnormal,PR,19,0.875,0.8235294117647058
binary,vit_method2,9103,Abnormal,PR,20,0.875,0.875
binary,vit_method2,9103,Abnormal,PR,21,0.875,0.9333333333333333
binary,vit_method2,9103,Abnormal,PR,22,0.8125,0.9285714285714286
binary,vit_method2,9103,Abnormal,PR,23,0.75,0.9230769230769231
binary,vit_method2,9103,Abnormal,PR,24,0.6875,0.9166666666666666
binary,vit_method2,9103,Abnormal,PR,25,0.625,0.9090909090909091
binary,vit_method2,9103,Abnormal,PR,26,0.5625,0.9
binary,vit_method2,9103,Abnormal,PR,27,0.5,0.8888888888888888
binary,vit_method2,9103,Abnormal,PR,28,0.4375,0.875
binary,vit_method2,9103,Abnormal,PR,29,0.375,0.8571428571428571
binary,vit_method2,9103,Abnormal,PR,30,0.3125,0.8333333333333334
binary,vit_method2,9103,Abnormal,PR,31,0.3125,1.0
binary,vit_method2,9103,Abnormal,PR,32,0.25,1.0
binary,vit_method2,9103,Abnormal,PR,33,0.1875,1.0
binary,vit_method2,9103,Abnormal,PR,34,0.125,1.0
binary,vit_method2,9103,Abnormal,PR,35,0.0625,1.0
binary,vit_method2,9103,Abnormal,PR,36,0.0,1.0
binary,emcad,17,Abnormal,ROC,0,0.0,0.0
binary,emcad,17,Abnormal,ROC,1,0.0,0.1875
binary,emcad,17,Abnormal,ROC,2,0.0,0.75
binary,emcad,17,Abnormal,ROC,3,0.05,0.75
binary,emcad,17,Abnormal,ROC,4,0.05,0.8125
binary,emcad,17,Abnormal,ROC,5,0.45,0.8125
binary,emcad,17,Abnormal,ROC,6,0.45,0.875
binary,emcad,17,Abnormal,ROC,7,0.6,0.875
binary,emcad,17,Abnormal,ROC,8,0.6,0.9375
binary,emcad,17,Abnormal,ROC,9,0.65,0.9375
binary,emcad,17,Abnormal,ROC,10,0.65,1.0
binary,emcad,17,Abnormal,ROC,11,1.0,1.0
binary,emcad,17,Abnormal,PR,0,1.0,0.4444444444444444
binary,emcad,17,Abnormal,PR,1,1.0,0.45714285714285713
binary,emcad,17,Abnormal,PR,2,1.0,0.47058823529411764
binary,emcad,17,Abnormal,PR,3,1.0,0.48484848484848486
binary,emcad,17,Abnormal,PR,4,1.0,0.5
binary,emcad,17,Abnormal,PR,5,1.0,0.5161290322580645
binary,emcad,17,Abnormal,PR,6,1.0,0.5333333333333333
binary,emcad,17,Abnormal,PR,7,1.0,0.5517241379310345
binary,emcad,17,Abnormal,PR,8,0.9375,0.5357142857142857
binary,emcad,17,Abnormal,PR,9,0.9375,0.5555555555555556
binary,emcad,17,Abnormal,PR,10,0.875,0.5384615384615384
binary,emcad,17,Abnormal,PR,11,0.875,0.56
binary,emcad,17,Abnormal,PR,12,0.875,0.5833333333333334
binary,emcad,17,Abnormal,PR,13,0.875,0.6086956521739131
binary,emcad,17,Abnormal,PR,14,0.8125,0.5909090909090909
binary,emcad,17,Abnormal,PR,15,0.8125,0.6190476190476191
binary,emcad,17,Abnormal,PR,16,0.8125,0.65
binary,emcad,17,Abnormal,PR,17,0.8125,0.6842105263157895
binary,emcad,17,Abnormal,PR,18,0.8125,0.7222222222222222
binary,emcad,17,Abnormal,PR,19,0.8125,0.7647058823529411
binary,emcad,17,Abnormal,PR,20,0.8125,0.8125
binary,emcad,17,Abnormal,PR,21,0.8125,0.8666666666666667
binary,emcad,17,Abnormal,PR,22,0.8125,0.9285714285714286
binary,emcad,17,Abnormal,PR,23,0.75,0.9230769230769231
binary,emcad,17,Abnormal,PR,24,0.75,1.0
binary,emcad,17,Abnormal,PR,25,0.6875,1.0
binary,emcad,17,Abnormal,PR,26,0.625,1.0
binary,emcad,17,Abnormal,PR,27,0.5625,1.0
binary,emcad,17,Abnormal,PR,28,0.5,1.0
binary,emcad,17,Abnormal,PR,29,0.4375,1.0
binary,emcad,17,Abnormal,PR,30,0.375,1.0
binary,emcad,17,Abnormal,PR,31,0.3125,1.0
binary,emcad,17,Abnormal,PR,32,0.25,1.0
binary,emcad,17,Abnormal,PR,33,0.1875,1.0
binary,emcad,17,Abnormal,PR,34,0.0,1.0
binary,emcad,42,Abnormal,ROC,0,0.0,0.0
binary,emcad,42,Abnormal,ROC,1,0.0,0.0625
binary,emcad,42,Abnormal,ROC,2,0.0,0.75
binary,emcad,42,Abnormal,ROC,3,0.25,0.75
binary,emcad,42,Abnormal,ROC,4,0.25,0.8125
binary,emcad,42,Abnormal,ROC,5,0.5,0.8125
binary,emcad,42,Abnormal,ROC,6,0.5,0.875
binary,emcad,42,Abnormal,ROC,7,0.9,0.875
binary,emcad,42,Abnormal,ROC,8,0.9,1.0
binary,emcad,42,Abnormal,ROC,9,1.0,1.0
binary,emcad,42,Abnormal,PR,0,1.0,0.4444444444444444
binary,emcad,42,Abnormal,PR,1,1.0,0.45714285714285713
binary,emcad,42,Abnormal,PR,2,1.0,0.47058823529411764
binary,emcad,42,Abnormal,PR,3,0.9375,0.45454545454545453
binary,emcad,42,Abnormal,PR,4,0.875,0.4375
binary,emcad,42,Abnormal,PR,5,0.875,0.45161290322580644
binary,emcad,42,Abnormal,PR,6,0.875,0.4666666666666667
binary,emcad,42,Abnormal,PR,7,0.875,0.4827586206896552
binary,emcad,42,Abnormal,PR,8,0.875,0.5
binary,emcad,42,Abnormal,PR,9,0.875,0.5185185185185185
binary,emcad,42,Abnormal,PR,10,0.875,0.5384615384615384
binary,emcad,42,Abnormal,PR,11,0.875,0.56
binary,emcad,42,Abnormal,PR,12,0.875,0.5833333333333334
binary,emcad,42,Abnormal,PR,13,0.8125,0.5652173913043478
binary,emcad,42,Abnormal,PR,14,0.8125,0.5909090909090909
binary,emcad,42,Abnormal,PR,15,0.8125,0.6190476190476191
binary,emcad,42,Abnormal,PR,16,0.8125,0.65
binary,emcad,42,Abnormal,PR,17,0.8125,0.6842105263157895
binary,emcad,42,Abnormal,PR,18,0.8125,0.7222222222222222
binary,emcad,42,Abnormal,PR,19,0.75,0.7058823529411765
binary,emcad,42,Abnormal,PR,20,0.75,0.75
binary,emcad,42,Abnormal,PR,21,0.75,0.8
binary,emcad,42,Abnormal,PR,22,0.75,0.8571428571428571
binary,emcad,42,Abnormal,PR,23,0.75,0.9230769230769231
binary,emcad,42,Abnormal,PR,24,0.75,1.0
binary,emcad,42,Abnormal,PR,25,0.6875,1.0
binary,emcad,42,Abnormal,PR,26,0.625,1.0
binary,emcad,42,Abnormal,PR,27,0.5625,1.0
binary,emcad,42,Abnormal,PR,28,0.5,1.0
binary,emcad,42,Abnormal,PR,29,0.4375,1.0
binary,emcad,42,Abnormal,PR,30,0.375,1.0
binary,emcad,42,Abnormal,PR,31,0.3125,1.0
binary,emcad,42,Abnormal,PR,32,0.25,1.0
binary,emcad,42,Abnormal,PR,33,0.1875,1.0
binary,emcad,42,Abnormal,PR,34,0.125,1.0
binary,emcad,42,Abnormal,PR,35,0.0625,1.0
binary,emcad,42,Abnormal,PR,36,0.0,1.0
binary,emcad,2026,Abnormal,ROC,0,0.0,0.0
binary,emcad,2026,Abnormal,ROC,1,0.0,0.25
binary,emcad,2026,Abnormal,ROC,2,0.0,0.375
binary,emcad,2026,Abnormal,ROC,3,0.0,0.875
binary,emcad,2026,Abnormal,ROC,4,0.2222222222222222,0.875
binary,emcad,2026,Abnormal,ROC,5,0.2222222222222222,0.9375
binary,emcad,2026,Abnormal,ROC,6,0.7222222222222222,0.9375
binary,emcad,2026,Abnormal,ROC,7,0.7222222222222222,1.0
binary,emcad,2026,Abnormal,ROC,8,0.7777777777777778,1.0
binary,emcad,2026,Abnormal,ROC,9,1.0,1.0
binary,emcad,2026,Abnormal,PR,0,1.0,0.47058823529411764
binary,emcad,2026,Abnormal,PR,1,1.0,0.5333333333333333
binary,emcad,2026,Abnormal,PR,2,1.0,0.5517241379310345
binary,emcad,2026,Abnormal,PR,3,0.9375,0.5357142857142857
binary,emcad,2026,Abnormal,PR,4,0.9375,0.5555555555555556
binary,emcad,2026,Abnormal,PR,5,0.9375,0.5769230769230769
binary,emcad,2026,Abnormal,PR,6,0.9375,0.6
binary,emcad,2026,Abnormal,PR,7,0.9375,0.625
binary,emcad,2026,Abnormal,PR,8,0.9375,0.6521739130434783
binary,emcad,2026,Abnormal,PR,9,0.9375,0.6818181818181818
binary,emcad,2026,Abnormal,PR,10,0.9375,0.7142857142857143
binary,emcad,2026,Abnormal,PR,11,0.9375,0.75
binary,emcad,2026,Abnormal,PR,12,0.9375,0.7894736842105263
binary,emcad,2026,Abnormal,PR,13,0.875,0.7777777777777778
binary,emcad,2026,Abnormal,PR,14,0.875,0.8235294117647058
binary,emcad,2026,Abnormal,PR,15,0.875,0.875
binary,emcad,2026,Abnormal,PR,16,0.875,0.9333333333333333
binary,emcad,2026,Abnormal,PR,17,0.875,1.0
binary,emcad,2026,Abnormal,PR,18,0.8125,1.0
binary,emcad,2026,Abnormal,PR,19,0.75,1.0
binary,emcad,2026,Abnormal,PR,20,0.6875,1.0
binary,emcad,2026,Abnormal,PR,21,0.625,1.0
binary,emcad,2026,Abnormal,PR,22,0.5625,1.0
binary,emcad,2026,Abnormal,PR,23,0.5,1.0
binary,emcad,2026,Abnormal,PR,24,0.4375,1.0
binary,emcad,2026,Abnormal,PR,25,0.375,1.0
binary,emcad,2026,Abnormal,PR,26,0.25,1.0
binary,emcad,2026,Abnormal,PR,27,0.0,1.0
binary,emcad,3407,Abnormal,ROC,0,0.0,0.0
binary,emcad,3407,Abnormal,ROC,1,0.0,0.06666666666666667
binary,emcad,3407,Abnormal,ROC,2,0.0,0.4
binary,emcad,3407,Abnormal,ROC,3,0.05,0.4
binary,emcad,3407,Abnormal,ROC,4,0.05,0.7333333333333333
binary,emcad,3407,Abnormal,ROC,5,0.45,0.7333333333333333
binary,emcad,3407,Abnormal,ROC,6,0.45,0.8
binary,emcad,3407,Abnormal,ROC,7,0.7,0.8
binary,emcad,3407,Abnormal,ROC,8,0.7,0.8666666666666667
binary,emcad,3407,Abnormal,ROC,9,0.75,0.8666666666666667
binary,emcad,3407,Abnormal,ROC,10,0.75,0.9333333333333333
binary,emcad,3407,Abnormal,ROC,11,1.0,0.9333333333333333
binary,emcad,3407,Abnormal,ROC,12,1.0,1.0
binary,emcad,3407,Abnormal,PR,0,1.0,0.42857142857142855
binary,emcad,3407,Abnormal,PR,1,0.9333333333333333,0.4117647058823529
binary,emcad,3407,Abnormal,PR,2,0.9333333333333333,0.42424242424242425
binary,emcad,3407,Abnormal,PR,3,0.9333333333333333,0.4375
binary,emcad,3407,Abnormal,PR,4,0.9333333333333333,0.45161290322580644
binary,emcad,3407,Abnormal,PR,5,0.9333333333333333,0.4666666666666667
binary,emcad,3407,Abnormal,PR,6,0.9333333333333333,0.4827586206896552
binary,emcad,3407,Abnormal,PR,7,0.8666666666666667,0.4642857142857143
binary,emcad,3407,Abnormal,PR,8,0.8666666666666667,0.48148148148148145
binary,emcad,3407,Abnormal,PR,9,0.8,0.46153846153846156
binary,emcad,3407,Abnormal,PR,10,0.8,0.48
binary,emcad,3407,Abnormal,PR,11,0.8,0.5
binary,emcad,3407,Abnormal,PR,12,0.8,0.5217391304347826
binary,emcad,3407,Abnormal,PR,13,0.8,0.5454545454545454
binary,emcad,3407,Abnormal,PR,14,0.8,0.5714285714285714
binary,emcad,3407,Abnormal,PR,15,0.7333333333333333,0.55
binary,emcad,3407,Abnormal,PR,16,0.7333333333333333,0.5789473684210527
binary,emcad,3407,Abnormal,PR,17,0.7333333333333333,0.6111111111111112
binary,emcad,3407,Abnormal,PR,18,0.7333333333333333,0.6470588235294118
binary,emcad,3407,Abnormal,PR,19,0.7333333333333333,0.6875
binary,emcad,3407,Abnormal,PR,20,0.7333333333333333,0.7333333333333333
binary,emcad,3407,Abnormal,PR,21,0.7333333333333333,0.7857142857142857
binary,emcad,3407,Abnormal,PR,22,0.7333333333333333,0.8461538461538461
binary,emcad,3407,Abnormal,PR,23,0.7333333333333333,0.9166666666666666
binary,emcad,3407,Abnormal,PR,24,0.6666666666666666,0.9090909090909091
binary,emcad,3407,Abnormal,PR,25,0.6,0.9
binary,emcad,3407,Abnormal,PR,26,0.5333333333333333,0.8888888888888888
binary,emcad,3407,Abnormal,PR,27,0.4666666666666667,0.875
binary,emcad,3407,Abnormal,PR,28,0.4,0.8571428571428571
binary,emcad,3407,Abnormal,PR,29,0.4,1.0
binary,emcad,3407,Abnormal,PR,30,0.3333333333333333,1.0
binary,emcad,3407,Abnormal,PR,31,0.26666666666666666,1.0
binary,emcad,3407,Abnormal,PR,32,0.2,1.0
binary,emcad,3407,Abnormal,PR,33,0.13333333333333333,1.0
binary,emcad,3407,Abnormal,PR,34,0.06666666666666667,1.0
binary,emcad,3407,Abnormal,PR,35,0.0,1.0
binary,emcad,9103,Abnormal,ROC,0,0.0,0.0
binary,emcad,9103,Abnormal,ROC,1,0.0,0.07142857142857142
binary,emcad,9103,Abnormal,ROC,2,0.0,0.8571428571428571
binary,emcad,9103,Abnormal,ROC,3,0.05,0.8571428571428571
binary,emcad,9103,Abnormal,ROC,4,0.05,0.9285714285714286
binary,emcad,9103,Abnormal,ROC,5,0.7,0.9285714285714286
binary,emcad,9103,Abnormal,ROC,6,0.7,1.0
binary,emcad,9103,Abnormal,ROC,7,1.0,1.0
binary,emcad,9103,Abnormal,PR,0,1.0,0.4117647058823529
binary,emcad,9103,Abnormal,PR,1,1.0,0.42424242424242425
binary,emcad,9103,Abnormal,PR,2,1.0,0.4375
binary,emcad,9103,Abnormal,PR,3,1.0,0.45161290322580644
binary,emcad,9103,Abnormal,PR,4,1.0,0.4666666666666667
binary,emcad,9103,Abnormal,PR,5,1.0,0.4827586206896552
binary,emcad,9103,Abnormal,PR,6,1.0,0.5
binary,emcad,9103,Abnormal,PR,7,0.9285714285714286,0.48148148148148145
binary,emcad,9103,Abnormal,PR,8,0.9285714285714286,0.5
binary,emcad,9103,Abnormal,PR,9,0.9285714285714286,0.52
binary,emcad,9103,Abnormal,PR,10,0.9285714285714286,0.5416666666666666
binary,emcad,9103,Abnormal,PR,11,0.9285714285714286,0.5652173913043478
binary,emcad,9103,Abnormal,PR,12,0.9285714285714286,0.5909090909090909
binary,emcad,9103,Abnormal,PR,13,0.9285714285714286,0.6190476190476191
binary,emcad,9103,Abnormal,PR,14,0.9285714285714286,0.65
binary,emcad,9103,Abnormal,PR,15,0.9285714285714286,0.6842105263157895
binary,emcad,9103,Abnormal,PR,16,0.9285714285714286,0.7222222222222222
binary,emcad,9103,Abnormal,PR,17,0.9285714285714286,0.7647058823529411
binary,emcad,9103,Abnormal,PR,18,0.9285714285714286,0.8125
binary,emcad,9103,Abnormal,PR,19,0.9285714285714286,0.8666666666666667
binary,emcad,9103,Abnormal,PR,20,0.9285714285714286,0.9285714285714286
binary,emcad,9103,Abnormal,PR,21,0.8571428571428571,0.9230769230769231
binary,emcad,9103,Abnormal,PR,22,0.8571428571428571,1.0
binary,emcad,9103,Abnormal,PR,23,0.7857142857142857,1.0
binary,emcad,9103,Abnormal,PR,24,0.7142857142857143,1.0
binary,emcad,9103,Abnormal,PR,25,0.6428571428571429,1.0
binary,emcad,9103,Abnormal,PR,26,0.5714285714285714,1.0
binary,emcad,9103,Abnormal,PR,27,0.5,1.0
binary,emcad,9103,Abnormal,PR,28,0.42857142857142855,1.0
binary,emcad,9103,Abnormal,PR,29,0.35714285714285715,1.0
binary,emcad,9103,Abnormal,PR,30,0.2857142857142857,1.0
binary,emcad,9103,Abnormal,PR,31,0.21428571428571427,1.0
binary,emcad,9103,Abnormal,PR,32,0.14285714285714285,1.0
binary,emcad,9103,Abnormal,PR,33,0.07142857142857142,1.0
binary,emcad,9103,Abnormal,PR,34,0.0,1.0
binary,sam2_unet,17,Abnormal,ROC,0,0.0,0.0
binary,sam2_unet,17,Abnormal,ROC,1,0.0,0.0625
binary,sam2_unet,17,Abnormal,ROC,2,0.0,0.75
binary,sam2_unet,17,Abnormal,ROC,3,0.2,0.75
binary,sam2_unet,17,Abnormal,ROC,4,0.2,0.8125
binary,sam2_unet,17,Abnormal,ROC,5,0.3,0.8125
binary,sam2_unet,17,Abnormal,ROC,6,0.3,0.875
binary,sam2_unet,17,Abnormal,ROC,7,0.45,0.875
binary,sam2_unet,17,Abnormal,ROC,8,0.45,0.9375
binary,sam2_unet,17,Abnormal,ROC,9,0.75,0.9375
binary,sam2_unet,17,Abnormal,ROC,10,0.75,1.0
binary,sam2_unet,17,Abnormal,ROC,11,1.0,1.0
binary,sam2_unet,17,Abnormal,PR,0,1.0,0.4444444444444444
binary,sam2_unet,17,Abnormal,PR,1,1.0,0.45714285714285713
binary,sam2_unet,17,Abnormal,PR,2,1.0,0.47058823529411764
binary,sam2_unet,17,Abnormal,PR,3,1.0,0.48484848484848486
binary,sam2_unet,17,Abnormal,PR,4,1.0,0.5
binary,sam2_unet,17,Abnormal,PR,5,1.0,0.5161290322580645
binary,sam2_unet,17,Abnormal,PR,6,0.9375,0.5
binary,sam2_unet,17,Abnormal,PR,7,0.9375,0.5172413793103449
binary,sam2_unet,17,Abnormal,PR,8,0.9375,0.5357142857142857
binary,sam2_unet,17,Abnormal,PR,9,0.9375,0.5555555555555556
binary,sam2_unet,17,Abnormal,PR,10,0.9375,0.5769230769230769
binary,sam2_unet,17,Abnormal,PR,11,0.9375,0.6
binary,sam2_unet,17,Abnormal,PR,12,0.9375,0.625
binary,sam2_unet,17,Abnormal,PR,13,0.875,0.6086956521739131
binary,sam2_unet,17,Abnormal,PR,14,0.875,0.6363636363636364
binary,sam2_unet,17,Abnormal,PR,15,0.875,0.6666666666666666
binary,sam2_unet,17,Abnormal,PR,16,0.875,0.7
binary,sam2_unet,17,Abnormal,PR,17,0.8125,0.6842105263157895
binary,sam2_unet,17,Abnormal,PR,18,0.8125,0.7222222222222222
binary,sam2_unet,17,Abnormal,PR,19,0.8125,0.7647058823529411
binary,sam2_unet,17,Abnormal,PR,20,0.75,0.75
binary,sam2_unet,17,Abnormal,PR,21,0.75,0.8
binary,sam2_unet,17,Abnormal,PR,22,0.75,0.8571428571428571
binary,sam2_unet,17,Abnormal,PR,23,0.75,0.9230769230769231
binary,sam2_unet,17,Abnormal,PR,24,0.75,1.0
binary,sam2_unet,17,Abnormal,PR,25,0.6875,1.0
binary,sam2_unet,17,Abnormal,PR,26,0.625,1.0
binary,sam2_unet,17,Abnormal,PR,27,0.5625,1.0
binary,sam2_unet,17,Abnormal,PR,28,0.5,1.0
binary,sam2_unet,17,Abnormal,PR,29,0.4375,1.0
binary,sam2_unet,17,Abnormal,PR,30,0.375,1.0
binary,sam2_unet,17,Abnormal,PR,31,0.3125,1.0
binary,sam2_unet,17,Abnormal,PR,32,0.25,1.0
binary,sam2_unet,17,Abnormal,PR,33,0.1875,1.0
binary,sam2_unet,17,Abnormal,PR,34,0.125,1.0
binary,sam2_unet,17,Abnormal,PR,35,0.0625,1.0
binary,sam2_unet,17,Abnormal,PR,36,0.0,1.0
binary,sam2_unet,42,Abnormal,ROC,0,0.0,0.0
binary,sam2_unet,42,Abnormal,ROC,1,0.0,0.0625
binary,sam2_unet,42,Abnormal,ROC,2,0.0,0.75
binary,sam2_unet,42,Abnormal,ROC,3,0.2,0.75
binary,sam2_unet,42,Abnormal,ROC,4,0.2,0.8125
binary,sam2_unet,42,Abnormal,ROC,5,0.3,0.8125
binary,sam2_unet,42,Abnormal,ROC,6,0.3,0.875
binary,sam2_unet,42,Abnormal,ROC,7,0.4,0.875
binary,sam2_unet,42,Abnormal,ROC,8,0.4,0.9375
binary,sam2_unet,42,Abnormal,ROC,9,0.55,0.9375
binary,sam2_unet,42,Abnormal,ROC,10,0.55,1.0
binary,sam2_unet,42,Abnormal,ROC,11,1.0,1.0
binary,sam2_unet,42,Abnormal,PR,0,1.0,0.4444444444444444
binary,sam2_unet,42,Abnormal,PR,1,1.0,0.45714285714285713
binary,sam2_unet,42,Abnormal,PR,2,1.0,0.47058823529411764
binary,sam2_unet,42,Abnormal,PR,3,1.0,0.48484848484848486
binary,sam2_unet,42,Abnormal,PR,4,1.0,0.5
binary,sam2_unet,42,Abnormal,PR,5,1.0,0.5161290322580645
binary,sam2_unet,42,Abnormal,PR,6,1.0,0.5333333333333333
binary,sam2_unet,42,Abnormal,PR,7,1.0,0.5517241379310345
binary,sam2_unet,42,Abnormal,PR,8,1.0,0.5714285714285714
binary,sam2_unet,42,Abnormal,PR,9,1.0,0.5925925925925926
binary,sam2_unet,42,Abnormal,PR,10,0.9375,0.5769230769230769
binary,sam2_unet,42,Abnormal,PR,11,0.9375,0.6
binary,sam2_unet,42,Abnormal,PR,12,0.9375,0.625
binary,sam2_unet,42,Abnormal,PR,13,0.9375,0.6521739130434783
binary,sam2_unet,42,Abnormal,PR,14,0.875,0.6363636363636364
binary,sam2_unet,42,Abnormal,PR,15,0.875,0.6666666666666666
binary,sam2_unet,42,Abnormal,PR,16,0.875,0.7
binary,sam2_unet,42,Abnormal,PR,17,0.8125,0.6842105263157895
binary,sam2_unet,42,Abnormal,PR,18,0.8125,0.7222222222222222
binary,sam2_unet,42,Abnormal,PR,19,0.8125,0.7647058823529411
binary,sam2_unet,42,Abnormal,PR,20,0.75,0.75
binary,sam2_unet,42,Abnormal,PR,21,0.75,0.8
binary,sam2_unet,42,Abnormal,PR,22,0.75,0.8571428571428571
binary,sam2_unet,42,Abnormal,PR,23,0.75,0.9230769230769231
binary,sam2_unet,42,Abnormal,PR,24,0.75,1.0
binary,sam2_unet,42,Abnormal,PR,25,0.6875,1.0
binary,sam2_unet,42,Abnormal,PR,26,0.625,1.0
binary,sam2_unet,42,Abnormal,PR,27,0.5625,1.0
binary,sam2_unet,42,Abnormal,PR,28,0.5,1.0
binary,sam2_unet,42,Abnormal,PR,29,0.4375,1.0
binary,sam2_unet,42,Abnormal,PR,30,0.375,1.0
binary,sam2_unet,42,Abnormal,PR,31,0.3125,1.0
binary,sam2_unet,42,Abnormal,PR,32,0.25,1.0
binary,sam2_unet,42,Abnormal,PR,33,0.1875,1.0
binary,sam2_unet,42,Abnormal,PR,34,0.125,1.0
binary,sam2_unet,42,Abnormal,PR,35,0.0625,1.0
binary,sam2_unet,42,Abnormal,PR,36,0.0,1.0
binary,sam2_unet,2026,Abnormal,ROC,0,0.0,0.0
binary,sam2_unet,2026,Abnormal,ROC,1,0.0,0.25
binary,sam2_unet,2026,Abnormal,ROC,2,0.0,0.3125
binary,sam2_unet,2026,Abnormal,ROC,3,0.0,0.625
binary,sam2_unet,2026,Abnormal,ROC,4,0.0,0.75
binary,sam2_unet,2026,Abnormal,ROC,5,0.0,0.875
binary,sam2_unet,2026,Abnormal,ROC,6,0.05,0.875
binary,sam2_unet,2026,Abnormal,ROC,7,0.05,0.9375
binary,sam2_unet,2026,Abnormal,ROC,8,0.3,0.9375
binary,sam2_unet,2026,Abnormal,ROC,9,0.3,1.0
binary,sam2_unet,2026,Abnormal,ROC,10,1.0,1.0
binary,sam2_unet,2026,Abnormal,PR,0,1.0,0.4444444444444444
binary,sam2_unet,2026,Abnormal,PR,1,1.0,0.45714285714285713
binary,sam2_unet,2026,Abnormal,PR,2,1.0,0.47058823529411764
binary,sam2_unet,2026,Abnormal,PR,3,1.0,0.48484848484848486
binary,sam2_unet,2026,Abnormal,PR,4,1.0,0.5
binary,sam2_unet,2026,Abnormal,PR,5,1.0,0.5161290322580645
binary,sam2_unet,2026,Abnormal,PR,6,1.0,0.5333333333333333
binary,sam2_unet,2026,Abnormal,PR,7,1.0,0.5517241379310345
binary,sam2_unet,2026,Abnormal,PR,8,1.0,0.5714285714285714
binary,sam2_unet,2026,Abnormal,PR,9,1.0,0.5925925925925926
binary,sam2_unet,2026,Abnormal,PR,10,1.0,0.6153846153846154
binary,sam2_unet,2026,Abnormal,PR,11,1.0,0.64
binary,sam2_unet,2026,Abnormal,PR,12,1.0,0.6666666666666666
binary,sam2_unet,2026,Abnormal,PR,13,1.0,0.6956521739130435
binary,sam2_unet,2026,Abnormal,PR,14,1.0,0.7272727272727273
binary,sam2_unet,2026,Abnormal,PR,15,0.9375,0.7142857142857143
binary,sam2_unet,2026,Abnormal,PR,16,0.9375,0.75
binary,sam2_unet,2026,Abnormal,PR,17,0.9375,0.7894736842105263
binary,sam2_unet,2026,Abnormal,PR,18,0.9375,0.8333333333333334
binary,sam2_unet,2026,Abnormal,PR,19,0.9375,0.8823529411764706
binary,sam2_unet,2026,Abnormal,PR,20,0.9375,0.9375
binary,sam2_unet,2026,Abnormal,PR,21,0.875,0.9333333333333333
binary,sam2_unet,2026,Abnormal,PR,22,0.875,1.0
binary,sam2_unet,2026,Abnormal,PR,23,0.8125,1.0
binary,sam2_unet,2026,Abnormal,PR,24,0.75,1.0
binary,sam2_unet,2026,Abnormal,PR,25,0.625,1.0
binary,sam2_unet,2026,Abnormal,PR,26,0.3125,1.0
binary,sam2_unet,2026,Abnormal,PR,27,0.25,1.0
binary,sam2_unet,2026,Abnormal,PR,28,0.0,1.0
binary,sam2_unet,3407,Abnormal,ROC,0,0.0,0.0
binary,sam2_unet,3407,Abnormal,ROC,1,0.0,0.0625
binary,sam2_unet,3407,Abnormal,ROC,2,0.0,0.6875
binary,sam2_unet,3407,Abnormal,ROC,3,0.15,0.6875
binary,sam2_unet,3407,Abnormal,ROC,4,0.15,0.75
binary,sam2_unet,3407,Abnormal,ROC,5,0.4,0.75
binary,sam2_unet,3407,Abnormal,ROC,6,0.4,0.8125
binary,sam2_unet,3407,Abnormal,ROC,7,0.5,0.8125
binary,sam2_unet,3407,Abnormal,ROC,8,0.5,0.875
binary,sam2_unet,3407,Abnormal,ROC,9,0.55,0.875
binary,sam2_unet,3407,Abnormal,ROC,10,0.55,0.9375
binary,sam2_unet,3407,Abnormal,ROC,11,0.6,0.9375
binary,sam2_unet,3407,Abnormal,ROC,12,0.6,1.0
binary,sam2_unet,3407,Abnormal,ROC,13,1.0,1.0
binary,sam2_unet,3407,Abnormal,PR,0,1.0,0.4444444444444444
binary,sam2_unet,3407,Abnormal,PR,1,1.0,0.45714285714285713
binary,sam2_unet,3407,Abnormal,PR,2,1.0,0.47058823529411764
binary,sam2_unet,3407,Abnormal,PR,3,1.0,0.48484848484848486
binary,sam2_unet,3407,Abnormal,PR,4,1.0,0.5
binary,sam2_unet,3407,Abnormal,PR,5,1.0,0.5161290322580645
binary,sam2_unet,3407,Abnormal,PR,6,1.0,0.5333333333333333
binary,sam2_unet,3407,Abnormal,PR,7,1.0,0.5517241379310345
binary,sam2_unet,3407,Abnormal,PR,8,1.0,0.5714285714285714
binary,sam2_unet,3407,Abnormal,PR,9,0.9375,0.5555555555555556
binary,sam2_unet,3407,Abnormal,PR,10,0.9375,0.5769230769230769
binary,sam2_unet,3407,Abnormal,PR,11,0.875,0.56
binary,sam2_unet,3407,Abnormal,PR,12,0.875,0.5833333333333334
binary,sam2_unet,3407,Abnormal,PR,13,0.8125,0.5652173913043478
binary,sam2_unet,3407,Abnormal,PR,14,0.8125,0.5909090909090909
binary,sam2_unet,3407,Abnormal,PR,15,0.8125,0.6190476190476191
binary,sam2_unet,3407,Abnormal,PR,16,0.75,0.6
binary,sam2_unet,3407,Abnormal,PR,17,0.75,0.631578947368421
binary,sam2_unet,3407,Abnormal,PR,18,0.75,0.6666666666666666
binary,sam2_unet,3407,Abnormal,PR,19,0.75,0.7058823529411765
binary,sam2_unet,3407,Abnormal,PR,20,0.75,0.75
binary,sam2_unet,3407,Abnormal,PR,21,0.75,0.8
binary,sam2_unet,3407,Abnormal,PR,22,0.6875,0.7857142857142857
binary,sam2_unet,3407,Abnormal,PR,23,0.6875,0.8461538461538461
binary,sam2_unet,3407,Abnormal,PR,24,0.6875,0.9166666666666666
binary,sam2_unet,3407,Abnormal,PR,25,0.6875,1.0
binary,sam2_unet,3407,Abnormal,PR,26,0.625,1.0
binary,sam2_unet,3407,Abnormal,PR,27,0.5625,1.0
binary,sam2_unet,3407,Abnormal,PR,28,0.5,1.0
binary,sam2_unet,3407,Abnormal,PR,29,0.4375,1.0
binary,sam2_unet,3407,Abnormal,PR,30,0.375,1.0
binary,sam2_unet,3407,Abnormal,PR,31,0.3125,1.0
binary,sam2_unet,3407,Abnormal,PR,32,0.25,1.0
binary,sam2_unet,3407,Abnormal,PR,33,0.1875,1.0
binary,sam2_unet,3407,Abnormal,PR,34,0.125,1.0
binary,sam2_unet,3407,Abnormal,PR,35,0.0625,1.0
binary,sam2_unet,3407,Abnormal,PR,36,0.0,1.0
binary,sam2_unet,9103,Abnormal,ROC,0,0.0,0.0
binary,sam2_unet,9103,Abnormal,ROC,1,0.0,0.0625
binary,sam2_unet,9103,Abnormal,ROC,2,0.0,0.875
binary,sam2_unet,9103,Abnormal,ROC,3,0.4,0.875
binary,sam2_unet,9103,Abnormal,ROC,4,0.4,1.0
binary,sam2_unet,9103,Abnormal,ROC,5,1.0,1.0
binary,sam2_unet,9103,Abnormal,PR,0,1.0,0.4444444444444444
binary,sam2_unet,9103,Abnormal,PR,1,1.0,0.45714285714285713
binary,sam2_unet,9103,Abnormal,PR,2,1.0,0.47058823529411764
binary,sam2_unet,9103,Abnormal,PR,3,1.0,0.48484848484848486
binary,sam2_unet,9103,Abnormal,PR,4,1.0,0.5
binary,sam2_unet,9103,Abnormal,PR,5,1.0,0.5161290322580645
binary,sam2_unet,9103,Abnormal,PR,6,1.0,0.5333333333333333
binary,sam2_unet,9103,Abnormal,PR,7,1.0,0.5517241379310345
binary,sam2_unet,9103,Abnormal,PR,8,1.0,0.5714285714285714
binary,sam2_unet,9103,Abnormal,PR,9,1.0,0.5925925925925926
binary,sam2_unet,9103,Abnormal,PR,10,1.0,0.6153846153846154
binary,sam2_unet,9103,Abnormal,PR,11,1.0,0.64
binary,sam2_unet,9103,Abnormal,PR,12,1.0,0.6666666666666666
binary,sam2_unet,9103,Abnormal,PR,13,0.9375,0.6521739130434783
binary,sam2_unet,9103,Abnormal,PR,14,0.875,0.6363636363636364
binary,sam2_unet,9103,Abnormal,PR,15,0.875,0.6666666666666666
binary,sam2_unet,9103,Abnormal,PR,16,0.875,0.7
binary,sam2_unet,9103,Abnormal,PR,17,0.875,0.7368421052631579
binary,sam2_unet,9103,Abnormal,PR,18,0.875,0.7777777777777778
binary,sam2_unet,9103,Abnormal,PR,19,0.875,0.8235294117647058
binary,sam2_unet,9103,Abnormal,PR,20,0.875,0.875
binary,sam2_unet,9103,Abnormal,PR,21,0.875,0.9333333333333333
binary,sam2_unet,9103,Abnormal,PR,22,0.875,1.0
binary,sam2_unet,9103,Abnormal,PR,23,0.8125,1.0
binary,sam2_unet,9103,Abnormal,PR,24,0.75,1.0
binary,sam2_unet,9103,Abnormal,PR,25,0.6875,1.0
binary,sam2_unet,9103,Abnormal,PR,26,0.625,1.0
binary,sam2_unet,9103,Abnormal,PR,27,0.5625,1.0
binary,sam2_unet,9103,Abnormal,PR,28,0.5,1.0
binary,sam2_unet,9103,Abnormal,PR,29,0.4375,1.0
binary,sam2_unet,9103,Abnormal,PR,30,0.375,1.0
binary,sam2_unet,9103,Abnormal,PR,31,0.3125,1.0
binary,sam2_unet,9103,Abnormal,PR,32,0.25,1.0
binary,sam2_unet,9103,Abnormal,PR,33,0.1875,1.0
binary,sam2_unet,9103,Abnormal,PR,34,0.125,1.0
binary,sam2_unet,9103,Abnormal,PR,35,0.0625,1.0
binary,sam2_unet,9103,Abnormal,PR,36,0.0,1.0
threeclass,yolo26,17,Normal,ROC,0,0.0,0.0
threeclass,yolo26,17,Normal,ROC,1,0.0,0.1
threeclass,yolo26,17,Normal,ROC,2,0.0,0.6
threeclass,yolo26,17,Normal,ROC,3,0.14285714285714285,0.6
threeclass,yolo26,17,Normal,ROC,4,0.14285714285714285,0.7
threeclass,yolo26,17,Normal,ROC,5,0.2857142857142857,0.7
threeclass,yolo26,17,Normal,ROC,6,0.2857142857142857,1.0
threeclass,yolo26,17,Normal,ROC,7,1.0,1.0
threeclass,yolo26,17,Normal,PR,0,1.0,0.5882352941176471
threeclass,yolo26,17,Normal,PR,1,1.0,0.625
threeclass,yolo26,17,Normal,PR,2,1.0,0.6666666666666666
threeclass,yolo26,17,Normal,PR,3,1.0,0.7142857142857143
threeclass,yolo26,17,Normal,PR,4,1.0,0.7692307692307693
threeclass,yolo26,17,Normal,PR,5,1.0,0.8333333333333334
threeclass,yolo26,17,Normal,PR,6,0.9,0.8181818181818182
threeclass,yolo26,17,Normal,PR,7,0.8,0.8
threeclass,yolo26,17,Normal,PR,8,0.7,0.7777777777777778
threeclass,yolo26,17,Normal,PR,9,0.7,0.875
threeclass,yolo26,17,Normal,PR,10,0.6,0.8571428571428571
threeclass,yolo26,17,Normal,PR,11,0.6,1.0
threeclass,yolo26,17,Normal,PR,12,0.5,1.0
threeclass,yolo26,17,Normal,PR,13,0.4,1.0
threeclass,yolo26,17,Normal,PR,14,0.3,1.0
threeclass,yolo26,17,Normal,PR,15,0.2,1.0
threeclass,yolo26,17,Normal,PR,16,0.1,1.0
threeclass,yolo26,17,Normal,PR,17,0.0,1.0
threeclass,yolo26,42,Normal,ROC,0,0.0,0.0
threeclass,yolo26,42,Normal,ROC,1,0.125,0.0
threeclass,yolo26,42,Normal,ROC,2,0.125,0.6
threeclass,yolo26,42,Normal,ROC,3,0.25,0.6
threeclass,yolo26,42,Normal,ROC,4,0.25,1.0
threeclass,yolo26,42,Normal,ROC,5,1.0,1.0
threeclass,yolo26,42,Normal,PR,0,1.0,0.5555555555555556
threeclass,yolo26,42,Normal,PR,1,1.0,0.5882352941176471
threeclass,yolo26,42,Normal,PR,2,1.0,0.625
threeclass,yolo26,42,Normal,PR,3,1.0,0.6666666666666666
threeclass,yolo26,42,Normal,PR,4,1.0,0.7142857142857143
threeclass,yolo26,42,Normal,PR,5,1.0,0.7692307692307693
threeclass,yolo26,42,Normal,PR,6,1.0,0.8333333333333334
threeclass,yolo26,42,Normal,PR,7,0.9,0.8181818181818182
threeclass,yolo26,42,Normal,PR,8,0.8,0.8
threeclass,yolo26,42,Normal,PR,9,0.7,0.7777777777777778
threeclass,yolo26,42,Normal,PR,10,0.6,0.75
threeclass,yolo26,42,Normal,PR,11,0.6,0.8571428571428571
threeclass,yolo26,42,Normal,PR,12,0.5,0.8333333333333334
threeclass,yolo26,42,Normal,PR,13,0.4,0.8
threeclass,yolo26,42,Normal,PR,14,0.3,0.75
threeclass,yolo26,42,Normal,PR,15,0.2,0.6666666666666666
threeclass,yolo26,42,Normal,PR,16,0.1,0.5
threeclass,yolo26,42,Normal,PR,17,0.0,0.0
threeclass,yolo26,42,Normal,PR,18,0.0,1.0
threeclass,yolo26,2026,Normal,ROC,0,0.0,0.0
threeclass,yolo26,2026,Normal,ROC,1,0.0,0.125
threeclass,yolo26,2026,Normal,ROC,2,0.0,0.5
threeclass,yolo26,2026,Normal,ROC,3,0.2,0.5
threeclass,yolo26,2026,Normal,ROC,4,0.2,1.0
threeclass,yolo26,2026,Normal,ROC,5,1.0,1.0
threeclass,yolo26,2026,Normal,PR,0,1.0,0.6153846153846154
threeclass,yolo26,2026,Normal,PR,1,1.0,0.6666666666666666
threeclass,yolo26,2026,Normal,PR,2,1.0,0.7272727272727273
threeclass,yolo26,2026,Normal,PR,3,1.0,0.8
threeclass,yolo26,2026,Normal,PR,4,1.0,0.8888888888888888
threeclass,yolo26,2026,Normal,PR,5,0.875,0.875
threeclass,yolo26,2026,Normal,PR,6,0.75,0.8571428571428571
threeclass,yolo26,2026,Normal,PR,7,0.625,0.8333333333333334
threeclass,yolo26,2026,Normal,PR,8,0.5,0.8
threeclass,yolo26,2026,Normal,PR,9,0.5,1.0
threeclass,yolo26,2026,Normal,PR,10,0.375,1.0
threeclass,yolo26,2026,Normal,PR,11,0.25,1.0
threeclass,yolo26,2026,Normal,PR,12,0.125,1.0
threeclass,yolo26,2026,Normal,PR,13,0.0,1.0
threeclass,yolo26,3407,Normal,ROC,0,0.0,0.0
threeclass,yolo26,3407,Normal,ROC,1,0.0,0.1
threeclass,yolo26,3407,Normal,ROC,2,0.0,0.7
threeclass,yolo26,3407,Normal,ROC,3,0.3333333333333333,0.7
threeclass,yolo26,3407,Normal,ROC,4,0.3333333333333333,1.0
threeclass,yolo26,3407,Normal,ROC,5,1.0,1.0
threeclass,yolo26,3407,Normal,PR,0,1.0,0.625
threeclass,yolo26,3407,Normal,PR,1,1.0,0.6666666666666666
threeclass,yolo26,3407,Normal,PR,2,1.0,0.7142857142857143
threeclass,yolo26,3407,Normal,PR,3,1.0,0.7692307692307693
threeclass,yolo26,3407,Normal,PR,4,1.0,0.8333333333333334
threeclass,yolo26,3407,Normal,PR,5,0.9,0.8181818181818182
threeclass,yolo26,3407,Normal,PR,6,0.8,0.8
threeclass,yolo26,3407,Normal,PR,7,0.7,0.7777777777777778
threeclass,yolo26,3407,Normal,PR,8,0.7,0.875
threeclass,yolo26,3407,Normal,PR,9,0.7,1.0
threeclass,yolo26,3407,Normal,PR,10,0.6,1.0
threeclass,yolo26,3407,Normal,PR,11,0.5,1.0
threeclass,yolo26,3407,Normal,PR,12,0.4,1.0
threeclass,yolo26,3407,Normal,PR,13,0.3,1.0
threeclass,yolo26,3407,Normal,PR,14,0.2,1.0
threeclass,yolo26,3407,Normal,PR,15,0.1,1.0
threeclass,yolo26,3407,Normal,PR,16,0.0,1.0
threeclass,yolo26,9103,Normal,ROC,0,0.0,0.0
threeclass,yolo26,9103,Normal,ROC,1,0.0,0.1
threeclass,yolo26,9103,Normal,ROC,2,0.0,0.6
threeclass,yolo26,9103,Normal,ROC,3,0.16666666666666666,0.6
threeclass,yolo26,9103,Normal,ROC,4,0.16666666666666666,1.0
threeclass,yolo26,9103,Normal,ROC,5,1.0,1.0
threeclass,yolo26,9103,Normal,PR,0,1.0,0.625
threeclass,yolo26,9103,Normal,PR,1,1.0,0.6666666666666666
threeclass,yolo26,9103,Normal,PR,2,1.0,0.7142857142857143
threeclass,yolo26,9103,Normal,PR,3,1.0,0.7692307692307693
threeclass,yolo26,9103,Normal,PR,4,1.0,0.8333333333333334
threeclass,yolo26,9103,Normal,PR,5,1.0,0.9090909090909091
threeclass,yolo26,9103,Normal,PR,6,0.9,0.9
threeclass,yolo26,9103,Normal,PR,7,0.8,0.8888888888888888
threeclass,yolo26,9103,Normal,PR,8,0.7,0.875
threeclass,yolo26,9103,Normal,PR,9,0.6,0.8571428571428571
threeclass,yolo26,9103,Normal,PR,10,0.6,1.0
threeclass,yolo26,9103,Normal,PR,11,0.5,1.0
threeclass,yolo26,9103,Normal,PR,12,0.4,1.0
threeclass,yolo26,9103,Normal,PR,13,0.3,1.0
threeclass,yolo26,9103,Normal,PR,14,0.2,1.0
threeclass,yolo26,9103,Normal,PR,15,0.1,1.0
threeclass,yolo26,9103,Normal,PR,16,0.0,1.0
threeclass,yolo26,17,Papilledema,ROC,0,0.0,0.0
threeclass,yolo26,17,Papilledema,ROC,1,0.07142857142857142,0.0
threeclass,yolo26,17,Papilledema,ROC,2,0.14285714285714285,0.0
threeclass,yolo26,17,Papilledema,ROC,3,0.14285714285714285,0.3333333333333333
threeclass,yolo26,17,Papilledema,ROC,4,0.21428571428571427,0.3333333333333333
threeclass,yolo26,17,Papilledema,ROC,5,0.21428571428571427,0.6666666666666666
threeclass,yolo26,17,Papilledema,ROC,6,0.5,0.6666666666666666
threeclass,yolo26,17,Papilledema,ROC,7,0.5,1.0
threeclass,yolo26,17,Papilledema,ROC,8,1.0,1.0
threeclass,yolo26,17,Papilledema,PR,0,1.0,0.17647058823529413
threeclass,yolo26,17,Papilledema,PR,1,1.0,0.1875
threeclass,yolo26,17,Papilledema,PR,2,1.0,0.2
threeclass,yolo26,17,Papilledema,PR,3,1.0,0.21428571428571427
threeclass,yolo26,17,Papilledema,PR,4,1.0,0.23076923076923078
threeclass,yolo26,17,Papilledema,PR,5,1.0,0.25
threeclass,yolo26,17,Papilledema,PR,6,1.0,0.2727272727272727
threeclass,yolo26,17,Papilledema,PR,7,1.0,0.3
threeclass,yolo26,17,Papilledema,PR,8,0.6666666666666666,0.2222222222222222
threeclass,yolo26,17,Papilledema,PR,9,0.6666666666666666,0.25
threeclass,yolo26,17,Papilledema,PR,10,0.6666666666666666,0.2857142857142857
threeclass,yolo26,17,Papilledema,PR,11,0.6666666666666666,0.3333333333333333
threeclass,yolo26,17,Papilledema,PR,12,0.6666666666666666,0.4
threeclass,yolo26,17,Papilledema,PR,13,0.3333333333333333,0.25
threeclass,yolo26,17,Papilledema,PR,14,0.3333333333333333,0.3333333333333333
threeclass,yolo26,17,Papilledema,PR,15,0.0,0.0
threeclass,yolo26,17,Papilledema,PR,16,0.0,0.0
threeclass,yolo26,17,Papilledema,PR,17,0.0,1.0
threeclass,yolo26,42,Papilledema,ROC,0,0.0,0.0
threeclass,yolo26,42,Papilledema,ROC,1,0.07142857142857142,0.0
threeclass,yolo26,42,Papilledema,ROC,2,0.42857142857142855,0.0
threeclass,yolo26,42,Papilledema,ROC,3,0.42857142857142855,0.25
threeclass,yolo26,42,Papilledema,ROC,4,1.0,0.25
threeclass,yolo26,42,Papilledema,ROC,5,1.0,1.0
threeclass,yolo26,42,Papilledema,PR,0,1.0,0.2222222222222222
threeclass,yolo26,42,Papilledema,PR,1,0.75,0.17647058823529413
threeclass,yolo26,42,Papilledema,PR,2,0.5,0.125
threeclass,yolo26,42,Papilledema,PR,3,0.25,0.06666666666666667
threeclass,yolo26,42,Papilledema,PR,4,0.25,0.07142857142857142
threeclass,yolo26,42,Papilledema,PR,5,0.25,0.07692307692307693
threeclass,yolo26,42,Papilledema,PR,6,0.25,0.08333333333333333
threeclass,yolo26,42,Papilledema,PR,7,0.25,0.09090909090909091
threeclass,yolo26,42,Papilledema,PR,8,0.25,0.1
threeclass,yolo26,42,Papilledema,PR,9,0.25,0.1111111111111111
threeclass,yolo26,42,Papilledema,PR,10,0.25,0.125
threeclass,yolo26,42,Papilledema,PR,11,0.25,0.14285714285714285
threeclass,yolo26,42,Papilledema,PR,12,0.0,0.0
threeclass,yolo26,42,Papilledema,PR,13,0.0,0.0
threeclass,yolo26,42,Papilledema,PR,14,0.0,0.0
threeclass,yolo26,42,Papilledema,PR,15,0.0,0.0
threeclass,yolo26,42,Papilledema,PR,16,0.0,0.0
threeclass,yolo26,42,Papilledema,PR,17,0.0,0.0
threeclass,yolo26,42,Papilledema,PR,18,0.0,1.0
threeclass,yolo26,2026,Papilledema,ROC,0,0.0,0.0
threeclass,yolo26,2026,Papilledema,ROC,1,0.09090909090909091,0.0
threeclass,yolo26,2026,Papilledema,ROC,2,0.09090909090909091,0.5
threeclass,yolo26,2026,Papilledema,ROC,3,0.18181818181818182,0.5
threeclass,yolo26,2026,Papilledema,ROC,4,0.18181818181818182,1.0
threeclass,yolo26,2026,Papilledema,ROC,5,1.0,1.0
threeclass,yolo26,2026,Papilledema,PR,0,1.0,0.15384615384615385
threeclass,yolo26,2026,Papilledema,PR,1,1.0,0.16666666666666666
threeclass,yolo26,2026,Papilledema,PR,2,1.0,0.18181818181818182
threeclass,yolo26,2026,Papilledema,PR,3,1.0,0.2
threeclass,yolo26,2026,Papilledema,PR,4,1.0,0.2222222222222222
threeclass,yolo26,2026,Papilledema,PR,5,1.0,0.25
threeclass,yolo26,2026,Papilledema,PR,6,1.0,0.2857142857142857
threeclass,yolo26,2026,Papilledema,PR,7,1.0,0.3333333333333333
threeclass,yolo26,2026,Papilledema,PR,8,1.0,0.4
threeclass,yolo26,2026,Papilledema,PR,9,1.0,0.5
threeclass,yolo26,2026,Papilledema,PR,10,0.5,0.3333333333333333
threeclass,yolo26,2026,Papilledema,PR,11,0.5,0.5
threeclass,yolo26,2026,Papilledema,PR,12,0.0,0.0
threeclass,yolo26,2026,Papilledema,PR,13,0.0,1.0
threeclass,yolo26,3407,Papilledema,ROC,0,0.0,0.0
threeclass,yolo26,3407,Papilledema,ROC,1,0.07692307692307693,0.0
threeclass,yolo26,3407,Papilledema,ROC,2,0.07692307692307693,0.6666666666666666
threeclass,yolo26,3407,Papilledema,ROC,3,0.38461538461538464,0.6666666666666666
threeclass,yolo26,3407,Papilledema,ROC,4,0.38461538461538464,1.0
threeclass,yolo26,3407,Papilledema,ROC,5,1.0,1.0
threeclass,yolo26,3407,Papilledema,PR,0,1.0,0.1875
threeclass,yolo26,3407,Papilledema,PR,1,1.0,0.2
threeclass,yolo26,3407,Papilledema,PR,2,1.0,0.21428571428571427
threeclass,yolo26,3407,Papilledema,PR,3,1.0,0.23076923076923078
threeclass,yolo26,3407,Papilledema,PR,4,1.0,0.25
threeclass,yolo26,3407,Papilledema,PR,5,1.0,0.2727272727272727
threeclass,yolo26,3407,Papilledema,PR,6,1.0,0.3
threeclass,yolo26,3407,Papilledema,PR,7,1.0,0.3333333333333333
threeclass,yolo26,3407,Papilledema,PR,8,1.0,0.375
threeclass,yolo26,3407,Papilledema,PR,9,0.6666666666666666,0.2857142857142857
threeclass,yolo26,3407,Papilledema,PR,10,0.6666666666666666,0.3333333333333333
threeclass,yolo26,3407,Papilledema,PR,11,0.6666666666666666,0.4
threeclass,yolo26,3407,Papilledema,PR,12,0.6666666666666666,0.5
threeclass,yolo26,3407,Papilledema,PR,13,0.6666666666666666,0.6666666666666666
threeclass,yolo26,3407,Papilledema,PR,14,0.3333333333333333,0.5
threeclass,yolo26,3407,Papilledema,PR,15,0.0,0.0
threeclass,yolo26,3407,Papilledema,PR,16,0.0,1.0
threeclass,yolo26,9103,Papilledema,ROC,0,0.0,0.0
threeclass,yolo26,9103,Papilledema,ROC,1,0.07692307692307693,0.0
threeclass,yolo26,9103,Papilledema,ROC,2,0.07692307692307693,0.6666666666666666
threeclass,yolo26,9103,Papilledema,ROC,3,0.23076923076923078,0.6666666666666666
threeclass,yolo26,9103,Papilledema,ROC,4,0.23076923076923078,1.0
threeclass,yolo26,9103,Papilledema,ROC,5,1.0,1.0
threeclass,yolo26,9103,Papilledema,PR,0,1.0,0.1875
threeclass,yolo26,9103,Papilledema,PR,1,1.0,0.2
threeclass,yolo26,9103,Papilledema,PR,2,1.0,0.21428571428571427
threeclass,yolo26,9103,Papilledema,PR,3,1.0,0.23076923076923078
threeclass,yolo26,9103,Papilledema,PR,4,1.0,0.25
threeclass,yolo26,9103,Papilledema,PR,5,1.0,0.2727272727272727
threeclass,yolo26,9103,Papilledema,PR,6,1.0,0.3
threeclass,yolo26,9103,Papilledema,PR,7,1.0,0.3333333333333333
threeclass,yolo26,9103,Papilledema,PR,8,1.0,0.375
threeclass,yolo26,9103,Papilledema,PR,9,1.0,0.42857142857142855
threeclass,yolo26,9103,Papilledema,PR,10,1.0,0.5
threeclass,yolo26,9103,Papilledema,PR,11,0.6666666666666666,0.4
threeclass,yolo26,9103,Papilledema,PR,12,0.6666666666666666,0.5
threeclass,yolo26,9103,Papilledema,PR,13,0.6666666666666666,0.6666666666666666
threeclass,yolo26,9103,Papilledema,PR,14,0.3333333333333333,0.5
threeclass,yolo26,9103,Papilledema,PR,15,0.0,0.0
threeclass,yolo26,9103,Papilledema,PR,16,0.0,1.0
threeclass,yolo26,17,Pseudopapilledema,ROC,0,0.0,0.0
threeclass,yolo26,17,Pseudopapilledema,ROC,1,0.07692307692307693,0.0
threeclass,yolo26,17,Pseudopapilledema,ROC,2,0.23076923076923078,0.0
threeclass,yolo26,17,Pseudopapilledema,ROC,3,0.23076923076923078,0.5
threeclass,yolo26,17,Pseudopapilledema,ROC,4,0.38461538461538464,0.5
threeclass,yolo26,17,Pseudopapilledema,ROC,5,0.38461538461538464,0.75
threeclass,yolo26,17,Pseudopapilledema,ROC,6,0.6153846153846154,0.75
threeclass,yolo26,17,Pseudopapilledema,ROC,7,0.6153846153846154,1.0
threeclass,yolo26,17,Pseudopapilledema,ROC,8,1.0,1.0
threeclass,yolo26,17,Pseudopapilledema,PR,0,1.0,0.23529411764705882
threeclass,yolo26,17,Pseudopapilledema,PR,1,1.0,0.25
threeclass,yolo26,17,Pseudopapilledema,PR,2,1.0,0.26666666666666666
threeclass,yolo26,17,Pseudopapilledema,PR,3,1.0,0.2857142857142857
threeclass,yolo26,17,Pseudopapilledema,PR,4,1.0,0.3076923076923077
threeclass,yolo26,17,Pseudopapilledema,PR,5,1.0,0.3333333333333333
threeclass,yolo26,17,Pseudopapilledema,PR,6,0.75,0.2727272727272727
threeclass,yolo26,17,Pseudopapilledema,PR,7,0.75,0.3
threeclass,yolo26,17,Pseudopapilledema,PR,8,0.75,0.3333333333333333
threeclass,yolo26,17,Pseudopapilledema,PR,9,0.75,0.375
threeclass,yolo26,17,Pseudopapilledema,PR,10,0.5,0.2857142857142857
threeclass,yolo26,17,Pseudopapilledema,PR,11,0.5,0.3333333333333333
threeclass,yolo26,17,Pseudopapilledema,PR,12,0.5,0.4
threeclass,yolo26,17,Pseudopapilledema,PR,13,0.25,0.25
threeclass,yolo26,17,Pseudopapilledema,PR,14,0.0,0.0
threeclass,yolo26,17,Pseudopapilledema,PR,15,0.0,0.0
threeclass,yolo26,17,Pseudopapilledema,PR,16,0.0,0.0
threeclass,yolo26,17,Pseudopapilledema,PR,17,0.0,1.0
threeclass,yolo26,42,Pseudopapilledema,ROC,0,0.0,0.0
threeclass,yolo26,42,Pseudopapilledema,ROC,1,0.07142857142857142,0.0
threeclass,yolo26,42,Pseudopapilledema,ROC,2,0.07142857142857142,0.25
threeclass,yolo26,42,Pseudopapilledema,ROC,3,0.2857142857142857,0.25
threeclass,yolo26,42,Pseudopapilledema,ROC,4,0.2857142857142857,0.5
threeclass,yolo26,42,Pseudopapilledema,ROC,5,0.5,0.5
threeclass,yolo26,42,Pseudopapilledema,ROC,6,0.5,0.75
threeclass,yolo26,42,Pseudopapilledema,ROC,7,1.0,0.75
threeclass,yolo26,42,Pseudopapilledema,ROC,8,1.0,1.0
threeclass,yolo26,42,Pseudopapilledema,PR,0,1.0,0.2222222222222222
threeclass,yolo26,42,Pseudopapilledema,PR,1,0.75,0.17647058823529413
threeclass,yolo26,42,Pseudopapilledema,PR,2,0.75,0.1875
threeclass,yolo26,42,Pseudopapilledema,PR,3,0.75,0.2
threeclass,yolo26,42,Pseudopapilledema,PR,4,0.75,0.21428571428571427
threeclass,yolo26,42,Pseudopapilledema,PR,5,0.75,0.23076923076923078
threeclass,yolo26,42,Pseudopapilledema,PR,6,0.75,0.25
threeclass,yolo26,42,Pseudopapilledema,PR,7,0.75,0.2727272727272727
threeclass,yolo26,42,Pseudopapilledema,PR,8,0.75,0.3
threeclass,yolo26,42,Pseudopapilledema,PR,9,0.5,0.2222222222222222
threeclass,yolo26,42,Pseudopapilledema,PR,10,0.5,0.25
threeclass,yolo26,42,Pseudopapilledema,PR,11,0.5,0.2857142857142857
threeclass,yolo26,42,Pseudopapilledema,PR,12,0.5,0.3333333333333333
threeclass,yolo26,42,Pseudopapilledema,PR,13,0.25,0.2
threeclass,yolo26,42,Pseudopapilledema,PR,14,0.25,0.25
threeclass,yolo26,42,Pseudopapilledema,PR,15,0.25,0.3333333333333333
threeclass,yolo26,42,Pseudopapilledema,PR,16,0.25,0.5
threeclass,yolo26,42,Pseudopapilledema,PR,17,0.0,0.0
threeclass,yolo26,42,Pseudopapilledema,PR,18,0.0,1.0
threeclass,yolo26,2026,Pseudopapilledema,ROC,0,0.0,0.0
threeclass,yolo26,2026,Pseudopapilledema,ROC,1,0.1,0.0
threeclass,yolo26,2026,Pseudopapilledema,ROC,2,0.2,0.0
threeclass,yolo26,2026,Pseudopapilledema,ROC,3,0.2,0.6666666666666666
threeclass,yolo26,2026,Pseudopapilledema,ROC,4,0.5,0.6666666666666666
threeclass,yolo26,2026,Pseudopapilledema,ROC,5,0.5,1.0
threeclass,yolo26,2026,Pseudopapilledema,ROC,6,1.0,1.0
threeclass,yolo26,2026,Pseudopapilledema,PR,0,1.0,0.23076923076923078
threeclass,yolo26,2026,Pseudopapilledema,PR,1,1.0,0.25
threeclass,yolo26,2026,Pseudopapilledema,PR,2,1.0,0.2727272727272727
threeclass,yolo26,2026,Pseudopapilledema,PR,3,1.0,0.3
threeclass,yolo26,2026,Pseudopapilledema,PR,4,1.0,0.3333333333333333
threeclass,yolo26,2026,Pseudopapilledema,PR,5,1.0,0.375
threeclass,yolo26,2026,Pseudopapilledema,PR,6,0.6666666666666666,0.2857142857142857
threeclass,yolo26,2026,Pseudopapilledema,PR,7,0.6666666666666666,0.3333333333333333
threeclass,yolo26,2026,Pseudopapilledema,PR,8,0.6666666666666666,0.4
threeclass,yolo26,2026,Pseudopapilledema,PR,9,0.6666666666666666,0.5
threeclass,yolo26,2026,Pseudopapilledema,PR,10,0.3333333333333333,0.3333333333333333
threeclass,yolo26,2026,Pseudopapilledema,PR,11,0.0,0.0
threeclass,yolo26,2026,Pseudopapilledema,PR,12,0.0,0.0
threeclass,yolo26,2026,Pseudopapilledema,PR,13,0.0,1.0
threeclass,yolo26,3407,Pseudopapilledema,ROC,0,0.0,0.0
threeclass,yolo26,3407,Pseudopapilledema,ROC,1,0.07692307692307693,0.0
threeclass,yolo26,3407,Pseudopapilledema,ROC,2,0.38461538461538464,0.0
threeclass,yolo26,3407,Pseudopapilledema,ROC,3,0.38461538461538464,0.6666666666666666
threeclass,yolo26,3407,Pseudopapilledema,ROC,4,0.46153846153846156,0.6666666666666666
threeclass,yolo26,3407,Pseudopapilledema,ROC,5,0.46153846153846156,1.0
threeclass,yolo26,3407,Pseudopapilledema,ROC,6,1.0,1.0
threeclass,yolo26,3407,Pseudopapilledema,PR,0,1.0,0.1875
threeclass,yolo26,3407,Pseudopapilledema,PR,1,1.0,0.2
threeclass,yolo26,3407,Pseudopapilledema,PR,2,1.0,0.21428571428571427
threeclass,yolo26,3407,Pseudopapilledema,PR,3,1.0,0.23076923076923078
threeclass,yolo26,3407,Pseudopapilledema,PR,4,1.0,0.25
threeclass,yolo26,3407,Pseudopapilledema,PR,5,1.0,0.2727272727272727
threeclass,yolo26,3407,Pseudopapilledema,PR,6,1.0,0.3
threeclass,yolo26,3407,Pseudopapilledema,PR,7,1.0,0.3333333333333333
threeclass,yolo26,3407,Pseudopapilledema,PR,8,0.6666666666666666,0.25
threeclass,yolo26,3407,Pseudopapilledema,PR,9,0.6666666666666666,0.2857142857142857
threeclass,yolo26,3407,Pseudopapilledema,PR,10,0.3333333333333333,0.16666666666666666
threeclass,yolo26,3407,Pseudopapilledema,PR,11,0.0,0.0
threeclass,yolo26,3407,Pseudopapilledema,PR,12,0.0,0.0
threeclass,yolo26,3407,Pseudopapilledema,PR,13,0.0,0.0
threeclass,yolo26,3407,Pseudopapilledema,PR,14,0.0,0.0
threeclass,yolo26,3407,Pseudopapilledema,PR,15,0.0,0.0
threeclass,yolo26,3407,Pseudopapilledema,PR,16,0.0,1.0
threeclass,yolo26,9103,Pseudopapilledema,ROC,0,0.0,0.0
threeclass,yolo26,9103,Pseudopapilledema,ROC,1,0.0,0.3333333333333333
threeclass,yolo26,9103,Pseudopapilledema,ROC,2,0.15384615384615385,0.3333333333333333
threeclass,yolo26,9103,Pseudopapilledema,ROC,3,0.15384615384615385,0.6666666666666666
threeclass,yolo26,9103,Pseudopapilledema,ROC,4,0.6153846153846154,0.6666666666666666
threeclass,yolo26,9103,Pseudopapilledema,ROC,5,0.6153846153846154,1.0
threeclass,yolo26,9103,Pseudopapilledema,ROC,6,1.0,1.0
threeclass,yolo26,9103,Pseudopapilledema,PR,0,1.0,0.1875
threeclass,yolo26,9103,Pseudopapilledema,PR,1,1.0,0.2
threeclass,yolo26,9103,Pseudopapilledema,PR,2,1.0,0.21428571428571427
threeclass,yolo26,9103,Pseudopapilledema,PR,3,1.0,0.23076923076923078
threeclass,yolo26,9103,Pseudopapilledema,PR,4,1.0,0.25
threeclass,yolo26,9103,Pseudopapilledema,PR,5,1.0,0.2727272727272727
threeclass,yolo26,9103,Pseudopapilledema,PR,6,0.6666666666666666,0.2
threeclass,yolo26,9103,Pseudopapilledema,PR,7,0.6666666666666666,0.2222222222222222
threeclass,yolo26,9103,Pseudopapilledema,PR,8,0.6666666666666666,0.25
threeclass,yolo26,9103,Pseudopapilledema,PR,9,0.6666666666666666,0.2857142857142857
threeclass,yolo26,9103,Pseudopapilledema,PR,10,0.6666666666666666,0.3333333333333333
threeclass,yolo26,9103,Pseudopapilledema,PR,11,0.6666666666666666,0.4
threeclass,yolo26,9103,Pseudopapilledema,PR,12,0.6666666666666666,0.5
threeclass,yolo26,9103,Pseudopapilledema,PR,13,0.3333333333333333,0.3333333333333333
threeclass,yolo26,9103,Pseudopapilledema,PR,14,0.3333333333333333,0.5
threeclass,yolo26,9103,Pseudopapilledema,PR,15,0.3333333333333333,1.0
threeclass,yolo26,9103,Pseudopapilledema,PR,16,0.0,1.0
threeclass,vit_method2,17,Normal,ROC,0,0.0,0.0
threeclass,vit_method2,17,Normal,ROC,1,0.0,0.1
threeclass,vit_method2,17,Normal,ROC,2,0.0,0.4
threeclass,vit_method2,17,Normal,ROC,3,0.125,0.4
threeclass,vit_method2,17,Normal,ROC,4,0.125,0.5
threeclass,vit_method2,17,Normal,ROC,5,0.25,0.5
threeclass,vit_method2,17,Normal,ROC,6,0.25,1.0
threeclass,vit_method2,17,Normal,ROC,7,1.0,1.0
threeclass,vit_method2,17,Normal,PR,0,1.0,0.5555555555555556
threeclass,vit_method2,17,Normal,PR,1,1.0,0.5882352941176471
threeclass,vit_method2,17,Normal,PR,2,1.0,0.625
threeclass,vit_method2,17,Normal,PR,3,1.0,0.6666666666666666
threeclass,vit_method2,17,Normal,PR,4,1.0,0.7142857142857143
threeclass,vit_method2,17,Normal,PR,5,1.0,0.7692307692307693
threeclass,vit_method2,17,Normal,PR,6,1.0,0.8333333333333334
threeclass,vit_method2,17,Normal,PR,7,0.9,0.8181818181818182
threeclass,vit_method2,17,Normal,PR,8,0.8,0.8
threeclass,vit_method2,17,Normal,PR,9,0.7,0.7777777777777778
threeclass,vit_method2,17,Normal,PR,10,0.6,0.75
threeclass,vit_method2,17,Normal,PR,11,0.5,0.7142857142857143
threeclass,vit_method2,17,Normal,PR,12,0.5,0.8333333333333334
threeclass,vit_method2,17,Normal,PR,13,0.4,0.8
threeclass,vit_method2,17,Normal,PR,14,0.4,1.0
threeclass,vit_method2,17,Normal,PR,15,0.3,1.0
threeclass,vit_method2,17,Normal,PR,16,0.2,1.0
threeclass,vit_method2,17,Normal,PR,17,0.1,1.0
threeclass,vit_method2,17,Normal,PR,18,0.0,1.0
threeclass,vit_method2,42,Normal,ROC,0,0.0,0.0
threeclass,vit_method2,42,Normal,ROC,1,0.0,0.1
threeclass,vit_method2,42,Normal,ROC,2,0.0,0.7
threeclass,vit_method2,42,Normal,ROC,3,0.14285714285714285,0.7
threeclass,vit_method2,42,Normal,ROC,4,0.14285714285714285,1.0
threeclass,vit_method2,42,Normal,ROC,5,1.0,1.0
threeclass,vit_method2,42,Normal,PR,0,1.0,0.5882352941176471
threeclass,vit_method2,42,Normal,PR,1,1.0,0.625
threeclass,vit_method2,42,Normal,PR,2,1.0,0.6666666666666666
threeclass,vit_method2,42,Normal,PR,3,1.0,0.7142857142857143
threeclass,vit_method2,42,Normal,PR,4,1.0,0.7692307692307693
threeclass,vit_method2,42,Normal,PR,5,1.0,0.8333333333333334
threeclass,vit_method2,42,Normal,PR,6,1.0,0.9090909090909091
threeclass,vit_method2,42,Normal,PR,7,0.9,0.9
threeclass,vit_method2,42,Normal,PR,8,0.8,0.8888888888888888
threeclass,vit_method2,42,Normal,PR,9,0.7,0.875
threeclass,vit_method2,42,Normal,PR,10,0.7,1.0
threeclass,vit_method2,42,Normal,PR,11,0.6,1.0
threeclass,vit_method2,42,Normal,PR,12,0.5,1.0
threeclass,vit_method2,42,Normal,PR,13,0.4,1.0
threeclass,vit_method2,42,Normal,PR,14,0.3,1.0
threeclass,vit_method2,42,Normal,PR,15,0.2,1.0
threeclass,vit_method2,42,Normal,PR,16,0.1,1.0
threeclass,vit_method2,42,Normal,PR,17,0.0,1.0
threeclass,vit_method2,2026,Normal,ROC,0,0.0,0.0
threeclass,vit_method2,2026,Normal,ROC,1,0.0,0.1
threeclass,vit_method2,2026,Normal,ROC,2,0.0,0.3
threeclass,vit_method2,2026,Normal,ROC,3,0.2857142857142857,0.3
threeclass,vit_method2,2026,Normal,ROC,4,0.2857142857142857,0.5
threeclass,vit_method2,2026,Normal,ROC,5,0.42857142857142855,0.5
threeclass,vit_method2,2026,Normal,ROC,6,0.42857142857142855,0.6
threeclass,vit_method2,2026,Normal,ROC,7,0.5714285714285714,0.6
threeclass,vit_method2,2026,Normal,ROC,8,0.5714285714285714,1.0
threeclass,vit_method2,2026,Normal,ROC,9,1.0,1.0
threeclass,vit_method2,2026,Normal,PR,0,1.0,0.5882352941176471
threeclass,vit_method2,2026,Normal,PR,1,1.0,0.625
threeclass,vit_method2,2026,Normal,PR,2,1.0,0.6666666666666666
threeclass,vit_method2,2026,Normal,PR,3,1.0,0.7142857142857143
threeclass,vit_method2,2026,Normal,PR,4,0.9,0.6923076923076923
threeclass,vit_method2,2026,Normal,PR,5,0.8,0.6666666666666666
threeclass,vit_method2,2026,Normal,PR,6,0.7,0.6363636363636364
threeclass,vit_method2,2026,Normal,PR,7,0.6,0.6
threeclass,vit_method2,2026,Normal,PR,8,0.6,0.6666666666666666
threeclass,vit_method2,2026,Normal,PR,9,0.5,0.625
threeclass,vit_method2,2026,Normal,PR,10,0.5,0.7142857142857143
threeclass,vit_method2,2026,Normal,PR,11,0.4,0.6666666666666666
threeclass,vit_method2,2026,Normal,PR,12,0.3,0.6
threeclass,vit_method2,2026,Normal,PR,13,0.3,0.75
threeclass,vit_method2,2026,Normal,PR,14,0.3,1.0
threeclass,vit_method2,2026,Normal,PR,15,0.2,1.0
threeclass,vit_method2,2026,Normal,PR,16,0.1,1.0
threeclass,vit_method2,2026,Normal,PR,17,0.0,1.0
threeclass,vit_method2,3407,Normal,ROC,0,0.0,0.0
threeclass,vit_method2,3407,Normal,ROC,1,0.0,0.1
threeclass,vit_method2,3407,Normal,ROC,2,0.0,0.2
threeclass,vit_method2,3407,Normal,ROC,3,0.14285714285714285,0.2
threeclass,vit_method2,3407,Normal,ROC,4,0.14285714285714285,0.7
threeclass,vit_method2,3407,Normal,ROC,5,0.2857142857142857,0.7
threeclass,vit_method2,3407,Normal,ROC,6,0.2857142857142857,1.0
threeclass,vit_method2,3407,Normal,ROC,7,1.0,1.0
threeclass,vit_method2,3407,Normal,PR,0,1.0,0.5882352941176471
threeclass,vit_method2,3407,Normal,PR,1,1.0,0.625
threeclass,vit_method2,3407,Normal,PR,2,1.0,0.6666666666666666
threeclass,vit_method2,3407,Normal,PR,3,1.0,0.7142857142857143
threeclass,vit_method2,3407,Normal,PR,4,1.0,0.7692307692307693
threeclass,vit_method2,3407,Normal,PR,5,1.0,0.8333333333333334
threeclass,vit_method2,3407,Normal,PR,6,0.9,0.8181818181818182
threeclass,vit_method2,3407,Normal,PR,7,0.8,0.8
threeclass,vit_method2,3407,Normal,PR,8,0.7,0.7777777777777778
threeclass,vit_method2,3407,Normal,PR,9,0.7,0.875
threeclass,vit_method2,3407,Normal,PR,10,0.6,0.8571428571428571
threeclass,vit_method2,3407,Normal,PR,11,0.5,0.8333333333333334
threeclass,vit_method2,3407,Normal,PR,12,0.4,0.8
threeclass,vit_method2,3407,Normal,PR,13,0.3,0.75
threeclass,vit_method2,3407,Normal,PR,14,0.2,0.6666666666666666
threeclass,vit_method2,3407,Normal,PR,15,0.2,1.0
threeclass,vit_method2,3407,Normal,PR,16,0.1,1.0
threeclass,vit_method2,3407,Normal,PR,17,0.0,1.0
threeclass,vit_method2,9103,Normal,ROC,0,0.0,0.0
threeclass,vit_method2,9103,Normal,ROC,1,0.0,0.1
threeclass,vit_method2,9103,Normal,ROC,2,0.0,0.8
threeclass,vit_method2,9103,Normal,ROC,3,0.125,0.8
threeclass,vit_method2,9103,Normal,ROC,4,0.125,1.0
threeclass,vit_method2,9103,Normal,ROC,5,1.0,1.0
threeclass,vit_method2,9103,Normal,PR,0,1.0,0.5555555555555556
threeclass,vit_method2,9103,Normal,PR,1,1.0,0.5882352941176471
threeclass,vit_method2,9103,Normal,PR,2,1.0,0.625
threeclass,vit_method2,9103,Normal,PR,3,1.0,0.6666666666666666
threeclass,vit_method2,9103,Normal,PR,4,1.0,0.7142857142857143
threeclass,vit_method2,9103,Normal,PR,5,1.0,0.7692307692307693
threeclass,vit_method2,9103,Normal,PR,6,1.0,0.8333333333333334
threeclass,vit_method2,9103,Normal,PR,7,1.0,0.9090909090909091
threeclass,vit_method2,9103,Normal,PR,8,0.9,0.9
threeclass,vit_method2,9103,Normal,PR,9,0.8,0.8888888888888888
threeclass,vit_method2,9103,Normal,PR,10,0.8,1.0
threeclass,vit_method2,9103,Normal,PR,11,0.7,1.0
threeclass,vit_method2,9103,Normal,PR,12,0.6,1.0
threeclass,vit_method2,9103,Normal,PR,13,0.5,1.0
threeclass,vit_method2,9103,Normal,PR,14,0.4,1.0
threeclass,vit_method2,9103,Normal,PR,15,0.3,1.0
threeclass,vit_method2,9103,Normal,PR,16,0.2,1.0
threeclass,vit_method2,9103,Normal,PR,17,0.1,1.0
threeclass,vit_method2,9103,Normal,PR,18,0.0,1.0
threeclass,vit_method2,17,Papilledema,ROC,0,0.0,0.0
threeclass,vit_method2,17,Papilledema,ROC,1,0.0,0.25
threeclass,vit_method2,17,Papilledema,ROC,2,0.07142857142857142,0.25
threeclass,vit_method2,17,Papilledema,ROC,3,0.07142857142857142,0.75
threeclass,vit_method2,17,Papilledema,ROC,4,0.5714285714285714,0.75
threeclass,vit_method2,17,Papilledema,ROC,5,0.5714285714285714,1.0
threeclass,vit_method2,17,Papilledema,ROC,6,1.0,1.0
threeclass,vit_method2,17,Papilledema,PR,0,1.0,0.2222222222222222
threeclass,vit_method2,17,Papilledema,PR,1,1.0,0.23529411764705882
threeclass,vit_method2,17,Papilledema,PR,2,1.0,0.25
threeclass,vit_method2,17,Papilledema,PR,3,1.0,0.26666666666666666
threeclass,vit_method2,17,Papilledema,PR,4,1.0,0.2857142857142857
threeclass,vit_method2,17,Papilledema,PR,5,1.0,0.3076923076923077
threeclass,vit_method2,17,Papilledema,PR,6,1.0,0.3333333333333333
threeclass,vit_method2,17,Papilledema,PR,7,0.75,0.2727272727272727
threeclass,vit_method2,17,Papilledema,PR,8,0.75,0.3
threeclass,vit_method2,17,Papilledema,PR,9,0.75,0.3333333333333333
threeclass,vit_method2,17,Papilledema,PR,10,0.75,0.375
threeclass,vit_method2,17,Papilledema,PR,11,0.75,0.42857142857142855
threeclass,vit_method2,17,Papilledema,PR,12,0.75,0.5
threeclass,vit_method2,17,Papilledema,PR,13,0.75,0.6
threeclass,vit_method2,17,Papilledema,PR,14,0.75,0.75
threeclass,vit_method2,17,Papilledema,PR,15,0.5,0.6666666666666666
threeclass,vit_method2,17,Papilledema,PR,16,0.25,0.5
threeclass,vit_method2,17,Papilledema,PR,17,0.25,1.0
threeclass,vit_method2,17,Papilledema,PR,18,0.0,1.0
threeclass,vit_method2,42,Papilledema,ROC,0,0.0,0.0
threeclass,vit_method2,42,Papilledema,ROC,1,0.0,0.25
threeclass,vit_method2,42,Papilledema,ROC,2,0.07692307692307693,0.25
threeclass,vit_method2,42,Papilledema,ROC,3,0.07692307692307693,0.5
threeclass,vit_method2,42,Papilledema,ROC,4,0.23076923076923078,0.5
threeclass,vit_method2,42,Papilledema,ROC,5,0.23076923076923078,1.0
threeclass,vit_method2,42,Papilledema,ROC,6,1.0,1.0
threeclass,vit_method2,42,Papilledema,PR,0,1.0,0.23529411764705882
threeclass,vit_method2,42,Papilledema,PR,1,1.0,0.25
threeclass,vit_method2,42,Papilledema,PR,2,1.0,0.26666666666666666
threeclass,vit_method2,42,Papilledema,PR,3,1.0,0.2857142857142857
threeclass,vit_method2,42,Papilledema,PR,4,1.0,0.3076923076923077
threeclass,vit_method2,42,Papilledema,PR,5,1.0,0.3333333333333333
threeclass,vit_method2,42,Papilledema,PR,6,1.0,0.36363636363636365
threeclass,vit_method2,42,Papilledema,PR,7,1.0,0.4
threeclass,vit_method2,42,Papilledema,PR,8,1.0,0.4444444444444444
threeclass,vit_method2,42,Papilledema,PR,9,1.0,0.5
threeclass,vit_method2,42,Papilledema,PR,10,1.0,0.5714285714285714
threeclass,vit_method2,42,Papilledema,PR,11,0.75,0.5
threeclass,vit_method2,42,Papilledema,PR,12,0.5,0.4
threeclass,vit_method2,42,Papilledema,PR,13,0.5,0.5
threeclass,vit_method2,42,Papilledema,PR,14,0.5,0.6666666666666666
threeclass,vit_method2,42,Papilledema,PR,15,0.25,0.5
threeclass,vit_method2,42,Papilledema,PR,16,0.25,1.0
threeclass,vit_method2,42,Papilledema,PR,17,0.0,1.0
threeclass,vit_method2,2026,Papilledema,ROC,0,0.0,0.0
threeclass,vit_method2,2026,Papilledema,ROC,1,0.0,0.25
threeclass,vit_method2,2026,Papilledema,ROC,2,0.07692307692307693,0.25
threeclass,vit_method2,2026,Papilledema,ROC,3,0.07692307692307693,0.5
threeclass,vit_method2,2026,Papilledema,ROC,4,0.3076923076923077,0.5
threeclass,vit_method2,2026,Papilledema,ROC,5,0.3076923076923077,0.75
threeclass,vit_method2,2026,Papilledema,ROC,6,0.6923076923076923,0.75
threeclass,vit_method2,2026,Papilledema,ROC,7,0.6923076923076923,1.0
threeclass,vit_method2,2026,Papilledema,ROC,8,1.0,1.0
threeclass,vit_method2,2026,Papilledema,PR,0,1.0,0.23529411764705882
threeclass,vit_method2,2026,Papilledema,PR,1,1.0,0.25
threeclass,vit_method2,2026,Papilledema,PR,2,1.0,0.26666666666666666
threeclass,vit_method2,2026,Papilledema,PR,3,1.0,0.2857142857142857
threeclass,vit_method2,2026,Papilledema,PR,4,1.0,0.3076923076923077
threeclass,vit_method2,2026,Papilledema,PR,5,0.75,0.25
threeclass,vit_method2,2026,Papilledema,PR,6,0.75,0.2727272727272727
threeclass,vit_method2,2026,Papilledema,PR,7,0.75,0.3
threeclass,vit_method2,2026,Papilledema,PR,8,0.75,0.3333333333333333
threeclass,vit_method2,2026,Papilledema,PR,9,0.75,0.375
threeclass,vit_method2,2026,Papilledema,PR,10,0.75,0.42857142857142855
threeclass,vit_method2,2026,Papilledema,PR,11,0.5,0.3333333333333333
threeclass,vit_method2,2026,Papilledema,PR,12,0.5,0.4
threeclass,vit_method2,2026,Papilledema,PR,13,0.5,0.5
threeclass,vit_method2,2026,Papilledema,PR,14,0.5,0.6666666666666666
threeclass,vit_method2,2026,Papilledema,PR,15,0.25,0.5
threeclass,vit_method2,2026,Papilledema,PR,16,0.25,1.0
threeclass,vit_method2,2026,Papilledema,PR,17,0.0,1.0
threeclass,vit_method2,3407,Papilledema,ROC,0,0.0,0.0
threeclass,vit_method2,3407,Papilledema,ROC,1,0.07142857142857142,0.0
threeclass,vit_method2,3407,Papilledema,ROC,2,0.21428571428571427,0.0
threeclass,vit_method2,3407,Papilledema,ROC,3,0.21428571428571427,0.3333333333333333
threeclass,vit_method2,3407,Papilledema,ROC,4,0.2857142857142857,0.3333333333333333
threeclass,vit_method2,3407,Papilledema,ROC,5,0.2857142857142857,1.0
threeclass,vit_method2,3407,Papilledema,ROC,6,1.0,1.0
threeclass,vit_method2,3407,Papilledema,PR,0,1.0,0.17647058823529413
threeclass,vit_method2,3407,Papilledema,PR,1,1.0,0.1875
threeclass,vit_method2,3407,Papilledema,PR,2,1.0,0.2
threeclass,vit_method2,3407,Papilledema,PR,3,1.0,0.21428571428571427
threeclass,vit_method2,3407,Papilledema,PR,4,1.0,0.23076923076923078
threeclass,vit_method2,3407,Papilledema,PR,5,1.0,0.25
threeclass,vit_method2,3407,Papilledema,PR,6,1.0,0.2727272727272727
threeclass,vit_method2,3407,Papilledema,PR,7,1.0,0.3
threeclass,vit_method2,3407,Papilledema,PR,8,1.0,0.3333333333333333
threeclass,vit_method2,3407,Papilledema,PR,9,1.0,0.375
threeclass,vit_method2,3407,Papilledema,PR,10,1.0,0.42857142857142855
threeclass,vit_method2,3407,Papilledema,PR,11,0.6666666666666666,0.3333333333333333
threeclass,vit_method2,3407,Papilledema,PR,12,0.3333333333333333,0.2
threeclass,vit_method2,3407,Papilledema,PR,13,0.3333333333333333,0.25
threeclass,vit_method2,3407,Papilledema,PR,14,0.0,0.0
threeclass,vit_method2,3407,Papilledema,PR,15,0.0,0.0
threeclass,vit_method2,3407,Papilledema,PR,16,0.0,0.0
threeclass,vit_method2,3407,Papilledema,PR,17,0.0,1.0
threeclass,vit_method2,9103,Papilledema,ROC,0,0.0,0.0
threeclass,vit_method2,9103,Papilledema,ROC,1,0.0,0.25
threeclass,vit_method2,9103,Papilledema,ROC,2,0.0,0.5
threeclass,vit_method2,9103,Papilledema,ROC,3,0.35714285714285715,0.5
threeclass,vit_method2,9103,Papilledema,ROC,4,0.35714285714285715,0.75
threeclass,vit_method2,9103,Papilledema,ROC,5,0.42857142857142855,0.75
threeclass,vit_method2,9103,Papilledema,ROC,6,0.42857142857142855,1.0
threeclass,vit_method2,9103,Papilledema,ROC,7,1.0,1.0
threeclass,vit_method2,9103,Papilledema,PR,0,1.0,0.2222222222222222
threeclass,vit_method2,9103,Papilledema,PR,1,1.0,0.23529411764705882
threeclass,vit_method2,9103,Papilledema,PR,2,1.0,0.25
threeclass,vit_method2,9103,Papilledema,PR,3,1.0,0.26666666666666666
threeclass,vit_method2,9103,Papilledema,PR,4,1.0,0.2857142857142857
threeclass,vit_method2,9103,Papilledema,PR,5,1.0,0.3076923076923077
threeclass,vit_method2,9103,Papilledema,PR,6,1.0,0.3333333333333333
threeclass,vit_method2,9103,Papilledema,PR,7,1.0,0.36363636363636365
threeclass,vit_method2,9103,Papilledema,PR,8,1.0,0.4
threeclass,vit_method2,9103,Papilledema,PR,9,0.75,0.3333333333333333
threeclass,vit_method2,9103,Papilledema,PR,10,0.75,0.375
threeclass,vit_method2,9103,Papilledema,PR,11,0.5,0.2857142857142857
threeclass,vit_method2,9103,Papilledema,PR,12,0.5,0.3333333333333333
threeclass,vit_method2,9103,Papilledema,PR,13,0.5,0.4
threeclass,vit_method2,9103,Papilledema,PR,14,0.5,0.5
threeclass,vit_method2,9103,Papilledema,PR,15,0.5,0.6666666666666666
threeclass,vit_method2,9103,Papilledema,PR,16,0.5,1.0
threeclass,vit_method2,9103,Papilledema,PR,17,0.25,1.0
threeclass,vit_method2,9103,Papilledema,PR,18,0.0,1.0
threeclass,vit_method2,17,Pseudopapilledema,ROC,0,0.0,0.0
threeclass,vit_method2,17,Pseudopapilledema,ROC,1,0.0,0.25
threeclass,vit_method2,17,Pseudopapilledema,ROC,2,0.0,0.5
threeclass,vit_method2,17,Pseudopapilledema,ROC,3,0.2857142857142857,0.5
threeclass,vit_method2,17,Pseudopapilledema,ROC,4,0.2857142857142857,0.75
threeclass,vit_method2,17,Pseudopapilledema,ROC,5,0.7142857142857143,0.75
threeclass,vit_method2,17,Pseudopapilledema,ROC,6,0.7142857142857143,1.0
threeclass,vit_method2,17,Pseudopapilledema,ROC,7,1.0,1.0
threeclass,vit_method2,17,Pseudopapilledema,PR,0,1.0,0.2222222222222222
threeclass,vit_method2,17,Pseudopapilledema,PR,1,1.0,0.23529411764705882
threeclass,vit_method2,17,Pseudopapilledema,PR,2,1.0,0.25
threeclass,vit_method2,17,Pseudopapilledema,PR,3,1.0,0.26666666666666666
threeclass,vit_method2,17,Pseudopapilledema,PR,4,1.0,0.2857142857142857
threeclass,vit_method2,17,Pseudopapilledema,PR,5,0.75,0.23076923076923078
threeclass,vit_method2,17,Pseudopapilledema,PR,6,0.75,0.25
threeclass,vit_method2,17,Pseudopapilledema,PR,7,0.75,0.2727272727272727
threeclass,vit_method2,17,Pseudopapilledema,PR,8,0.75,0.3
threeclass,vit_method2,17,Pseudopapilledema,PR,9,0.75,0.3333333333333333
threeclass,vit_method2,17,Pseudopapilledema,PR,10,0.75,0.375
threeclass,vit_method2,17,Pseudopapilledema,PR,11,0.75,0.42857142857142855
threeclass,vit_method2,17,Pseudopapilledema,PR,12,0.5,0.3333333333333333
threeclass,vit_method2,17,Pseudopapilledema,PR,13,0.5,0.4
threeclass,vit_method2,17,Pseudopapilledema,PR,14,0.5,0.5
threeclass,vit_method2,17,Pseudopapilledema,PR,15,0.5,0.6666666666666666
threeclass,vit_method2,17,Pseudopapilledema,PR,16,0.5,1.0
threeclass,vit_method2,17,Pseudopapilledema,PR,17,0.25,1.0
threeclass,vit_method2,17,Pseudopapilledema,PR,18,0.0,1.0
threeclass,vit_method2,42,Pseudopapilledema,ROC,0,0.0,0.0
threeclass,vit_method2,42,Pseudopapilledema,ROC,1,0.07142857142857142,0.0
threeclass,vit_method2,42,Pseudopapilledema,ROC,2,0.21428571428571427,0.0
threeclass,vit_method2,42,Pseudopapilledema,ROC,3,0.21428571428571427,0.3333333333333333
threeclass,vit_method2,42,Pseudopapilledema,ROC,4,0.35714285714285715,0.3333333333333333
threeclass,vit_method2,42,Pseudopapilledema,ROC,5,0.35714285714285715,0.6666666666666666
threeclass,vit_method2,42,Pseudopapilledema,ROC,6,0.5,0.6666666666666666
threeclass,vit_method2,42,Pseudopapilledema,ROC,7,0.5,1.0
threeclass,vit_method2,42,Pseudopapilledema,ROC,8,1.0,1.0
threeclass,vit_method2,42,Pseudopapilledema,PR,0,1.0,0.17647058823529413
threeclass,vit_method2,42,Pseudopapilledema,PR,1,1.0,0.1875
threeclass,vit_method2,42,Pseudopapilledema,PR,2,1.0,0.2
threeclass,vit_method2,42,Pseudopapilledema,PR,3,1.0,0.21428571428571427
threeclass,vit_method2,42,Pseudopapilledema,PR,4,1.0,0.23076923076923078
threeclass,vit_method2,42,Pseudopapilledema,PR,5,1.0,0.25
threeclass,vit_method2,42,Pseudopapilledema,PR,6,1.0,0.2727272727272727
threeclass,vit_method2,42,Pseudopapilledema,PR,7,1.0,0.3
threeclass,vit_method2,42,Pseudopapilledema,PR,8,0.6666666666666666,0.2222222222222222
threeclass,vit_method2,42,Pseudopapilledema,PR,9,0.6666666666666666,0.25
threeclass,vit_method2,42,Pseudopapilledema,PR,10,0.6666666666666666,0.2857142857142857
threeclass,vit_method2,42,Pseudopapilledema,PR,11,0.3333333333333333,0.16666666666666666
threeclass,vit_method2,42,Pseudopapilledema,PR,12,0.3333333333333333,0.2
threeclass,vit_method2,42,Pseudopapilledema,PR,13,0.3333333333333333,0.25
threeclass,vit_method2,42,Pseudopapilledema,PR,14,0.0,0.0
threeclass,vit_method2,42,Pseudopapilledema,PR,15,0.0,0.0
threeclass,vit_method2,42,Pseudopapilledema,PR,16,0.0,0.0
threeclass,vit_method2,42,Pseudopapilledema,PR,17,0.0,1.0
threeclass,vit_method2,2026,Pseudopapilledema,ROC,0,0.0,0.0
threeclass,vit_method2,2026,Pseudopapilledema,ROC,1,0.07142857142857142,0.0
threeclass,vit_method2,2026,Pseudopapilledema,ROC,2,0.42857142857142855,0.0
threeclass,vit_method2,2026,Pseudopapilledema,ROC,3,0.42857142857142855,0.6666666666666666
threeclass,vit_method2,2026,Pseudopapilledema,ROC,4,0.9285714285714286,0.6666666666666666
threeclass,vit_method2,2026,Pseudopapilledema,ROC,5,0.9285714285714286,1.0
threeclass,vit_method2,2026,Pseudopapilledema,ROC,6,1.0,1.0
threeclass,vit_method2,2026,Pseudopapilledema,PR,0,1.0,0.17647058823529413
threeclass,vit_method2,2026,Pseudopapilledema,PR,1,1.0,0.1875
threeclass,vit_method2,2026,Pseudopapilledema,PR,2,0.6666666666666666,0.13333333333333333
threeclass,vit_method2,2026,Pseudopapilledema,PR,3,0.6666666666666666,0.14285714285714285
threeclass,vit_method2,2026,Pseudopapilledema,PR,4,0.6666666666666666,0.15384615384615385
threeclass,vit_method2,2026,Pseudopapilledema,PR,5,0.6666666666666666,0.16666666666666666
threeclass,vit_method2,2026,Pseudopapilledema,PR,6,0.6666666666666666,0.18181818181818182
threeclass,vit_method2,2026,Pseudopapilledema,PR,7,0.6666666666666666,0.2
threeclass,vit_method2,2026,Pseudopapilledema,PR,8,0.6666666666666666,0.2222222222222222
threeclass,vit_method2,2026,Pseudopapilledema,PR,9,0.6666666666666666,0.25
threeclass,vit_method2,2026,Pseudopapilledema,PR,10,0.3333333333333333,0.14285714285714285
threeclass,vit_method2,2026,Pseudopapilledema,PR,11,0.0,0.0
threeclass,vit_method2,2026,Pseudopapilledema,PR,12,0.0,0.0
threeclass,vit_method2,2026,Pseudopapilledema,PR,13,0.0,0.0
threeclass,vit_method2,2026,Pseudopapilledema,PR,14,0.0,0.0
threeclass,vit_method2,2026,Pseudopapilledema,PR,15,0.0,0.0
threeclass,vit_method2,2026,Pseudopapilledema,PR,16,0.0,0.0
threeclass,vit_method2,2026,Pseudopapilledema,PR,17,0.0,1.0
threeclass,vit_method2,3407,Pseudopapilledema,ROC,0,0.0,0.0
threeclass,vit_method2,3407,Pseudopapilledema,ROC,1,0.07692307692307693,0.0
threeclass,vit_method2,3407,Pseudopapilledema,ROC,2,0.3076923076923077,0.0
threeclass,vit_method2,3407,Pseudopapilledema,ROC,3,0.3076923076923077,0.25
threeclass,vit_method2,3407,Pseudopapilledema,ROC,4,0.46153846153846156,0.25
threeclass,vit_method2,3407,Pseudopapilledema,ROC,5,0.46153846153846156,0.5
threeclass,vit_method2,3407,Pseudopapilledema,ROC,6,0.6153846153846154,0.5
threeclass,vit_method2,3407,Pseudopapilledema,ROC,7,0.6153846153846154,0.75
threeclass,vit_method2,3407,Pseudopapilledema,ROC,8,0.8461538461538461,0.75
threeclass,vit_method2,3407,Pseudopapilledema,ROC,9,0.8461538461538461,1.0
threeclass,vit_method2,3407,Pseudopapilledema,ROC,10,1.0,1.0
threeclass,vit_method2,3407,Pseudopapilledema,PR,0,1.0,0.23529411764705882
threeclass,vit_method2,3407,Pseudopapilledema,PR,1,1.0,0.25
threeclass,vit_method2,3407,Pseudopapilledema,PR,2,1.0,0.26666666666666666
threeclass,vit_method2,3407,Pseudopapilledema,PR,3,0.75,0.21428571428571427
threeclass,vit_method2,3407,Pseudopapilledema,PR,4,0.75,0.23076923076923078
threeclass,vit_method2,3407,Pseudopapilledema,PR,5,0.75,0.25
threeclass,vit_method2,3407,Pseudopapilledema,PR,6,0.75,0.2727272727272727
threeclass,vit_method2,3407,Pseudopapilledema,PR,7,0.5,0.2
threeclass,vit_method2,3407,Pseudopapilledema,PR,8,0.5,0.2222222222222222
threeclass,vit_method2,3407,Pseudopapilledema,PR,9,0.5,0.25
threeclass,vit_method2,3407,Pseudopapilledema,PR,10,0.25,0.14285714285714285
threeclass,vit_method2,3407,Pseudopapilledema,PR,11,0.25,0.16666666666666666
threeclass,vit_method2,3407,Pseudopapilledema,PR,12,0.25,0.2
threeclass,vit_method2,3407,Pseudopapilledema,PR,13,0.0,0.0
threeclass,vit_method2,3407,Pseudopapilledema,PR,14,0.0,0.0
threeclass,vit_method2,3407,Pseudopapilledema,PR,15,0.0,0.0
threeclass,vit_method2,3407,Pseudopapilledema,PR,16,0.0,0.0
threeclass,vit_method2,3407,Pseudopapilledema,PR,17,0.0,1.0
threeclass,vit_method2,9103,Pseudopapilledema,ROC,0,0.0,0.0
threeclass,vit_method2,9103,Pseudopapilledema,ROC,1,0.07142857142857142,0.0
threeclass,vit_method2,9103,Pseudopapilledema,ROC,2,0.14285714285714285,0.0
threeclass,vit_method2,9103,Pseudopapilledema,ROC,3,0.14285714285714285,0.25
threeclass,vit_method2,9103,Pseudopapilledema,ROC,4,0.21428571428571427,0.25
threeclass,vit_method2,9103,Pseudopapilledema,ROC,5,0.21428571428571427,1.0
threeclass,vit_method2,9103,Pseudopapilledema,ROC,6,1.0,1.0
threeclass,vit_method2,9103,Pseudopapilledema,PR,0,1.0,0.2222222222222222
threeclass,vit_method2,9103,Pseudopapilledema,PR,1,1.0,0.23529411764705882
threeclass,vit_method2,9103,Pseudopapilledema,PR,2,1.0,0.25
threeclass,vit_method2,9103,Pseudopapilledema,PR,3,1.0,0.26666666666666666
threeclass,vit_method2,9103,Pseudopapilledema,PR,4,1.0,0.2857142857142857
threeclass,vit_method2,9103,Pseudopapilledema,PR,5,1.0,0.3076923076923077
threeclass,vit_method2,9103,Pseudopapilledema,PR,6,1.0,0.3333333333333333
threeclass,vit_method2,9103,Pseudopapilledema,PR,7,1.0,0.36363636363636365
threeclass,vit_method2,9103,Pseudopapilledema,PR,8,1.0,0.4
threeclass,vit_method2,9103,Pseudopapilledema,PR,9,1.0,0.4444444444444444
threeclass,vit_method2,9103,Pseudopapilledema,PR,10,1.0,0.5
threeclass,vit_method2,9103,Pseudopapilledema,PR,11,1.0,0.5714285714285714
threeclass,vit_method2,9103,Pseudopapilledema,PR,12,0.75,0.5
threeclass,vit_method2,9103,Pseudopapilledema,PR,13,0.5,0.4
threeclass,vit_method2,9103,Pseudopapilledema,PR,14,0.25,0.25
threeclass,vit_method2,9103,Pseudopapilledema,PR,15,0.25,0.3333333333333333
threeclass,vit_method2,9103,Pseudopapilledema,PR,16,0.0,0.0
threeclass,vit_method2,9103,Pseudopapilledema,PR,17,0.0,0.0
threeclass,vit_method2,9103,Pseudopapilledema,PR,18,0.0,1.0
threeclass,emcad,17,Normal,ROC,0,0.0,0.0
threeclass,emcad,17,Normal,ROC,1,0.0,0.1
threeclass,emcad,17,Normal,ROC,2,0.0,0.5
threeclass,emcad,17,Normal,ROC,3,0.125,0.5
threeclass,emcad,17,Normal,ROC,4,0.125,0.7
threeclass,emcad,17,Normal,ROC,5,0.25,0.7
threeclass,emcad,17,Normal,ROC,6,0.25,1.0
threeclass,emcad,17,Normal,ROC,7,1.0,1.0
threeclass,emcad,17,Normal,PR,0,1.0,0.5555555555555556
threeclass,emcad,17,Normal,PR,1,1.0,0.5882352941176471
threeclass,emcad,17,Normal,PR,2,1.0,0.625
threeclass,emcad,17,Normal,PR,3,1.0,0.6666666666666666
threeclass,emcad,17,Normal,PR,4,1.0,0.7142857142857143
threeclass,emcad,17,Normal,PR,5,1.0,0.7692307692307693
threeclass,emcad,17,Normal,PR,6,1.0,0.8333333333333334
threeclass,emcad,17,Normal,PR,7,0.9,0.8181818181818182
threeclass,emcad,17,Normal,PR,8,0.8,0.8
threeclass,emcad,17,Normal,PR,9,0.7,0.7777777777777778
threeclass,emcad,17,Normal,PR,10,0.7,0.875
threeclass,emcad,17,Normal,PR,11,0.6,0.8571428571428571
threeclass,emcad,17,Normal,PR,12,0.5,0.8333333333333334
threeclass,emcad,17,Normal,PR,13,0.5,1.0
threeclass,emcad,17,Normal,PR,14,0.4,1.0
threeclass,emcad,17,Normal,PR,15,0.3,1.0
threeclass,emcad,17,Normal,PR,16,0.2,1.0
threeclass,emcad,17,Normal,PR,17,0.1,1.0
threeclass,emcad,17,Normal,PR,18,0.0,1.0
threeclass,emcad,42,Normal,ROC,0,0.0,0.0
threeclass,emcad,42,Normal,ROC,1,0.0,0.1
threeclass,emcad,42,Normal,ROC,2,0.0,0.4
threeclass,emcad,42,Normal,ROC,3,0.125,0.4
threeclass,emcad,42,Normal,ROC,4,0.125,0.7
threeclass,emcad,42,Normal,ROC,5,0.25,0.7
threeclass,emcad,42,Normal,ROC,6,0.25,1.0
threeclass,emcad,42,Normal,ROC,7,1.0,1.0
threeclass,emcad,42,Normal,PR,0,1.0,0.5555555555555556
threeclass,emcad,42,Normal,PR,1,1.0,0.5882352941176471
threeclass,emcad,42,Normal,PR,2,1.0,0.625
threeclass,emcad,42,Normal,PR,3,1.0,0.6666666666666666
threeclass,emcad,42,Normal,PR,4,1.0,0.7142857142857143
threeclass,emcad,42,Normal,PR,5,1.0,0.7692307692307693
threeclass,emcad,42,Normal,PR,6,1.0,0.8333333333333334
threeclass,emcad,42,Normal,PR,7,0.9,0.8181818181818182
threeclass,emcad,42,Normal,PR,8,0.8,0.8
threeclass,emcad,42,Normal,PR,9,0.7,0.7777777777777778
threeclass,emcad,42,Normal,PR,10,0.7,0.875
threeclass,emcad,42,Normal,PR,11,0.6,0.8571428571428571
threeclass,emcad,42,Normal,PR,12,0.5,0.8333333333333334
threeclass,emcad,42,Normal,PR,13,0.4,0.8
threeclass,emcad,42,Normal,PR,14,0.4,1.0
threeclass,emcad,42,Normal,PR,15,0.3,1.0
threeclass,emcad,42,Normal,PR,16,0.2,1.0
threeclass,emcad,42,Normal,PR,17,0.1,1.0
threeclass,emcad,42,Normal,PR,18,0.0,1.0
threeclass,emcad,2026,Normal,ROC,0,0.0,0.0
threeclass,emcad,2026,Normal,ROC,1,0.0,0.125
threeclass,emcad,2026,Normal,ROC,2,0.125,0.125
threeclass,emcad,2026,Normal,ROC,3,0.125,1.0
threeclass,emcad,2026,Normal,ROC,4,1.0,1.0
threeclass,emcad,2026,Normal,PR,0,1.0,0.5
threeclass,emcad,2026,Normal,PR,1,1.0,0.5333333333333333
threeclass,emcad,2026,Normal,PR,2,1.0,0.5714285714285714
threeclass,emcad,2026,Normal,PR,3,1.0,0.6153846153846154
threeclass,emcad,2026,Normal,PR,4,1.0,0.6666666666666666
threeclass,emcad,2026,Normal,PR,5,1.0,0.7272727272727273
threeclass,emcad,2026,Normal,PR,6,1.0,0.8
threeclass,emcad,2026,Normal,PR,7,1.0,0.8888888888888888
threeclass,emcad,2026,Normal,PR,8,0.875,0.875
threeclass,emcad,2026,Normal,PR,9,0.75,0.8571428571428571
threeclass,emcad,2026,Normal,PR,10,0.625,0.8333333333333334
threeclass,emcad,2026,Normal,PR,11,0.5,0.8
threeclass,emcad,2026,Normal,PR,12,0.375,0.75
threeclass,emcad,2026,Normal,PR,13,0.25,0.6666666666666666
threeclass,emcad,2026,Normal,PR,14,0.125,0.5
threeclass,emcad,2026,Normal,PR,15,0.125,1.0
threeclass,emcad,2026,Normal,PR,16,0.0,1.0
threeclass,emcad,3407,Normal,ROC,0,0.0,0.0
threeclass,emcad,3407,Normal,ROC,1,0.0,0.1
threeclass,emcad,3407,Normal,ROC,2,0.0,0.2
threeclass,emcad,3407,Normal,ROC,3,0.14285714285714285,0.2
threeclass,emcad,3407,Normal,ROC,4,0.14285714285714285,0.4
threeclass,emcad,3407,Normal,ROC,5,0.2857142857142857,0.4
threeclass,emcad,3407,Normal,ROC,6,0.2857142857142857,1.0
threeclass,emcad,3407,Normal,ROC,7,1.0,1.0
threeclass,emcad,3407,Normal,PR,0,1.0,0.5882352941176471
threeclass,emcad,3407,Normal,PR,1,1.0,0.625
threeclass,emcad,3407,Normal,PR,2,1.0,0.6666666666666666
threeclass,emcad,3407,Normal,PR,3,1.0,0.7142857142857143
threeclass,emcad,3407,Normal,PR,4,1.0,0.7692307692307693
threeclass,emcad,3407,Normal,PR,5,1.0,0.8333333333333334
threeclass,emcad,3407,Normal,PR,6,0.9,0.8181818181818182
threeclass,emcad,3407,Normal,PR,7,0.8,0.8
threeclass,emcad,3407,Normal,PR,8,0.7,0.7777777777777778
threeclass,emcad,3407,Normal,PR,9,0.6,0.75
threeclass,emcad,3407,Normal,PR,10,0.5,0.7142857142857143
threeclass,emcad,3407,Normal,PR,11,0.4,0.6666666666666666
threeclass,emcad,3407,Normal,PR,12,0.4,0.8
threeclass,emcad,3407,Normal,PR,13,0.3,0.75
threeclass,emcad,3407,Normal,PR,14,0.2,0.6666666666666666
threeclass,emcad,3407,Normal,PR,15,0.2,1.0
threeclass,emcad,3407,Normal,PR,16,0.1,1.0
threeclass,emcad,3407,Normal,PR,17,0.0,1.0
threeclass,emcad,9103,Normal,ROC,0,0.0,0.0
threeclass,emcad,9103,Normal,ROC,1,0.0,0.1
threeclass,emcad,9103,Normal,ROC,2,0.0,0.5
threeclass,emcad,9103,Normal,ROC,3,0.16666666666666666,0.5
threeclass,emcad,9103,Normal,ROC,4,0.16666666666666666,1.0
threeclass,emcad,9103,Normal,ROC,5,1.0,1.0
threeclass,emcad,9103,Normal,PR,0,1.0,0.625
threeclass,emcad,9103,Normal,PR,1,1.0,0.6666666666666666
threeclass,emcad,9103,Normal,PR,2,1.0,0.7142857142857143
threeclass,emcad,9103,Normal,PR,3,1.0,0.7692307692307693
threeclass,emcad,9103,Normal,PR,4,1.0,0.8333333333333334
threeclass,emcad,9103,Normal,PR,5,1.0,0.9090909090909091
threeclass,emcad,9103,Normal,PR,6,0.9,0.9
threeclass,emcad,9103,Normal,PR,7,0.8,0.8888888888888888
threeclass,emcad,9103,Normal,PR,8,0.7,0.875
threeclass,emcad,9103,Normal,PR,9,0.6,0.8571428571428571
threeclass,emcad,9103,Normal,PR,10,0.5,0.8333333333333334
threeclass,emcad,9103,Normal,PR,11,0.5,1.0
threeclass,emcad,9103,Normal,PR,12,0.4,1.0
threeclass,emcad,9103,Normal,PR,13,0.3,1.0
threeclass,emcad,9103,Normal,PR,14,0.2,1.0
threeclass,emcad,9103,Normal,PR,15,0.1,1.0
threeclass,emcad,9103,Normal,PR,16,0.0,1.0
threeclass,emcad,17,Papilledema,ROC,0,0.0,0.0
threeclass,emcad,17,Papilledema,ROC,1,0.07142857142857142,0.0
threeclass,emcad,17,Papilledema,ROC,2,0.14285714285714285,0.0
threeclass,emcad,17,Papilledema,ROC,3,0.14285714285714285,0.5
threeclass,emcad,17,Papilledema,ROC,4,0.21428571428571427,0.5
threeclass,emcad,17,Papilledema,ROC,5,0.21428571428571427,0.75
threeclass,emcad,17,Papilledema,ROC,6,0.35714285714285715,0.75
threeclass,emcad,17,Papilledema,ROC,7,0.35714285714285715,1.0
threeclass,emcad,17,Papilledema,ROC,8,1.0,1.0
threeclass,emcad,17,Papilledema,PR,0,1.0,0.2222222222222222
threeclass,emcad,17,Papilledema,PR,1,1.0,0.23529411764705882
threeclass,emcad,17,Papilledema,PR,2,1.0,0.25
threeclass,emcad,17,Papilledema,PR,3,1.0,0.26666666666666666
threeclass,emcad,17,Papilledema,PR,4,1.0,0.2857142857142857
threeclass,emcad,17,Papilledema,PR,5,1.0,0.3076923076923077
threeclass,emcad,17,Papilledema,PR,6,1.0,0.3333333333333333
threeclass,emcad,17,Papilledema,PR,7,1.0,0.36363636363636365
threeclass,emcad,17,Papilledema,PR,8,1.0,0.4
threeclass,emcad,17,Papilledema,PR,9,1.0,0.4444444444444444
threeclass,emcad,17,Papilledema,PR,10,0.75,0.375
threeclass,emcad,17,Papilledema,PR,11,0.75,0.42857142857142855
threeclass,emcad,17,Papilledema,PR,12,0.75,0.5
threeclass,emcad,17,Papilledema,PR,13,0.5,0.4
threeclass,emcad,17,Papilledema,PR,14,0.5,0.5
threeclass,emcad,17,Papilledema,PR,15,0.25,0.3333333333333333
threeclass,emcad,17,Papilledema,PR,16,0.0,0.0
threeclass,emcad,17,Papilledema,PR,17,0.0,0.0
threeclass,emcad,17,Papilledema,PR,18,0.0,1.0
threeclass,emcad,42,Papilledema,ROC,0,0.0,0.0
threeclass,emcad,42,Papilledema,ROC,1,0.0,0.25
threeclass,emcad,42,Papilledema,ROC,2,0.0,0.5
threeclass,emcad,42,Papilledema,ROC,3,0.14285714285714285,0.5
threeclass,emcad,42,Papilledema,ROC,4,0.14285714285714285,1.0
threeclass,emcad,42,Papilledema,ROC,5,1.0,1.0
threeclass,emcad,42,Papilledema,PR,0,1.0,0.2222222222222222
threeclass,emcad,42,Papilledema,PR,1,1.0,0.23529411764705882
threeclass,emcad,42,Papilledema,PR,2,1.0,0.25
threeclass,emcad,42,Papilledema,PR,3,1.0,0.26666666666666666
threeclass,emcad,42,Papilledema,PR,4,1.0,0.2857142857142857
threeclass,emcad,42,Papilledema,PR,5,1.0,0.3076923076923077
threeclass,emcad,42,Papilledema,PR,6,1.0,0.3333333333333333
threeclass,emcad,42,Papilledema,PR,7,1.0,0.36363636363636365
threeclass,emcad,42,Papilledema,PR,8,1.0,0.4
threeclass,emcad,42,Papilledema,PR,9,1.0,0.4444444444444444
threeclass,emcad,42,Papilledema,PR,10,1.0,0.5
threeclass,emcad,42,Papilledema,PR,11,1.0,0.5714285714285714
threeclass,emcad,42,Papilledema,PR,12,1.0,0.6666666666666666
threeclass,emcad,42,Papilledema,PR,13,0.75,0.6
threeclass,emcad,42,Papilledema,PR,14,0.5,0.5
threeclass,emcad,42,Papilledema,PR,15,0.5,0.6666666666666666
threeclass,emcad,42,Papilledema,PR,16,0.5,1.0
threeclass,emcad,42,Papilledema,PR,17,0.25,1.0
threeclass,emcad,42,Papilledema,PR,18,0.0,1.0
threeclass,emcad,2026,Papilledema,ROC,0,0.0,0.0
threeclass,emcad,2026,Papilledema,ROC,1,0.08333333333333333,0.0
threeclass,emcad,2026,Papilledema,ROC,2,0.08333333333333333,0.25
threeclass,emcad,2026,Papilledema,ROC,3,0.16666666666666666,0.25
threeclass,emcad,2026,Papilledema,ROC,4,0.16666666666666666,0.5
threeclass,emcad,2026,Papilledema,ROC,5,0.25,0.5
threeclass,emcad,2026,Papilledema,ROC,6,0.25,0.75
threeclass,emcad,2026,Papilledema,ROC,7,0.3333333333333333,0.75
threeclass,emcad,2026,Papilledema,ROC,8,0.3333333333333333,1.0
threeclass,emcad,2026,Papilledema,ROC,9,1.0,1.0
threeclass,emcad,2026,Papilledema,PR,0,1.0,0.25
threeclass,emcad,2026,Papilledema,PR,1,1.0,0.26666666666666666
threeclass,emcad,2026,Papilledema,PR,2,1.0,0.2857142857142857
threeclass,emcad,2026,Papilledema,PR,3,1.0,0.3076923076923077
threeclass,emcad,2026,Papilledema,PR,4,1.0,0.3333333333333333
threeclass,emcad,2026,Papilledema,PR,5,1.0,0.36363636363636365
threeclass,emcad,2026,Papilledema,PR,6,1.0,0.4
threeclass,emcad,2026,Papilledema,PR,7,1.0,0.4444444444444444
threeclass,emcad,2026,Papilledema,PR,8,1.0,0.5
threeclass,emcad,2026,Papilledema,PR,9,0.75,0.42857142857142855
threeclass,emcad,2026,Papilledema,PR,10,0.75,0.5
threeclass,emcad,2026,Papilledema,PR,11,0.5,0.4
threeclass,emcad,2026,Papilledema,PR,12,0.5,0.5
threeclass,emcad,2026,Papilledema,PR,13,0.25,0.3333333333333333
threeclass,emcad,2026,Papilledema,PR,14,0.25,0.5
threeclass,emcad,2026,Papilledema,PR,15,0.0,0.0
threeclass,emcad,2026,Papilledema,PR,16,0.0,1.0
threeclass,emcad,3407,Papilledema,ROC,0,0.0,0.0
threeclass,emcad,3407,Papilledema,ROC,1,0.07692307692307693,0.0
threeclass,emcad,3407,Papilledema,ROC,2,0.07692307692307693,0.25
threeclass,emcad,3407,Papilledema,ROC,3,0.15384615384615385,0.25
threeclass,emcad,3407,Papilledema,ROC,4,0.15384615384615385,0.75
threeclass,emcad,3407,Papilledema,ROC,5,0.23076923076923078,0.75
threeclass,emcad,3407,Papilledema,ROC,6,0.23076923076923078,1.0
threeclass,emcad,3407,Papilledema,ROC,7,1.0,1.0
threeclass,emcad,3407,Papilledema,PR,0,1.0,0.23529411764705882
threeclass,emcad,3407,Papilledema,PR,1,1.0,0.25
threeclass,emcad,3407,Papilledema,PR,2,1.0,0.26666666666666666
threeclass,emcad,3407,Papilledema,PR,3,1.0,0.2857142857142857
threeclass,emcad,3407,Papilledema,PR,4,1.0,0.3076923076923077
threeclass,emcad,3407,Papilledema,PR,5,1.0,0.3333333333333333
threeclass,emcad,3407,Papilledema,PR,6,1.0,0.36363636363636365
threeclass,emcad,3407,Papilledema,PR,7,1.0,0.4
threeclass,emcad,3407,Papilledema,PR,8,1.0,0.4444444444444444
threeclass,emcad,3407,Papilledema,PR,9,1.0,0.5
threeclass,emcad,3407,Papilledema,PR,10,1.0,0.5714285714285714
threeclass,emcad,3407,Papilledema,PR,11,0.75,0.5
threeclass,emcad,3407,Papilledema,PR,12,0.75,0.6
threeclass,emcad,3407,Papilledema,PR,13,0.5,0.5
threeclass,emcad,3407,Papilledema,PR,14,0.25,0.3333333333333333
threeclass,emcad,3407,Papilledema,PR,15,0.25,0.5
threeclass,emcad,3407,Papilledema,PR,16,0.0,0.0
threeclass,emcad,3407,Papilledema,PR,17,0.0,1.0
threeclass,emcad,9103,Papilledema,ROC,0,0.0,0.0
threeclass,emcad,9103,Papilledema,ROC,1,0.07142857142857142,0.0
threeclass,emcad,9103,Papilledema,ROC,2,0.21428571428571427,0.0
threeclass,emcad,9103,Papilledema,ROC,3,0.21428571428571427,0.5
threeclass,emcad,9103,Papilledema,ROC,4,0.5714285714285714,0.5
threeclass,emcad,9103,Papilledema,ROC,5,0.5714285714285714,1.0
threeclass,emcad,9103,Papilledema,ROC,6,1.0,1.0
threeclass,emcad,9103,Papilledema,PR,0,1.0,0.125
threeclass,emcad,9103,Papilledema,PR,1,1.0,0.13333333333333333
threeclass,emcad,9103,Papilledema,PR,2,1.0,0.14285714285714285
threeclass,emcad,9103,Papilledema,PR,3,1.0,0.15384615384615385
threeclass,emcad,9103,Papilledema,PR,4,1.0,0.16666666666666666
threeclass,emcad,9103,Papilledema,PR,5,1.0,0.18181818181818182
threeclass,emcad,9103,Papilledema,PR,6,1.0,0.2
threeclass,emcad,9103,Papilledema,PR,7,0.5,0.1111111111111111
threeclass,emcad,9103,Papilledema,PR,8,0.5,0.125
threeclass,emcad,9103,Papilledema,PR,9,0.5,0.14285714285714285
threeclass,emcad,9103,Papilledema,PR,10,0.5,0.16666666666666666
threeclass,emcad,9103,Papilledema,PR,11,0.5,0.2
threeclass,emcad,9103,Papilledema,PR,12,0.5,0.25
threeclass,emcad,9103,Papilledema,PR,13,0.0,0.0
threeclass,emcad,9103,Papilledema,PR,14,0.0,0.0
threeclass,emcad,9103,Papilledema,PR,15,0.0,0.0
threeclass,emcad,9103,Papilledema,PR,16,0.0,1.0
threeclass,emcad,17,Pseudopapilledema,ROC,0,0.0,0.0
threeclass,emcad,17,Pseudopapilledema,ROC,1,0.07142857142857142,0.0
threeclass,emcad,17,Pseudopapilledema,ROC,2,0.14285714285714285,0.0
threeclass,emcad,17,Pseudopapilledema,ROC,3,0.14285714285714285,0.25
threeclass,emcad,17,Pseudopapilledema,ROC,4,0.42857142857142855,0.25
threeclass,emcad,17,Pseudopapilledema,ROC,5,0.42857142857142855,0.5
threeclass,emcad,17,Pseudopapilledema,ROC,6,0.5,0.5
threeclass,emcad,17,Pseudopapilledema,ROC,7,0.5,0.75
threeclass,emcad,17,Pseudopapilledema,ROC,8,0.6428571428571429,0.75
threeclass,emcad,17,Pseudopapilledema,ROC,9,0.6428571428571429,1.0
threeclass,emcad,17,Pseudopapilledema,ROC,10,1.0,1.0
threeclass,emcad,17,Pseudopapilledema,PR,0,1.0,0.2222222222222222
threeclass,emcad,17,Pseudopapilledema,PR,1,1.0,0.23529411764705882
threeclass,emcad,17,Pseudopapilledema,PR,2,1.0,0.25
threeclass,emcad,17,Pseudopapilledema,PR,3,1.0,0.26666666666666666
threeclass,emcad,17,Pseudopapilledema,PR,4,1.0,0.2857142857142857
threeclass,emcad,17,Pseudopapilledema,PR,5,1.0,0.3076923076923077
threeclass,emcad,17,Pseudopapilledema,PR,6,0.75,0.25
threeclass,emcad,17,Pseudopapilledema,PR,7,0.75,0.2727272727272727
threeclass,emcad,17,Pseudopapilledema,PR,8,0.75,0.3
threeclass,emcad,17,Pseudopapilledema,PR,9,0.5,0.2222222222222222
threeclass,emcad,17,Pseudopapilledema,PR,10,0.5,0.25
threeclass,emcad,17,Pseudopapilledema,PR,11,0.25,0.14285714285714285
threeclass,emcad,17,Pseudopapilledema,PR,12,0.25,0.16666666666666666
threeclass,emcad,17,Pseudopapilledema,PR,13,0.25,0.2
threeclass,emcad,17,Pseudopapilledema,PR,14,0.25,0.25
threeclass,emcad,17,Pseudopapilledema,PR,15,0.25,0.3333333333333333
threeclass,emcad,17,Pseudopapilledema,PR,16,0.0,0.0
threeclass,emcad,17,Pseudopapilledema,PR,17,0.0,0.0
threeclass,emcad,17,Pseudopapilledema,PR,18,0.0,1.0
threeclass,emcad,42,Pseudopapilledema,ROC,0,0.0,0.0
threeclass,emcad,42,Pseudopapilledema,ROC,1,0.07142857142857142,0.0
threeclass,emcad,42,Pseudopapilledema,ROC,2,0.14285714285714285,0.0
threeclass,emcad,42,Pseudopapilledema,ROC,3,0.14285714285714285,0.5
threeclass,emcad,42,Pseudopapilledema,ROC,4,0.5,0.5
threeclass,emcad,42,Pseudopapilledema,ROC,5,0.5,0.75
threeclass,emcad,42,Pseudopapilledema,ROC,6,0.7142857142857143,0.75
threeclass,emcad,42,Pseudopapilledema,ROC,7,0.7142857142857143,1.0
threeclass,emcad,42,Pseudopapilledema,ROC,8,1.0,1.0
threeclass,emcad,42,Pseudopapilledema,PR,0,1.0,0.2222222222222222
threeclass,emcad,42,Pseudopapilledema,PR,1,1.0,0.23529411764705882
threeclass,emcad,42,Pseudopapilledema,PR,2,1.0,0.25
threeclass,emcad,42,Pseudopapilledema,PR,3,1.0,0.26666666666666666
threeclass,emcad,42,Pseudopapilledema,PR,4,1.0,0.2857142857142857
threeclass,emcad,42,Pseudopapilledema,PR,5,0.75,0.23076923076923078
threeclass,emcad,42,Pseudopapilledema,PR,6,0.75,0.25
threeclass,emcad,42,Pseudopapilledema,PR,7,0.75,0.2727272727272727
threeclass,emcad,42,Pseudopapilledema,PR,8,0.75,0.3
threeclass,emcad,42,Pseudopapilledema,PR,9,0.5,0.2222222222222222
threeclass,emcad,42,Pseudopapilledema,PR,10,0.5,0.25
threeclass,emcad,42,Pseudopapilledema,PR,11,0.5,0.2857142857142857
threeclass,emcad,42,Pseudopapilledema,PR,12,0.5,0.3333333333333333
threeclass,emcad,42,Pseudopapilledema,PR,13,0.5,0.4
threeclass,emcad,42,Pseudopapilledema,PR,14,0.5,0.5
threeclass,emcad,42,Pseudopapilledema,PR,15,0.25,0.3333333333333333
threeclass,emcad,42,Pseudopapilledema,PR,16,0.0,0.0
threeclass,emcad,42,Pseudopapilledema,PR,17,0.0,0.0
threeclass,emcad,42,Pseudopapilledema,PR,18,0.0,1.0
threeclass,emcad,2026,Pseudopapilledema,ROC,0,0.0,0.0
threeclass,emcad,2026,Pseudopapilledema,ROC,1,0.0,0.25
threeclass,emcad,2026,Pseudopapilledema,ROC,2,0.08333333333333333,0.25
threeclass,emcad,2026,Pseudopapilledema,ROC,3,0.08333333333333333,0.5
threeclass,emcad,2026,Pseudopapilledema,ROC,4,0.25,0.5
threeclass,emcad,2026,Pseudopapilledema,ROC,5,0.25,0.75
threeclass,emcad,2026,Pseudopapilledema,ROC,6,0.8333333333333334,0.75
threeclass,emcad,2026,Pseudopapilledema,ROC,7,0.8333333333333334,1.0
threeclass,emcad,2026,Pseudopapilledema,ROC,8,1.0,1.0
threeclass,emcad,2026,Pseudopapilledema,PR,0,1.0,0.25
threeclass,emcad,2026,Pseudopapilledema,PR,1,1.0,0.26666666666666666
threeclass,emcad,2026,Pseudopapilledema,PR,2,1.0,0.2857142857142857
threeclass,emcad,2026,Pseudopapilledema,PR,3,0.75,0.23076923076923078
threeclass,emcad,2026,Pseudopapilledema,PR,4,0.75,0.25
threeclass,emcad,2026,Pseudopapilledema,PR,5,0.75,0.2727272727272727
threeclass,emcad,2026,Pseudopapilledema,PR,6,0.75,0.3
threeclass,emcad,2026,Pseudopapilledema,PR,7,0.75,0.3333333333333333
threeclass,emcad,2026,Pseudopapilledema,PR,8,0.75,0.375
threeclass,emcad,2026,Pseudopapilledema,PR,9,0.75,0.42857142857142855
threeclass,emcad,2026,Pseudopapilledema,PR,10,0.75,0.5
threeclass,emcad,2026,Pseudopapilledema,PR,11,0.5,0.4
threeclass,emcad,2026,Pseudopapilledema,PR,12,0.5,0.5
threeclass,emcad,2026,Pseudopapilledema,PR,13,0.5,0.6666666666666666
threeclass,emcad,2026,Pseudopapilledema,PR,14,0.25,0.5
threeclass,emcad,2026,Pseudopapilledema,PR,15,0.25,1.0
threeclass,emcad,2026,Pseudopapilledema,PR,16,0.0,1.0
threeclass,emcad,3407,Pseudopapilledema,ROC,0,0.0,0.0
threeclass,emcad,3407,Pseudopapilledema,ROC,1,0.07142857142857142,0.0
threeclass,emcad,3407,Pseudopapilledema,ROC,2,0.2857142857142857,0.0
threeclass,emcad,3407,Pseudopapilledema,ROC,3,0.2857142857142857,0.3333333333333333
threeclass,emcad,3407,Pseudopapilledema,ROC,4,0.7857142857142857,0.3333333333333333
threeclass,emcad,3407,Pseudopapilledema,ROC,5,0.7857142857142857,0.6666666666666666
threeclass,emcad,3407,Pseudopapilledema,ROC,6,0.8571428571428571,0.6666666666666666
threeclass,emcad,3407,Pseudopapilledema,ROC,7,0.8571428571428571,1.0
threeclass,emcad,3407,Pseudopapilledema,ROC,8,1.0,1.0
threeclass,emcad,3407,Pseudopapilledema,PR,0,1.0,0.17647058823529413
threeclass,emcad,3407,Pseudopapilledema,PR,1,1.0,0.1875
threeclass,emcad,3407,Pseudopapilledema,PR,2,1.0,0.2
threeclass,emcad,3407,Pseudopapilledema,PR,3,0.6666666666666666,0.14285714285714285
threeclass,emcad,3407,Pseudopapilledema,PR,4,0.6666666666666666,0.15384615384615385
threeclass,emcad,3407,Pseudopapilledema,PR,5,0.3333333333333333,0.08333333333333333
threeclass,emcad,3407,Pseudopapilledema,PR,6,0.3333333333333333,0.09090909090909091
threeclass,emcad,3407,Pseudopapilledema,PR,7,0.3333333333333333,0.1
threeclass,emcad,3407,Pseudopapilledema,PR,8,0.3333333333333333,0.1111111111111111
threeclass,emcad,3407,Pseudopapilledema,PR,9,0.3333333333333333,0.125
threeclass,emcad,3407,Pseudopapilledema,PR,10,0.3333333333333333,0.14285714285714285
threeclass,emcad,3407,Pseudopapilledema,PR,11,0.3333333333333333,0.16666666666666666
threeclass,emcad,3407,Pseudopapilledema,PR,12,0.3333333333333333,0.2
threeclass,emcad,3407,Pseudopapilledema,PR,13,0.0,0.0
threeclass,emcad,3407,Pseudopapilledema,PR,14,0.0,0.0
threeclass,emcad,3407,Pseudopapilledema,PR,15,0.0,0.0
threeclass,emcad,3407,Pseudopapilledema,PR,16,0.0,0.0
threeclass,emcad,3407,Pseudopapilledema,PR,17,0.0,1.0
threeclass,emcad,9103,Pseudopapilledema,ROC,0,0.0,0.0
threeclass,emcad,9103,Pseudopapilledema,ROC,1,0.0,0.25
threeclass,emcad,9103,Pseudopapilledema,ROC,2,0.08333333333333333,0.25
threeclass,emcad,9103,Pseudopapilledema,ROC,3,0.08333333333333333,1.0
threeclass,emcad,9103,Pseudopapilledema,ROC,4,1.0,1.0
threeclass,emcad,9103,Pseudopapilledema,PR,0,1.0,0.25
threeclass,emcad,9103,Pseudopapilledema,PR,1,1.0,0.26666666666666666
threeclass,emcad,9103,Pseudopapilledema,PR,2,1.0,0.2857142857142857
threeclass,emcad,9103,Pseudopapilledema,PR,3,1.0,0.3076923076923077
threeclass,emcad,9103,Pseudopapilledema,PR,4,1.0,0.3333333333333333
threeclass,emcad,9103,Pseudopapilledema,PR,5,1.0,0.36363636363636365
threeclass,emcad,9103,Pseudopapilledema,PR,6,1.0,0.4
threeclass,emcad,9103,Pseudopapilledema,PR,7,1.0,0.4444444444444444
threeclass,emcad,9103,Pseudopapilledema,PR,8,1.0,0.5
threeclass,emcad,9103,Pseudopapilledema,PR,9,1.0,0.5714285714285714
threeclass,emcad,9103,Pseudopapilledema,PR,10,1.0,0.6666666666666666
threeclass,emcad,9103,Pseudopapilledema,PR,11,1.0,0.8
threeclass,emcad,9103,Pseudopapilledema,PR,12,0.75,0.75
threeclass,emcad,9103,Pseudopapilledema,PR,13,0.5,0.6666666666666666
threeclass,emcad,9103,Pseudopapilledema,PR,14,0.25,0.5
threeclass,emcad,9103,Pseudopapilledema,PR,15,0.25,1.0
threeclass,emcad,9103,Pseudopapilledema,PR,16,0.0,1.0
threeclass,sam2_unet,17,Normal,ROC,0,0.0,0.0
threeclass,sam2_unet,17,Normal,ROC,1,0.0,0.1
threeclass,sam2_unet,17,Normal,ROC,2,0.0,0.3
threeclass,sam2_unet,17,Normal,ROC,3,0.125,0.3
threeclass,sam2_unet,17,Normal,ROC,4,0.125,0.6
threeclass,sam2_unet,17,Normal,ROC,5,0.25,0.6
threeclass,sam2_unet,17,Normal,ROC,6,0.25,1.0
threeclass,sam2_unet,17,Normal,ROC,7,1.0,1.0
threeclass,sam2_unet,17,Normal,PR,0,1.0,0.5555555555555556
threeclass,sam2_unet,17,Normal,PR,1,1.0,0.5882352941176471
threeclass,sam2_unet,17,Normal,PR,2,1.0,0.625
threeclass,sam2_unet,17,Normal,PR,3,1.0,0.6666666666666666
threeclass,sam2_unet,17,Normal,PR,4,1.0,0.7142857142857143
threeclass,sam2_unet,17,Normal,PR,5,1.0,0.7692307692307693
threeclass,sam2_unet,17,Normal,PR,6,1.0,0.8333333333333334
threeclass,sam2_unet,17,Normal,PR,7,0.9,0.8181818181818182
threeclass,sam2_unet,17,Normal,PR,8,0.8,0.8
threeclass,sam2_unet,17,Normal,PR,9,0.7,0.7777777777777778
threeclass,sam2_unet,17,Normal,PR,10,0.6,0.75
threeclass,sam2_unet,17,Normal,PR,11,0.6,0.8571428571428571
threeclass,sam2_unet,17,Normal,PR,12,0.5,0.8333333333333334
threeclass,sam2_unet,17,Normal,PR,13,0.4,0.8
threeclass,sam2_unet,17,Normal,PR,14,0.3,0.75
threeclass,sam2_unet,17,Normal,PR,15,0.3,1.0
threeclass,sam2_unet,17,Normal,PR,16,0.2,1.0
threeclass,sam2_unet,17,Normal,PR,17,0.1,1.0
threeclass,sam2_unet,17,Normal,PR,18,0.0,1.0
threeclass,sam2_unet,42,Normal,ROC,0,0.0,0.0
threeclass,sam2_unet,42,Normal,ROC,1,0.0,0.1
threeclass,sam2_unet,42,Normal,ROC,2,0.0,0.5
threeclass,sam2_unet,42,Normal,ROC,3,0.125,0.5
threeclass,sam2_unet,42,Normal,ROC,4,0.125,0.6
threeclass,sam2_unet,42,Normal,ROC,5,0.25,0.6
threeclass,sam2_unet,42,Normal,ROC,6,0.25,1.0
threeclass,sam2_unet,42,Normal,ROC,7,1.0,1.0
threeclass,sam2_unet,42,Normal,PR,0,1.0,0.5555555555555556
threeclass,sam2_unet,42,Normal,PR,1,1.0,0.5882352941176471
threeclass,sam2_unet,42,Normal,PR,2,1.0,0.625
threeclass,sam2_unet,42,Normal,PR,3,1.0,0.6666666666666666
threeclass,sam2_unet,42,Normal,PR,4,1.0,0.7142857142857143
threeclass,sam2_unet,42,Normal,PR,5,1.0,0.7692307692307693
threeclass,sam2_unet,42,Normal,PR,6,1.0,0.8333333333333334
threeclass,sam2_unet,42,Normal,PR,7,0.9,0.8181818181818182
threeclass,sam2_unet,42,Normal,PR,8,0.8,0.8
threeclass,sam2_unet,42,Normal,PR,9,0.7,0.7777777777777778
threeclass,sam2_unet,42,Normal,PR,10,0.6,0.75
threeclass,sam2_unet,42,Normal,PR,11,0.6,0.8571428571428571
threeclass,sam2_unet,42,Normal,PR,12,0.5,0.8333333333333334
threeclass,sam2_unet,42,Normal,PR,13,0.5,1.0
threeclass,sam2_unet,42,Normal,PR,14,0.4,1.0
threeclass,sam2_unet,42,Normal,PR,15,0.3,1.0
threeclass,sam2_unet,42,Normal,PR,16,0.2,1.0
threeclass,sam2_unet,42,Normal,PR,17,0.1,1.0
threeclass,sam2_unet,42,Normal,PR,18,0.0,1.0
threeclass,sam2_unet,2026,Normal,ROC,0,0.0,0.0
threeclass,sam2_unet,2026,Normal,ROC,1,0.0,0.1
threeclass,sam2_unet,2026,Normal,ROC,2,0.0,0.5
threeclass,sam2_unet,2026,Normal,ROC,3,0.125,0.5
threeclass,sam2_unet,2026,Normal,ROC,4,0.125,1.0
threeclass,sam2_unet,2026,Normal,ROC,5,1.0,1.0
threeclass,sam2_unet,2026,Normal,PR,0,1.0,0.5555555555555556
threeclass,sam2_unet,2026,Normal,PR,1,1.0,0.5882352941176471
threeclass,sam2_unet,2026,Normal,PR,2,1.0,0.625
threeclass,sam2_unet,2026,Normal,PR,3,1.0,0.6666666666666666
threeclass,sam2_unet,2026,Normal,PR,4,1.0,0.7142857142857143
threeclass,sam2_unet,2026,Normal,PR,5,1.0,0.7692307692307693
threeclass,sam2_unet,2026,Normal,PR,6,1.0,0.8333333333333334
threeclass,sam2_unet,2026,Normal,PR,7,1.0,0.9090909090909091
threeclass,sam2_unet,2026,Normal,PR,8,0.9,0.9
threeclass,sam2_unet,2026,Normal,PR,9,0.8,0.8888888888888888
threeclass,sam2_unet,2026,Normal,PR,10,0.7,0.875
threeclass,sam2_unet,2026,Normal,PR,11,0.6,0.8571428571428571
threeclass,sam2_unet,2026,Normal,PR,12,0.5,0.8333333333333334
threeclass,sam2_unet,2026,Normal,PR,13,0.5,1.0
threeclass,sam2_unet,2026,Normal,PR,14,0.4,1.0
threeclass,sam2_unet,2026,Normal,PR,15,0.3,1.0
threeclass,sam2_unet,2026,Normal,PR,16,0.2,1.0
threeclass,sam2_unet,2026,Normal,PR,17,0.1,1.0
threeclass,sam2_unet,2026,Normal,PR,18,0.0,1.0
threeclass,sam2_unet,3407,Normal,ROC,0,0.0,0.0
threeclass,sam2_unet,3407,Normal,ROC,1,0.0,0.1
threeclass,sam2_unet,3407,Normal,ROC,2,0.0,0.2
threeclass,sam2_unet,3407,Normal,ROC,3,0.125,0.2
threeclass,sam2_unet,3407,Normal,ROC,4,0.125,0.3
threeclass,sam2_unet,3407,Normal,ROC,5,0.25,0.3
threeclass,sam2_unet,3407,Normal,ROC,6,0.25,1.0
threeclass,sam2_unet,3407,Normal,ROC,7,1.0,1.0
threeclass,sam2_unet,3407,Normal,PR,0,1.0,0.5555555555555556
threeclass,sam2_unet,3407,Normal,PR,1,1.0,0.5882352941176471
threeclass,sam2_unet,3407,Normal,PR,2,1.0,0.625
threeclass,sam2_unet,3407,Normal,PR,3,1.0,0.6666666666666666
threeclass,sam2_unet,3407,Normal,PR,4,1.0,0.7142857142857143
threeclass,sam2_unet,3407,Normal,PR,5,1.0,0.7692307692307693
threeclass,sam2_unet,3407,Normal,PR,6,1.0,0.8333333333333334
threeclass,sam2_unet,3407,Normal,PR,7,0.9,0.8181818181818182
threeclass,sam2_unet,3407,Normal,PR,8,0.8,0.8
threeclass,sam2_unet,3407,Normal,PR,9,0.7,0.7777777777777778
threeclass,sam2_unet,3407,Normal,PR,10,0.6,0.75
threeclass,sam2_unet,3407,Normal,PR,11,0.5,0.7142857142857143
threeclass,sam2_unet,3407,Normal,PR,12,0.4,0.6666666666666666
threeclass,sam2_unet,3407,Normal,PR,13,0.3,0.6
threeclass,sam2_unet,3407,Normal,PR,14,0.3,0.75
threeclass,sam2_unet,3407,Normal,PR,15,0.2,0.6666666666666666
threeclass,sam2_unet,3407,Normal,PR,16,0.2,1.0
threeclass,sam2_unet,3407,Normal,PR,17,0.1,1.0
threeclass,sam2_unet,3407,Normal,PR,18,0.0,1.0
threeclass,sam2_unet,9103,Normal,ROC,0,0.0,0.0
threeclass,sam2_unet,9103,Normal,ROC,1,0.0,0.1
threeclass,sam2_unet,9103,Normal,ROC,2,0.0,0.6
threeclass,sam2_unet,9103,Normal,ROC,3,0.125,0.6
threeclass,sam2_unet,9103,Normal,ROC,4,0.125,1.0
threeclass,sam2_unet,9103,Normal,ROC,5,1.0,1.0
threeclass,sam2_unet,9103,Normal,PR,0,1.0,0.5555555555555556
threeclass,sam2_unet,9103,Normal,PR,1,1.0,0.5882352941176471
threeclass,sam2_unet,9103,Normal,PR,2,1.0,0.625
threeclass,sam2_unet,9103,Normal,PR,3,1.0,0.6666666666666666
threeclass,sam2_unet,9103,Normal,PR,4,1.0,0.7142857142857143
threeclass,sam2_unet,9103,Normal,PR,5,1.0,0.7692307692307693
threeclass,sam2_unet,9103,Normal,PR,6,1.0,0.8333333333333334
threeclass,sam2_unet,9103,Normal,PR,7,1.0,0.9090909090909091
threeclass,sam2_unet,9103,Normal,PR,8,0.9,0.9
threeclass,sam2_unet,9103,Normal,PR,9,0.8,0.8888888888888888
threeclass,sam2_unet,9103,Normal,PR,10,0.7,0.875
threeclass,sam2_unet,9103,Normal,PR,11,0.6,0.8571428571428571
threeclass,sam2_unet,9103,Normal,PR,12,0.6,1.0
threeclass,sam2_unet,9103,Normal,PR,13,0.5,1.0
threeclass,sam2_unet,9103,Normal,PR,14,0.4,1.0
threeclass,sam2_unet,9103,Normal,PR,15,0.3,1.0
threeclass,sam2_unet,9103,Normal,PR,16,0.2,1.0
threeclass,sam2_unet,9103,Normal,PR,17,0.1,1.0
threeclass,sam2_unet,9103,Normal,PR,18,0.0,1.0
threeclass,sam2_unet,17,Papilledema,ROC,0,0.0,0.0
threeclass,sam2_unet,17,Papilledema,ROC,1,0.07142857142857142,0.0
threeclass,sam2_unet,17,Papilledema,ROC,2,0.07142857142857142,0.25
threeclass,sam2_unet,17,Papilledema,ROC,3,0.14285714285714285,0.25
threeclass,sam2_unet,17,Papilledema,ROC,4,0.14285714285714285,0.5
threeclass,sam2_unet,17,Papilledema,ROC,5,0.21428571428571427,0.5
threeclass,sam2_unet,17,Papilledema,ROC,6,0.21428571428571427,0.75
threeclass,sam2_unet,17,Papilledema,ROC,7,0.42857142857142855,0.75
threeclass,sam2_unet,17,Papilledema,ROC,8,0.42857142857142855,1.0
threeclass,sam2_unet,17,Papilledema,ROC,9,1.0,1.0
threeclass,sam2_unet,17,Papilledema,PR,0,1.0,0.2222222222222222
threeclass,sam2_unet,17,Papilledema,PR,1,1.0,0.23529411764705882
threeclass,sam2_unet,17,Papilledema,PR,2,1.0,0.25
threeclass,sam2_unet,17,Papilledema,PR,3,1.0,0.26666666666666666
threeclass,sam2_unet,17,Papilledema,PR,4,1.0,0.2857142857142857
threeclass,sam2_unet,17,Papilledema,PR,5,1.0,0.3076923076923077
threeclass,sam2_unet,17,Papilledema,PR,6,1.0,0.3333333333333333
threeclass,sam2_unet,17,Papilledema,PR,7,1.0,0.36363636363636365
threeclass,sam2_unet,17,Papilledema,PR,8,1.0,0.4
threeclass,sam2_unet,17,Papilledema,PR,9,0.75,0.3333333333333333
threeclass,sam2_unet,17,Papilledema,PR,10,0.75,0.375
threeclass,sam2_unet,17,Papilledema,PR,11,0.75,0.42857142857142855
threeclass,sam2_unet,17,Papilledema,PR,12,0.75,0.5
threeclass,sam2_unet,17,Papilledema,PR,13,0.5,0.4
threeclass,sam2_unet,17,Papilledema,PR,14,0.5,0.5
threeclass,sam2_unet,17,Papilledema,PR,15,0.25,0.3333333333333333
threeclass,sam2_unet,17,Papilledema,PR,16,0.25,0.5
threeclass,sam2_unet,17,Papilledema,PR,17,0.0,0.0
threeclass,sam2_unet,17,Papilledema,PR,18,0.0,1.0
threeclass,sam2_unet,42,Papilledema,ROC,0,0.0,0.0
threeclass,sam2_unet,42,Papilledema,ROC,1,0.0,0.25
threeclass,sam2_unet,42,Papilledema,ROC,2,0.07142857142857142,0.25
threeclass,sam2_unet,42,Papilledema,ROC,3,0.07142857142857142,0.5
threeclass,sam2_unet,42,Papilledema,ROC,4,0.14285714285714285,0.5
threeclass,sam2_unet,42,Papilledema,ROC,5,0.14285714285714285,1.0
threeclass,sam2_unet,42,Papilledema,ROC,6,1.0,1.0
threeclass,sam2_unet,42,Papilledema,PR,0,1.0,0.2222222222222222
threeclass,sam2_unet,42,Papilledema,PR,1,1.0,0.23529411764705882
threeclass,sam2_unet,42,Papilledema,PR,2,1.0,0.25
threeclass,sam2_unet,42,Papilledema,PR,3,1.0,0.26666666666666666
threeclass,sam2_unet,42,Papilledema,PR,4,1.0,0.2857142857142857
threeclass,sam2_unet,42,Papilledema,PR,5,1.0,0.3076923076923077
threeclass,sam2_unet,42,Papilledema,PR,6,1.0,0.3333333333333333
threeclass,sam2_unet,42,Papilledema,PR,7,1.0,0.36363636363636365
threeclass,sam2_unet,42,Papilledema,PR,8,1.0,0.4
threeclass,sam2_unet,42,Papilledema,PR,9,1.0,0.4444444444444444
threeclass,sam2_unet,42,Papilledema,PR,10,1.0,0.5
threeclass,sam2_unet,42,Papilledema,PR,11,1.0,0.5714285714285714
threeclass,sam2_unet,42,Papilledema,PR,12,1.0,0.6666666666666666
threeclass,sam2_unet,42,Papilledema,PR,13,0.75,0.6
threeclass,sam2_unet,42,Papilledema,PR,14,0.5,0.5
threeclass,sam2_unet,42,Papilledema,PR,15,0.5,0.6666666666666666
threeclass,sam2_unet,42,Papilledema,PR,16,0.25,0.5
threeclass,sam2_unet,42,Papilledema,PR,17,0.25,1.0
threeclass,sam2_unet,42,Papilledema,PR,18,0.0,1.0
threeclass,sam2_unet,2026,Papilledema,ROC,0,0.0,0.0
threeclass,sam2_unet,2026,Papilledema,ROC,1,0.0,0.25
threeclass,sam2_unet,2026,Papilledema,ROC,2,0.0,0.5
threeclass,sam2_unet,2026,Papilledema,ROC,3,0.21428571428571427,0.5
threeclass,sam2_unet,2026,Papilledema,ROC,4,0.21428571428571427,1.0
threeclass,sam2_unet,2026,Papilledema,ROC,5,1.0,1.0
threeclass,sam2_unet,2026,Papilledema,PR,0,1.0,0.2222222222222222
threeclass,sam2_unet,2026,Papilledema,PR,1,1.0,0.23529411764705882
threeclass,sam2_unet,2026,Papilledema,PR,2,1.0,0.25
threeclass,sam2_unet,2026,Papilledema,PR,3,1.0,0.26666666666666666
threeclass,sam2_unet,2026,Papilledema,PR,4,1.0,0.2857142857142857
threeclass,sam2_unet,2026,Papilledema,PR,5,1.0,0.3076923076923077
threeclass,sam2_unet,2026,Papilledema,PR,6,1.0,0.3333333333333333
threeclass,sam2_unet,2026,Papilledema,PR,7,1.0,0.36363636363636365
threeclass,sam2_unet,2026,Papilledema,PR,8,1.0,0.4
threeclass,sam2_unet,2026,Papilledema,PR,9,1.0,0.4444444444444444
threeclass,sam2_unet,2026,Papilledema,PR,10,1.0,0.5
threeclass,sam2_unet,2026,Papilledema,PR,11,1.0,0.5714285714285714
threeclass,sam2_unet,2026,Papilledema,PR,12,0.75,0.5
threeclass,sam2_unet,2026,Papilledema,PR,13,0.5,0.4
threeclass,sam2_unet,2026,Papilledema,PR,14,0.5,0.5
threeclass,sam2_unet,2026,Papilledema,PR,15,0.5,0.6666666666666666
threeclass,sam2_unet,2026,Papilledema,PR,16,0.5,1.0
threeclass,sam2_unet,2026,Papilledema,PR,17,0.25,1.0
threeclass,sam2_unet,2026,Papilledema,PR,18,0.0,1.0
threeclass,sam2_unet,3407,Papilledema,ROC,0,0.0,0.0
threeclass,sam2_unet,3407,Papilledema,ROC,1,0.07142857142857142,0.0
threeclass,sam2_unet,3407,Papilledema,ROC,2,0.07142857142857142,0.25
threeclass,sam2_unet,3407,Papilledema,ROC,3,0.14285714285714285,0.25
threeclass,sam2_unet,3407,Papilledema,ROC,4,0.14285714285714285,0.5
threeclass,sam2_unet,3407,Papilledema,ROC,5,0.21428571428571427,0.5
threeclass,sam2_unet,3407,Papilledema,ROC,6,0.21428571428571427,1.0
threeclass,sam2_unet,3407,Papilledema,ROC,7,1.0,1.0
threeclass,sam2_unet,3407,Papilledema,PR,0,1.0,0.2222222222222222
threeclass,sam2_unet,3407,Papilledema,PR,1,1.0,0.23529411764705882
threeclass,sam2_unet,3407,Papilledema,PR,2,1.0,0.25
threeclass,sam2_unet,3407,Papilledema,PR,3,1.0,0.26666666666666666
threeclass,sam2_unet,3407,Papilledema,PR,4,1.0,0.2857142857142857
threeclass,sam2_unet,3407,Papilledema,PR,5,1.0,0.3076923076923077
threeclass,sam2_unet,3407,Papilledema,PR,6,1.0,0.3333333333333333
threeclass,sam2_unet,3407,Papilledema,PR,7,1.0,0.36363636363636365
threeclass,sam2_unet,3407,Papilledema,PR,8,1.0,0.4
threeclass,sam2_unet,3407,Papilledema,PR,9,1.0,0.4444444444444444
threeclass,sam2_unet,3407,Papilledema,PR,10,1.0,0.5
threeclass,sam2_unet,3407,Papilledema,PR,11,1.0,0.5714285714285714
threeclass,sam2_unet,3407,Papilledema,PR,12,0.75,0.5
threeclass,sam2_unet,3407,Papilledema,PR,13,0.5,0.4
threeclass,sam2_unet,3407,Papilledema,PR,14,0.5,0.5
threeclass,sam2_unet,3407,Papilledema,PR,15,0.25,0.3333333333333333
threeclass,sam2_unet,3407,Papilledema,PR,16,0.25,0.5
threeclass,sam2_unet,3407,Papilledema,PR,17,0.0,0.0
threeclass,sam2_unet,3407,Papilledema,PR,18,0.0,1.0
threeclass,sam2_unet,9103,Papilledema,ROC,0,0.0,0.0
threeclass,sam2_unet,9103,Papilledema,ROC,1,0.07142857142857142,0.0
threeclass,sam2_unet,9103,Papilledema,ROC,2,0.07142857142857142,0.25
threeclass,sam2_unet,9103,Papilledema,ROC,3,0.2857142857142857,0.25
threeclass,sam2_unet,9103,Papilledema,ROC,4,0.2857142857142857,0.75
threeclass,sam2_unet,9103,Papilledema,ROC,5,0.5714285714285714,0.75
threeclass,sam2_unet,9103,Papilledema,ROC,6,0.5714285714285714,1.0
threeclass,sam2_unet,9103,Papilledema,ROC,7,1.0,1.0
threeclass,sam2_unet,9103,Papilledema,PR,0,1.0,0.2222222222222222
threeclass,sam2_unet,9103,Papilledema,PR,1,1.0,0.23529411764705882
threeclass,sam2_unet,9103,Papilledema,PR,2,1.0,0.25
threeclass,sam2_unet,9103,Papilledema,PR,3,1.0,0.26666666666666666
threeclass,sam2_unet,9103,Papilledema,PR,4,1.0,0.2857142857142857
threeclass,sam2_unet,9103,Papilledema,PR,5,1.0,0.3076923076923077
threeclass,sam2_unet,9103,Papilledema,PR,6,1.0,0.3333333333333333
threeclass,sam2_unet,9103,Papilledema,PR,7,0.75,0.2727272727272727
threeclass,sam2_unet,9103,Papilledema,PR,8,0.75,0.3
threeclass,sam2_unet,9103,Papilledema,PR,9,0.75,0.3333333333333333
threeclass,sam2_unet,9103,Papilledema,PR,10,0.75,0.375
threeclass,sam2_unet,9103,Papilledema,PR,11,0.75,0.42857142857142855
threeclass,sam2_unet,9103,Papilledema,PR,12,0.5,0.3333333333333333
threeclass,sam2_unet,9103,Papilledema,PR,13,0.25,0.2
threeclass,sam2_unet,9103,Papilledema,PR,14,0.25,0.25
threeclass,sam2_unet,9103,Papilledema,PR,15,0.25,0.3333333333333333
threeclass,sam2_unet,9103,Papilledema,PR,16,0.25,0.5
threeclass,sam2_unet,9103,Papilledema,PR,17,0.0,0.0
threeclass,sam2_unet,9103,Papilledema,PR,18,0.0,1.0
threeclass,sam2_unet,17,Pseudopapilledema,ROC,0,0.0,0.0
threeclass,sam2_unet,17,Pseudopapilledema,ROC,1,0.07142857142857142,0.0
threeclass,sam2_unet,17,Pseudopapilledema,ROC,2,0.07142857142857142,0.25
threeclass,sam2_unet,17,Pseudopapilledema,ROC,3,0.14285714285714285,0.25
threeclass,sam2_unet,17,Pseudopapilledema,ROC,4,0.14285714285714285,0.5
threeclass,sam2_unet,17,Pseudopapilledema,ROC,5,0.21428571428571427,0.5
threeclass,sam2_unet,17,Pseudopapilledema,ROC,6,0.21428571428571427,0.75
threeclass,sam2_unet,17,Pseudopapilledema,ROC,7,0.7857142857142857,0.75
threeclass,sam2_unet,17,Pseudopapilledema,ROC,8,0.7857142857142857,1.0
threeclass,sam2_unet,17,Pseudopapilledema,ROC,9,1.0,1.0
threeclass,sam2_unet,17,Pseudopapilledema,PR,0,1.0,0.2222222222222222
threeclass,sam2_unet,17,Pseudopapilledema,PR,1,1.0,0.23529411764705882
threeclass,sam2_unet,17,Pseudopapilledema,PR,2,1.0,0.25
threeclass,sam2_unet,17,Pseudopapilledema,PR,3,1.0,0.26666666666666666
threeclass,sam2_unet,17,Pseudopapilledema,PR,4,0.75,0.21428571428571427
threeclass,sam2_unet,17,Pseudopapilledema,PR,5,0.75,0.23076923076923078
threeclass,sam2_unet,17,Pseudopapilledema,PR,6,0.75,0.25
threeclass,sam2_unet,17,Pseudopapilledema,PR,7,0.75,0.2727272727272727
threeclass,sam2_unet,17,Pseudopapilledema,PR,8,0.75,0.3
threeclass,sam2_unet,17,Pseudopapilledema,PR,9,0.75,0.3333333333333333
threeclass,sam2_unet,17,Pseudopapilledema,PR,10,0.75,0.375
threeclass,sam2_unet,17,Pseudopapilledema,PR,11,0.75,0.42857142857142855
threeclass,sam2_unet,17,Pseudopapilledema,PR,12,0.75,0.5
threeclass,sam2_unet,17,Pseudopapilledema,PR,13,0.5,0.4
threeclass,sam2_unet,17,Pseudopapilledema,PR,14,0.5,0.5
threeclass,sam2_unet,17,Pseudopapilledema,PR,15,0.25,0.3333333333333333
threeclass,sam2_unet,17,Pseudopapilledema,PR,16,0.25,0.5
threeclass,sam2_unet,17,Pseudopapilledema,PR,17,0.0,0.0
threeclass,sam2_unet,17,Pseudopapilledema,PR,18,0.0,1.0
threeclass,sam2_unet,42,Pseudopapilledema,ROC,0,0.0,0.0
threeclass,sam2_unet,42,Pseudopapilledema,ROC,1,0.07142857142857142,0.0
threeclass,sam2_unet,42,Pseudopapilledema,ROC,2,0.14285714285714285,0.0
threeclass,sam2_unet,42,Pseudopapilledema,ROC,3,0.14285714285714285,0.25
threeclass,sam2_unet,42,Pseudopapilledema,ROC,4,0.21428571428571427,0.25
threeclass,sam2_unet,42,Pseudopapilledema,ROC,5,0.21428571428571427,0.5
threeclass,sam2_unet,42,Pseudopapilledema,ROC,6,0.5,0.5
threeclass,sam2_unet,42,Pseudopapilledema,ROC,7,0.5,1.0
threeclass,sam2_unet,42,Pseudopapilledema,ROC,8,1.0,1.0
threeclass,sam2_unet,42,Pseudopapilledema,PR,0,1.0,0.2222222222222222
threeclass,sam2_unet,42,Pseudopapilledema,PR,1,1.0,0.23529411764705882
threeclass,sam2_unet,42,Pseudopapilledema,PR,2,1.0,0.25
threeclass,sam2_unet,42,Pseudopapilledema,PR,3,1.0,0.26666666666666666
threeclass,sam2_unet,42,Pseudopapilledema,PR,4,1.0,0.2857142857142857
threeclass,sam2_unet,42,Pseudopapilledema,PR,5,1.0,0.3076923076923077
threeclass,sam2_unet,42,Pseudopapilledema,PR,6,1.0,0.3333333333333333
threeclass,sam2_unet,42,Pseudopapilledema,PR,7,1.0,0.36363636363636365
threeclass,sam2_unet,42,Pseudopapilledema,PR,8,0.75,0.3
threeclass,sam2_unet,42,Pseudopapilledema,PR,9,0.5,0.2222222222222222
threeclass,sam2_unet,42,Pseudopapilledema,PR,10,0.5,0.25
threeclass,sam2_unet,42,Pseudopapilledema,PR,11,0.5,0.2857142857142857
threeclass,sam2_unet,42,Pseudopapilledema,PR,12,0.5,0.3333333333333333
threeclass,sam2_unet,42,Pseudopapilledema,PR,13,0.5,0.4
threeclass,sam2_unet,42,Pseudopapilledema,PR,14,0.25,0.25
threeclass,sam2_unet,42,Pseudopapilledema,PR,15,0.25,0.3333333333333333
threeclass,sam2_unet,42,Pseudopapilledema,PR,16,0.0,0.0
threeclass,sam2_unet,42,Pseudopapilledema,PR,17,0.0,0.0
threeclass,sam2_unet,42,Pseudopapilledema,PR,18,0.0,1.0
threeclass,sam2_unet,2026,Pseudopapilledema,ROC,0,0.0,0.0
threeclass,sam2_unet,2026,Pseudopapilledema,ROC,1,0.07142857142857142,0.0
threeclass,sam2_unet,2026,Pseudopapilledema,ROC,2,0.14285714285714285,0.0
threeclass,sam2_unet,2026,Pseudopapilledema,ROC,3,0.14285714285714285,0.25
threeclass,sam2_unet,2026,Pseudopapilledema,ROC,4,0.21428571428571427,0.25
threeclass,sam2_unet,2026,Pseudopapilledema,ROC,5,0.21428571428571427,0.5
threeclass,sam2_unet,2026,Pseudopapilledema,ROC,6,0.2857142857142857,0.5
threeclass,sam2_unet,2026,Pseudopapilledema,ROC,7,0.2857142857142857,0.75
threeclass,sam2_unet,2026,Pseudopapilledema,ROC,8,0.6428571428571429,0.75
threeclass,sam2_unet,2026,Pseudopapilledema,ROC,9,0.6428571428571429,1.0
threeclass,sam2_unet,2026,Pseudopapilledema,ROC,10,1.0,1.0
threeclass,sam2_unet,2026,Pseudopapilledema,PR,0,1.0,0.2222222222222222
threeclass,sam2_unet,2026,Pseudopapilledema,PR,1,1.0,0.23529411764705882
threeclass,sam2_unet,2026,Pseudopapilledema,PR,2,1.0,0.25
threeclass,sam2_unet,2026,Pseudopapilledema,PR,3,1.0,0.26666666666666666
threeclass,sam2_unet,2026,Pseudopapilledema,PR,4,1.0,0.2857142857142857
threeclass,sam2_unet,2026,Pseudopapilledema,PR,5,1.0,0.3076923076923077
threeclass,sam2_unet,2026,Pseudopapilledema,PR,6,0.75,0.25
threeclass,sam2_unet,2026,Pseudopapilledema,PR,7,0.75,0.2727272727272727
threeclass,sam2_unet,2026,Pseudopapilledema,PR,8,0.75,0.3
threeclass,sam2_unet,2026,Pseudopapilledema,PR,9,0.75,0.3333333333333333
threeclass,sam2_unet,2026,Pseudopapilledema,PR,10,0.75,0.375
threeclass,sam2_unet,2026,Pseudopapilledema,PR,11,0.75,0.42857142857142855
threeclass,sam2_unet,2026,Pseudopapilledema,PR,12,0.5,0.3333333333333333
threeclass,sam2_unet,2026,Pseudopapilledema,PR,13,0.5,0.4
threeclass,sam2_unet,2026,Pseudopapilledema,PR,14,0.25,0.25
threeclass,sam2_unet,2026,Pseudopapilledema,PR,15,0.25,0.3333333333333333
threeclass,sam2_unet,2026,Pseudopapilledema,PR,16,0.0,0.0
threeclass,sam2_unet,2026,Pseudopapilledema,PR,17,0.0,0.0
threeclass,sam2_unet,2026,Pseudopapilledema,PR,18,0.0,1.0
threeclass,sam2_unet,3407,Pseudopapilledema,ROC,0,0.0,0.0
threeclass,sam2_unet,3407,Pseudopapilledema,ROC,1,0.07142857142857142,0.0
threeclass,sam2_unet,3407,Pseudopapilledema,ROC,2,0.14285714285714285,0.0
threeclass,sam2_unet,3407,Pseudopapilledema,ROC,3,0.14285714285714285,0.25
threeclass,sam2_unet,3407,Pseudopapilledema,ROC,4,0.21428571428571427,0.25
threeclass,sam2_unet,3407,Pseudopapilledema,ROC,5,0.21428571428571427,0.5
threeclass,sam2_unet,3407,Pseudopapilledema,ROC,6,0.7142857142857143,0.5
threeclass,sam2_unet,3407,Pseudopapilledema,ROC,7,0.7142857142857143,0.75
threeclass,sam2_unet,3407,Pseudopapilledema,ROC,8,0.7857142857142857,0.75
threeclass,sam2_unet,3407,Pseudopapilledema,ROC,9,0.7857142857142857,1.0
threeclass,sam2_unet,3407,Pseudopapilledema,ROC,10,1.0,1.0
threeclass,sam2_unet,3407,Pseudopapilledema,PR,0,1.0,0.2222222222222222
threeclass,sam2_unet,3407,Pseudopapilledema,PR,1,1.0,0.23529411764705882
threeclass,sam2_unet,3407,Pseudopapilledema,PR,2,1.0,0.25
threeclass,sam2_unet,3407,Pseudopapilledema,PR,3,1.0,0.26666666666666666
threeclass,sam2_unet,3407,Pseudopapilledema,PR,4,0.75,0.21428571428571427
threeclass,sam2_unet,3407,Pseudopapilledema,PR,5,0.75,0.23076923076923078
threeclass,sam2_unet,3407,Pseudopapilledema,PR,6,0.5,0.16666666666666666
threeclass,sam2_unet,3407,Pseudopapilledema,PR,7,0.5,0.18181818181818182
threeclass,sam2_unet,3407,Pseudopapilledema,PR,8,0.5,0.2
threeclass,sam2_unet,3407,Pseudopapilledema,PR,9,0.5,0.2222222222222222
threeclass,sam2_unet,3407,Pseudopapilledema,PR,10,0.5,0.25
threeclass,sam2_unet,3407,Pseudopapilledema,PR,11,0.5,0.2857142857142857
threeclass,sam2_unet,3407,Pseudopapilledema,PR,12,0.5,0.3333333333333333
threeclass,sam2_unet,3407,Pseudopapilledema,PR,13,0.5,0.4
threeclass,sam2_unet,3407,Pseudopapilledema,PR,14,0.25,0.25
threeclass,sam2_unet,3407,Pseudopapilledema,PR,15,0.25,0.3333333333333333
threeclass,sam2_unet,3407,Pseudopapilledema,PR,16,0.0,0.0
threeclass,sam2_unet,3407,Pseudopapilledema,PR,17,0.0,0.0
threeclass,sam2_unet,3407,Pseudopapilledema,PR,18,0.0,1.0
threeclass,sam2_unet,9103,Pseudopapilledema,ROC,0,0.0,0.0
threeclass,sam2_unet,9103,Pseudopapilledema,ROC,1,0.07142857142857142,0.0
threeclass,sam2_unet,9103,Pseudopapilledema,ROC,2,0.21428571428571427,0.0
threeclass,sam2_unet,9103,Pseudopapilledema,ROC,3,0.21428571428571427,0.75
threeclass,sam2_unet,9103,Pseudopapilledema,ROC,4,0.35714285714285715,0.75
threeclass,sam2_unet,9103,Pseudopapilledema,ROC,5,0.35714285714285715,1.0
threeclass,sam2_unet,9103,Pseudopapilledema,ROC,6,1.0,1.0
threeclass,sam2_unet,9103,Pseudopapilledema,PR,0,1.0,0.2222222222222222
threeclass,sam2_unet,9103,Pseudopapilledema,PR,1,1.0,0.23529411764705882
threeclass,sam2_unet,9103,Pseudopapilledema,PR,2,1.0,0.25
threeclass,sam2_unet,9103,Pseudopapilledema,PR,3,1.0,0.26666666666666666
threeclass,sam2_unet,9103,Pseudopapilledema,PR,4,1.0,0.2857142857142857
threeclass,sam2_unet,9103,Pseudopapilledema,PR,5,1.0,0.3076923076923077
threeclass,sam2_unet,9103,Pseudopapilledema,PR,6,1.0,0.3333333333333333
threeclass,sam2_unet,9103,Pseudopapilledema,PR,7,1.0,0.36363636363636365
threeclass,sam2_unet,9103,Pseudopapilledema,PR,8,1.0,0.4
threeclass,sam2_unet,9103,Pseudopapilledema,PR,9,1.0,0.4444444444444444
threeclass,sam2_unet,9103,Pseudopapilledema,PR,10,0.75,0.375
threeclass,sam2_unet,9103,Pseudopapilledema,PR,11,0.75,0.42857142857142855
threeclass,sam2_unet,9103,Pseudopapilledema,PR,12,0.75,0.5
threeclass,sam2_unet,9103,Pseudopapilledema,PR,13,0.5,0.4
threeclass,sam2_unet,9103,Pseudopapilledema,PR,14,0.25,0.25
threeclass,sam2_unet,9103,Pseudopapilledema,PR,15,0.0,0.0
threeclass,sam2_unet,9103,Pseudopapilledema,PR,16,0.0,0.0
threeclass,sam2_unet,9103,Pseudopapilledema,PR,17,0.0,0.0
threeclass,sam2_unet,9103,Pseudopapilledema,PR,18,0.0,1.0
