model,seed,classifier_strategy,level,probability_scale,metric_path,estimate,ci_95_low,ci_95_high,bootstrap_se,confidence_level,requested_method,interval_method,fallback_used,fallback_detail,valid_draws,requested_draws,resampling_unit,stratified_by_label,stratification,bootstrap_seed
yolo26,17,model_specific,patient,calibrated,class_conditional_coverage.normal,1.0,1.0,1.0,0.0,0.95,bca,bca,False,,5000,5000,whole_patient_cluster,True,three_class_patient_label,50017
yolo26,17,model_specific,patient,calibrated,class_conditional_coverage.papilledema,0.75,0.25,1.0,0.21805003821103255,0.95,bca,bca,False,,5000,5000,whole_patient_cluster,True,three_class_patient_label,50017
yolo26,17,model_specific,patient,calibrated,class_conditional_coverage.pseudopapilledema,1.0,1.0,1.0,0.0,0.95,bca,bca,False,,5000,5000,whole_patient_cluster,True,three_class_patient_label,50017
yolo26,17,model_specific,patient,calibrated,conditional.accuracy,0.7058823529411765,0.5882352941176471,0.7777777777777778,0.04777413820341719,0.95,bca,bca,False,,5000,5000,whole_patient_cluster,True,three_class_patient_label,50017
yolo26,17,model_specific,patient,calibrated,conditional.balanced_accuracy,0.5555555555555555,0.3333333333333333,0.6666666666666666,0.09677876522625843,0.95,bca,bca,False,,5000,5000,whole_patient_cluster,True,three_class_patient_label,50017
yolo26,17,model_specific,patient,calibrated,conditional.derived_discrimination.normal_vs_abnormal.auroc,0.9,0.6311123228469995,1.0,0.07672556186374181,0.95,bca,bca,False,,5000,5000,whole_patient_cluster,True,three_class_patient_label,50017
yolo26,17,model_specific,patient,calibrated,conditional.derived_discrimination.normal_vs_abnormal.average_precision,0.9004329004329006,0.68322254114974,1.0,0.06994167645156854,0.95,bca,bca,False,,5000,5000,whole_patient_cluster,True,three_class_patient_label,50017
yolo26,17,model_specific,patient,calibrated,conditional.derived_discrimination.papilledema_vs_pseudopapilledema.auroc,0.33333333333333337,0.0,1.0,0.2283923361749282,0.95,bca,bca,False,,4983,5000,whole_patient_cluster,True,three_class_patient_label,50017
yolo26,17,model_specific,patient,calibrated,conditional.derived_discrimination.papilledema_vs_pseudopapilledema.average_precision,0.6428571428571428,0.41666666666666663,0.95,0.13892303429639058,0.95,bca,bca,False,,5000,5000,whole_patient_cluster,True,three_class_patient_label,50017
yolo26,17,model_specific,patient,calibrated,conditional.macro_auroc,0.7496336996336996,0.5475909480266069,0.8738705738705739,0.07742439056866197,0.95,bca,bca,False,,5000,5000,whole_patient_cluster,True,three_class_patient_label,50017
yolo26,17,model_specific,patient,calibrated,conditional.macro_average_precision,0.5388930976430976,0.411584158751784,0.6198365829038389,0.07321730323230848,0.95,bca,bca,False,,5000,5000,whole_patient_cluster,True,three_class_patient_label,50017
yolo26,17,model_specific,patient,calibrated,conditional.macro_classwise_ece,0.20055131067024276,0.15941017494819143,0.26548812393387977,0.027134736612070616,0.95,bca,bca,False,,5000,5000,whole_patient_cluster,True,three_class_patient_label,50017
yolo26,17,model_specific,patient,calibrated,conditional.macro_f1,0.4696969696969697,0.2898550724637681,0.5696969696969697,0.07055177406256359,0.95,bca,bca,False,,5000,5000,whole_patient_cluster,True,three_class_patient_label,50017
yolo26,17,model_specific,patient,calibrated,conditional.multiclass_brier,0.5550102380306414,0.42416971109490587,0.776272494988834,0.09005441124608615,0.95,bca,bca,False,,5000,5000,whole_patient_cluster,True,three_class_patient_label,50017
yolo26,17,model_specific,patient,calibrated,conditional.multiclass_mcc,0.4918543805917734,0.1789195213551367,0.6629699999089105,0.12196119295835142,0.95,bca,bca,False,,5000,5000,whole_patient_cluster,True,three_class_patient_label,50017
yolo26,17,model_specific,patient,calibrated,conditional.multiclass_nll,1.1102992627611452,0.7587435994974796,1.6890075322384601,0.22853778785787832,0.95,bca,bca,False,,5000,5000,whole_patient_cluster,True,three_class_patient_label,50017
yolo26,17,model_specific,patient,calibrated,conditional.per_class.normal.auroc_ovr,0.9,0.6285714285714286,1.0,0.0767255618637418,0.95,bca,bca,False,,5000,5000,whole_patient_cluster,True,three_class_patient_label,50017
yolo26,17,model_specific,patient,calibrated,conditional.per_class.normal.average_precision_ovr,0.932651515151515,0.7712857030536746,0.9999999999999999,0.047688592082334676,0.95,bca,bca,False,,5000,5000,whole_patient_cluster,True,three_class_patient_label,50017
yolo26,17,model_specific,patient,calibrated,conditional.per_class.normal.f1,0.9090909090909091,0.8,1.0,0.049805597896979484,0.95,bca,bca,False,,5000,5000,whole_patient_cluster,True,three_class_patient_label,50017
yolo26,17,model_specific,patient,calibrated,conditional.per_class.normal.precision,0.8333333333333334,0.6666666666666666,1.0,0.08428724894975761,0.95,bca,bca,False,,5000,5000,whole_patient_cluster,True,three_class_patient_label,50017
yolo26,17,model_specific,patient,calibrated,conditional.per_class.normal.recall,1.0,1.0,1.0,0.0,0.95,bca,bca,False,,5000,5000,whole_patient_cluster,True,three_class_patient_label,50017
yolo26,17,model_specific,patient,calibrated,conditional.per_class.papilledema.auroc_ovr,0.7142857142857143,0.3571428571428571,0.9047619047619048,0.12513034097562903,0.95,bca,bca,False,,4983,5000,whole_patient_cluster,True,three_class_patient_label,50017
yolo26,17,model_specific,patient,calibrated,conditional.per_class.papilledema.average_precision_ovr,0.34444444444444444,0.1111111111111111,0.5928571428571427,0.14308111114511204,0.95,bca,bca,False,,4983,5000,whole_patient_cluster,True,three_class_patient_label,50017
yolo26,17,model_specific,patient,calibrated,conditional.per_class.papilledema.f1,0.5,0.0,0.8,0.1925611778368889,0.95,bca,bca,False,,5000,5000,whole_patient_cluster,True,three_class_patient_label,50017
yolo26,17,model_specific,patient,calibrated,conditional.per_class.papilledema.precision,0.4,0.0,0.75,0.16351502547215657,0.95,bca,bca,False,,5000,5000,whole_patient_cluster,True,three_class_patient_label,50017
yolo26,17,model_specific,patient,calibrated,conditional.per_class.papilledema.recall,0.6666666666666666,0.0,1.0,0.29066471223466084,0.95,bca,bca,False,,4983,5000,whole_patient_cluster,True,three_class_patient_label,50017
yolo26,17,model_specific,patient,calibrated,conditional.per_class.pseudopapilledema.auroc_ovr,0.6346153846153846,0.3076923076923077,0.8638421543701646,0.13637010437514321,0.95,bca,bca,False,,5000,5000,whole_patient_cluster,True,three_class_patient_label,50017
yolo26,17,model_specific,patient,calibrated,conditional.per_class.pseudopapilledema.average_precision_ovr,0.33958333333333335,0.21285727836486693,0.5409090909090909,0.12535027758013845,0.95,bca,bca,False,,5000,5000,whole_patient_cluster,True,three_class_patient_label,50017
yolo26,17,model_specific,patient,calibrated,conditional.per_class.pseudopapilledema.f1,0.0,0.0,0.0,0.0,0.95,bca,bca,False,,5000,5000,whole_patient_cluster,True,three_class_patient_label,50017
yolo26,17,model_specific,patient,calibrated,conditional.per_class.pseudopapilledema.precision,0.0,0.0,0.0,0.0,0.95,bca,bca,False,,5000,5000,whole_patient_cluster,True,three_class_patient_label,50017
yolo26,17,model_specific,patient,calibrated,conditional.per_class.pseudopapilledema.recall,0.0,0.0,0.0,0.0,0.95,bca,bca,False,,5000,5000,whole_patient_cluster,True,three_class_patient_label,50017
yolo26,17,model_specific,patient,calibrated,conditional.top_label_ece,0.28864367676939223,0.2079725074758988,0.39548284779701465,0.04870404634781329,0.95,bca,bca,False,,5000,5000,whole_patient_cluster,True,three_class_patient_label,50017
yolo26,17,model_specific,patient,calibrated,conditional_aurc,0.21198258200853354,0.112027841876549,0.3987707701741842,0.06971813391364627,0.95,bca,bca,False,,5000,5000,whole_patient_cluster,True,three_class_patient_label,50017
yolo26,17,model_specific,patient,calibrated,coverage,0.9444444444444444,0.7777777777777778,1.0,0.04845556404689614,0.95,bca,bca,False,,5000,5000,whole_patient_cluster,True,three_class_patient_label,50017
yolo26,17,model_specific,patient,calibrated,failure_aware.accuracy,0.6666666666666666,0.5555555555555556,0.7777777777777778,0.05612481569910992,0.95,bca,bca,False,,5000,5000,whole_patient_cluster,True,three_class_patient_label,50017
yolo26,17,model_specific,patient,calibrated,failure_aware.balanced_accuracy,0.5,0.3333333333333333,0.6666666666666666,0.08418722354866491,0.95,bca,bca,False,,5000,5000,whole_patient_cluster,True,three_class_patient_label,50017
yolo26,17,model_specific,patient,calibrated,failure_aware.macro_f1,0.4511784511784511,0.2898550724637681,0.5696969696969697,0.06861902122776978,0.95,bca,bca,False,,5000,5000,whole_patient_cluster,True,three_class_patient_label,50017
yolo26,17,model_specific,patient,calibrated,failure_aware.multiclass_mcc,0.44197999993927367,0.21081851067789195,0.6629699999089105,0.11197897922541163,0.95,bca,bca,False,,5000,5000,whole_patient_cluster,True,three_class_patient_label,50017
yolo26,17,model_specific,patient,calibrated,failure_aware.per_class.normal.f1,0.9090909090909091,0.8,1.0,0.049805597896979484,0.95,bca,bca,False,,5000,5000,whole_patient_cluster,True,three_class_patient_label,50017
yolo26,17,model_specific,patient,calibrated,failure_aware.per_class.normal.precision,0.8333333333333334,0.6666666666666666,1.0,0.08428724894975761,0.95,bca,bca,False,,5000,5000,whole_patient_cluster,True,three_class_patient_label,50017
yolo26,17,model_specific,patient,calibrated,failure_aware.per_class.normal.recall,1.0,1.0,1.0,0.0,0.95,bca,bca,False,,5000,5000,whole_patient_cluster,True,three_class_patient_label,50017
yolo26,17,model_specific,patient,calibrated,failure_aware.per_class.papilledema.f1,0.4444444444444444,0.0,0.8,0.1887510710349501,0.95,bca,bca,False,,5000,5000,whole_patient_cluster,True,three_class_patient_label,50017
yolo26,17,model_specific,patient,calibrated,failure_aware.per_class.papilledema.precision,0.4,0.0,0.75,0.16351502547215657,0.95,bca,bca,False,,5000,5000,whole_patient_cluster,True,three_class_patient_label,50017
yolo26,17,model_specific,patient,calibrated,failure_aware.per_class.papilledema.recall,0.5,0.0,1.0,0.2525616706459947,0.95,bca,bca,False,,5000,5000,whole_patient_cluster,True,three_class_patient_label,50017
yolo26,17,model_specific,patient,calibrated,failure_aware.per_class.pseudopapilledema.f1,0.0,0.0,0.0,0.0,0.95,bca,bca,False,,5000,5000,whole_patient_cluster,True,three_class_patient_label,50017
yolo26,17,model_specific,patient,calibrated,failure_aware.per_class.pseudopapilledema.precision,0.0,0.0,0.0,0.0,0.95,bca,bca,False,,5000,5000,whole_patient_cluster,True,three_class_patient_label,50017
yolo26,17,model_specific,patient,calibrated,failure_aware.per_class.pseudopapilledema.recall,0.0,0.0,0.0,0.0,0.95,bca,bca,False,,5000,5000,whole_patient_cluster,True,three_class_patient_label,50017
yolo26,17,model_specific,patient,calibrated,failure_aware_aurc,0.21872429041546687,0.12477075374317978,0.39486022686448774,0.06615442763375218,0.95,bca,bca,False,,5000,5000,whole_patient_cluster,True,three_class_patient_label,50017
yolo26,17,model_specific,patient,calibrated,localized_diagnostic_success.rate,0.6666666666666666,0.5555555555555556,0.7777777777777778,0.05612481569910992,0.95,bca,bca,False,,5000,5000,whole_patient_cluster,True,three_class_patient_label,50017
yolo26,17,model_specific,patient,calibrated,selective_risk,0.29411764705882354,0.2222222222222222,0.4117647058823529,0.0477741382034172,0.95,bca,bca,False,,5000,5000,whole_patient_cluster,True,three_class_patient_label,50017
yolo26,17,model_specific,eye,calibrated,class_conditional_coverage.normal,1.0,1.0,1.0,0.0,0.95,bca,bca,False,,5000,5000,whole_patient_cluster,True,three_class_patient_label,50018
yolo26,17,model_specific,eye,calibrated,class_conditional_coverage.papilledema,0.875,0.625,1.0,0.10887100143743879,0.95,bca,bca,False,,5000,5000,whole_patient_cluster,True,three_class_patient_label,50018
yolo26,17,model_specific,eye,calibrated,class_conditional_coverage.pseudopapilledema,1.0,1.0,1.0,0.0,0.95,bca,bca,False,,5000,5000,whole_patient_cluster,True,three_class_patient_label,50018
yolo26,17,model_specific,eye,calibrated,conditional.accuracy,0.6857142857142857,0.5428571428571428,0.7714285714285715,0.054587101162746794,0.95,bca,bca,False,,5000,5000,whole_patient_cluster,True,three_class_patient_label,50018
yolo26,17,model_specific,eye,calibrated,conditional.balanced_accuracy,0.5547619047619047,0.31666666666666665,0.6666666666666666,0.08064044785455449,0.95,bca,bca,False,,5000,5000,whole_patient_cluster,True,three_class_patient_label,50018
yolo26,17,model_specific,eye,calibrated,conditional.derived_discrimination.normal_vs_abnormal.auroc,0.9033333333333333,0.6741160253930106,1.0,0.06823401327883247,0.95,bca,bca,False,,5000,5000,whole_patient_cluster,True,three_class_patient_label,50018
yolo26,17,model_specific,eye,calibrated,conditional.derived_discrimination.normal_vs_abnormal.average_precision,0.9148148148148147,0.735954411921413,1.0,0.06006489983842678,0.95,bca,bca,False,,5000,5000,whole_patient_cluster,True,three_class_patient_label,50018
yolo26,17,model_specific,eye,calibrated,conditional.derived_discrimination.papilledema_vs_pseudopapilledema.auroc,0.375,0.046875,0.890625,0.20962178836147063,0.95,bca,bca,False,,5000,5000,whole_patient_cluster,True,three_class_patient_label,50018
yolo26,17,model_specific,eye,calibrated,conditional.derived_discrimination.papilledema_vs_pseudopapilledema.average_precision,0.6084859584859585,0.38035714285714284,0.9381313131313131,0.14763562262149613,0.95,bca,bca,False,,5000,5000,whole_patient_cluster,True,three_class_patient_label,50018
yolo26,17,model_specific,eye,calibrated,conditional.macro_auroc,0.7567989417989418,0.5736731903532335,0.8679617318800511,0.0698329716556207,0.95,bca,bca,False,,5000,5000,whole_patient_cluster,True,three_class_patient_label,50018
yolo26,17,model_specific,eye,calibrated,conditional.macro_average_precision,0.5333708066594743,0.40351687869217184,0.6390487862390323,0.07473961798045632,0.95,bca,bca,False,,5000,5000,whole_patient_cluster,True,three_class_patient_label,50018
yolo26,17,model_specific,eye,calibrated,conditional.macro_classwise_ece,0.16831257777294648,0.1281170967269393,0.22177811775050238,0.028145767957413442,0.95,bca,bca,False,,5000,5000,whole_patient_cluster,True,three_class_patient_label,50018
yolo26,17,model_specific,eye,calibrated,conditional.macro_f1,0.4797588285960379,0.32314814814814813,0.5555555555555555,0.05888626650294189,0.95,bca,bca,False,,5000,5000,whole_patient_cluster,True,three_class_patient_label,50018
yolo26,17,model_specific,eye,calibrated,conditional.multiclass_brier,0.51257552870247,0.3876318041580931,0.7278743619591586,0.08459194135350628,0.95,bca,bca,False,,5000,5000,whole_patient_cluster,True,three_class_patient_label,50018
yolo26,17,model_specific,eye,calibrated,conditional.multiclass_mcc,0.4614515115948215,0.1416576493949657,0.6487275321858555,0.12265567440728643,0.95,bca,bca,False,,5000,5000,whole_patient_cluster,True,three_class_patient_label,50018
yolo26,17,model_specific,eye,calibrated,conditional.multiclass_nll,0.9202141839937178,0.644396531916713,1.4085486141648746,0.1861215948849295,0.95,bca,bca,False,,5000,5000,whole_patient_cluster,True,three_class_patient_label,50018
yolo26,17,model_specific,eye,calibrated,conditional.per_class.normal.auroc_ovr,0.9033333333333333,0.6744620425049479,1.0,0.06823401327883247,0.95,bca,bca,False,,5000,5000,whole_patient_cluster,True,three_class_patient_label,50018
yolo26,17,model_specific,eye,calibrated,conditional.per_class.normal.average_precision_ovr,0.9091915659571133,0.7079218469018618,1.0,0.06068992340068673,0.95,bca,bca,False,,5000,5000,whole_patient_cluster,True,three_class_patient_label,50018
yolo26,17,model_specific,eye,calibrated,conditional.per_class.normal.f1,0.8837209302325582,0.75,0.9743589743589743,0.05661172198378769,0.95,bca,bca,False,,5000,5000,whole_patient_cluster,True,three_class_patient_label,50018
yolo26,17,model_specific,eye,calibrated,conditional.per_class.normal.precision,0.8260869565217391,0.6142667090159044,1.0,0.08978727298869449,0.95,bca,bca,False,,5000,5000,whole_patient_cluster,True,three_class_patient_label,50018
yolo26,17,model_specific,eye,calibrated,conditional.per_class.normal.recall,0.95,0.75,1.0,0.04718522320661216,0.95,bca,bca,False,,5000,5000,whole_patient_cluster,True,three_class_patient_label,50018
yolo26,17,model_specific,eye,calibrated,conditional.per_class.papilledema.auroc_ovr,0.7142857142857143,0.37755102040816335,0.9151785714285714,0.13017999001465858,0.95,bca,bca,False,,5000,5000,whole_patient_cluster,True,three_class_patient_label,50018
yolo26,17,model_specific,eye,calibrated,conditional.per_class.papilledema.average_precision_ovr,0.3725899548480194,0.2131686497031022,0.6302083333333333,0.14048756926991904,0.95,bca,bca,False,,5000,5000,whole_patient_cluster,True,three_class_patient_label,50018
yolo26,17,model_specific,eye,calibrated,conditional.per_class.papilledema.f1,0.5555555555555556,0.2222222222222222,0.8,0.14965358077676882,0.95,bca,bca,False,,5000,5000,whole_patient_cluster,True,three_class_patient_label,50018
yolo26,17,model_specific,eye,calibrated,conditional.per_class.papilledema.precision,0.45454545454545453,0.2,0.7142857142857143,0.1259511769461804,0.95,bca,bca,False,,5000,5000,whole_patient_cluster,True,three_class_patient_label,50018
yolo26,17,model_specific,eye,calibrated,conditional.per_class.papilledema.recall,0.7142857142857143,0.0,1.0,0.23758966449139993,0.95,bca,bca,False,,5000,5000,whole_patient_cluster,True,three_class_patient_label,50018
yolo26,17,model_specific,eye,calibrated,conditional.per_class.pseudopapilledema.auroc_ovr,0.6527777777777778,0.44228058822401,0.8413461538461539,0.10144312600662739,0.95,bca,bca,False,,5000,5000,whole_patient_cluster,True,three_class_patient_label,50018
yolo26,17,model_specific,eye,calibrated,conditional.per_class.pseudopapilledema.average_precision_ovr,0.31833089917329044,0.22125786525780541,0.519721673254282,0.10095654513070555,0.95,bca,bca,False,,5000,5000,whole_patient_cluster,True,three_class_patient_label,50018
yolo26,17,model_specific,eye,calibrated,conditional.per_class.pseudopapilledema.f1,0.0,0.0,0.0,0.0,0.95,bca,bca,False,,5000,5000,whole_patient_cluster,True,three_class_patient_label,50018
yolo26,17,model_specific,eye,calibrated,conditional.per_class.pseudopapilledema.precision,0.0,0.0,0.0,0.0,0.95,bca,bca,False,,5000,5000,whole_patient_cluster,True,three_class_patient_label,50018
yolo26,17,model_specific,eye,calibrated,conditional.per_class.pseudopapilledema.recall,0.0,0.0,0.0,0.0,0.95,bca,bca,False,,5000,5000,whole_patient_cluster,True,three_class_patient_label,50018
yolo26,17,model_specific,eye,calibrated,conditional.top_label_ece,0.2385332115173958,0.15672659309941853,0.3547089726529068,0.051239096892869644,0.95,bca,bca,False,,5000,5000,whole_patient_cluster,True,three_class_patient_label,50018
yolo26,17,model_specific,eye,calibrated,conditional_aurc,0.20476033361659252,0.10870775479196647,0.372604803677565,0.06289826547233182,0.95,bca,bca,False,,5000,5000,whole_patient_cluster,True,three_class_patient_label,50018
yolo26,17,model_specific,eye,calibrated,coverage,0.9722222222222222,0.8888888888888888,1.0,0.024193555874986408,0.95,bca,bca,False,,5000,5000,whole_patient_cluster,True,three_class_patient_label,50018
yolo26,17,model_specific,eye,calibrated,failure_aware.accuracy,0.6666666666666666,0.5555555555555556,0.75,0.052994618182242104,0.95,bca,bca,False,,5000,5000,whole_patient_cluster,True,three_class_patient_label,50018
yolo26,17,model_specific,eye,calibrated,failure_aware.balanced_accuracy,0.525,0.35833333333333334,0.6377433435165434,0.07109070604537937,0.95,bca,bca,False,,5000,5000,whole_patient_cluster,True,three_class_patient_label,50018
yolo26,17,model_specific,eye,calibrated,failure_aware.macro_f1,0.4700122399020808,0.3351851851851852,0.5523809523809523,0.05692074045527542,0.95,bca,bca,False,,5000,5000,whole_patient_cluster,True,three_class_patient_label,50018
yolo26,17,model_specific,eye,calibrated,failure_aware.multiclass_mcc,0.4379526643735417,0.16046685200345992,0.6095307849303248,0.11274378359325869,0.95,bca,bca,False,,5000,5000,whole_patient_cluster,True,three_class_patient_label,50018
yolo26,17,model_specific,eye,calibrated,failure_aware.per_class.normal.f1,0.8837209302325582,0.75,0.9743589743589743,0.05661172198378769,0.95,bca,bca,False,,5000,5000,whole_patient_cluster,True,three_class_patient_label,50018
yolo26,17,model_specific,eye,calibrated,failure_aware.per_class.normal.precision,0.8260869565217391,0.6142667090159044,1.0,0.08978727298869449,0.95,bca,bca,False,,5000,5000,whole_patient_cluster,True,three_class_patient_label,50018
yolo26,17,model_specific,eye,calibrated,failure_aware.per_class.normal.recall,0.95,0.75,1.0,0.04718522320661216,0.95,bca,bca,False,,5000,5000,whole_patient_cluster,True,three_class_patient_label,50018
yolo26,17,model_specific,eye,calibrated,failure_aware.per_class.papilledema.f1,0.5263157894736842,0.2222222222222222,0.75,0.14437572363047022,0.95,bca,bca,False,,5000,5000,whole_patient_cluster,True,three_class_patient_label,50018
yolo26,17,model_specific,eye,calibrated,failure_aware.per_class.papilledema.precision,0.45454545454545453,0.2,0.7142857142857143,0.1259511769461804,0.95,bca,bca,False,,5000,5000,whole_patient_cluster,True,three_class_patient_label,50018
yolo26,17,model_specific,eye,calibrated,failure_aware.per_class.papilledema.recall,0.625,0.125,1.0,0.20847216001975097,0.95,bca,bca,False,,5000,5000,whole_patient_cluster,True,three_class_patient_label,50018
yolo26,17,model_specific,eye,calibrated,failure_aware.per_class.pseudopapilledema.f1,0.0,0.0,0.0,0.0,0.95,bca,bca,False,,5000,5000,whole_patient_cluster,True,three_class_patient_label,50018
yolo26,17,model_specific,eye,calibrated,failure_aware.per_class.pseudopapilledema.precision,0.0,0.0,0.0,0.0,0.95,bca,bca,False,,5000,5000,whole_patient_cluster,True,three_class_patient_label,50018
yolo26,17,model_specific,eye,calibrated,failure_aware.per_class.pseudopapilledema.recall,0.0,0.0,0.0,0.0,0.95,bca,bca,False,,5000,5000,whole_patient_cluster,True,three_class_patient_label,50018
yolo26,17,model_specific,eye,calibrated,failure_aware_aurc,0.2083318058309464,0.11488498465234849,0.37209599279642097,0.06144662126048135,0.95,bca,bca,False,,5000,5000,whole_patient_cluster,True,three_class_patient_label,50018
yolo26,17,model_specific,eye,calibrated,localized_diagnostic_success.rate,0.6666666666666666,0.5555555555555556,0.75,0.052994618182242104,0.95,bca,bca,False,,5000,5000,whole_patient_cluster,True,three_class_patient_label,50018
yolo26,17,model_specific,eye,calibrated,selective_risk,0.3142857142857143,0.22857142857142856,0.45714285714285713,0.054587101162746794,0.95,bca,bca,False,,5000,5000,whole_patient_cluster,True,three_class_patient_label,50018
yolo26,17,standardized_resnet18,patient,calibrated,class_conditional_coverage.normal,1.0,1.0,1.0,0.0,0.95,bca,bca,False,,5000,5000,whole_patient_cluster,True,three_class_patient_label,50017
yolo26,17,standardized_resnet18,patient,calibrated,class_conditional_coverage.papilledema,0.75,0.25,1.0,0.21805003821103255,0.95,bca,bca,False,,5000,5000,whole_patient_cluster,True,three_class_patient_label,50017
yolo26,17,standardized_resnet18,patient,calibrated,class_conditional_coverage.pseudopapilledema,1.0,1.0,1.0,0.0,0.95,bca,bca,False,,5000,5000,whole_patient_cluster,True,three_class_patient_label,50017
yolo26,17,standardized_resnet18,patient,calibrated,conditional.accuracy,0.7058823529411765,0.4444444444444444,0.8823529411764706,0.10451180890698901,0.95,bca,bca,False,,5000,5000,whole_patient_cluster,True,three_class_patient_label,50017
yolo26,17,standardized_resnet18,patient,calibrated,conditional.balanced_accuracy,0.6277777777777778,0.3833333333333333,0.8888888888888888,0.12766123200987278,0.95,bca,bca,False,,5000,5000,whole_patient_cluster,True,three_class_patient_label,50017
yolo26,17,standardized_resnet18,patient,calibrated,conditional.derived_discrimination.normal_vs_abnormal.auroc,0.9285714285714285,0.6707110290044394,1.0,0.061857315020808365,0.95,bca,bca,False,,5000,5000,whole_patient_cluster,True,three_class_patient_label,50017
yolo26,17,standardized_resnet18,patient,calibrated,conditional.derived_discrimination.normal_vs_abnormal.average_precision,0.9214285714285715,0.709225382080488,1.0,0.060635551710440834,0.95,bca,bca,False,,5000,5000,whole_patient_cluster,True,three_class_patient_label,50017
yolo26,17,standardized_resnet18,patient,calibrated,conditional.derived_discrimination.papilledema_vs_pseudopapilledema.auroc,0.5,0.0,1.0,0.27746637729247275,0.95,bca,bca,False,,4983,5000,whole_patient_cluster,True,three_class_patient_label,50017
yolo26,17,standardized_resnet18,patient,calibrated,conditional.derived_discrimination.papilledema_vs_pseudopapilledema.average_precision,0.6083333333333333,0.3892857142857143,0.9,0.16122434139929384,0.95,bca,bca,False,,5000,5000,whole_patient_cluster,True,three_class_patient_label,50017
yolo26,17,standardized_resnet18,patient,calibrated,conditional.macro_auroc,0.840964590964591,0.7012783587096282,0.9904142164267856,0.07188867920797978,0.95,bca,bca,False,,5000,5000,whole_patient_cluster,True,three_class_patient_label,50017
yolo26,17,standardized_resnet18,patient,calibrated,conditional.macro_average_precision,0.7055134680134678,0.5509692141214905,0.9274160193701904,0.11320356650428974,0.95,bca,bca,False,,5000,5000,whole_patient_cluster,True,three_class_patient_label,50017
yolo26,17,standardized_resnet18,patient,calibrated,conditional.macro_classwise_ece,0.21006829586615539,0.12255835740424975,0.3060942842452484,0.047873856042480144,0.95,bca,bca,False,,5000,5000,whole_patient_cluster,True,three_class_patient_label,50017
yolo26,17,standardized_resnet18,patient,calibrated,conditional.macro_f1,0.6277777777777778,0.4238095238095238,0.9157267388174056,0.12335605210522486,0.95,bca,bca,False,,5000,5000,whole_patient_cluster,True,three_class_patient_label,50017
yolo26,17,standardized_resnet18,patient,calibrated,conditional.multiclass_brier,0.42914634741179764,0.23051863467048056,0.6923798294329286,0.11582862399406056,0.95,bca,bca,False,,5000,5000,whole_patient_cluster,True,three_class_patient_label,50017
yolo26,17,standardized_resnet18,patient,calibrated,conditional.multiclass_mcc,0.4817073170731707,0.06259203406565313,0.7926829268292683,0.1801008644522376,0.95,bca,bca,False,,5000,5000,whole_patient_cluster,True,three_class_patient_label,50017
yolo26,17,standardized_resnet18,patient,calibrated,conditional.multiclass_nll,0.7080301929339977,0.4067707804307791,1.0843259401692915,0.171185858031197,0.95,bca,bca,False,,5000,5000,whole_patient_cluster,True,three_class_patient_label,50017
yolo26,17,standardized_resnet18,patient,calibrated,conditional.per_class.normal.auroc_ovr,0.9285714285714286,0.6857142857142857,1.0,0.061857315020808365,0.95,bca,bca,False,,5000,5000,whole_patient_cluster,True,three_class_patient_label,50017
yolo26,17,standardized_resnet18,patient,calibrated,conditional.per_class.normal.average_precision_ovr,0.9540404040404039,0.8166666666666667,1.0,0.03670743218138648,0.95,bca,bca,False,,5000,5000,whole_patient_cluster,True,three_class_patient_label,50017
yolo26,17,standardized_resnet18,patient,calibrated,conditional.per_class.normal.f1,0.8,0.5555555555555556,0.9473684210526315,0.09400169806785688,0.95,bca,bca,False,,5000,5000,whole_patient_cluster,True,three_class_patient_label,50017
yolo26,17,standardized_resnet18,patient,calibrated,conditional.per_class.normal.precision,0.8,0.5454545454545454,1.0,0.10326739252442689,0.95,bca,bca,False,,5000,5000,whole_patient_cluster,True,three_class_patient_label,50017
yolo26,17,standardized_resnet18,patient,calibrated,conditional.per_class.normal.recall,0.8,0.4,1.0,0.12853663265072196,0.95,bca,bca,False,,5000,5000,whole_patient_cluster,True,three_class_patient_label,50017
yolo26,17,standardized_resnet18,patient,calibrated,conditional.per_class.papilledema.auroc_ovr,0.6904761904761905,0.3571428571428571,1.0,0.16539668365026003,0.95,bca,bca,False,,4983,5000,whole_patient_cluster,True,three_class_patient_label,50017
yolo26,17,standardized_resnet18,patient,calibrated,conditional.per_class.papilledema.average_precision_ovr,0.5166666666666666,0.1534090909090909,1.0,0.2296847984793888,0.95,bca,bca,False,,4983,5000,whole_patient_cluster,True,three_class_patient_label,50017
yolo26,17,standardized_resnet18,patient,calibrated,conditional.per_class.papilledema.f1,0.3333333333333333,0.0,1.0,0.2493678835082945,0.95,bca,bca,False,,5000,5000,whole_patient_cluster,True,three_class_patient_label,50017
yolo26,17,standardized_resnet18,patient,calibrated,conditional.per_class.papilledema.precision,0.3333333333333333,0.0,1.0,0.29007702443694167,0.95,bca,bca,False,,5000,5000,whole_patient_cluster,True,three_class_patient_label,50017
yolo26,17,standardized_resnet18,patient,calibrated,conditional.per_class.papilledema.recall,0.3333333333333333,0.0,1.0,0.291794978825874,0.95,bca,bca,False,,4983,5000,whole_patient_cluster,True,three_class_patient_label,50017
yolo26,17,standardized_resnet18,patient,calibrated,conditional.per_class.pseudopapilledema.auroc_ovr,0.9038461538461539,0.6458333333333333,1.0,0.07090890885511948,0.95,bca,bca,False,,5000,5000,whole_patient_cluster,True,three_class_patient_label,50017
yolo26,17,standardized_resnet18,patient,calibrated,conditional.per_class.pseudopapilledema.average_precision_ovr,0.6458333333333333,0.3585600447503369,0.95,0.17763518511411625,0.95,bca,bca,False,,5000,5000,whole_patient_cluster,True,three_class_patient_label,50017
yolo26,17,standardized_resnet18,patient,calibrated,conditional.per_class.pseudopapilledema.f1,0.75,0.2857142857142857,1.0,0.17004257199931472,0.95,bca,bca,False,,5000,5000,whole_patient_cluster,True,three_class_patient_label,50017
yolo26,17,standardized_resnet18,patient,calibrated,conditional.per_class.pseudopapilledema.precision,0.75,0.0,1.0,0.18664677732182397,0.95,bca,bca,False,,5000,5000,whole_patient_cluster,True,three_class_patient_label,50017
yolo26,17,standardized_resnet18,patient,calibrated,conditional.per_class.pseudopapilledema.recall,0.75,0.25,1.0,0.21629412065362727,0.95,bca,bca,False,,5000,5000,whole_patient_cluster,True,three_class_patient_label,50017
yolo26,17,standardized_resnet18,patient,calibrated,conditional.top_label_ece,0.20432956671884597,0.08007120855668594,0.3087879276307462,0.06920031054749738,0.95,bca,bca,False,,5000,5000,whole_patient_cluster,True,three_class_patient_label,50017
yolo26,17,standardized_resnet18,patient,calibrated,conditional_aurc,0.17299012022195412,0.0406312545585902,0.44990341146162893,0.0985901534146487,0.95,bca,bca,False,,5000,5000,whole_patient_cluster,True,three_class_patient_label,50017
yolo26,17,standardized_resnet18,patient,calibrated,coverage,0.9444444444444444,0.7777777777777778,1.0,0.04845556404689614,0.95,bca,bca,False,,5000,5000,whole_patient_cluster,True,three_class_patient_label,50017
yolo26,17,standardized_resnet18,patient,calibrated,failure_aware.accuracy,0.6666666666666666,0.4444444444444444,0.8333333333333334,0.09843863606354492,0.95,bca,bca,False,,5000,5000,whole_patient_cluster,True,three_class_patient_label,50017
yolo26,17,standardized_resnet18,patient,calibrated,failure_aware.balanced_accuracy,0.6,0.3666666666666667,0.7999999999999999,0.11042403690736322,0.95,bca,bca,False,,5000,5000,whole_patient_cluster,True,three_class_patient_label,50017
yolo26,17,standardized_resnet18,patient,calibrated,failure_aware.macro_f1,0.611904761904762,0.41774891774891776,0.851904107130072,0.11301474928385907,0.95,bca,bca,False,,5000,5000,whole_patient_cluster,True,three_class_patient_label,50017
yolo26,17,standardized_resnet18,patient,calibrated,failure_aware.multiclass_mcc,0.45133546692422,0.07744790295936513,0.7371896569650387,0.16119322957087232,0.95,bca,bca,False,,5000,5000,whole_patient_cluster,True,three_class_patient_label,50017
yolo26,17,standardized_resnet18,patient,calibrated,failure_aware.per_class.normal.f1,0.8,0.5555555555555556,0.9473684210526315,0.09400169806785688,0.95,bca,bca,False,,5000,5000,whole_patient_cluster,True,three_class_patient_label,50017
yolo26,17,standardized_resnet18,patient,calibrated,failure_aware.per_class.normal.precision,0.8,0.5454545454545454,1.0,0.10326739252442689,0.95,bca,bca,False,,5000,5000,whole_patient_cluster,True,three_class_patient_label,50017
yolo26,17,standardized_resnet18,patient,calibrated,failure_aware.per_class.normal.recall,0.8,0.4,1.0,0.12853663265072196,0.95,bca,bca,False,,5000,5000,whole_patient_cluster,True,three_class_patient_label,50017
yolo26,17,standardized_resnet18,patient,calibrated,failure_aware.per_class.papilledema.f1,0.2857142857142857,0.0,0.8571428571428571,0.21832304499650645,0.95,bca,bca,False,,5000,5000,whole_patient_cluster,True,three_class_patient_label,50017
yolo26,17,standardized_resnet18,patient,calibrated,failure_aware.per_class.papilledema.precision,0.3333333333333333,0.0,1.0,0.29007702443694167,0.95,bca,bca,False,,5000,5000,whole_patient_cluster,True,three_class_patient_label,50017
yolo26,17,standardized_resnet18,patient,calibrated,failure_aware.per_class.papilledema.recall,0.25,0.0,0.75,0.2185469058349031,0.95,bca,bca,False,,5000,5000,whole_patient_cluster,True,three_class_patient_label,50017
yolo26,17,standardized_resnet18,patient,calibrated,failure_aware.per_class.pseudopapilledema.f1,0.75,0.2857142857142857,1.0,0.17004257199931472,0.95,bca,bca,False,,5000,5000,whole_patient_cluster,True,three_class_patient_label,50017
yolo26,17,standardized_resnet18,patient,calibrated,failure_aware.per_class.pseudopapilledema.precision,0.75,0.0,1.0,0.18664677732182397,0.95,bca,bca,False,,5000,5000,whole_patient_cluster,True,three_class_patient_label,50017
yolo26,17,standardized_resnet18,patient,calibrated,failure_aware.per_class.pseudopapilledema.recall,0.75,0.25,1.0,0.21629412065362727,0.95,bca,bca,False,,5000,5000,whole_patient_cluster,True,three_class_patient_label,50017
yolo26,17,standardized_resnet18,patient,calibrated,failure_aware_aurc,0.18189807650591963,0.0507196416510142,0.44680817824274227,0.09634475816187,0.95,bca,bca,False,,5000,5000,whole_patient_cluster,True,three_class_patient_label,50017
yolo26,17,standardized_resnet18,patient,calibrated,localized_diagnostic_success.rate,0.6666666666666666,0.4444444444444444,0.8333333333333334,0.09843863606354492,0.95,bca,bca,False,,5000,5000,whole_patient_cluster,True,three_class_patient_label,50017
yolo26,17,standardized_resnet18,patient,calibrated,selective_risk,0.29411764705882354,0.11764705882352941,0.5555555555555556,0.10451180890698901,0.95,bca,bca,False,,5000,5000,whole_patient_cluster,True,three_class_patient_label,50017
yolo26,17,standardized_resnet18,eye,calibrated,class_conditional_coverage.normal,1.0,1.0,1.0,0.0,0.95,bca,bca,False,,5000,5000,whole_patient_cluster,True,three_class_patient_label,50018
yolo26,17,standardized_resnet18,eye,calibrated,class_conditional_coverage.papilledema,0.875,0.625,1.0,0.10887100143743879,0.95,bca,bca,False,,5000,5000,whole_patient_cluster,True,three_class_patient_label,50018
yolo26,17,standardized_resnet18,eye,calibrated,class_conditional_coverage.pseudopapilledema,1.0,1.0,1.0,0.0,0.95,bca,bca,False,,5000,5000,whole_patient_cluster,True,three_class_patient_label,50018
yolo26,17,standardized_resnet18,eye,calibrated,conditional.accuracy,0.6571428571428571,0.4857142857142857,0.8,0.07956266654752703,0.95,bca,bca,False,,5000,5000,whole_patient_cluster,True,three_class_patient_label,50018
yolo26,17,standardized_resnet18,eye,calibrated,conditional.balanced_accuracy,0.5702380952380953,0.4166666666666667,0.7972222222222222,0.09373892003025149,0.95,bca,bca,False,,5000,5000,whole_patient_cluster,True,three_class_patient_label,50018
yolo26,17,standardized_resnet18,eye,calibrated,conditional.derived_discrimination.normal_vs_abnormal.auroc,0.89,0.6787127698721702,1.0,0.07179919705852761,0.95,bca,bca,False,,5000,5000,whole_patient_cluster,True,three_class_patient_label,50018
yolo26,17,standardized_resnet18,eye,calibrated,conditional.derived_discrimination.normal_vs_abnormal.average_precision,0.912798357556422,0.7501484487865834,1.0,0.0588570400134107,0.95,bca,bca,False,,5000,5000,whole_patient_cluster,True,three_class_patient_label,50018
yolo26,17,standardized_resnet18,eye,calibrated,conditional.derived_discrimination.papilledema_vs_pseudopapilledema.auroc,0.5,0.125,0.875,0.18163816597865123,0.95,bca,bca,False,,5000,5000,whole_patient_cluster,True,three_class_patient_label,50018
yolo26,17,standardized_resnet18,eye,calibrated,conditional.derived_discrimination.papilledema_vs_pseudopapilledema.average_precision,0.6480429292929293,0.4159929211864047,0.8368055555555556,0.109623181231476,0.95,bca,bca,False,,5000,5000,whole_patient_cluster,True,three_class_patient_label,50018
yolo26,17,standardized_resnet18,eye,calibrated,conditional.macro_auroc,0.7895175107079869,0.6251309680677332,0.9244556500184773,0.07654853943630893,0.95,bca,bca,False,,5000,5000,whole_patient_cluster,True,three_class_patient_label,50018
yolo26,17,standardized_resnet18,eye,calibrated,conditional.macro_average_precision,0.653327288423028,0.4748477043241356,0.8478682589472453,0.1022268223083704,0.95,bca,bca,False,,5000,5000,whole_patient_cluster,True,three_class_patient_label,50018
yolo26,17,standardized_resnet18,eye,calibrated,conditional.macro_classwise_ece,0.1727467868955165,0.10825645053816334,0.20052966971069883,0.03256261237464161,0.95,bca,bca,False,,5000,5000,whole_patient_cluster,True,three_class_patient_label,50018
yolo26,17,standardized_resnet18,eye,calibrated,conditional.macro_f1,0.5587044534412956,0.4023698589369813,0.7851624622307114,0.09927429816684284,0.95,bca,bca,False,,5000,5000,whole_patient_cluster,True,three_class_patient_label,50018
yolo26,17,standardized_resnet18,eye,calibrated,conditional.multiclass_brier,0.46649274842014987,0.3151279266348191,0.6616142882411813,0.08821908530073479,0.95,bca,bca,False,,5000,5000,whole_patient_cluster,True,three_class_patient_label,50018
yolo26,17,standardized_resnet18,eye,calibrated,conditional.multiclass_mcc,0.43279684799528084,0.19039463607339416,0.66534132070217,0.12199882470066067,0.95,bca,bca,False,,5000,5000,whole_patient_cluster,True,three_class_patient_label,50018
yolo26,17,standardized_resnet18,eye,calibrated,conditional.multiclass_nll,0.8157871726680729,0.5567025808109303,1.2016980128502854,0.16159032929454625,0.95,bca,bca,False,,5000,5000,whole_patient_cluster,True,three_class_patient_label,50018
yolo26,17,standardized_resnet18,eye,calibrated,conditional.per_class.normal.auroc_ovr,0.8900000000000001,0.6829544368526157,1.0,0.0717991970585276,0.95,bca,bca,False,,5000,5000,whole_patient_cluster,True,three_class_patient_label,50018
yolo26,17,standardized_resnet18,eye,calibrated,conditional.per_class.normal.average_precision_ovr,0.8866692710006077,0.6806782233322486,1.0,0.06659939472335039,0.95,bca,bca,False,,5000,5000,whole_patient_cluster,True,three_class_patient_label,50018
yolo26,17,standardized_resnet18,eye,calibrated,conditional.per_class.normal.f1,0.8421052631578947,0.6451612903225806,0.9473684210526315,0.07112869303235317,0.95,bca,bca,False,,5000,5000,whole_patient_cluster,True,three_class_patient_label,50018
yolo26,17,standardized_resnet18,eye,calibrated,conditional.per_class.normal.precision,0.8888888888888888,0.7142857142857143,1.0,0.06371463481675854,0.95,bca,bca,False,,5000,5000,whole_patient_cluster,True,three_class_patient_label,50018
yolo26,17,standardized_resnet18,eye,calibrated,conditional.per_class.normal.recall,0.8,0.5,0.95,0.10382775371011402,0.95,bca,bca,False,,5000,5000,whole_patient_cluster,True,three_class_patient_label,50018
yolo26,17,standardized_resnet18,eye,calibrated,conditional.per_class.papilledema.auroc_ovr,0.6683673469387754,0.38746920486988023,0.9523809523809523,0.1427987056591422,0.95,bca,bca,False,,5000,5000,whole_patient_cluster,True,three_class_patient_label,50018
yolo26,17,standardized_resnet18,eye,calibrated,conditional.per_class.papilledema.average_precision_ovr,0.45630252100840335,0.21560642915305495,0.948051948051948,0.1877172667174116,0.95,bca,bca,False,,5000,5000,whole_patient_cluster,True,three_class_patient_label,50018
yolo26,17,standardized_resnet18,eye,calibrated,conditional.per_class.papilledema.f1,0.3076923076923077,0.0,0.8571428571428571,0.22686784079111966,0.95,bca,bca,False,,5000,5000,whole_patient_cluster,True,three_class_patient_label,50018
yolo26,17,standardized_resnet18,eye,calibrated,conditional.per_class.papilledema.precision,0.3333333333333333,0.0,1.0,0.25492586721517685,0.95,bca,bca,False,,5000,5000,whole_patient_cluster,True,three_class_patient_label,50018
yolo26,17,standardized_resnet18,eye,calibrated,conditional.per_class.papilledema.recall,0.2857142857142857,0.0,0.8571428571428571,0.2381713011029301,0.95,bca,bca,False,,5000,5000,whole_patient_cluster,True,three_class_patient_label,50018
yolo26,17,standardized_resnet18,eye,calibrated,conditional.per_class.pseudopapilledema.auroc_ovr,0.8101851851851852,0.5694444444444444,0.9642857142857143,0.09727794765555986,0.95,bca,bca,False,,5000,5000,whole_patient_cluster,True,three_class_patient_label,50018
yolo26,17,standardized_resnet18,eye,calibrated,conditional.per_class.pseudopapilledema.average_precision_ovr,0.6170100732600732,0.32386257682285147,0.8919771770880581,0.15599378351023072,0.95,bca,bca,False,,5000,5000,whole_patient_cluster,True,three_class_patient_label,50018
yolo26,17,standardized_resnet18,eye,calibrated,conditional.per_class.pseudopapilledema.f1,0.5263157894736842,0.4,0.7368421052631579,0.08415218085647151,0.95,bca,bca,False,,5000,5000,whole_patient_cluster,True,three_class_patient_label,50018
yolo26,17,standardized_resnet18,eye,calibrated,conditional.per_class.pseudopapilledema.precision,0.45454545454545453,0.3076923076923077,0.6666666666666666,0.09443274923801367,0.95,bca,bca,False,,5000,5000,whole_patient_cluster,True,three_class_patient_label,50018
yolo26,17,standardized_resnet18,eye,calibrated,conditional.per_class.pseudopapilledema.recall,0.625,0.5,0.875,0.10820866969998129,0.95,bca,bca,False,,5000,5000,whole_patient_cluster,True,three_class_patient_label,50018
yolo26,17,standardized_resnet18,eye,calibrated,conditional.top_label_ece,0.2115725641466893,0.10992509887541743,0.31956684835258187,0.058903962533401195,0.95,bca,bca,False,,5000,5000,whole_patient_cluster,True,three_class_patient_label,50018
yolo26,17,standardized_resnet18,eye,calibrated,conditional_aurc,0.215589952406469,0.08840527558786977,0.430484792165805,0.08563419714256765,0.95,bca,bca,False,,5000,5000,whole_patient_cluster,True,three_class_patient_label,50018
yolo26,17,standardized_resnet18,eye,calibrated,coverage,0.9722222222222222,0.8888888888888888,1.0,0.024193555874986408,0.95,bca,bca,False,,5000,5000,whole_patient_cluster,True,three_class_patient_label,50018
yolo26,17,standardized_resnet18,eye,calibrated,failure_aware.accuracy,0.6388888888888888,0.4722222222222222,0.7777777777777778,0.07890076028405611,0.95,bca,bca,False,,5000,5000,whole_patient_cluster,True,three_class_patient_label,50018
yolo26,17,standardized_resnet18,eye,calibrated,failure_aware.balanced_accuracy,0.5583333333333333,0.4166666666666667,0.775,0.08795894305564401,0.95,bca,bca,False,,5000,5000,whole_patient_cluster,True,three_class_patient_label,50018
yolo26,17,standardized_resnet18,eye,calibrated,failure_aware.macro_f1,0.5513784461152881,0.40350877192982454,0.775,0.09545511811197169,0.95,bca,bca,False,,5000,5000,whole_patient_cluster,True,three_class_patient_label,50018
yolo26,17,standardized_resnet18,eye,calibrated,failure_aware.multiclass_mcc,0.41989941660535807,0.18752339754696012,0.6426900479470801,0.1173171552314009,0.95,bca,bca,False,,5000,5000,whole_patient_cluster,True,three_class_patient_label,50018
yolo26,17,standardized_resnet18,eye,calibrated,failure_aware.per_class.normal.f1,0.8421052631578947,0.6451612903225806,0.9473684210526315,0.07112869303235317,0.95,bca,bca,False,,5000,5000,whole_patient_cluster,True,three_class_patient_label,50018
yolo26,17,standardized_resnet18,eye,calibrated,failure_aware.per_class.normal.precision,0.8888888888888888,0.7142857142857143,1.0,0.06371463481675854,0.95,bca,bca,False,,5000,5000,whole_patient_cluster,True,three_class_patient_label,50018
yolo26,17,standardized_resnet18,eye,calibrated,failure_aware.per_class.normal.recall,0.8,0.5,0.95,0.10382775371011402,0.95,bca,bca,False,,5000,5000,whole_patient_cluster,True,three_class_patient_label,50018
yolo26,17,standardized_resnet18,eye,calibrated,failure_aware.per_class.papilledema.f1,0.2857142857142857,0.0,0.8,0.2157763525714927,0.95,bca,bca,False,,5000,5000,whole_patient_cluster,True,three_class_patient_label,50018
yolo26,17,standardized_resnet18,eye,calibrated,failure_aware.per_class.papilledema.precision,0.3333333333333333,0.0,1.0,0.25492586721517685,0.95,bca,bca,False,,5000,5000,whole_patient_cluster,True,three_class_patient_label,50018
yolo26,17,standardized_resnet18,eye,calibrated,failure_aware.per_class.papilledema.recall,0.25,0.0,0.75,0.21756338562670205,0.95,bca,bca,False,,5000,5000,whole_patient_cluster,True,three_class_patient_label,50018
yolo26,17,standardized_resnet18,eye,calibrated,failure_aware.per_class.pseudopapilledema.f1,0.5263157894736842,0.4,0.7368421052631579,0.08415218085647151,0.95,bca,bca,False,,5000,5000,whole_patient_cluster,True,three_class_patient_label,50018
yolo26,17,standardized_resnet18,eye,calibrated,failure_aware.per_class.pseudopapilledema.precision,0.45454545454545453,0.3076923076923077,0.6666666666666666,0.09443274923801367,0.95,bca,bca,False,,5000,5000,whole_patient_cluster,True,three_class_patient_label,50018
yolo26,17,standardized_resnet18,eye,calibrated,failure_aware.per_class.pseudopapilledema.recall,0.625,0.5,0.875,0.10820866969998129,0.95,bca,bca,False,,5000,5000,whole_patient_cluster,True,three_class_patient_label,50018
yolo26,17,standardized_resnet18,eye,calibrated,failure_aware_aurc,0.21963220681493129,0.09395217192218638,0.42991805684555856,0.08455898777154364,0.95,bca,bca,False,,5000,5000,whole_patient_cluster,True,three_class_patient_label,50018
yolo26,17,standardized_resnet18,eye,calibrated,localized_diagnostic_success.rate,0.6388888888888888,0.4722222222222222,0.7777777777777778,0.07890076028405611,0.95,bca,bca,False,,5000,5000,whole_patient_cluster,True,three_class_patient_label,50018
yolo26,17,standardized_resnet18,eye,calibrated,selective_risk,0.34285714285714286,0.2,0.5142857142857142,0.07956266654752701,0.95,bca,bca,False,,5000,5000,whole_patient_cluster,True,three_class_patient_label,50018
yolo26,42,model_specific,patient,calibrated,class_conditional_coverage.normal,1.0,1.0,1.0,0.0,0.95,bca,bca,False,,5000,5000,whole_patient_cluster,True,three_class_patient_label,50042
yolo26,42,model_specific,patient,calibrated,class_conditional_coverage.papilledema,1.0,1.0,1.0,0.0,0.95,bca,bca,False,,5000,5000,whole_patient_cluster,True,three_class_patient_label,50042
yolo26,42,model_specific,patient,calibrated,class_conditional_coverage.pseudopapilledema,1.0,1.0,1.0,0.0,0.95,bca,bca,False,,5000,5000,whole_patient_cluster,True,three_class_patient_label,50042
yolo26,42,model_specific,patient,calibrated,conditional.accuracy,0.6666666666666666,0.5555555555555556,0.7777777777777778,0.05645747297464733,0.95,bca,bca,False,,5000,5000,whole_patient_cluster,True,three_class_patient_label,50042
yolo26,42,model_specific,patient,calibrated,conditional.balanced_accuracy,0.5,0.3333333333333333,0.6666666666666666,0.08468620946197103,0.95,bca,bca,False,,5000,5000,whole_patient_cluster,True,three_class_patient_label,50042
yolo26,42,model_specific,patient,calibrated,conditional.derived_discrimination.normal_vs_abnormal.auroc,0.8250000000000001,0.55,1.0,0.10597375176057722,0.95,bca,bca,False,,5000,5000,whole_patient_cluster,True,three_class_patient_label,50042
yolo26,42,model_specific,patient,calibrated,conditional.derived_discrimination.normal_vs_abnormal.average_precision,0.8851010101010102,0.7361111111111112,1.0,0.0641561452669037,0.95,bca,bca,False,,5000,5000,whole_patient_cluster,True,three_class_patient_label,50042
yolo26,42,model_specific,patient,calibrated,conditional.derived_discrimination.papilledema_vs_pseudopapilledema.auroc,0.0625,0.0,0.5625,0.08876767959222566,0.95,bca,bca,False,,5000,5000,whole_patient_cluster,True,three_class_patient_label,50042
yolo26,42,model_specific,patient,calibrated,conditional.derived_discrimination.papilledema_vs_pseudopapilledema.average_precision,0.37797619047619047,0.36547619047619045,0.3833333333333333,0.04343040551407535,0.95,bca,bca,False,,5000,5000,whole_patient_cluster,True,three_class_patient_label,50042
yolo26,42,model_specific,patient,calibrated,conditional.macro_auroc,0.5011904761904762,0.26598969840224007,0.6721527134074932,0.10393447221787949,0.95,bca,bca,False,,5000,5000,whole_patient_cluster,True,three_class_patient_label,50042
yolo26,42,model_specific,patient,calibrated,conditional.macro_average_precision,0.4230566519537107,0.3086567649346062,0.5513653195647517,0.08060326814794772,0.95,bca,bca,False,,5000,5000,whole_patient_cluster,True,three_class_patient_label,50042
yolo26,42,model_specific,patient,calibrated,conditional.macro_classwise_ece,0.16065187151937968,0.12178025225798206,0.2021980945213006,0.02412251480251056,0.95,bca,bca,False,,5000,5000,whole_patient_cluster,True,three_class_patient_label,50042
yolo26,42,model_specific,patient,calibrated,conditional.macro_f1,0.43636363636363634,0.2777777777777778,0.5555555555555555,0.06985873539445117,0.95,bca,bca,False,,5000,5000,whole_patient_cluster,True,three_class_patient_label,50042
yolo26,42,model_specific,patient,calibrated,conditional.multiclass_brier,0.550215243325688,0.4428890704559007,0.6667949473577229,0.05599424822006808,0.95,bca,bca,False,,5000,5000,whole_patient_cluster,True,three_class_patient_label,50042
yolo26,42,model_specific,patient,calibrated,conditional.multiclass_mcc,0.4330127018922193,0.1636634176769943,0.6846531968814576,0.13086011183344415,0.95,bca,bca,False,,5000,5000,whole_patient_cluster,True,three_class_patient_label,50042
yolo26,42,model_specific,patient,calibrated,conditional.multiclass_nll,0.9280504596647456,0.7808834768876202,1.0910320682226502,0.07819872522832047,0.95,bca,bca,False,,5000,5000,whole_patient_cluster,True,three_class_patient_label,50042
yolo26,42,model_specific,patient,calibrated,conditional.per_class.normal.auroc_ovr,0.825,0.55,1.0,0.10597375176057722,0.95,bca,bca,False,,5000,5000,whole_patient_cluster,True,three_class_patient_label,50042
yolo26,42,model_specific,patient,calibrated,conditional.per_class.normal.average_precision_ovr,0.7636435786435787,0.5408902939690894,0.9538461538461538,0.1135401671693984,0.95,bca,bca,False,,5000,5000,whole_patient_cluster,True,three_class_patient_label,50042
yolo26,42,model_specific,patient,calibrated,conditional.per_class.normal.f1,0.9090909090909091,0.8333333333333334,1.0,0.04232613838080843,0.95,bca,bca,False,,5000,5000,whole_patient_cluster,True,three_class_patient_label,50042
yolo26,42,model_specific,patient,calibrated,conditional.per_class.normal.precision,0.8333333333333334,0.7142857142857143,1.0,0.07237654093833654,0.95,bca,bca,False,,5000,5000,whole_patient_cluster,True,three_class_patient_label,50042
yolo26,42,model_specific,patient,calibrated,conditional.per_class.normal.recall,1.0,1.0,1.0,0.0,0.95,bca,bca,False,,5000,5000,whole_patient_cluster,True,three_class_patient_label,50042
yolo26,42,model_specific,patient,calibrated,conditional.per_class.papilledema.auroc_ovr,0.14285714285714285,0.0,0.5357142857142857,0.12835886911892355,0.95,bca,bca,False,,5000,5000,whole_patient_cluster,True,three_class_patient_label,50042
yolo26,42,model_specific,patient,calibrated,conditional.per_class.papilledema.average_precision_ovr,0.16663748832866482,0.15365047534165183,0.19166666666666665,0.042677580508906375,0.95,bca,bca,False,,5000,5000,whole_patient_cluster,True,three_class_patient_label,50042
yolo26,42,model_specific,patient,calibrated,conditional.per_class.papilledema.f1,0.0,0.0,0.0,0.0,0.95,bca,bca,False,,5000,5000,whole_patient_cluster,True,three_class_patient_label,50042
yolo26,42,model_specific,patient,calibrated,conditional.per_class.papilledema.precision,0.0,0.0,0.0,0.0,0.95,bca,bca,False,,5000,5000,whole_patient_cluster,True,three_class_patient_label,50042
yolo26,42,model_specific,patient,calibrated,conditional.per_class.papilledema.recall,0.0,0.0,0.0,0.0,0.95,bca,bca,False,,5000,5000,whole_patient_cluster,True,three_class_patient_label,50042
yolo26,42,model_specific,patient,calibrated,conditional.per_class.pseudopapilledema.auroc_ovr,0.5357142857142857,0.125,0.8214285714285714,0.17774570772732143,0.95,bca,bca,False,,5000,5000,whole_patient_cluster,True,three_class_patient_label,50042
yolo26,42,model_specific,patient,calibrated,conditional.per_class.pseudopapilledema.average_precision_ovr,0.33888888888888885,0.19791666666666666,0.6626984126984127,0.14427455178197285,0.95,bca,bca,False,,5000,5000,whole_patient_cluster,True,three_class_patient_label,50042
yolo26,42,model_specific,patient,calibrated,conditional.per_class.pseudopapilledema.f1,0.4,0.0,0.6666666666666666,0.16780002989254453,0.95,bca,bca,False,,5000,5000,whole_patient_cluster,True,three_class_patient_label,50042
yolo26,42,model_specific,patient,calibrated,conditional.per_class.pseudopapilledema.precision,0.3333333333333333,0.0,0.5,0.12411562913276417,0.95,bca,bca,False,,5000,5000,whole_patient_cluster,True,three_class_patient_label,50042
yolo26,42,model_specific,patient,calibrated,conditional.per_class.pseudopapilledema.recall,0.5,0.0,1.0,0.25405862838591303,0.95,bca,bca,False,,5000,5000,whole_patient_cluster,True,three_class_patient_label,50042
yolo26,42,model_specific,patient,calibrated,conditional.top_label_ece,0.3124955536159859,0.23478207170210638,0.3997091191984158,0.04351705462086003,0.95,bca,bca,False,,5000,5000,whole_patient_cluster,True,three_class_patient_label,50042
yolo26,42,model_specific,patient,calibrated,conditional_aurc,0.5513248915209701,0.3489129062658475,0.7298764779156937,0.09501466266289317,0.95,bca,bca,False,,5000,5000,whole_patient_cluster,True,three_class_patient_label,50042
yolo26,42,model_specific,patient,calibrated,coverage,1.0,1.0,1.0,0.0,0.95,bca,bca,False,,5000,5000,whole_patient_cluster,True,three_class_patient_label,50042
yolo26,42,model_specific,patient,calibrated,failure_aware.accuracy,0.6666666666666666,0.5555555555555556,0.7777777777777778,0.05645747297464733,0.95,bca,bca,False,,5000,5000,whole_patient_cluster,True,three_class_patient_label,50042
yolo26,42,model_specific,patient,calibrated,failure_aware.balanced_accuracy,0.5,0.3333333333333333,0.6666666666666666,0.08468620946197103,0.95,bca,bca,False,,5000,5000,whole_patient_cluster,True,three_class_patient_label,50042
yolo26,42,model_specific,patient,calibrated,failure_aware.macro_f1,0.43636363636363634,0.2777777777777778,0.5555555555555555,0.06985873539445117,0.95,bca,bca,False,,5000,5000,whole_patient_cluster,True,three_class_patient_label,50042
yolo26,42,model_specific,patient,calibrated,failure_aware.multiclass_mcc,0.4330127018922193,0.1636634176769943,0.6846531968814576,0.13086011183344415,0.95,bca,bca,False,,5000,5000,whole_patient_cluster,True,three_class_patient_label,50042
yolo26,42,model_specific,patient,calibrated,failure_aware.per_class.normal.f1,0.9090909090909091,0.8333333333333334,1.0,0.04232613838080843,0.95,bca,bca,False,,5000,5000,whole_patient_cluster,True,three_class_patient_label,50042
yolo26,42,model_specific,patient,calibrated,failure_aware.per_class.normal.precision,0.8333333333333334,0.7142857142857143,1.0,0.07237654093833654,0.95,bca,bca,False,,5000,5000,whole_patient_cluster,True,three_class_patient_label,50042
yolo26,42,model_specific,patient,calibrated,failure_aware.per_class.normal.recall,1.0,1.0,1.0,0.0,0.95,bca,bca,False,,5000,5000,whole_patient_cluster,True,three_class_patient_label,50042
yolo26,42,model_specific,patient,calibrated,failure_aware.per_class.papilledema.f1,0.0,0.0,0.0,0.0,0.95,bca,bca,False,,5000,5000,whole_patient_cluster,True,three_class_patient_label,50042
yolo26,42,model_specific,patient,calibrated,failure_aware.per_class.papilledema.precision,0.0,0.0,0.0,0.0,0.95,bca,bca,False,,5000,5000,whole_patient_cluster,True,three_class_patient_label,50042
yolo26,42,model_specific,patient,calibrated,failure_aware.per_class.papilledema.recall,0.0,0.0,0.0,0.0,0.95,bca,bca,False,,5000,5000,whole_patient_cluster,True,three_class_patient_label,50042
yolo26,42,model_specific,patient,calibrated,failure_aware.per_class.pseudopapilledema.f1,0.4,0.0,0.6666666666666666,0.16780002989254453,0.95,bca,bca,False,,5000,5000,whole_patient_cluster,True,three_class_patient_label,50042
yolo26,42,model_specific,patient,calibrated,failure_aware.per_class.pseudopapilledema.precision,0.3333333333333333,0.0,0.5,0.12411562913276417,0.95,bca,bca,False,,5000,5000,whole_patient_cluster,True,three_class_patient_label,50042
yolo26,42,model_specific,patient,calibrated,failure_aware.per_class.pseudopapilledema.recall,0.5,0.0,1.0,0.25405862838591303,0.95,bca,bca,False,,5000,5000,whole_patient_cluster,True,three_class_patient_label,50042
yolo26,42,model_specific,patient,calibrated,failure_aware_aurc,0.5513248915209701,0.3489129062658475,0.7298764779156937,0.09501466266289317,0.95,bca,bca,False,,5000,5000,whole_patient_cluster,True,three_class_patient_label,50042
yolo26,42,model_specific,patient,calibrated,localized_diagnostic_success.rate,0.6666666666666666,0.5555555555555556,0.7777777777777778,0.05645747297464733,0.95,bca,bca,False,,5000,5000,whole_patient_cluster,True,three_class_patient_label,50042
yolo26,42,model_specific,patient,calibrated,selective_risk,0.3333333333333333,0.2222222222222222,0.4444444444444444,0.056457472974647344,0.95,bca,bca,False,,5000,5000,whole_patient_cluster,True,three_class_patient_label,50042
yolo26,42,model_specific,eye,calibrated,class_conditional_coverage.normal,1.0,1.0,1.0,0.0,0.95,bca,bca,False,,5000,5000,whole_patient_cluster,True,three_class_patient_label,50043
yolo26,42,model_specific,eye,calibrated,class_conditional_coverage.papilledema,1.0,1.0,1.0,0.0,0.95,bca,bca,False,,5000,5000,whole_patient_cluster,True,three_class_patient_label,50043
yolo26,42,model_specific,eye,calibrated,class_conditional_coverage.pseudopapilledema,1.0,1.0,1.0,0.0,0.95,bca,bca,False,,5000,5000,whole_patient_cluster,True,three_class_patient_label,50043
yolo26,42,model_specific,eye,calibrated,conditional.accuracy,0.6666666666666666,0.5555555555555556,0.7777777777777778,0.0557426291755308,0.95,bca,bca,False,,5000,5000,whole_patient_cluster,True,three_class_patient_label,50043
yolo26,42,model_specific,eye,calibrated,conditional.balanced_accuracy,0.5,0.3333333333333333,0.6666666666666666,0.08361394376329623,0.95,bca,bca,False,,5000,5000,whole_patient_cluster,True,three_class_patient_label,50043
yolo26,42,model_specific,eye,calibrated,conditional.derived_discrimination.normal_vs_abnormal.auroc,0.834375,0.5280960055659787,0.98125,0.09918846407833294,0.95,bca,bca,False,,5000,5000,whole_patient_cluster,True,three_class_patient_label,50043
yolo26,42,model_specific,eye,calibrated,conditional.derived_discrimination.normal_vs_abnormal.average_precision,0.8869515941387998,0.737248858554089,1.0,0.06346593157787539,0.95,bca,bca,False,,5000,5000,whole_patient_cluster,True,three_class_patient_label,50043
yolo26,42,model_specific,eye,calibrated,conditional.derived_discrimination.papilledema_vs_pseudopapilledema.auroc,0.109375,0.0,0.28125,0.06850336283627506,0.95,bca,bca,False,,5000,5000,whole_patient_cluster,True,three_class_patient_label,50043
yolo26,42,model_specific,eye,calibrated,conditional.derived_discrimination.papilledema_vs_pseudopapilledema.average_precision,0.3581959706959707,0.33842647974487844,0.3827380952380952,0.028544138656610187,0.95,bca,bca,False,,5000,5000,whole_patient_cluster,True,three_class_patient_label,50043
yolo26,42,model_specific,eye,calibrated,conditional.macro_auroc,0.5221726190476191,0.2738095238095238,0.6681547619047619,0.09535689545180319,0.95,bca,bca,False,,5000,5000,whole_patient_cluster,True,three_class_patient_label,50043
yolo26,42,model_specific,eye,calibrated,conditional.macro_average_precision,0.4163375301695533,0.29205399891915995,0.5357674184107908,0.07662804986322237,0.95,bca,bca,False,,5000,5000,whole_patient_cluster,True,three_class_patient_label,50043
yolo26,42,model_specific,eye,calibrated,conditional.macro_classwise_ece,0.1517446504758724,0.1236523161165307,0.17355710955903228,0.01989088927024919,0.95,bca,bca,False,,5000,5000,whole_patient_cluster,True,three_class_patient_label,50043
yolo26,42,model_specific,eye,calibrated,conditional.macro_f1,0.43636363636363634,0.2777777777777778,0.5555555555555555,0.06885106404384475,0.95,bca,bca,False,,5000,5000,whole_patient_cluster,True,three_class_patient_label,50043
yolo26,42,model_specific,eye,calibrated,conditional.multiclass_brier,0.5544637529727581,0.4426041677830804,0.678687018557331,0.05878682179323508,0.95,bca,bca,False,,5000,5000,whole_patient_cluster,True,three_class_patient_label,50043
yolo26,42,model_specific,eye,calibrated,conditional.multiclass_mcc,0.4330127018922193,0.1636634176769943,0.6846531968814576,0.12912591196249826,0.95,bca,bca,False,,5000,5000,whole_patient_cluster,True,three_class_patient_label,50043
yolo26,42,model_specific,eye,calibrated,conditional.multiclass_nll,0.9367848798358954,0.7824579027788758,1.1147317680842688,0.08309370808363324,0.95,bca,bca,False,,5000,5000,whole_patient_cluster,True,three_class_patient_label,50043
yolo26,42,model_specific,eye,calibrated,conditional.per_class.normal.auroc_ovr,0.834375,0.5361421620094086,0.9812500000000001,0.09918846407833294,0.95,bca,bca,False,,5000,5000,whole_patient_cluster,True,three_class_patient_label,50043
yolo26,42,model_specific,eye,calibrated,conditional.per_class.normal.average_precision_ovr,0.7809514084967545,0.53437881297577,0.9674566459071471,0.11125602517492217,0.95,bca,bca,False,,5000,5000,whole_patient_cluster,True,three_class_patient_label,50043
yolo26,42,model_specific,eye,calibrated,conditional.per_class.normal.f1,0.9090909090909091,0.8333333333333334,1.0,0.04182723868356236,0.95,bca,bca,False,,5000,5000,whole_patient_cluster,True,three_class_patient_label,50043
yolo26,42,model_specific,eye,calibrated,conditional.per_class.normal.precision,0.8333333333333334,0.7142857142857143,1.0,0.07156925023591082,0.95,bca,bca,False,,5000,5000,whole_patient_cluster,True,three_class_patient_label,50043
yolo26,42,model_specific,eye,calibrated,conditional.per_class.normal.recall,1.0,1.0,1.0,0.0,0.95,bca,bca,False,,5000,5000,whole_patient_cluster,True,three_class_patient_label,50043
yolo26,42,model_specific,eye,calibrated,conditional.per_class.papilledema.auroc_ovr,0.17410714285714285,0.04464285714285712,0.4017857142857143,0.0899364580623896,0.95,bca,bca,False,,5000,5000,whole_patient_cluster,True,three_class_patient_label,50043
yolo26,42,model_specific,eye,calibrated,conditional.per_class.papilledema.average_precision_ovr,0.16716355023192073,0.1432070877811243,0.29761460761460756,0.05386774767958609,0.95,bca,bca,False,,5000,5000,whole_patient_cluster,True,three_class_patient_label,50043
yolo26,42,model_specific,eye,calibrated,conditional.per_class.papilledema.f1,0.0,0.0,0.0,0.0,0.95,bca,bca,False,,5000,5000,whole_patient_cluster,True,three_class_patient_label,50043
yolo26,42,model_specific,eye,calibrated,conditional.per_class.papilledema.precision,0.0,0.0,0.0,0.0,0.95,bca,bca,False,,5000,5000,whole_patient_cluster,True,three_class_patient_label,50043
yolo26,42,model_specific,eye,calibrated,conditional.per_class.papilledema.recall,0.0,0.0,0.0,0.0,0.95,bca,bca,False,,5000,5000,whole_patient_cluster,True,three_class_patient_label,50043
yolo26,42,model_specific,eye,calibrated,conditional.per_class.pseudopapilledema.auroc_ovr,0.5580357142857143,0.16517857142857142,0.8214285714285713,0.16476910173915293,0.95,bca,bca,False,,5000,5000,whole_patient_cluster,True,three_class_patient_label,50043
yolo26,42,model_specific,eye,calibrated,conditional.per_class.pseudopapilledema.average_precision_ovr,0.3008976317799847,0.16939333612670926,0.5708333333333333,0.13134939220176095,0.95,bca,bca,False,,5000,5000,whole_patient_cluster,True,three_class_patient_label,50043
yolo26,42,model_specific,eye,calibrated,conditional.per_class.pseudopapilledema.f1,0.4,0.0,0.6666666666666666,0.16526722127083054,0.95,bca,bca,False,,5000,5000,whole_patient_cluster,True,three_class_patient_label,50043
yolo26,42,model_specific,eye,calibrated,conditional.per_class.pseudopapilledema.precision,0.3333333333333333,0.0,0.5,0.12197986032992805,0.95,bca,bca,False,,5000,5000,whole_patient_cluster,True,three_class_patient_label,50043
yolo26,42,model_specific,eye,calibrated,conditional.per_class.pseudopapilledema.recall,0.5,0.0,1.0,0.25084183128988863,0.95,bca,bca,False,,5000,5000,whole_patient_cluster,True,three_class_patient_label,50043
yolo26,42,model_specific,eye,calibrated,conditional.top_label_ece,0.2968976263604551,0.22547866545665451,0.34847073720236693,0.030571846519872138,0.95,bca,bca,False,,5000,5000,whole_patient_cluster,True,three_class_patient_label,50043
yolo26,42,model_specific,eye,calibrated,conditional_aurc,0.5472245790050433,0.36852955674705373,0.7242688282812679,0.08983074466263419,0.95,bca,bca,False,,5000,5000,whole_patient_cluster,True,three_class_patient_label,50043
yolo26,42,model_specific,eye,calibrated,coverage,1.0,1.0,1.0,0.0,0.95,bca,bca,False,,5000,5000,whole_patient_cluster,True,three_class_patient_label,50043
yolo26,42,model_specific,eye,calibrated,failure_aware.accuracy,0.6666666666666666,0.5555555555555556,0.7777777777777778,0.0557426291755308,0.95,bca,bca,False,,5000,5000,whole_patient_cluster,True,three_class_patient_label,50043
yolo26,42,model_specific,eye,calibrated,failure_aware.balanced_accuracy,0.5,0.3333333333333333,0.6666666666666666,0.08361394376329623,0.95,bca,bca,False,,5000,5000,whole_patient_cluster,True,three_class_patient_label,50043
yolo26,42,model_specific,eye,calibrated,failure_aware.macro_f1,0.43636363636363634,0.2777777777777778,0.5555555555555555,0.06885106404384475,0.95,bca,bca,False,,5000,5000,whole_patient_cluster,True,three_class_patient_label,50043
yolo26,42,model_specific,eye,calibrated,failure_aware.multiclass_mcc,0.4330127018922193,0.1636634176769943,0.6846531968814576,0.12912591196249826,0.95,bca,bca,False,,5000,5000,whole_patient_cluster,True,three_class_patient_label,50043
yolo26,42,model_specific,eye,calibrated,failure_aware.per_class.normal.f1,0.9090909090909091,0.8333333333333334,1.0,0.04182723868356236,0.95,bca,bca,False,,5000,5000,whole_patient_cluster,True,three_class_patient_label,50043
yolo26,42,model_specific,eye,calibrated,failure_aware.per_class.normal.precision,0.8333333333333334,0.7142857142857143,1.0,0.07156925023591082,0.95,bca,bca,False,,5000,5000,whole_patient_cluster,True,three_class_patient_label,50043
yolo26,42,model_specific,eye,calibrated,failure_aware.per_class.normal.recall,1.0,1.0,1.0,0.0,0.95,bca,bca,False,,5000,5000,whole_patient_cluster,True,three_class_patient_label,50043
yolo26,42,model_specific,eye,calibrated,failure_aware.per_class.papilledema.f1,0.0,0.0,0.0,0.0,0.95,bca,bca,False,,5000,5000,whole_patient_cluster,True,three_class_patient_label,50043
yolo26,42,model_specific,eye,calibrated,failure_aware.per_class.papilledema.precision,0.0,0.0,0.0,0.0,0.95,bca,bca,False,,5000,5000,whole_patient_cluster,True,three_class_patient_label,50043
yolo26,42,model_specific,eye,calibrated,failure_aware.per_class.papilledema.recall,0.0,0.0,0.0,0.0,0.95,bca,bca,False,,5000,5000,whole_patient_cluster,True,three_class_patient_label,50043
yolo26,42,model_specific,eye,calibrated,failure_aware.per_class.pseudopapilledema.f1,0.4,0.0,0.6666666666666666,0.16526722127083054,0.95,bca,bca,False,,5000,5000,whole_patient_cluster,True,three_class_patient_label,50043
yolo26,42,model_specific,eye,calibrated,failure_aware.per_class.pseudopapilledema.precision,0.3333333333333333,0.0,0.5,0.12197986032992805,0.95,bca,bca,False,,5000,5000,whole_patient_cluster,True,three_class_patient_label,50043
yolo26,42,model_specific,eye,calibrated,failure_aware.per_class.pseudopapilledema.recall,0.5,0.0,1.0,0.25084183128988863,0.95,bca,bca,False,,5000,5000,whole_patient_cluster,True,three_class_patient_label,50043
yolo26,42,model_specific,eye,calibrated,failure_aware_aurc,0.5472245790050433,0.36852955674705373,0.7242688282812679,0.08983074466263419,0.95,bca,bca,False,,5000,5000,whole_patient_cluster,True,three_class_patient_label,50043
yolo26,42,model_specific,eye,calibrated,localized_diagnostic_success.rate,0.6666666666666666,0.5555555555555556,0.7777777777777778,0.0557426291755308,0.95,bca,bca,False,,5000,5000,whole_patient_cluster,True,three_class_patient_label,50043
yolo26,42,model_specific,eye,calibrated,selective_risk,0.3333333333333333,0.2222222222222222,0.4444444444444444,0.055742629175530814,0.95,bca,bca,False,,5000,5000,whole_patient_cluster,True,three_class_patient_label,50043
yolo26,42,standardized_resnet18,patient,calibrated,class_conditional_coverage.normal,1.0,1.0,1.0,0.0,0.95,bca,bca,False,,5000,5000,whole_patient_cluster,True,three_class_patient_label,50042
yolo26,42,standardized_resnet18,patient,calibrated,class_conditional_coverage.papilledema,1.0,1.0,1.0,0.0,0.95,bca,bca,False,,5000,5000,whole_patient_cluster,True,three_class_patient_label,50042
yolo26,42,standardized_resnet18,patient,calibrated,class_conditional_coverage.pseudopapilledema,1.0,1.0,1.0,0.0,0.95,bca,bca,False,,5000,5000,whole_patient_cluster,True,three_class_patient_label,50042
yolo26,42,standardized_resnet18,patient,calibrated,conditional.accuracy,0.8888888888888888,0.7777777777777778,1.0,0.05491749682839264,0.95,bca,bca,False,,5000,5000,whole_patient_cluster,True,three_class_patient_label,50042
yolo26,42,standardized_resnet18,patient,calibrated,conditional.balanced_accuracy,0.8333333333333334,0.6666666666666666,1.0,0.08237624524258898,0.95,bca,bca,False,,5000,5000,whole_patient_cluster,True,three_class_patient_label,50042
yolo26,42,standardized_resnet18,patient,calibrated,conditional.derived_discrimination.normal_vs_abnormal.auroc,0.925,0.7,1.0,0.06971297927858182,0.95,bca,bca,False,,5000,5000,whole_patient_cluster,True,three_class_patient_label,50042
yolo26,42,standardized_resnet18,patient,calibrated,conditional.derived_discrimination.normal_vs_abnormal.average_precision,0.9464285714285714,0.8125,1.0,0.04664864847324581,0.95,bca,bca,False,,5000,5000,whole_patient_cluster,True,three_class_patient_label,50042
yolo26,42,standardized_resnet18,patient,calibrated,conditional.derived_discrimination.papilledema_vs_pseudopapilledema.auroc,0.75,0.25,1.0,0.21830785983178178,0.95,bca,bca,False,,5000,5000,whole_patient_cluster,True,three_class_patient_label,50042
yolo26,42,standardized_resnet18,patient,calibrated,conditional.derived_discrimination.papilledema_vs_pseudopapilledema.average_precision,0.875,0.625,1.0,0.10915392991589087,0.95,bca,bca,False,,5000,5000,whole_patient_cluster,True,three_class_patient_label,50042
yolo26,42,standardized_resnet18,patient,calibrated,conditional.macro_auroc,0.861904761904762,0.668452380952381,1.0,0.07518523701683004,0.95,bca,bca,False,,5000,5000,whole_patient_cluster,True,three_class_patient_label,50042
yolo26,42,standardized_resnet18,patient,calibrated,conditional.macro_average_precision,0.7568969456469455,0.5325426446708651,0.9123321799520502,0.10544180971921391,0.95,bca,bca,False,,5000,5000,whole_patient_cluster,True,three_class_patient_label,50042
yolo26,42,standardized_resnet18,patient,calibrated,conditional.macro_classwise_ece,0.16616410289836991,0.1286712798133756,0.19921810367356943,0.020143281939998543,0.95,bca,bca,False,,5000,5000,whole_patient_cluster,True,three_class_patient_label,50042
yolo26,42,standardized_resnet18,patient,calibrated,conditional.macro_f1,0.8359788359788359,0.5598845598845599,1.0,0.10419719902712622,0.95,bca,bca,False,,5000,5000,whole_patient_cluster,True,three_class_patient_label,50042
yolo26,42,standardized_resnet18,patient,calibrated,conditional.multiclass_brier,0.2991568336108572,0.17804752870111976,0.46854484546814107,0.07122766591489786,0.95,bca,bca,False,,5000,5000,whole_patient_cluster,True,three_class_patient_label,50042
yolo26,42,standardized_resnet18,patient,calibrated,conditional.multiclass_mcc,0.8206652053732659,0.6456213465158375,0.9110072505344377,0.08514358802642348,0.95,bca,bca,False,,5000,5000,whole_patient_cluster,True,three_class_patient_label,50042
yolo26,42,standardized_resnet18,patient,calibrated,conditional.multiclass_nll,0.5064177576859632,0.33128323730751996,0.8105877794412462,0.11565497227167078,0.95,bca,bca,False,,5000,5000,whole_patient_cluster,True,three_class_patient_label,50042
yolo26,42,standardized_resnet18,patient,calibrated,conditional.per_class.normal.auroc_ovr,0.925,0.7,1.0,0.06971297927858183,0.95,bca,bca,False,,5000,5000,whole_patient_cluster,True,three_class_patient_label,50042
yolo26,42,standardized_resnet18,patient,calibrated,conditional.per_class.normal.average_precision_ovr,0.9263455988455987,0.6878430841551596,1.0,0.061909495970460776,0.95,bca,bca,False,,5000,5000,whole_patient_cluster,True,three_class_patient_label,50042
yolo26,42,standardized_resnet18,patient,calibrated,conditional.per_class.normal.f1,0.9523809523809523,0.8333333333333334,1.0,0.03825250104926788,0.95,bca,bca,False,,5000,5000,whole_patient_cluster,True,three_class_patient_label,50042
yolo26,42,standardized_resnet18,patient,calibrated,conditional.per_class.normal.precision,0.9090909090909091,0.7142857142857143,1.0,0.06925547441844357,0.95,bca,bca,False,,5000,5000,whole_patient_cluster,True,three_class_patient_label,50042
yolo26,42,standardized_resnet18,patient,calibrated,conditional.per_class.normal.recall,1.0,1.0,1.0,0.0,0.95,bca,bca,False,,5000,5000,whole_patient_cluster,True,three_class_patient_label,50042
yolo26,42,standardized_resnet18,patient,calibrated,conditional.per_class.papilledema.auroc_ovr,0.9285714285714286,0.7857142857142857,1.0,0.06237367423765193,0.95,bca,bca,False,,5000,5000,whole_patient_cluster,True,three_class_patient_label,50042
yolo26,42,standardized_resnet18,patient,calibrated,conditional.per_class.papilledema.average_precision_ovr,0.6791666666666667,0.36547619047619045,1.0,0.1805199375685112,0.95,bca,bca,False,,5000,5000,whole_patient_cluster,True,three_class_patient_label,50042
yolo26,42,standardized_resnet18,patient,calibrated,conditional.per_class.papilledema.f1,0.8888888888888888,0.7272727272727273,1.0,0.08390065694769122,0.95,bca,bca,False,,5000,5000,whole_patient_cluster,True,three_class_patient_label,50042
yolo26,42,standardized_resnet18,patient,calibrated,conditional.per_class.papilledema.precision,0.8,0.5241991233039968,1.0,0.13767547933296886,0.95,bca,bca,False,,5000,5000,whole_patient_cluster,True,three_class_patient_label,50042
yolo26,42,standardized_resnet18,patient,calibrated,conditional.per_class.papilledema.recall,1.0,1.0,1.0,0.0,0.95,bca,bca,False,,5000,5000,whole_patient_cluster,True,three_class_patient_label,50042
yolo26,42,standardized_resnet18,patient,calibrated,conditional.per_class.pseudopapilledema.auroc_ovr,0.7321428571428571,0.3571428571428571,1.0,0.15316440052654698,0.95,bca,bca,False,,5000,5000,whole_patient_cluster,True,three_class_patient_label,50042
yolo26,42,standardized_resnet18,patient,calibrated,conditional.per_class.pseudopapilledema.average_precision_ovr,0.6651785714285714,0.2857142857142857,1.0,0.1739815115020107,0.95,bca,bca,False,,5000,5000,whole_patient_cluster,True,three_class_patient_label,50042
yolo26,42,standardized_resnet18,patient,calibrated,conditional.per_class.pseudopapilledema.f1,0.6666666666666666,0.0,1.0,0.2422131802609097,0.95,bca,bca,False,,5000,5000,whole_patient_cluster,True,three_class_patient_label,50042
yolo26,42,standardized_resnet18,patient,calibrated,conditional.per_class.pseudopapilledema.precision,1.0,0.0,1.0,0.23935425229483248,0.95,bca,bca,False,,5000,5000,whole_patient_cluster,True,three_class_patient_label,50042
yolo26,42,standardized_resnet18,patient,calibrated,conditional.per_class.pseudopapilledema.recall,0.5,0.0,1.0,0.24712873572776692,0.95,bca,bca,False,,5000,5000,whole_patient_cluster,True,three_class_patient_label,50042
yolo26,42,standardized_resnet18,patient,calibrated,conditional.top_label_ece,0.23569614551891835,0.172623681374435,0.28648068909699226,0.033297282266594466,0.95,bca,bca,False,,5000,5000,whole_patient_cluster,True,three_class_patient_label,50042
yolo26,42,standardized_resnet18,patient,calibrated,conditional_aurc,0.11543969828283555,0.031452212457114416,0.31195089165432327,0.06472094414006668,0.95,bca,bca,False,,5000,5000,whole_patient_cluster,True,three_class_patient_label,50042
yolo26,42,standardized_resnet18,patient,calibrated,coverage,1.0,1.0,1.0,0.0,0.95,bca,bca,False,,5000,5000,whole_patient_cluster,True,three_class_patient_label,50042
yolo26,42,standardized_resnet18,patient,calibrated,failure_aware.accuracy,0.8888888888888888,0.7777777777777778,1.0,0.05491749682839264,0.95,bca,bca,False,,5000,5000,whole_patient_cluster,True,three_class_patient_label,50042
yolo26,42,standardized_resnet18,patient,calibrated,failure_aware.balanced_accuracy,0.8333333333333334,0.6666666666666666,1.0,0.08237624524258898,0.95,bca,bca,False,,5000,5000,whole_patient_cluster,True,three_class_patient_label,50042
yolo26,42,standardized_resnet18,patient,calibrated,failure_aware.macro_f1,0.8359788359788359,0.5598845598845599,1.0,0.10419719902712622,0.95,bca,bca,False,,5000,5000,whole_patient_cluster,True,three_class_patient_label,50042
yolo26,42,standardized_resnet18,patient,calibrated,failure_aware.multiclass_mcc,0.8206652053732659,0.6456213465158375,0.9110072505344377,0.08514358802642348,0.95,bca,bca,False,,5000,5000,whole_patient_cluster,True,three_class_patient_label,50042
yolo26,42,standardized_resnet18,patient,calibrated,failure_aware.per_class.normal.f1,0.9523809523809523,0.8333333333333334,1.0,0.03825250104926788,0.95,bca,bca,False,,5000,5000,whole_patient_cluster,True,three_class_patient_label,50042
yolo26,42,standardized_resnet18,patient,calibrated,failure_aware.per_class.normal.precision,0.9090909090909091,0.7142857142857143,1.0,0.06925547441844357,0.95,bca,bca,False,,5000,5000,whole_patient_cluster,True,three_class_patient_label,50042
yolo26,42,standardized_resnet18,patient,calibrated,failure_aware.per_class.normal.recall,1.0,1.0,1.0,0.0,0.95,bca,bca,False,,5000,5000,whole_patient_cluster,True,three_class_patient_label,50042
yolo26,42,standardized_resnet18,patient,calibrated,failure_aware.per_class.papilledema.f1,0.8888888888888888,0.7272727272727273,1.0,0.08390065694769122,0.95,bca,bca,False,,5000,5000,whole_patient_cluster,True,three_class_patient_label,50042
yolo26,42,standardized_resnet18,patient,calibrated,failure_aware.per_class.papilledema.precision,0.8,0.5241991233039968,1.0,0.13767547933296886,0.95,bca,bca,False,,5000,5000,whole_patient_cluster,True,three_class_patient_label,50042
yolo26,42,standardized_resnet18,patient,calibrated,failure_aware.per_class.papilledema.recall,1.0,1.0,1.0,0.0,0.95,bca,bca,False,,5000,5000,whole_patient_cluster,True,three_class_patient_label,50042
yolo26,42,standardized_resnet18,patient,calibrated,failure_aware.per_class.pseudopapilledema.f1,0.6666666666666666,0.0,1.0,0.2422131802609097,0.95,bca,bca,False,,5000,5000,whole_patient_cluster,True,three_class_patient_label,50042
yolo26,42,standardized_resnet18,patient,calibrated,failure_aware.per_class.pseudopapilledema.precision,1.0,0.0,1.0,0.23935425229483248,0.95,bca,bca,False,,5000,5000,whole_patient_cluster,True,three_class_patient_label,50042
yolo26,42,standardized_resnet18,patient,calibrated,failure_aware.per_class.pseudopapilledema.recall,0.5,0.0,1.0,0.24712873572776692,0.95,bca,bca,False,,5000,5000,whole_patient_cluster,True,three_class_patient_label,50042
yolo26,42,standardized_resnet18,patient,calibrated,failure_aware_aurc,0.11543969828283555,0.031452212457114416,0.31195089165432327,0.06472094414006668,0.95,bca,bca,False,,5000,5000,whole_patient_cluster,True,three_class_patient_label,50042
yolo26,42,standardized_resnet18,patient,calibrated,localized_diagnostic_success.rate,0.8333333333333334,0.6666666666666666,0.9444444444444444,0.07227206200521466,0.95,bca,bca,False,,5000,5000,whole_patient_cluster,True,three_class_patient_label,50042
yolo26,42,standardized_resnet18,patient,calibrated,selective_risk,0.1111111111111111,0.0,0.2222222222222222,0.05491749682839265,0.95,bca,bca,False,,5000,5000,whole_patient_cluster,True,three_class_patient_label,50042
yolo26,42,standardized_resnet18,eye,calibrated,class_conditional_coverage.normal,1.0,1.0,1.0,0.0,0.95,bca,bca,False,,5000,5000,whole_patient_cluster,True,three_class_patient_label,50043
yolo26,42,standardized_resnet18,eye,calibrated,class_conditional_coverage.papilledema,1.0,1.0,1.0,0.0,0.95,bca,bca,False,,5000,5000,whole_patient_cluster,True,three_class_patient_label,50043
yolo26,42,standardized_resnet18,eye,calibrated,class_conditional_coverage.pseudopapilledema,1.0,1.0,1.0,0.0,0.95,bca,bca,False,,5000,5000,whole_patient_cluster,True,three_class_patient_label,50043
yolo26,42,standardized_resnet18,eye,calibrated,conditional.accuracy,0.8333333333333334,0.7222222222222222,0.9166666666666666,0.052163863232181217,0.95,bca,bca,False,,5000,5000,whole_patient_cluster,True,three_class_patient_label,50043
yolo26,42,standardized_resnet18,eye,calibrated,conditional.balanced_accuracy,0.75,0.625,0.9166666666666666,0.07824579484827184,0.95,bca,bca,False,,5000,5000,whole_patient_cluster,True,three_class_patient_label,50043
yolo26,42,standardized_resnet18,eye,calibrated,conditional.derived_discrimination.normal_vs_abnormal.auroc,0.921875,0.6875,1.0,0.07006523887794988,0.95,bca,bca,False,,5000,5000,whole_patient_cluster,True,three_class_patient_label,50043
yolo26,42,standardized_resnet18,eye,calibrated,conditional.derived_discrimination.normal_vs_abnormal.average_precision,0.9453125,0.8002888655462185,1.0,0.04910207726741248,0.95,bca,bca,False,,5000,5000,whole_patient_cluster,True,three_class_patient_label,50043
yolo26,42,standardized_resnet18,eye,calibrated,conditional.derived_discrimination.papilledema_vs_pseudopapilledema.auroc,0.75,0.2533195418106992,1.0,0.17410039643612882,0.95,bca,bca,False,,5000,5000,whole_patient_cluster,True,three_class_patient_label,50043
yolo26,42,standardized_resnet18,eye,calibrated,conditional.derived_discrimination.papilledema_vs_pseudopapilledema.average_precision,0.8217261904761906,0.5416666666666667,1.0,0.1185860121570367,0.95,bca,bca,False,,5000,5000,whole_patient_cluster,True,three_class_patient_label,50043
yolo26,42,standardized_resnet18,eye,calibrated,conditional.macro_auroc,0.8459821428571428,0.6924206145852111,0.9791666666666666,0.07008183046466178,0.95,bca,bca,False,,5000,5000,whole_patient_cluster,True,three_class_patient_label,50043
yolo26,42,standardized_resnet18,eye,calibrated,conditional.macro_average_precision,0.6945855168700886,0.5215816987441567,0.8740079365079364,0.10358723005977273,0.95,bca,bca,False,,5000,5000,whole_patient_cluster,True,three_class_patient_label,50043
yolo26,42,standardized_resnet18,eye,calibrated,conditional.macro_classwise_ece,0.12034796644950617,0.08029027510276501,0.13723302632881038,0.023575576004443925,0.95,bca,bca,False,,5000,5000,whole_patient_cluster,True,three_class_patient_label,50043
yolo26,42,standardized_resnet18,eye,calibrated,conditional.macro_f1,0.7512539899680802,0.5561112824387685,0.9365079365079364,0.09711520704931588,0.95,bca,bca,False,,5000,5000,whole_patient_cluster,True,three_class_patient_label,50043
yolo26,42,standardized_resnet18,eye,calibrated,conditional.multiclass_brier,0.3265818314860615,0.21773392305143013,0.46537141965323664,0.06352232872538062,0.95,bca,bca,False,,5000,5000,whole_patient_cluster,True,three_class_patient_label,50043
yolo26,42,standardized_resnet18,eye,calibrated,conditional.multiclass_mcc,0.7193358255020712,0.51604684654214,0.8647471368090611,0.08925556420606032,0.95,bca,bca,False,,5000,5000,whole_patient_cluster,True,three_class_patient_label,50043
yolo26,42,standardized_resnet18,eye,calibrated,conditional.multiclass_nll,0.5463711118681723,0.3882841453343085,0.7434391040747642,0.09085530443227943,0.95,bca,bca,False,,5000,5000,whole_patient_cluster,True,three_class_patient_label,50043
yolo26,42,standardized_resnet18,eye,calibrated,conditional.per_class.normal.auroc_ovr,0.921875,0.6875,1.0,0.07006523887794988,0.95,bca,bca,False,,5000,5000,whole_patient_cluster,True,three_class_patient_label,50043
yolo26,42,standardized_resnet18,eye,calibrated,conditional.per_class.normal.average_precision_ovr,0.9079381832477809,0.690109053932709,1.0,0.07221852302904694,0.95,bca,bca,False,,5000,5000,whole_patient_cluster,True,three_class_patient_label,50043
yolo26,42,standardized_resnet18,eye,calibrated,conditional.per_class.normal.f1,0.9302325581395349,0.851063829787234,1.0,0.036049956557563066,0.95,bca,bca,False,,5000,5000,whole_patient_cluster,True,three_class_patient_label,50043
yolo26,42,standardized_resnet18,eye,calibrated,conditional.per_class.normal.precision,0.8695652173913043,0.7407407407407407,1.0,0.06333374778103032,0.95,bca,bca,False,,5000,5000,whole_patient_cluster,True,three_class_patient_label,50043
yolo26,42,standardized_resnet18,eye,calibrated,conditional.per_class.normal.recall,1.0,1.0,1.0,0.0,0.95,bca,bca,False,,5000,5000,whole_patient_cluster,True,three_class_patient_label,50043
yolo26,42,standardized_resnet18,eye,calibrated,conditional.per_class.papilledema.auroc_ovr,0.9285714285714285,0.75,1.0,0.051483223217101616,0.95,bca,bca,False,,5000,5000,whole_patient_cluster,True,three_class_patient_label,50043
yolo26,42,standardized_resnet18,eye,calibrated,conditional.per_class.papilledema.average_precision_ovr,0.6800976800976801,0.3772435897435898,0.9659090909090909,0.16856089570707275,0.95,bca,bca,False,,5000,5000,whole_patient_cluster,True,three_class_patient_label,50043
yolo26,42,standardized_resnet18,eye,calibrated,conditional.per_class.papilledema.f1,0.8235294117647058,0.5882352941176471,1.0,0.10257577411544157,0.95,bca,bca,False,,5000,5000,whole_patient_cluster,True,three_class_patient_label,50043
yolo26,42,standardized_resnet18,eye,calibrated,conditional.per_class.papilledema.precision,0.7777777777777778,0.4666666666666667,1.0,0.15314159644752962,0.95,bca,bca,False,,5000,5000,whole_patient_cluster,True,three_class_patient_label,50043
yolo26,42,standardized_resnet18,eye,calibrated,conditional.per_class.papilledema.recall,0.875,0.625,1.0,0.10791139408697657,0.95,bca,bca,False,,5000,5000,whole_patient_cluster,True,three_class_patient_label,50043
yolo26,42,standardized_resnet18,eye,calibrated,conditional.per_class.pseudopapilledema.auroc_ovr,0.6875,0.4017857142857143,0.9642857142857143,0.14304830103178973,0.95,bca,bca,False,,5000,5000,whole_patient_cluster,True,three_class_patient_label,50043
yolo26,42,standardized_resnet18,eye,calibrated,conditional.per_class.pseudopapilledema.average_precision_ovr,0.4957206872648049,0.22738866312704706,0.8446875,0.1750592703786724,0.95,bca,bca,False,,5000,5000,whole_patient_cluster,True,three_class_patient_label,50043
yolo26,42,standardized_resnet18,eye,calibrated,conditional.per_class.pseudopapilledema.f1,0.5,0.0,0.9333333333333333,0.21763183601919506,0.95,bca,bca,False,,5000,5000,whole_patient_cluster,True,three_class_patient_label,50043
yolo26,42,standardized_resnet18,eye,calibrated,conditional.per_class.pseudopapilledema.precision,0.75,0.0,1.0,0.26533042960577774,0.95,bca,bca,False,,5000,5000,whole_patient_cluster,True,three_class_patient_label,50043
yolo26,42,standardized_resnet18,eye,calibrated,conditional.per_class.pseudopapilledema.recall,0.375,0.0,0.875,0.20939917377534123,0.95,bca,bca,False,,5000,5000,whole_patient_cluster,True,three_class_patient_label,50043
yolo26,42,standardized_resnet18,eye,calibrated,conditional.top_label_ece,0.1456836979615437,0.07814599752897945,0.18866517266353677,0.03613827569735956,0.95,bca,bca,False,,5000,5000,whole_patient_cluster,True,three_class_patient_label,50043
yolo26,42,standardized_resnet18,eye,calibrated,conditional_aurc,0.21478444464494073,0.02925768341043744,0.3934058125026672,0.09041310872872114,0.95,bca,bca,False,,5000,5000,whole_patient_cluster,True,three_class_patient_label,50043
yolo26,42,standardized_resnet18,eye,calibrated,coverage,1.0,1.0,1.0,0.0,0.95,bca,bca,False,,5000,5000,whole_patient_cluster,True,three_class_patient_label,50043
yolo26,42,standardized_resnet18,eye,calibrated,failure_aware.accuracy,0.8333333333333334,0.7222222222222222,0.9166666666666666,0.052163863232181217,0.95,bca,bca,False,,5000,5000,whole_patient_cluster,True,three_class_patient_label,50043
yolo26,42,standardized_resnet18,eye,calibrated,failure_aware.balanced_accuracy,0.75,0.625,0.9166666666666666,0.07824579484827184,0.95,bca,bca,False,,5000,5000,whole_patient_cluster,True,three_class_patient_label,50043
yolo26,42,standardized_resnet18,eye,calibrated,failure_aware.macro_f1,0.7512539899680802,0.5561112824387685,0.9365079365079364,0.09711520704931588,0.95,bca,bca,False,,5000,5000,whole_patient_cluster,True,three_class_patient_label,50043
yolo26,42,standardized_resnet18,eye,calibrated,failure_aware.multiclass_mcc,0.7193358255020712,0.51604684654214,0.8647471368090611,0.08925556420606032,0.95,bca,bca,False,,5000,5000,whole_patient_cluster,True,three_class_patient_label,50043
yolo26,42,standardized_resnet18,eye,calibrated,failure_aware.per_class.normal.f1,0.9302325581395349,0.851063829787234,1.0,0.036049956557563066,0.95,bca,bca,False,,5000,5000,whole_patient_cluster,True,three_class_patient_label,50043
yolo26,42,standardized_resnet18,eye,calibrated,failure_aware.per_class.normal.precision,0.8695652173913043,0.7407407407407407,1.0,0.06333374778103032,0.95,bca,bca,False,,5000,5000,whole_patient_cluster,True,three_class_patient_label,50043
yolo26,42,standardized_resnet18,eye,calibrated,failure_aware.per_class.normal.recall,1.0,1.0,1.0,0.0,0.95,bca,bca,False,,5000,5000,whole_patient_cluster,True,three_class_patient_label,50043
yolo26,42,standardized_resnet18,eye,calibrated,failure_aware.per_class.papilledema.f1,0.8235294117647058,0.5882352941176471,1.0,0.10257577411544157,0.95,bca,bca,False,,5000,5000,whole_patient_cluster,True,three_class_patient_label,50043
yolo26,42,standardized_resnet18,eye,calibrated,failure_aware.per_class.papilledema.precision,0.7777777777777778,0.4666666666666667,1.0,0.15314159644752962,0.95,bca,bca,False,,5000,5000,whole_patient_cluster,True,three_class_patient_label,50043
yolo26,42,standardized_resnet18,eye,calibrated,failure_aware.per_class.papilledema.recall,0.875,0.625,1.0,0.10791139408697657,0.95,bca,bca,False,,5000,5000,whole_patient_cluster,True,three_class_patient_label,50043
yolo26,42,standardized_resnet18,eye,calibrated,failure_aware.per_class.pseudopapilledema.f1,0.5,0.0,0.9333333333333333,0.21763183601919506,0.95,bca,bca,False,,5000,5000,whole_patient_cluster,True,three_class_patient_label,50043
yolo26,42,standardized_resnet18,eye,calibrated,failure_aware.per_class.pseudopapilledema.precision,0.75,0.0,1.0,0.26533042960577774,0.95,bca,bca,False,,5000,5000,whole_patient_cluster,True,three_class_patient_label,50043
yolo26,42,standardized_resnet18,eye,calibrated,failure_aware.per_class.pseudopapilledema.recall,0.375,0.0,0.875,0.20939917377534123,0.95,bca,bca,False,,5000,5000,whole_patient_cluster,True,three_class_patient_label,50043
yolo26,42,standardized_resnet18,eye,calibrated,failure_aware_aurc,0.21478444464494073,0.02925768341043744,0.3934058125026672,0.09041310872872114,0.95,bca,bca,False,,5000,5000,whole_patient_cluster,True,three_class_patient_label,50043
yolo26,42,standardized_resnet18,eye,calibrated,localized_diagnostic_success.rate,0.8055555555555556,0.6944444444444444,0.9166666666666666,0.05384771888340338,0.95,bca,bca,False,,5000,5000,whole_patient_cluster,True,three_class_patient_label,50043
yolo26,42,standardized_resnet18,eye,calibrated,selective_risk,0.16666666666666666,0.08333333333333333,0.2777777777777778,0.05216386323218122,0.95,bca,bca,False,,5000,5000,whole_patient_cluster,True,three_class_patient_label,50043
yolo26,2026,model_specific,patient,calibrated,class_conditional_coverage.normal,0.8,0.5,1.0,0.12673944207402624,0.95,bca,bca,False,,5000,5000,whole_patient_cluster,True,three_class_patient_label,52026
yolo26,2026,model_specific,patient,calibrated,class_conditional_coverage.papilledema,0.5,0.0,1.0,0.2441475355268219,0.95,bca,bca,False,,5000,5000,whole_patient_cluster,True,three_class_patient_label,52026
yolo26,2026,model_specific,patient,calibrated,class_conditional_coverage.pseudopapilledema,0.75,0.25,1.0,0.21852287740552456,0.95,bca,bca,False,,5000,5000,whole_patient_cluster,True,three_class_patient_label,52026
yolo26,2026,model_specific,patient,calibrated,conditional.accuracy,0.7692307692307693,0.557496625666971,0.9230769230769231,0.09174235580251826,0.95,bca,bca,False,,5000,5000,whole_patient_cluster,True,three_class_patient_label,52026
yolo26,2026,model_specific,patient,calibrated,conditional.balanced_accuracy,0.5555555555555555,0.3333333333333333,0.6666666666666666,0.11884712888307185,0.95,bca,bca,False,,5000,5000,whole_patient_cluster,True,three_class_patient_label,52026
yolo26,2026,model_specific,patient,calibrated,conditional.derived_discrimination.normal_vs_abnormal.auroc,0.9,0.4403898834901523,1.0,0.10409808824743097,0.95,bca,bca,False,,5000,5000,whole_patient_cluster,True,three_class_patient_label,52026
yolo26,2026,model_specific,patient,calibrated,conditional.derived_discrimination.normal_vs_abnormal.average_precision,0.911111111111111,0.5227272727272727,1.0,0.09327370297549423,0.95,bca,bca,False,,5000,5000,whole_patient_cluster,True,three_class_patient_label,52026
yolo26,2026,model_specific,patient,calibrated,conditional.derived_discrimination.papilledema_vs_pseudopapilledema.auroc,0.3333333333333333,0.0,1.0,0.3137117975262088,0.95,bca,bca,False,,4688,5000,whole_patient_cluster,True,three_class_patient_label,52026
yolo26,2026,model_specific,patient,calibrated,conditional.derived_discrimination.papilledema_vs_pseudopapilledema.average_precision,0.5888888888888889,0.2369056827635076,1.0,0.19418419652191216,0.95,bca,bca,False,,4982,5000,whole_patient_cluster,True,three_class_patient_label,52026
yolo26,2026,model_specific,patient,calibrated,conditional.macro_auroc,0.8212121212121213,0.6121417119890822,0.9259259259259259,0.06967674494139853,0.95,bca,bca,False,,5000,5000,whole_patient_cluster,True,three_class_patient_label,52026
yolo26,2026,model_specific,patient,calibrated,conditional.macro_average_precision,0.6115244708994708,0.49990756904887507,0.6416666666666667,0.08522394649212738,0.95,bca,bca,False,,5000,5000,whole_patient_cluster,True,three_class_patient_label,52026
yolo26,2026,model_specific,patient,calibrated,conditional.macro_classwise_ece,0.1712206653756153,0.10347896415082566,0.22579402148906838,0.04124509558341907,0.95,bca,bca,False,,5000,5000,whole_patient_cluster,True,three_class_patient_label,52026
yolo26,2026,model_specific,patient,calibrated,conditional.macro_f1,0.5042016806722689,0.2916666666666667,0.6296296296296297,0.08448378232110283,0.95,bca,bca,False,,5000,5000,whole_patient_cluster,True,three_class_patient_label,52026
yolo26,2026,model_specific,patient,calibrated,conditional.multiclass_brier,0.40007193274017755,0.31181596621105195,0.5222374133392433,0.052876708733895564,0.95,bca,bca,False,,5000,5000,whole_patient_cluster,True,three_class_patient_label,52026
yolo26,2026,model_specific,patient,calibrated,conditional.multiclass_mcc,0.5651941652604391,0.14709765069424097,0.8366600265340756,0.17329144428531487,0.95,bca,bca,False,,5000,5000,whole_patient_cluster,True,three_class_patient_label,52026
yolo26,2026,model_specific,patient,calibrated,conditional.multiclass_nll,0.7159140513679765,0.5997509619534862,0.8753389288596134,0.0691515172426554,0.95,bca,bca,False,,5000,5000,whole_patient_cluster,True,three_class_patient_label,52026
yolo26,2026,model_specific,patient,calibrated,conditional.per_class.normal.auroc_ovr,0.9,0.43221939835760687,1.0,0.10409808824743097,0.95,bca,bca,False,,5000,5000,whole_patient_cluster,True,three_class_patient_label,52026
yolo26,2026,model_specific,patient,calibrated,conditional.per_class.normal.average_precision_ovr,0.9317956349206349,0.662161863947391,1.0,0.06235355902655106,0.95,bca,bca,False,,5000,5000,whole_patient_cluster,True,three_class_patient_label,52026
yolo26,2026,model_specific,patient,calibrated,conditional.per_class.normal.f1,0.9411764705882353,0.7776585581386146,1.0,0.049558979710188154,0.95,bca,bca,False,,5000,5000,whole_patient_cluster,True,three_class_patient_label,52026
yolo26,2026,model_specific,patient,calibrated,conditional.per_class.normal.precision,0.8888888888888888,0.6324413795066832,1.0,0.08714764044693618,0.95,bca,bca,False,,5000,5000,whole_patient_cluster,True,three_class_patient_label,52026
yolo26,2026,model_specific,patient,calibrated,conditional.per_class.normal.recall,1.0,1.0,1.0,0.0,0.95,bca,bca,False,,5000,5000,whole_patient_cluster,True,three_class_patient_label,52026
yolo26,2026,model_specific,patient,calibrated,conditional.per_class.papilledema.auroc_ovr,0.8636363636363635,0.6363636363636364,1.0,0.08635034081769885,0.95,bca,bca,False,,4706,5000,whole_patient_cluster,True,three_class_patient_label,52026
yolo26,2026,model_specific,patient,calibrated,conditional.per_class.papilledema.average_precision_ovr,0.5,0.2,1.0,0.22044254023385002,0.95,bca,bca,False,,4706,5000,whole_patient_cluster,True,three_class_patient_label,52026
yolo26,2026,model_specific,patient,calibrated,conditional.per_class.papilledema.f1,0.0,0.0,0.0,0.0,0.95,bca,bca,False,,5000,5000,whole_patient_cluster,True,three_class_patient_label,52026
yolo26,2026,model_specific,patient,calibrated,conditional.per_class.papilledema.precision,0.0,0.0,0.0,0.0,0.95,bca,bca,False,,5000,5000,whole_patient_cluster,True,three_class_patient_label,52026
yolo26,2026,model_specific,patient,calibrated,conditional.per_class.papilledema.recall,0.0,0.0,0.0,0.0,0.95,bca,bca,False,,4706,5000,whole_patient_cluster,True,three_class_patient_label,52026
yolo26,2026,model_specific,patient,calibrated,conditional.per_class.pseudopapilledema.auroc_ovr,0.7,0.30000000000000004,0.9,0.1342870766666892,0.95,bca,bca,False,,4982,5000,whole_patient_cluster,True,three_class_patient_label,52026
yolo26,2026,model_specific,patient,calibrated,conditional.per_class.pseudopapilledema.average_precision_ovr,0.40277777777777773,0.11935671444187047,0.6666666666666666,0.1613202900409593,0.95,bca,bca,False,,4982,5000,whole_patient_cluster,True,three_class_patient_label,52026
yolo26,2026,model_specific,patient,calibrated,conditional.per_class.pseudopapilledema.f1,0.5714285714285714,0.0,0.8888888888888888,0.21826618526831054,0.95,bca,bca,False,,5000,5000,whole_patient_cluster,True,three_class_patient_label,52026
yolo26,2026,model_specific,patient,calibrated,conditional.per_class.pseudopapilledema.precision,0.5,0.0,1.0,0.21995872990785528,0.95,bca,bca,False,,5000,5000,whole_patient_cluster,True,three_class_patient_label,52026
yolo26,2026,model_specific,patient,calibrated,conditional.per_class.pseudopapilledema.recall,0.6666666666666666,0.0,1.0,0.2882231128031597,0.95,bca,bca,False,,4982,5000,whole_patient_cluster,True,three_class_patient_label,52026
yolo26,2026,model_specific,patient,calibrated,conditional.top_label_ece,0.19773145320869215,0.04135955122877235,0.28788205384586596,0.0673475865594455,0.95,bca,bca,False,,5000,5000,whole_patient_cluster,True,three_class_patient_label,52026
yolo26,2026,model_specific,patient,calibrated,conditional_aurc,0.13070241724087878,0.03018529089957661,0.367286645234305,0.07522517287840345,0.95,bca,bca,False,,5000,5000,whole_patient_cluster,True,three_class_patient_label,52026
yolo26,2026,model_specific,patient,calibrated,coverage,0.7222222222222222,0.5,0.8888888888888888,0.10089195680776941,0.95,bca,bca,False,,5000,5000,whole_patient_cluster,True,three_class_patient_label,52026
yolo26,2026,model_specific,patient,calibrated,failure_aware.accuracy,0.5555555555555556,0.3888888888888889,0.7222222222222222,0.09079030816939097,0.95,bca,bca,False,,5000,5000,whole_patient_cluster,True,three_class_patient_label,52026
yolo26,2026,model_specific,patient,calibrated,failure_aware.balanced_accuracy,0.43333333333333335,0.23989495974372776,0.6,0.09400228642239078,0.95,bca,bca,False,,5000,5000,whole_patient_cluster,True,three_class_patient_label,52026
yolo26,2026,model_specific,patient,calibrated,failure_aware.macro_f1,0.4473684210526316,0.26666666666666666,0.5925925925925926,0.08217909724815181,0.95,bca,bca,False,,5000,5000,whole_patient_cluster,True,three_class_patient_label,52026
yolo26,2026,model_specific,patient,calibrated,failure_aware.multiclass_mcc,0.37575556446235425,0.11770240419964154,0.5846845821518305,0.11844518568367855,0.95,bca,bca,False,,5000,5000,whole_patient_cluster,True,three_class_patient_label,52026
yolo26,2026,model_specific,patient,calibrated,failure_aware.per_class.normal.f1,0.8421052631578947,0.5882352941176471,0.9523809523809523,0.08948928375290369,0.95,bca,bca,False,,5000,5000,whole_patient_cluster,True,three_class_patient_label,52026
yolo26,2026,model_specific,patient,calibrated,failure_aware.per_class.normal.precision,0.8888888888888888,0.6324413795066832,1.0,0.08714764044693618,0.95,bca,bca,False,,5000,5000,whole_patient_cluster,True,three_class_patient_label,52026
yolo26,2026,model_specific,patient,calibrated,failure_aware.per_class.normal.recall,0.8,0.5,1.0,0.12673944207402624,0.95,bca,bca,False,,5000,5000,whole_patient_cluster,True,three_class_patient_label,52026
yolo26,2026,model_specific,patient,calibrated,failure_aware.per_class.papilledema.f1,0.0,0.0,0.0,0.0,0.95,bca,bca,False,,5000,5000,whole_patient_cluster,True,three_class_patient_label,52026
yolo26,2026,model_specific,patient,calibrated,failure_aware.per_class.papilledema.precision,0.0,0.0,0.0,0.0,0.95,bca,bca,False,,5000,5000,whole_patient_cluster,True,three_class_patient_label,52026
yolo26,2026,model_specific,patient,calibrated,failure_aware.per_class.papilledema.recall,0.0,0.0,0.0,0.0,0.95,bca,bca,False,,5000,5000,whole_patient_cluster,True,three_class_patient_label,52026
yolo26,2026,model_specific,patient,calibrated,failure_aware.per_class.pseudopapilledema.f1,0.5,0.0,0.8888888888888888,0.20841899608305198,0.95,bca,bca,False,,5000,5000,whole_patient_cluster,True,three_class_patient_label,52026
yolo26,2026,model_specific,patient,calibrated,failure_aware.per_class.pseudopapilledema.precision,0.5,0.0,1.0,0.21995872990785528,0.95,bca,bca,False,,5000,5000,whole_patient_cluster,True,three_class_patient_label,52026
yolo26,2026,model_specific,patient,calibrated,failure_aware.per_class.pseudopapilledema.recall,0.5,0.0,1.0,0.24784023574974928,0.95,bca,bca,False,,5000,5000,whole_patient_cluster,True,three_class_patient_label,52026
yolo26,2026,model_specific,patient,calibrated,failure_aware_aurc,0.19718823297254667,0.08730409024526671,0.40016312344275967,0.07716224445523104,0.95,bca,bca,False,,5000,5000,whole_patient_cluster,True,three_class_patient_label,52026
yolo26,2026,model_specific,patient,calibrated,localized_diagnostic_success.rate,0.5,0.3333333333333333,0.6666666666666666,0.08558141035600354,0.95,bca,bca,False,,5000,5000,whole_patient_cluster,True,three_class_patient_label,52026
yolo26,2026,model_specific,patient,calibrated,selective_risk,0.23076923076923078,0.07692307692307693,0.44250337433303205,0.09174235580251826,0.95,bca,bca,False,,5000,5000,whole_patient_cluster,True,three_class_patient_label,52026
yolo26,2026,model_specific,eye,calibrated,class_conditional_coverage.normal,0.85,0.5,1.0,0.10324506917457014,0.95,bca,bca,False,,5000,5000,whole_patient_cluster,True,three_class_patient_label,52027
yolo26,2026,model_specific,eye,calibrated,class_conditional_coverage.papilledema,0.75,0.5,1.0,0.12466974777066744,0.95,bca,bca,False,,5000,5000,whole_patient_cluster,True,three_class_patient_label,52027
yolo26,2026,model_specific,eye,calibrated,class_conditional_coverage.pseudopapilledema,0.875,0.625,1.0,0.10814471348989355,0.95,bca,bca,False,,5000,5000,whole_patient_cluster,True,three_class_patient_label,52027
yolo26,2026,model_specific,eye,calibrated,conditional.accuracy,0.7333333333333333,0.5714285714285714,0.8333333333333334,0.06436157658483989,0.95,bca,bca,False,,5000,5000,whole_patient_cluster,True,three_class_patient_label,52027
yolo26,2026,model_specific,eye,calibrated,conditional.balanced_accuracy,0.5714285714285715,0.38095238095238093,0.6666666666666666,0.07955562886918752,0.95,bca,bca,False,,5000,5000,whole_patient_cluster,True,three_class_patient_label,52027
yolo26,2026,model_specific,eye,calibrated,conditional.derived_discrimination.normal_vs_abnormal.auroc,0.918552036199095,0.698326425577424,1.0,0.07129220923997082,0.95,bca,bca,False,,5000,5000,whole_patient_cluster,True,three_class_patient_label,52027
yolo26,2026,model_specific,eye,calibrated,conditional.derived_discrimination.normal_vs_abnormal.average_precision,0.9465706707086015,0.7879267872033942,1.0,0.04769233624985829,0.95,bca,bca,False,,5000,5000,whole_patient_cluster,True,three_class_patient_label,52027
yolo26,2026,model_specific,eye,calibrated,conditional.derived_discrimination.papilledema_vs_pseudopapilledema.auroc,0.4999999999999999,0.19642857142857148,0.72,0.13743266168905668,0.95,bca,bca,False,,5000,5000,whole_patient_cluster,True,three_class_patient_label,52027
yolo26,2026,model_specific,eye,calibrated,conditional.derived_discrimination.papilledema_vs_pseudopapilledema.average_precision,0.5953213453213453,0.3672771672771673,0.8193686806659081,0.13556797120867134,0.95,bca,bca,False,,5000,5000,whole_patient_cluster,True,three_class_patient_label,52027
yolo26,2026,model_specific,eye,calibrated,conditional.macro_auroc,0.8366791811484906,0.6877529711394863,0.9203363827959583,0.056806058611026264,0.95,bca,bca,False,,5000,5000,whole_patient_cluster,True,three_class_patient_label,52027
yolo26,2026,model_specific,eye,calibrated,conditional.macro_average_precision,0.6398825270508155,0.5500598456139054,0.6981608669108669,0.047702150170050736,0.95,bca,bca,False,,5000,5000,whole_patient_cluster,True,three_class_patient_label,52027
yolo26,2026,model_specific,eye,calibrated,conditional.macro_classwise_ece,0.19054815531611954,0.1377130984619444,0.23149069904997893,0.027352710938946763,0.95,bca,bca,False,,5000,5000,whole_patient_cluster,True,three_class_patient_label,52027
yolo26,2026,model_specific,eye,calibrated,conditional.macro_f1,0.5,0.3362377722991162,0.5789473684210527,0.06208447685945668,0.95,bca,bca,False,,5000,5000,whole_patient_cluster,True,three_class_patient_label,52027
yolo26,2026,model_specific,eye,calibrated,conditional.multiclass_brier,0.4227357559026728,0.3647838678349545,0.5208632019967796,0.03881833469330467,0.95,bca,bca,False,,5000,5000,whole_patient_cluster,True,three_class_patient_label,52027
yolo26,2026,model_specific,eye,calibrated,conditional.multiclass_mcc,0.5544882339542323,0.23478582911892618,0.731316131931523,0.1292755470034375,0.95,bca,bca,False,,5000,5000,whole_patient_cluster,True,three_class_patient_label,52027
yolo26,2026,model_specific,eye,calibrated,conditional.multiclass_nll,0.746621322214937,0.669606598770645,0.8747766400525198,0.05090584684323566,0.95,bca,bca,False,,5000,5000,whole_patient_cluster,True,three_class_patient_label,52027
yolo26,2026,model_specific,eye,calibrated,conditional.per_class.normal.auroc_ovr,0.918552036199095,0.6999921353717019,1.0,0.0712922092399708,0.95,bca,bca,False,,5000,5000,whole_patient_cluster,True,three_class_patient_label,52027
yolo26,2026,model_specific,eye,calibrated,conditional.per_class.normal.average_precision_ovr,0.8766409845744211,0.6294823258321987,1.0,0.09034926217809824,0.95,bca,bca,False,,5000,5000,whole_patient_cluster,True,three_class_patient_label,52027
yolo26,2026,model_specific,eye,calibrated,conditional.per_class.normal.f1,0.9444444444444444,0.8,1.0,0.04668188157747821,0.95,bca,bca,False,,5000,5000,whole_patient_cluster,True,three_class_patient_label,52027
yolo26,2026,model_specific,eye,calibrated,conditional.per_class.normal.precision,0.8947368421052632,0.6666666666666666,1.0,0.0827753640699379,0.95,bca,bca,False,,5000,5000,whole_patient_cluster,True,three_class_patient_label,52027
yolo26,2026,model_specific,eye,calibrated,conditional.per_class.normal.recall,1.0,1.0,1.0,0.0,0.95,bca,bca,False,,5000,5000,whole_patient_cluster,True,three_class_patient_label,52027
yolo26,2026,model_specific,eye,calibrated,conditional.per_class.papilledema.auroc_ovr,0.8958333333333333,0.7763880313621735,0.9657142857142857,0.04812256359697152,0.95,bca,bca,False,,5000,5000,whole_patient_cluster,True,three_class_patient_label,52027
yolo26,2026,model_specific,eye,calibrated,conditional.per_class.papilledema.average_precision_ovr,0.55995670995671,0.38835164835164837,0.7462585034013605,0.13030915751056693,0.95,bca,bca,False,,5000,5000,whole_patient_cluster,True,three_class_patient_label,52027
yolo26,2026,model_specific,eye,calibrated,conditional.per_class.papilledema.f1,0.0,0.0,0.0,0.0,0.95,bca,bca,False,,5000,5000,whole_patient_cluster,True,three_class_patient_label,52027
yolo26,2026,model_specific,eye,calibrated,conditional.per_class.papilledema.precision,0.0,0.0,0.0,0.0,0.95,bca,bca,False,,5000,5000,whole_patient_cluster,True,three_class_patient_label,52027
yolo26,2026,model_specific,eye,calibrated,conditional.per_class.papilledema.recall,0.0,0.0,0.0,0.0,0.95,bca,bca,False,,5000,5000,whole_patient_cluster,True,three_class_patient_label,52027
yolo26,2026,model_specific,eye,calibrated,conditional.per_class.pseudopapilledema.auroc_ovr,0.6956521739130433,0.37499999999999994,0.8947368421052632,0.13184456244637227,0.95,bca,bca,False,,5000,5000,whole_patient_cluster,True,three_class_patient_label,52027
yolo26,2026,model_specific,eye,calibrated,conditional.per_class.pseudopapilledema.average_precision_ovr,0.4830498866213152,0.2658214801071944,0.7777777777777777,0.1353551550068707,0.95,bca,bca,False,,5000,5000,whole_patient_cluster,True,three_class_patient_label,52027
yolo26,2026,model_specific,eye,calibrated,conditional.per_class.pseudopapilledema.f1,0.5555555555555556,0.23529411764705882,0.75,0.1429611054162537,0.95,bca,bca,False,,5000,5000,whole_patient_cluster,True,three_class_patient_label,52027
yolo26,2026,model_specific,eye,calibrated,conditional.per_class.pseudopapilledema.precision,0.45454545454545453,0.2,0.6,0.102324456047098,0.95,bca,bca,False,,5000,5000,whole_patient_cluster,True,three_class_patient_label,52027
yolo26,2026,model_specific,eye,calibrated,conditional.per_class.pseudopapilledema.recall,0.7142857142857143,0.14285714285714285,1.0,0.23866688660756263,0.95,bca,bca,False,,5000,5000,whole_patient_cluster,True,three_class_patient_label,52027
yolo26,2026,model_specific,eye,calibrated,conditional.top_label_ece,0.21941994761595687,0.10607769214478914,0.2911854694648981,0.048936407096597516,0.95,bca,bca,False,,5000,5000,whole_patient_cluster,True,three_class_patient_label,52027
yolo26,2026,model_specific,eye,calibrated,conditional_aurc,0.16972287629721258,0.04096803963930631,0.41135359076214334,0.09363417240647103,0.95,bca,bca,False,,5000,5000,whole_patient_cluster,True,three_class_patient_label,52027
yolo26,2026,model_specific,eye,calibrated,coverage,0.8333333333333334,0.6666666666666666,0.9444444444444444,0.06830890176776608,0.95,bca,bca,False,,5000,5000,whole_patient_cluster,True,three_class_patient_label,52027
yolo26,2026,model_specific,eye,calibrated,failure_aware.accuracy,0.6111111111111112,0.4444444444444444,0.7222222222222222,0.07411105594430176,0.95,bca,bca,False,,5000,5000,whole_patient_cluster,True,three_class_patient_label,52027
yolo26,2026,model_specific,eye,calibrated,failure_aware.balanced_accuracy,0.4916666666666667,0.3096141585674222,0.625,0.07793976605390614,0.95,bca,bca,False,,5000,5000,whole_patient_cluster,True,three_class_patient_label,52027
yolo26,2026,model_specific,eye,calibrated,failure_aware.macro_f1,0.4660368870895186,0.3222222222222222,0.5602745602745602,0.06138678946675257,0.95,bca,bca,False,,5000,5000,whole_patient_cluster,True,three_class_patient_label,52027
yolo26,2026,model_specific,eye,calibrated,failure_aware.multiclass_mcc,0.4191549522980609,0.14605053381267147,0.5997397535395089,0.1124837244719015,0.95,bca,bca,False,,5000,5000,whole_patient_cluster,True,three_class_patient_label,52027
yolo26,2026,model_specific,eye,calibrated,failure_aware.per_class.normal.f1,0.8717948717948718,0.6666666666666666,0.9743589743589743,0.0739030352960263,0.95,bca,bca,False,,5000,5000,whole_patient_cluster,True,three_class_patient_label,52027
yolo26,2026,model_specific,eye,calibrated,failure_aware.per_class.normal.precision,0.8947368421052632,0.6666666666666666,1.0,0.0827753640699379,0.95,bca,bca,False,,5000,5000,whole_patient_cluster,True,three_class_patient_label,52027
yolo26,2026,model_specific,eye,calibrated,failure_aware.per_class.normal.recall,0.85,0.5,1.0,0.10324506917457014,0.95,bca,bca,False,,5000,5000,whole_patient_cluster,True,three_class_patient_label,52027
yolo26,2026,model_specific,eye,calibrated,failure_aware.per_class.papilledema.f1,0.0,0.0,0.0,0.0,0.95,bca,bca,False,,5000,5000,whole_patient_cluster,True,three_class_patient_label,52027
yolo26,2026,model_specific,eye,calibrated,failure_aware.per_class.papilledema.precision,0.0,0.0,0.0,0.0,0.95,bca,bca,False,,5000,5000,whole_patient_cluster,True,three_class_patient_label,52027
yolo26,2026,model_specific,eye,calibrated,failure_aware.per_class.papilledema.recall,0.0,0.0,0.0,0.0,0.95,bca,bca,False,,5000,5000,whole_patient_cluster,True,three_class_patient_label,52027
yolo26,2026,model_specific,eye,calibrated,failure_aware.per_class.pseudopapilledema.f1,0.5263157894736842,0.23529411764705882,0.7368421052631579,0.13872214728761284,0.95,bca,bca,False,,5000,5000,whole_patient_cluster,True,three_class_patient_label,52027
yolo26,2026,model_specific,eye,calibrated,failure_aware.per_class.pseudopapilledema.precision,0.45454545454545453,0.2,0.6,0.102324456047098,0.95,bca,bca,False,,5000,5000,whole_patient_cluster,True,three_class_patient_label,52027
yolo26,2026,model_specific,eye,calibrated,failure_aware.per_class.pseudopapilledema.recall,0.625,0.125,1.0,0.20885380408864107,0.95,bca,bca,False,,5000,5000,whole_patient_cluster,True,three_class_patient_label,52027
yolo26,2026,model_specific,eye,calibrated,failure_aware_aurc,0.19836391221341446,0.07125612727322525,0.4205469765978916,0.08899538327525063,0.95,bca,bca,False,,5000,5000,whole_patient_cluster,True,three_class_patient_label,52027
yolo26,2026,model_specific,eye,calibrated,localized_diagnostic_success.rate,0.5833333333333334,0.4166666666666667,0.6944444444444444,0.07039893244639607,0.95,bca,bca,False,,5000,5000,whole_patient_cluster,True,three_class_patient_label,52027
yolo26,2026,model_specific,eye,calibrated,selective_risk,0.26666666666666666,0.16666666666666666,0.42857142857142855,0.06436157658483989,0.95,bca,bca,False,,5000,5000,whole_patient_cluster,True,three_class_patient_label,52027
yolo26,2026,standardized_resnet18,patient,calibrated,class_conditional_coverage.normal,0.8,0.5,1.0,0.12673944207402624,0.95,bca,bca,False,,5000,5000,whole_patient_cluster,True,three_class_patient_label,52026
yolo26,2026,standardized_resnet18,patient,calibrated,class_conditional_coverage.papilledema,0.5,0.0,1.0,0.2441475355268219,0.95,bca,bca,False,,5000,5000,whole_patient_cluster,True,three_class_patient_label,52026
yolo26,2026,standardized_resnet18,patient,calibrated,class_conditional_coverage.pseudopapilledema,0.75,0.25,1.0,0.21852287740552456,0.95,bca,bca,False,,5000,5000,whole_patient_cluster,True,three_class_patient_label,52026
yolo26,2026,standardized_resnet18,patient,calibrated,conditional.accuracy,0.7692307692307693,0.5454545454545454,0.9230769230769231,0.09559739594773996,0.95,bca,bca,False,,5000,5000,whole_patient_cluster,True,three_class_patient_label,52026
yolo26,2026,standardized_resnet18,patient,calibrated,conditional.balanced_accuracy,0.611111111111111,0.3333333333333333,0.8888888888888888,0.1577562430500266,0.95,bca,bca,False,,5000,5000,whole_patient_cluster,True,three_class_patient_label,52026
yolo26,2026,standardized_resnet18,patient,calibrated,conditional.derived_discrimination.normal_vs_abnormal.auroc,0.8500000000000001,0.33333333333333337,1.0,0.14089574000991062,0.95,bca,bca,False,,5000,5000,whole_patient_cluster,True,three_class_patient_label,52026
yolo26,2026,standardized_resnet18,patient,calibrated,conditional.derived_discrimination.normal_vs_abnormal.average_precision,0.8909090909090909,0.5151515151515151,1.0,0.10767914276607572,0.95,bca,bca,False,,5000,5000,whole_patient_cluster,True,three_class_patient_label,52026
yolo26,2026,standardized_resnet18,patient,calibrated,conditional.derived_discrimination.papilledema_vs_pseudopapilledema.auroc,0.3333333333333333,0.0,1.0,0.29115270328247095,0.95,bca,bca,False,,4688,5000,whole_patient_cluster,True,three_class_patient_label,52026
yolo26,2026,standardized_resnet18,patient,calibrated,conditional.derived_discrimination.papilledema_vs_pseudopapilledema.average_precision,0.7,0.325,1.0,0.18253765870223418,0.95,bca,bca,False,,4982,5000,whole_patient_cluster,True,three_class_patient_label,52026
yolo26,2026,standardized_resnet18,patient,calibrated,conditional.macro_auroc,0.7752525252525254,0.46560910758063134,1.0,0.13400251169848773,0.95,bca,bca,False,,5000,5000,whole_patient_cluster,True,three_class_patient_label,52026
yolo26,2026,standardized_resnet18,patient,calibrated,conditional.macro_average_precision,0.6674895706145705,0.48535654664164846,0.9079039902347953,0.1278609616082692,0.95,bca,bca,False,,5000,5000,whole_patient_cluster,True,three_class_patient_label,52026
yolo26,2026,standardized_resnet18,patient,calibrated,conditional.macro_classwise_ece,0.19897107311156373,0.13111128551470175,0.22885717686635662,0.039746938025234185,0.95,bca,bca,False,,5000,5000,whole_patient_cluster,True,three_class_patient_label,52026
yolo26,2026,standardized_resnet18,patient,calibrated,conditional.macro_f1,0.6137254901960785,0.38381983359881156,1.0,0.16200132904072315,0.95,bca,bca,False,,5000,5000,whole_patient_cluster,True,three_class_patient_label,52026
yolo26,2026,standardized_resnet18,patient,calibrated,conditional.multiclass_brier,0.4326844383098182,0.34005940584120103,0.5806265225029433,0.05860051729221546,0.95,bca,bca,False,,5000,5000,whole_patient_cluster,True,three_class_patient_label,52026
yolo26,2026,standardized_resnet18,patient,calibrated,conditional.multiclass_mcc,0.5595028849441883,0.17937941173235,0.8668807377250547,0.17967491356801538,0.95,bca,bca,False,,5000,5000,whole_patient_cluster,True,three_class_patient_label,52026
yolo26,2026,standardized_resnet18,patient,calibrated,conditional.multiclass_nll,0.7579380890437885,0.6266696450102364,1.0133149808878348,0.08986128033540057,0.95,bca,bca,False,,5000,5000,whole_patient_cluster,True,three_class_patient_label,52026
yolo26,2026,standardized_resnet18,patient,calibrated,conditional.per_class.normal.auroc_ovr,0.8500000000000001,0.33333333333333337,1.0,0.14089574000991062,0.95,bca,bca,False,,5000,5000,whole_patient_cluster,True,three_class_patient_label,52026
yolo26,2026,standardized_resnet18,patient,calibrated,conditional.per_class.normal.average_precision_ovr,0.8755456349206349,0.5523425676333104,1.0,0.09681898152977576,0.95,bca,bca,False,,5000,5000,whole_patient_cluster,True,three_class_patient_label,52026
yolo26,2026,standardized_resnet18,patient,calibrated,conditional.per_class.normal.f1,0.9411764705882353,0.7776585581386146,1.0,0.049558979710188154,0.95,bca,bca,False,,5000,5000,whole_patient_cluster,True,three_class_patient_label,52026
yolo26,2026,standardized_resnet18,patient,calibrated,conditional.per_class.normal.precision,0.8888888888888888,0.6324413795066832,1.0,0.08714764044693618,0.95,bca,bca,False,,5000,5000,whole_patient_cluster,True,three_class_patient_label,52026
yolo26,2026,standardized_resnet18,patient,calibrated,conditional.per_class.normal.recall,1.0,1.0,1.0,0.0,0.95,bca,bca,False,,5000,5000,whole_patient_cluster,True,three_class_patient_label,52026
yolo26,2026,standardized_resnet18,patient,calibrated,conditional.per_class.papilledema.auroc_ovr,0.9090909090909091,0.625,1.0,0.07940707002828654,0.95,bca,bca,False,,4706,5000,whole_patient_cluster,True,three_class_patient_label,52026
yolo26,2026,standardized_resnet18,patient,calibrated,conditional.per_class.papilledema.average_precision_ovr,0.5833333333333333,0.2,1.0,0.23756322291996693,0.95,bca,bca,False,,4706,5000,whole_patient_cluster,True,three_class_patient_label,52026
yolo26,2026,standardized_resnet18,patient,calibrated,conditional.per_class.papilledema.f1,0.5,0.0,1.0,0.33431100223930477,0.95,bca,bca,False,,5000,5000,whole_patient_cluster,True,three_class_patient_label,52026
yolo26,2026,standardized_resnet18,patient,calibrated,conditional.per_class.papilledema.precision,0.5,0.0,1.0,0.37241289513906967,0.95,bca,bca,False,,5000,5000,whole_patient_cluster,True,three_class_patient_label,52026
yolo26,2026,standardized_resnet18,patient,calibrated,conditional.per_class.papilledema.recall,0.5,0.0,1.0,0.3800161833046058,0.95,bca,bca,False,,4706,5000,whole_patient_cluster,True,three_class_patient_label,52026
yolo26,2026,standardized_resnet18,patient,calibrated,conditional.per_class.pseudopapilledema.auroc_ovr,0.5666666666666667,0.0,1.0,0.2622170773713623,0.95,bca,bca,False,,4982,5000,whole_patient_cluster,True,three_class_patient_label,52026
yolo26,2026,standardized_resnet18,patient,calibrated,conditional.per_class.pseudopapilledema.average_precision_ovr,0.5435897435897437,0.16666666666666666,1.0,0.23014465430697648,0.95,bca,bca,False,,4982,5000,whole_patient_cluster,True,three_class_patient_label,52026
yolo26,2026,standardized_resnet18,patient,calibrated,conditional.per_class.pseudopapilledema.f1,0.4,0.0,1.0,0.2841141855999795,0.95,bca,bca,False,,5000,5000,whole_patient_cluster,True,three_class_patient_label,52026
yolo26,2026,standardized_resnet18,patient,calibrated,conditional.per_class.pseudopapilledema.precision,0.5,0.0,1.0,0.3716139604299562,0.95,bca,bca,False,,5000,5000,whole_patient_cluster,True,three_class_patient_label,52026
yolo26,2026,standardized_resnet18,patient,calibrated,conditional.per_class.pseudopapilledema.recall,0.3333333333333333,0.0,1.0,0.2912926529527154,0.95,bca,bca,False,,4982,5000,whole_patient_cluster,True,three_class_patient_label,52026
yolo26,2026,standardized_resnet18,patient,calibrated,conditional.top_label_ece,0.20919761583696458,0.01914737839459877,0.30558426040537395,0.086349099377354,0.95,bca,bca,False,,5000,5000,whole_patient_cluster,True,three_class_patient_label,52026
yolo26,2026,standardized_resnet18,patient,calibrated,conditional_aurc,0.225937737476199,0.014520202020202022,0.5424634866820598,0.12255214790150651,0.95,bca,bca,False,,5000,5000,whole_patient_cluster,True,three_class_patient_label,52026
yolo26,2026,standardized_resnet18,patient,calibrated,coverage,0.7222222222222222,0.5,0.8888888888888888,0.10089195680776941,0.95,bca,bca,False,,5000,5000,whole_patient_cluster,True,three_class_patient_label,52026
yolo26,2026,standardized_resnet18,patient,calibrated,failure_aware.accuracy,0.5555555555555556,0.3333333333333333,0.7222222222222222,0.09880509256320637,0.95,bca,bca,False,,5000,5000,whole_patient_cluster,True,three_class_patient_label,52026
yolo26,2026,standardized_resnet18,patient,calibrated,failure_aware.balanced_accuracy,0.43333333333333335,0.26666666666666666,0.7166666666666667,0.11037179243036073,0.95,bca,bca,False,,5000,5000,whole_patient_cluster,True,three_class_patient_label,52026
yolo26,2026,standardized_resnet18,patient,calibrated,failure_aware.macro_f1,0.5029239766081871,0.2913165266106443,0.7995747919776462,0.12555772668902682,0.95,bca,bca,False,,5000,5000,whole_patient_cluster,True,three_class_patient_label,52026
yolo26,2026,standardized_resnet18,patient,calibrated,failure_aware.multiclass_mcc,0.36852882121143804,0.1230093723035056,0.6051998306483859,0.12340567813996654,0.95,bca,bca,False,,5000,5000,whole_patient_cluster,True,three_class_patient_label,52026
yolo26,2026,standardized_resnet18,patient,calibrated,failure_aware.per_class.normal.f1,0.8421052631578947,0.5882352941176471,0.9523809523809523,0.08948928375290369,0.95,bca,bca,False,,5000,5000,whole_patient_cluster,True,three_class_patient_label,52026
yolo26,2026,standardized_resnet18,patient,calibrated,failure_aware.per_class.normal.precision,0.8888888888888888,0.6324413795066832,1.0,0.08714764044693618,0.95,bca,bca,False,,5000,5000,whole_patient_cluster,True,three_class_patient_label,52026
yolo26,2026,standardized_resnet18,patient,calibrated,failure_aware.per_class.normal.recall,0.8,0.5,1.0,0.12673944207402624,0.95,bca,bca,False,,5000,5000,whole_patient_cluster,True,three_class_patient_label,52026
yolo26,2026,standardized_resnet18,patient,calibrated,failure_aware.per_class.papilledema.f1,0.3333333333333333,0.0,0.8571428571428571,0.24299046640544736,0.95,bca,bca,False,,5000,5000,whole_patient_cluster,True,three_class_patient_label,52026
yolo26,2026,standardized_resnet18,patient,calibrated,failure_aware.per_class.papilledema.precision,0.5,0.0,1.0,0.37241289513906967,0.95,bca,bca,False,,5000,5000,whole_patient_cluster,True,three_class_patient_label,52026
yolo26,2026,standardized_resnet18,patient,calibrated,failure_aware.per_class.papilledema.recall,0.25,0.0,0.75,0.21577597608253535,0.95,bca,bca,False,,5000,5000,whole_patient_cluster,True,three_class_patient_label,52026
yolo26,2026,standardized_resnet18,patient,calibrated,failure_aware.per_class.pseudopapilledema.f1,0.3333333333333333,0.0,0.8571428571428571,0.24240394078742294,0.95,bca,bca,False,,5000,5000,whole_patient_cluster,True,three_class_patient_label,52026
yolo26,2026,standardized_resnet18,patient,calibrated,failure_aware.per_class.pseudopapilledema.precision,0.5,0.0,1.0,0.3716139604299562,0.95,bca,bca,False,,5000,5000,whole_patient_cluster,True,three_class_patient_label,52026
yolo26,2026,standardized_resnet18,patient,calibrated,failure_aware.per_class.pseudopapilledema.recall,0.25,0.0,0.8330060354962825,0.21704704993244409,0.95,bca,bca,False,,5000,5000,whole_patient_cluster,True,three_class_patient_label,52026
yolo26,2026,standardized_resnet18,patient,calibrated,failure_aware_aurc,0.2659692975869447,0.09065166859284507,0.5091756715331659,0.10574177288962568,0.95,bca,bca,False,,5000,5000,whole_patient_cluster,True,three_class_patient_label,52026
yolo26,2026,standardized_resnet18,patient,calibrated,localized_diagnostic_success.rate,0.5,0.3333333333333333,0.6666666666666666,0.0855641123946584,0.95,bca,bca,False,,5000,5000,whole_patient_cluster,True,three_class_patient_label,52026
yolo26,2026,standardized_resnet18,patient,calibrated,selective_risk,0.23076923076923078,0.07692307692307693,0.45454545454545453,0.09559739594773996,0.95,bca,bca,False,,5000,5000,whole_patient_cluster,True,three_class_patient_label,52026
yolo26,2026,standardized_resnet18,eye,calibrated,class_conditional_coverage.normal,0.85,0.5,1.0,0.10324506917457014,0.95,bca,bca,False,,5000,5000,whole_patient_cluster,True,three_class_patient_label,52027
yolo26,2026,standardized_resnet18,eye,calibrated,class_conditional_coverage.papilledema,0.75,0.5,1.0,0.12466974777066744,0.95,bca,bca,False,,5000,5000,whole_patient_cluster,True,three_class_patient_label,52027
yolo26,2026,standardized_resnet18,eye,calibrated,class_conditional_coverage.pseudopapilledema,0.875,0.625,1.0,0.10814471348989355,0.95,bca,bca,False,,5000,5000,whole_patient_cluster,True,three_class_patient_label,52027
yolo26,2026,standardized_resnet18,eye,calibrated,conditional.accuracy,0.7666666666666667,0.625,0.8888888888888888,0.06673413543979743,0.95,bca,bca,False,,5000,5000,whole_patient_cluster,True,three_class_patient_label,52027
yolo26,2026,standardized_resnet18,eye,calibrated,conditional.balanced_accuracy,0.6507936507936507,0.49523809523809526,0.8690476190476191,0.09914437560426613,0.95,bca,bca,False,,5000,5000,whole_patient_cluster,True,three_class_patient_label,52027
yolo26,2026,standardized_resnet18,eye,calibrated,conditional.derived_discrimination.normal_vs_abnormal.auroc,0.8778280542986425,0.5396576919384468,1.0,0.10734567457397418,0.95,bca,bca,False,,5000,5000,whole_patient_cluster,True,three_class_patient_label,52027
yolo26,2026,standardized_resnet18,eye,calibrated,conditional.derived_discrimination.normal_vs_abnormal.average_precision,0.9207703840387496,0.7025681141838295,1.0,0.0706113173953635,0.95,bca,bca,False,,5000,5000,whole_patient_cluster,True,three_class_patient_label,52027
yolo26,2026,standardized_resnet18,eye,calibrated,conditional.derived_discrimination.papilledema_vs_pseudopapilledema.auroc,0.26190476190476186,0.0,0.7857142857142858,0.19077288912285284,0.95,bca,bca,False,,5000,5000,whole_patient_cluster,True,three_class_patient_label,52027
yolo26,2026,standardized_resnet18,eye,calibrated,conditional.derived_discrimination.papilledema_vs_pseudopapilledema.average_precision,0.5382867132867133,0.33606060606060606,0.8127185314685315,0.12771624858719743,0.95,bca,bca,False,,5000,5000,whole_patient_cluster,True,three_class_patient_label,52027
yolo26,2026,standardized_resnet18,eye,calibrated,conditional.macro_auroc,0.7786485738851469,0.5582658804040446,0.9139439072101716,0.0897409490181819,0.95,bca,bca,False,,5000,5000,whole_patient_cluster,True,three_class_patient_label,52027
yolo26,2026,standardized_resnet18,eye,calibrated,conditional.macro_average_precision,0.5741014109875276,0.4514987636691646,0.705294281404759,0.08970152420125405,0.95,bca,bca,False,,5000,5000,whole_patient_cluster,True,three_class_patient_label,52027
yolo26,2026,standardized_resnet18,eye,calibrated,conditional.macro_classwise_ece,0.19286625028134788,0.1532834122815914,0.2116700656239219,0.02895802624368206,0.95,bca,bca,False,,5000,5000,whole_patient_cluster,True,three_class_patient_label,52027
yolo26,2026,standardized_resnet18,eye,calibrated,conditional.macro_f1,0.6411551411551412,0.4523809523809524,0.8855259669876053,0.11403006638751184,0.95,bca,bca,False,,5000,5000,whole_patient_cluster,True,three_class_patient_label,52027
yolo26,2026,standardized_resnet18,eye,calibrated,conditional.multiclass_brier,0.4530741545409974,0.3784389194537934,0.5669091482195243,0.046341049080509546,0.95,bca,bca,False,,5000,5000,whole_patient_cluster,True,three_class_patient_label,52027
yolo26,2026,standardized_resnet18,eye,calibrated,conditional.multiclass_mcc,0.5948047203410877,0.3449765927675704,0.8177810537816991,0.11988495346529698,0.95,bca,bca,False,,5000,5000,whole_patient_cluster,True,three_class_patient_label,52027
yolo26,2026,standardized_resnet18,eye,calibrated,conditional.multiclass_nll,0.7784045671641207,0.6725872417216391,0.987919103411585,0.073961876397557,0.95,bca,bca,False,,5000,5000,whole_patient_cluster,True,three_class_patient_label,52027
yolo26,2026,standardized_resnet18,eye,calibrated,conditional.per_class.normal.auroc_ovr,0.8778280542986425,0.539675455557494,1.0,0.10734567457397418,0.95,bca,bca,False,,5000,5000,whole_patient_cluster,True,three_class_patient_label,52027
yolo26,2026,standardized_resnet18,eye,calibrated,conditional.per_class.normal.average_precision_ovr,0.8380810487393987,0.5316557598946262,1.0,0.11721135358846793,0.95,bca,bca,False,,5000,5000,whole_patient_cluster,True,three_class_patient_label,52027
yolo26,2026,standardized_resnet18,eye,calibrated,conditional.per_class.normal.f1,0.9444444444444444,0.8,1.0,0.04668188157747821,0.95,bca,bca,False,,5000,5000,whole_patient_cluster,True,three_class_patient_label,52027
yolo26,2026,standardized_resnet18,eye,calibrated,conditional.per_class.normal.precision,0.8947368421052632,0.6666666666666666,1.0,0.0827753640699379,0.95,bca,bca,False,,5000,5000,whole_patient_cluster,True,three_class_patient_label,52027
yolo26,2026,standardized_resnet18,eye,calibrated,conditional.per_class.normal.recall,1.0,1.0,1.0,0.0,0.95,bca,bca,False,,5000,5000,whole_patient_cluster,True,three_class_patient_label,52027
yolo26,2026,standardized_resnet18,eye,calibrated,conditional.per_class.papilledema.auroc_ovr,0.8680555555555556,0.6883116883116883,0.9687167356585462,0.06684231604506875,0.95,bca,bca,False,,5000,5000,whole_patient_cluster,True,three_class_patient_label,52027
yolo26,2026,standardized_resnet18,eye,calibrated,conditional.per_class.papilledema.average_precision_ovr,0.4933862433862434,0.29091477127064114,0.8055555555555556,0.1632490975534136,0.95,bca,bca,False,,5000,5000,whole_patient_cluster,True,three_class_patient_label,52027
yolo26,2026,standardized_resnet18,eye,calibrated,conditional.per_class.papilledema.f1,0.6153846153846154,0.3076923076923077,0.9230769230769231,0.15661699166039594,0.95,bca,bca,False,,5000,5000,whole_patient_cluster,True,three_class_patient_label,52027
yolo26,2026,standardized_resnet18,eye,calibrated,conditional.per_class.papilledema.precision,0.5714285714285714,0.2,1.0,0.18424294985064552,0.95,bca,bca,False,,5000,5000,whole_patient_cluster,True,three_class_patient_label,52027
yolo26,2026,standardized_resnet18,eye,calibrated,conditional.per_class.papilledema.recall,0.6666666666666666,0.25,1.0,0.18585356789563073,0.95,bca,bca,False,,5000,5000,whole_patient_cluster,True,three_class_patient_label,52027
yolo26,2026,standardized_resnet18,eye,calibrated,conditional.per_class.pseudopapilledema.auroc_ovr,0.5900621118012422,0.12515890714416644,0.8819875776397516,0.19360503945921195,0.95,bca,bca,False,,5000,5000,whole_patient_cluster,True,three_class_patient_label,52027
yolo26,2026,standardized_resnet18,eye,calibrated,conditional.per_class.pseudopapilledema.average_precision_ovr,0.39083694083694087,0.18581127292097535,0.7928571428571428,0.16876118472029228,0.95,bca,bca,False,,5000,5000,whole_patient_cluster,True,three_class_patient_label,52027
yolo26,2026,standardized_resnet18,eye,calibrated,conditional.per_class.pseudopapilledema.f1,0.36363636363636365,0.0,0.8888888888888888,0.24732824006525236,0.95,bca,bca,False,,5000,5000,whole_patient_cluster,True,three_class_patient_label,52027
yolo26,2026,standardized_resnet18,eye,calibrated,conditional.per_class.pseudopapilledema.precision,0.5,0.0,1.0,0.3088999994704806,0.95,bca,bca,False,,5000,5000,whole_patient_cluster,True,three_class_patient_label,52027
yolo26,2026,standardized_resnet18,eye,calibrated,conditional.per_class.pseudopapilledema.recall,0.2857142857142857,0.0,0.8571428571428571,0.23147395977126478,0.95,bca,bca,False,,5000,5000,whole_patient_cluster,True,three_class_patient_label,52027
yolo26,2026,standardized_resnet18,eye,calibrated,conditional.top_label_ece,0.20934651762500825,0.07014487156893474,0.3253920913021325,0.06785383703003263,0.95,bca,bca,False,,5000,5000,whole_patient_cluster,True,three_class_patient_label,52027
yolo26,2026,standardized_resnet18,eye,calibrated,conditional_aurc,0.26442330214494403,0.0883459880987429,0.5239439361217003,0.10749391935377309,0.95,bca,bca,False,,5000,5000,whole_patient_cluster,True,three_class_patient_label,52027
yolo26,2026,standardized_resnet18,eye,calibrated,coverage,0.8333333333333334,0.6666666666666666,0.9444444444444444,0.06830890176776608,0.95,bca,bca,False,,5000,5000,whole_patient_cluster,True,three_class_patient_label,52027
yolo26,2026,standardized_resnet18,eye,calibrated,failure_aware.accuracy,0.6388888888888888,0.4444444444444444,0.7777777777777778,0.08436299981604736,0.95,bca,bca,False,,5000,5000,whole_patient_cluster,True,three_class_patient_label,52027
yolo26,2026,standardized_resnet18,eye,calibrated,failure_aware.balanced_accuracy,0.5333333333333333,0.3666666666666667,0.7583333333333333,0.09872936985869271,0.95,bca,bca,False,,5000,5000,whole_patient_cluster,True,three_class_patient_label,52027
yolo26,2026,standardized_resnet18,eye,calibrated,failure_aware.macro_f1,0.5794871794871794,0.39999999999999997,0.832015424454779,0.10868531927126066,0.95,bca,bca,False,,5000,5000,whole_patient_cluster,True,three_class_patient_label,52027
yolo26,2026,standardized_resnet18,eye,calibrated,failure_aware.multiclass_mcc,0.44982010792805033,0.22458538797354577,0.6696086943054427,0.11412954649908763,0.95,bca,bca,False,,5000,5000,whole_patient_cluster,True,three_class_patient_label,52027
yolo26,2026,standardized_resnet18,eye,calibrated,failure_aware.per_class.normal.f1,0.8717948717948718,0.6666666666666666,0.9743589743589743,0.0739030352960263,0.95,bca,bca,False,,5000,5000,whole_patient_cluster,True,three_class_patient_label,52027
yolo26,2026,standardized_resnet18,eye,calibrated,failure_aware.per_class.normal.precision,0.8947368421052632,0.6666666666666666,1.0,0.0827753640699379,0.95,bca,bca,False,,5000,5000,whole_patient_cluster,True,three_class_patient_label,52027
yolo26,2026,standardized_resnet18,eye,calibrated,failure_aware.per_class.normal.recall,0.85,0.5,1.0,0.10324506917457014,0.95,bca,bca,False,,5000,5000,whole_patient_cluster,True,three_class_patient_label,52027
yolo26,2026,standardized_resnet18,eye,calibrated,failure_aware.per_class.papilledema.f1,0.5333333333333333,0.25,0.8571428571428571,0.15571714116623706,0.95,bca,bca,False,,5000,5000,whole_patient_cluster,True,three_class_patient_label,52027
yolo26,2026,standardized_resnet18,eye,calibrated,failure_aware.per_class.papilledema.precision,0.5714285714285714,0.2,1.0,0.18424294985064552,0.95,bca,bca,False,,5000,5000,whole_patient_cluster,True,three_class_patient_label,52027
yolo26,2026,standardized_resnet18,eye,calibrated,failure_aware.per_class.papilledema.recall,0.5,0.125,0.875,0.17745504341518922,0.95,bca,bca,False,,5000,5000,whole_patient_cluster,True,three_class_patient_label,52027
yolo26,2026,standardized_resnet18,eye,calibrated,failure_aware.per_class.pseudopapilledema.f1,0.3333333333333333,0.0,0.8571428571428571,0.23446956325500917,0.95,bca,bca,False,,5000,5000,whole_patient_cluster,True,three_class_patient_label,52027
yolo26,2026,standardized_resnet18,eye,calibrated,failure_aware.per_class.pseudopapilledema.precision,0.5,0.0,1.0,0.3088999994704806,0.95,bca,bca,False,,5000,5000,whole_patient_cluster,True,three_class_patient_label,52027
yolo26,2026,standardized_resnet18,eye,calibrated,failure_aware.per_class.pseudopapilledema.recall,0.25,0.0,0.75,0.21252955385605185,0.95,bca,bca,False,,5000,5000,whole_patient_cluster,True,three_class_patient_label,52027
yolo26,2026,standardized_resnet18,eye,calibrated,failure_aware_aurc,0.2722928208122393,0.10884676048502985,0.49294901964712073,0.09721168587843701,0.95,bca,bca,False,,5000,5000,whole_patient_cluster,True,three_class_patient_label,52027
yolo26,2026,standardized_resnet18,eye,calibrated,localized_diagnostic_success.rate,0.6111111111111112,0.4444444444444444,0.7222222222222222,0.07395298460672994,0.95,bca,bca,False,,5000,5000,whole_patient_cluster,True,three_class_patient_label,52027
yolo26,2026,standardized_resnet18,eye,calibrated,selective_risk,0.23333333333333334,0.1111111111111111,0.375,0.06673413543979743,0.95,bca,bca,False,,5000,5000,whole_patient_cluster,True,three_class_patient_label,52027
yolo26,3407,model_specific,patient,calibrated,class_conditional_coverage.normal,1.0,1.0,1.0,0.0,0.95,bca,bca,False,,5000,5000,whole_patient_cluster,True,three_class_patient_label,53407
yolo26,3407,model_specific,patient,calibrated,class_conditional_coverage.papilledema,0.75,0.25,1.0,0.21802223909351054,0.95,bca,bca,False,,5000,5000,whole_patient_cluster,True,three_class_patient_label,53407
yolo26,3407,model_specific,patient,calibrated,class_conditional_coverage.pseudopapilledema,0.75,0.25,1.0,0.21683727465714042,0.95,bca,bca,False,,5000,5000,whole_patient_cluster,True,three_class_patient_label,53407
yolo26,3407,model_specific,patient,calibrated,conditional.accuracy,0.625,0.5555555555555556,0.7692307692307693,0.05064889523557603,0.95,bca,bca,False,,5000,5000,whole_patient_cluster,True,three_class_patient_label,53407
yolo26,3407,model_specific,patient,calibrated,conditional.balanced_accuracy,0.3333333333333333,0.3333333333333333,0.3333333333333333,0.015031805980593541,0.95,bca,bca,False,,5000,5000,whole_patient_cluster,True,three_class_patient_label,53407
yolo26,3407,model_specific,patient,calibrated,conditional.derived_discrimination.normal_vs_abnormal.auroc,0.8999999999999999,0.65,1.0,0.07288280518061903,0.95,bca,bca,False,,5000,5000,whole_patient_cluster,True,three_class_patient_label,53407
yolo26,3407,model_specific,patient,calibrated,conditional.derived_discrimination.normal_vs_abnormal.average_precision,0.8819444444444444,0.6582749740700548,1.0,0.07635274670527417,0.95,bca,bca,False,,5000,5000,whole_patient_cluster,True,three_class_patient_label,53407
yolo26,3407,model_specific,patient,calibrated,conditional.derived_discrimination.papilledema_vs_pseudopapilledema.auroc,0.33333333333333337,0.0,1.0,0.25617984037862485,0.95,bca,bca,False,,4959,5000,whole_patient_cluster,True,three_class_patient_label,53407
yolo26,3407,model_specific,patient,calibrated,conditional.derived_discrimination.papilledema_vs_pseudopapilledema.average_precision,0.5,0.2,0.8,0.17293680784765558,0.95,bca,bca,False,,4977,5000,whole_patient_cluster,True,three_class_patient_label,53407
yolo26,3407,model_specific,patient,calibrated,conditional.macro_auroc,0.7700854700854701,0.5968144395435694,0.8770925328058696,0.0699248250455666,0.95,bca,bca,False,,5000,5000,whole_patient_cluster,True,three_class_patient_label,53407
yolo26,3407,model_specific,patient,calibrated,conditional.macro_average_precision,0.5736483886483886,0.3945615640762733,0.6555555555555556,0.07313005589969718,0.95,bca,bca,False,,5000,5000,whole_patient_cluster,True,three_class_patient_label,53407
yolo26,3407,model_specific,patient,calibrated,conditional.macro_classwise_ece,0.2234030648336557,0.15420662807840305,0.26129575998212917,0.0263899717171346,0.95,bca,bca,False,,5000,5000,whole_patient_cluster,True,three_class_patient_label,53407
yolo26,3407,model_specific,patient,calibrated,conditional.macro_f1,0.30303030303030304,0.2777777777777778,0.3333333333333333,0.013890378912945091,0.95,bca,bca,False,,5000,5000,whole_patient_cluster,True,three_class_patient_label,53407
yolo26,3407,model_specific,patient,calibrated,conditional.multiclass_brier,0.5069227470626945,0.3610522508389446,0.6347567347567362,0.07128614593032237,0.95,bca,bca,False,,5000,5000,whole_patient_cluster,True,three_class_patient_label,53407
yolo26,3407,model_specific,patient,calibrated,conditional.multiclass_mcc,0.23600347746461436,0.1375047745542317,0.3583790144112818,0.05723632095175874,0.95,bca,bca,False,,5000,5000,whole_patient_cluster,True,three_class_patient_label,53407
yolo26,3407,model_specific,patient,calibrated,conditional.multiclass_nll,0.8008983199078931,0.5885097577305339,1.0150911521494204,0.11005924733482995,0.95,bca,bca,False,,5000,5000,whole_patient_cluster,True,three_class_patient_label,53407
yolo26,3407,model_specific,patient,calibrated,conditional.per_class.normal.auroc_ovr,0.9,0.6629207574594476,1.0,0.07288280518061903,0.95,bca,bca,False,,5000,5000,whole_patient_cluster,True,three_class_patient_label,53407
yolo26,3407,model_specific,patient,calibrated,conditional.per_class.normal.average_precision_ovr,0.9451515151515152,0.7966911796667913,0.9909090909090907,0.03866883510546088,0.95,bca,bca,False,,5000,5000,whole_patient_cluster,True,three_class_patient_label,53407
yolo26,3407,model_specific,patient,calibrated,conditional.per_class.normal.f1,0.9090909090909091,0.8333333333333334,1.0,0.041671136738835296,0.95,bca,bca,False,,5000,5000,whole_patient_cluster,True,three_class_patient_label,53407
yolo26,3407,model_specific,patient,calibrated,conditional.per_class.normal.precision,0.8333333333333334,0.7142857142857143,1.0,0.07122807226823866,0.95,bca,bca,False,,5000,5000,whole_patient_cluster,True,three_class_patient_label,53407
yolo26,3407,model_specific,patient,calibrated,conditional.per_class.normal.recall,1.0,1.0,1.0,0.0,0.95,bca,bca,False,,5000,5000,whole_patient_cluster,True,three_class_patient_label,53407
yolo26,3407,model_specific,patient,calibrated,conditional.per_class.papilledema.auroc_ovr,0.8205128205128205,0.4318946435276726,1.0,0.12122001806997175,0.95,bca,bca,False,,4982,5000,whole_patient_cluster,True,three_class_patient_label,53407
yolo26,3407,model_specific,patient,calibrated,conditional.per_class.papilledema.average_precision_ovr,0.5138888888888888,0.125,0.875,0.20993368261455347,0.95,bca,bca,False,,4982,5000,whole_patient_cluster,True,three_class_patient_label,53407
yolo26,3407,model_specific,patient,calibrated,conditional.per_class.papilledema.f1,0.0,0.0,0.0,0.0,0.95,bca,bca,False,,5000,5000,whole_patient_cluster,True,three_class_patient_label,53407
yolo26,3407,model_specific,patient,calibrated,conditional.per_class.papilledema.precision,0.0,0.0,0.0,0.0,0.95,bca,bca,False,,5000,5000,whole_patient_cluster,True,three_class_patient_label,53407
yolo26,3407,model_specific,patient,calibrated,conditional.per_class.papilledema.recall,0.0,0.0,0.0,0.0,0.95,bca,bca,False,,4982,5000,whole_patient_cluster,True,three_class_patient_label,53407
yolo26,3407,model_specific,patient,calibrated,conditional.per_class.pseudopapilledema.auroc_ovr,0.5897435897435898,0.3571428571428571,0.7727272727272727,0.1096041470376237,0.95,bca,bca,False,,4977,5000,whole_patient_cluster,True,three_class_patient_label,53407
yolo26,3407,model_specific,patient,calibrated,conditional.per_class.pseudopapilledema.average_precision_ovr,0.2619047619047619,0.1111111111111111,0.3888888888888889,0.09126833731928606,0.95,bca,bca,False,,4977,5000,whole_patient_cluster,True,three_class_patient_label,53407
yolo26,3407,model_specific,patient,calibrated,conditional.per_class.pseudopapilledema.f1,0.0,0.0,0.0,0.0,0.95,bca,bca,False,,5000,5000,whole_patient_cluster,True,three_class_patient_label,53407
yolo26,3407,model_specific,patient,calibrated,conditional.per_class.pseudopapilledema.precision,0.0,0.0,0.0,0.0,0.95,bca,bca,False,,5000,5000,whole_patient_cluster,True,three_class_patient_label,53407
yolo26,3407,model_specific,patient,calibrated,conditional.per_class.pseudopapilledema.recall,0.0,0.0,0.0,0.0,0.95,bca,bca,False,,4977,5000,whole_patient_cluster,True,three_class_patient_label,53407
yolo26,3407,model_specific,patient,calibrated,conditional.top_label_ece,0.3277192385946201,0.18792343505042264,0.4100818307379596,0.054322789542877156,0.95,bca,bca,False,,5000,5000,whole_patient_cluster,True,three_class_patient_label,53407
yolo26,3407,model_specific,patient,calibrated,conditional_aurc,0.21950878982128982,0.10087075622789908,0.3915875003564572,0.07458910676285552,0.95,bca,bca,False,,5000,5000,whole_patient_cluster,True,three_class_patient_label,53407
yolo26,3407,model_specific,patient,calibrated,coverage,0.8888888888888888,0.7222222222222222,1.0,0.06826595195401133,0.95,bca,bca,False,,5000,5000,whole_patient_cluster,True,three_class_patient_label,53407
yolo26,3407,model_specific,patient,calibrated,failure_aware.accuracy,0.5555555555555556,0.5555555555555556,0.5555555555555556,1.1103340635837404e-16,0.95,bca,bca,False,,5000,5000,whole_patient_cluster,True,three_class_patient_label,53407
yolo26,3407,model_specific,patient,calibrated,failure_aware.balanced_accuracy,0.3333333333333333,0.3333333333333333,0.3333333333333333,5.551670317918702e-17,0.95,bca,bca,False,,5000,5000,whole_patient_cluster,True,three_class_patient_label,53407
yolo26,3407,model_specific,patient,calibrated,failure_aware.macro_f1,0.30303030303030304,0.2777777777777778,0.3333333333333333,0.013890378912945091,0.95,bca,bca,False,,5000,5000,whole_patient_cluster,True,three_class_patient_label,53407
yolo26,3407,model_specific,patient,calibrated,failure_aware.multiclass_mcc,0.24646089322152145,0.1636634176769943,0.3256694736394648,0.03960010580458428,0.95,bca,bca,False,,5000,5000,whole_patient_cluster,True,three_class_patient_label,53407
yolo26,3407,model_specific,patient,calibrated,failure_aware.per_class.normal.f1,0.9090909090909091,0.8333333333333334,1.0,0.041671136738835296,0.95,bca,bca,False,,5000,5000,whole_patient_cluster,True,three_class_patient_label,53407
yolo26,3407,model_specific,patient,calibrated,failure_aware.per_class.normal.precision,0.8333333333333334,0.7142857142857143,1.0,0.07122807226823866,0.95,bca,bca,False,,5000,5000,whole_patient_cluster,True,three_class_patient_label,53407
yolo26,3407,model_specific,patient,calibrated,failure_aware.per_class.normal.recall,1.0,1.0,1.0,0.0,0.95,bca,bca,False,,5000,5000,whole_patient_cluster,True,three_class_patient_label,53407
yolo26,3407,model_specific,patient,calibrated,failure_aware.per_class.papilledema.f1,0.0,0.0,0.0,0.0,0.95,bca,bca,False,,5000,5000,whole_patient_cluster,True,three_class_patient_label,53407
yolo26,3407,model_specific,patient,calibrated,failure_aware.per_class.papilledema.precision,0.0,0.0,0.0,0.0,0.95,bca,bca,False,,5000,5000,whole_patient_cluster,True,three_class_patient_label,53407
yolo26,3407,model_specific,patient,calibrated,failure_aware.per_class.papilledema.recall,0.0,0.0,0.0,0.0,0.95,bca,bca,False,,5000,5000,whole_patient_cluster,True,three_class_patient_label,53407
yolo26,3407,model_specific,patient,calibrated,failure_aware.per_class.pseudopapilledema.f1,0.0,0.0,0.0,0.0,0.95,bca,bca,False,,5000,5000,whole_patient_cluster,True,three_class_patient_label,53407
yolo26,3407,model_specific,patient,calibrated,failure_aware.per_class.pseudopapilledema.precision,0.0,0.0,0.0,0.0,0.95,bca,bca,False,,5000,5000,whole_patient_cluster,True,three_class_patient_label,53407
yolo26,3407,model_specific,patient,calibrated,failure_aware.per_class.pseudopapilledema.recall,0.0,0.0,0.0,0.0,0.95,bca,bca,False,,5000,5000,whole_patient_cluster,True,three_class_patient_label,53407
yolo26,3407,model_specific,patient,calibrated,failure_aware_aurc,0.24268609930374638,0.15710347205445244,0.40098074021565866,0.061745511757264164,0.95,bca,bca,False,,5000,5000,whole_patient_cluster,True,three_class_patient_label,53407
yolo26,3407,model_specific,patient,calibrated,localized_diagnostic_success.rate,0.4444444444444444,0.2777777777777778,0.5555555555555556,0.06944759922597826,0.95,bca,bca,False,,5000,5000,whole_patient_cluster,True,three_class_patient_label,53407
yolo26,3407,model_specific,patient,calibrated,selective_risk,0.375,0.23076923076923078,0.4444444444444444,0.05064889523557604,0.95,bca,bca,False,,5000,5000,whole_patient_cluster,True,three_class_patient_label,53407
yolo26,3407,model_specific,eye,calibrated,class_conditional_coverage.normal,1.0,1.0,1.0,0.0,0.95,bca,bca,False,,5000,5000,whole_patient_cluster,True,three_class_patient_label,53408
yolo26,3407,model_specific,eye,calibrated,class_conditional_coverage.papilledema,0.875,0.625,1.0,0.1074860922492087,0.95,bca,bca,False,,5000,5000,whole_patient_cluster,True,three_class_patient_label,53408
yolo26,3407,model_specific,eye,calibrated,class_conditional_coverage.pseudopapilledema,0.875,0.625,1.0,0.10845066474824794,0.95,bca,bca,False,,5000,5000,whole_patient_cluster,True,three_class_patient_label,53408
yolo26,3407,model_specific,eye,calibrated,conditional.accuracy,0.6176470588235294,0.5142857142857142,0.71875,0.052530323522640227,0.95,bca,bca,False,,5000,5000,whole_patient_cluster,True,three_class_patient_label,53408
yolo26,3407,model_specific,eye,calibrated,conditional.balanced_accuracy,0.41190476190476194,0.30833333333333335,0.5388888888888889,0.06150782380408411,0.95,bca,bca,False,,5000,5000,whole_patient_cluster,True,three_class_patient_label,53408
yolo26,3407,model_specific,eye,calibrated,conditional.derived_discrimination.normal_vs_abnormal.auroc,0.8964285714285715,0.7428571428571429,1.0,0.05863202572925279,0.95,bca,bca,False,,5000,5000,whole_patient_cluster,True,three_class_patient_label,53408
yolo26,3407,model_specific,eye,calibrated,conditional.derived_discrimination.normal_vs_abnormal.average_precision,0.9028138011057265,0.7820965603992934,1.0,0.05228630739437294,0.95,bca,bca,False,,5000,5000,whole_patient_cluster,True,three_class_patient_label,53408
yolo26,3407,model_specific,eye,calibrated,conditional.derived_discrimination.papilledema_vs_pseudopapilledema.auroc,0.12244897959183673,0.0,0.28571428571428575,0.0743967709045072,0.95,bca,bca,False,,5000,5000,whole_patient_cluster,True,three_class_patient_label,53408
yolo26,3407,model_specific,eye,calibrated,conditional.derived_discrimination.papilledema_vs_pseudopapilledema.average_precision,0.36788211788211794,0.2972231254966147,0.4627705627705628,0.06379390809925146,0.95,bca,bca,False,,5000,5000,whole_patient_cluster,True,three_class_patient_label,53408
yolo26,3407,model_specific,eye,calibrated,conditional.macro_auroc,0.7608906525573192,0.6633975877904366,0.8292583907451816,0.041661831524872905,0.95,bca,bca,False,,5000,5000,whole_patient_cluster,True,three_class_patient_label,53408
yolo26,3407,model_specific,eye,calibrated,conditional.macro_average_precision,0.534534373105345,0.44853718429019057,0.5722464354049349,0.03678115490609028,0.95,bca,bca,False,,5000,5000,whole_patient_cluster,True,three_class_patient_label,53408
yolo26,3407,model_specific,eye,calibrated,conditional.macro_classwise_ece,0.15177479625975898,0.10598029597314668,0.16518211516596804,0.021981428732261957,0.95,bca,bca,False,,5000,5000,whole_patient_cluster,True,three_class_patient_label,53408
yolo26,3407,model_specific,eye,calibrated,conditional.macro_f1,0.37300501595987234,0.2695035460992908,0.48148148148148145,0.05345021527680615,0.95,bca,bca,False,,5000,5000,whole_patient_cluster,True,three_class_patient_label,53408
yolo26,3407,model_specific,eye,calibrated,conditional.multiclass_brier,0.53147006812134,0.41779367342139706,0.637036028022915,0.056019029044156454,0.95,bca,bca,False,,5000,5000,whole_patient_cluster,True,three_class_patient_label,53408
yolo26,3407,model_specific,eye,calibrated,conditional.multiclass_mcc,0.300862075716952,0.06582951770248002,0.495034143650483,0.10798405357130775,0.95,bca,bca,False,,5000,5000,whole_patient_cluster,True,three_class_patient_label,53408
yolo26,3407,model_specific,eye,calibrated,conditional.multiclass_nll,0.8606476557920463,0.7010955613893275,1.0140035139043702,0.0806540699545006,0.95,bca,bca,False,,5000,5000,whole_patient_cluster,True,three_class_patient_label,53408
yolo26,3407,model_specific,eye,calibrated,conditional.per_class.normal.auroc_ovr,0.8964285714285715,0.7428571428571429,1.0,0.058632025729252774,0.95,bca,bca,False,,5000,5000,whole_patient_cluster,True,three_class_patient_label,53408
yolo26,3407,model_specific,eye,calibrated,conditional.per_class.normal.average_precision_ovr,0.9176449108578265,0.783774281686787,1.0,0.04736425861467701,0.95,bca,bca,False,,5000,5000,whole_patient_cluster,True,three_class_patient_label,53408
yolo26,3407,model_specific,eye,calibrated,conditional.per_class.normal.f1,0.8837209302325582,0.782608695652174,0.9743589743589743,0.04872294348725573,0.95,bca,bca,False,,5000,5000,whole_patient_cluster,True,three_class_patient_label,53408
yolo26,3407,model_specific,eye,calibrated,conditional.per_class.normal.precision,0.8260869565217391,0.6923076923076923,1.0,0.07497553751523449,0.95,bca,bca,False,,5000,5000,whole_patient_cluster,True,three_class_patient_label,53408
yolo26,3407,model_specific,eye,calibrated,conditional.per_class.normal.recall,0.95,0.75,1.0,0.047854968598923145,0.95,bca,bca,False,,5000,5000,whole_patient_cluster,True,three_class_patient_label,53408
yolo26,3407,model_specific,eye,calibrated,conditional.per_class.papilledema.auroc_ovr,0.7989417989417991,0.625,0.9135802469135802,0.07053694619169122,0.95,bca,bca,False,,5000,5000,whole_patient_cluster,True,three_class_patient_label,53408
yolo26,3407,model_specific,eye,calibrated,conditional.per_class.papilledema.average_precision_ovr,0.4358766233766234,0.2929309884203691,0.6156969477595333,0.10956861249056539,0.95,bca,bca,False,,5000,5000,whole_patient_cluster,True,three_class_patient_label,53408
yolo26,3407,model_specific,eye,calibrated,conditional.per_class.papilledema.f1,0.0,0.0,0.0,0.0,0.95,bca,bca,False,,5000,5000,whole_patient_cluster,True,three_class_patient_label,53408
yolo26,3407,model_specific,eye,calibrated,conditional.per_class.papilledema.precision,0.0,0.0,0.0,0.0,0.95,bca,bca,False,,5000,5000,whole_patient_cluster,True,three_class_patient_label,53408
yolo26,3407,model_specific,eye,calibrated,conditional.per_class.papilledema.recall,0.0,0.0,0.0,0.0,0.95,bca,bca,False,,5000,5000,whole_patient_cluster,True,three_class_patient_label,53408
yolo26,3407,model_specific,eye,calibrated,conditional.per_class.pseudopapilledema.auroc_ovr,0.5873015873015873,0.4389862758755549,0.7115384615384616,0.06891517197667597,0.95,bca,bca,False,,5000,5000,whole_patient_cluster,True,three_class_patient_label,53408
yolo26,3407,model_specific,eye,calibrated,conditional.per_class.pseudopapilledema.average_precision_ovr,0.25008158508158507,0.19720425090278093,0.29721952839409443,0.03828002832574891,0.95,bca,bca,False,,5000,5000,whole_patient_cluster,True,three_class_patient_label,53408
yolo26,3407,model_specific,eye,calibrated,conditional.per_class.pseudopapilledema.f1,0.23529411764705882,0.0,0.47058823529411764,0.11541164708541593,0.95,bca,bca,False,,5000,5000,whole_patient_cluster,True,three_class_patient_label,53408
yolo26,3407,model_specific,eye,calibrated,conditional.per_class.pseudopapilledema.precision,0.2,0.0,0.36363636363636365,0.08865628714424378,0.95,bca,bca,False,,5000,5000,whole_patient_cluster,True,three_class_patient_label,53408
yolo26,3407,model_specific,eye,calibrated,conditional.per_class.pseudopapilledema.recall,0.2857142857142857,0.0,0.6666666666666666,0.17869794233947253,0.95,bca,bca,False,,5000,5000,whole_patient_cluster,True,three_class_patient_label,53408
yolo26,3407,model_specific,eye,calibrated,conditional.top_label_ece,0.18109844919228787,0.06473075091491057,0.26341100625251734,0.05082852895357294,0.95,bca,bca,False,,5000,5000,whole_patient_cluster,True,three_class_patient_label,53408
yolo26,3407,model_specific,eye,calibrated,conditional_aurc,0.24577820665311312,0.14528638046211528,0.3935910505380019,0.0634138098966185,0.95,bca,bca,False,,5000,5000,whole_patient_cluster,True,three_class_patient_label,53408
yolo26,3407,model_specific,eye,calibrated,coverage,0.9444444444444444,0.8611111111111112,1.0,0.03383038681206405,0.95,bca,bca,False,,5000,5000,whole_patient_cluster,True,three_class_patient_label,53408
yolo26,3407,model_specific,eye,calibrated,failure_aware.accuracy,0.5833333333333334,0.5,0.6388888888888888,0.0385058548945467,0.95,bca,bca,False,,5000,5000,whole_patient_cluster,True,three_class_patient_label,53408
yolo26,3407,model_specific,eye,calibrated,failure_aware.balanced_accuracy,0.39999999999999997,0.30833333333333335,0.48333333333333334,0.04491128061910049,0.95,bca,bca,False,,5000,5000,whole_patient_cluster,True,three_class_patient_label,53408
yolo26,3407,model_specific,eye,calibrated,failure_aware.macro_f1,0.36864771748492675,0.2695035460992908,0.46513720197930725,0.04925032028241138,0.95,bca,bca,False,,5000,5000,whole_patient_cluster,True,three_class_patient_label,53408
yolo26,3407,model_specific,eye,calibrated,failure_aware.multiclass_mcc,0.29171162076238016,0.08711968152800785,0.42989127503977215,0.0856303076935539,0.95,bca,bca,False,,5000,5000,whole_patient_cluster,True,three_class_patient_label,53408
yolo26,3407,model_specific,eye,calibrated,failure_aware.per_class.normal.f1,0.8837209302325582,0.782608695652174,0.9743589743589743,0.04872294348725573,0.95,bca,bca,False,,5000,5000,whole_patient_cluster,True,three_class_patient_label,53408
yolo26,3407,model_specific,eye,calibrated,failure_aware.per_class.normal.precision,0.8260869565217391,0.6923076923076923,1.0,0.07497553751523449,0.95,bca,bca,False,,5000,5000,whole_patient_cluster,True,three_class_patient_label,53408
yolo26,3407,model_specific,eye,calibrated,failure_aware.per_class.normal.recall,0.95,0.75,1.0,0.047854968598923145,0.95,bca,bca,False,,5000,5000,whole_patient_cluster,True,three_class_patient_label,53408
yolo26,3407,model_specific,eye,calibrated,failure_aware.per_class.papilledema.f1,0.0,0.0,0.0,0.0,0.95,bca,bca,False,,5000,5000,whole_patient_cluster,True,three_class_patient_label,53408
yolo26,3407,model_specific,eye,calibrated,failure_aware.per_class.papilledema.precision,0.0,0.0,0.0,0.0,0.95,bca,bca,False,,5000,5000,whole_patient_cluster,True,three_class_patient_label,53408
yolo26,3407,model_specific,eye,calibrated,failure_aware.per_class.papilledema.recall,0.0,0.0,0.0,0.0,0.95,bca,bca,False,,5000,5000,whole_patient_cluster,True,three_class_patient_label,53408
yolo26,3407,model_specific,eye,calibrated,failure_aware.per_class.pseudopapilledema.f1,0.2222222222222222,0.0,0.42105263157894735,0.10261945223079924,0.95,bca,bca,False,,5000,5000,whole_patient_cluster,True,three_class_patient_label,53408
yolo26,3407,model_specific,eye,calibrated,failure_aware.per_class.pseudopapilledema.precision,0.2,0.0,0.36363636363636365,0.08865628714424378,0.95,bca,bca,False,,5000,5000,whole_patient_cluster,True,three_class_patient_label,53408
yolo26,3407,model_specific,eye,calibrated,failure_aware.per_class.pseudopapilledema.recall,0.25,0.0,0.5,0.1263492395151835,0.95,bca,bca,False,,5000,5000,whole_patient_cluster,True,three_class_patient_label,53408
yolo26,3407,model_specific,eye,calibrated,failure_aware_aurc,0.25480904702423646,0.16398373921363907,0.39477404105989805,0.05879590000053105,0.95,bca,bca,False,,5000,5000,whole_patient_cluster,True,three_class_patient_label,53408
yolo26,3407,model_specific,eye,calibrated,localized_diagnostic_success.rate,0.5277777777777778,0.4166666666666667,0.6111111111111112,0.049605805853300745,0.95,bca,bca,False,,5000,5000,whole_patient_cluster,True,three_class_patient_label,53408
yolo26,3407,model_specific,eye,calibrated,selective_risk,0.38235294117647056,0.28125,0.4857142857142857,0.05253032352264022,0.95,bca,bca,False,,5000,5000,whole_patient_cluster,True,three_class_patient_label,53408
yolo26,3407,standardized_resnet18,patient,calibrated,class_conditional_coverage.normal,1.0,1.0,1.0,0.0,0.95,bca,bca,False,,5000,5000,whole_patient_cluster,True,three_class_patient_label,53407
yolo26,3407,standardized_resnet18,patient,calibrated,class_conditional_coverage.papilledema,0.75,0.25,1.0,0.21802223909351054,0.95,bca,bca,False,,5000,5000,whole_patient_cluster,True,three_class_patient_label,53407
yolo26,3407,standardized_resnet18,patient,calibrated,class_conditional_coverage.pseudopapilledema,0.75,0.25,1.0,0.21683727465714042,0.95,bca,bca,False,,5000,5000,whole_patient_cluster,True,three_class_patient_label,53407
yolo26,3407,standardized_resnet18,patient,calibrated,conditional.accuracy,0.625,0.4375,0.7857142857142857,0.08751582065799576,0.95,bca,bca,False,,5000,5000,whole_patient_cluster,True,three_class_patient_label,53407
yolo26,3407,standardized_resnet18,patient,calibrated,conditional.balanced_accuracy,0.41111111111111115,0.26666666666666666,0.6666666666666666,0.10144100715257925,0.95,bca,bca,False,,5000,5000,whole_patient_cluster,True,three_class_patient_label,53407
yolo26,3407,standardized_resnet18,patient,calibrated,conditional.derived_discrimination.normal_vs_abnormal.auroc,0.8333333333333333,0.55,1.0,0.09930940553848783,0.95,bca,bca,False,,5000,5000,whole_patient_cluster,True,three_class_patient_label,53407
yolo26,3407,standardized_resnet18,patient,calibrated,conditional.derived_discrimination.normal_vs_abnormal.average_precision,0.8409090909090908,0.6001043282987385,1.0,0.08918290819036984,0.95,bca,bca,False,,5000,5000,whole_patient_cluster,True,three_class_patient_label,53407
yolo26,3407,standardized_resnet18,patient,calibrated,conditional.derived_discrimination.papilledema_vs_pseudopapilledema.auroc,0.5555555555555556,0.0,1.0,0.2881794948938196,0.95,bca,bca,False,,4959,5000,whole_patient_cluster,True,three_class_patient_label,53407
yolo26,3407,standardized_resnet18,patient,calibrated,conditional.derived_discrimination.papilledema_vs_pseudopapilledema.average_precision,0.7222222222222222,0.3333333333333333,1.0,0.18201907594882563,0.95,bca,bca,False,,4977,5000,whole_patient_cluster,True,three_class_patient_label,53407
yolo26,3407,standardized_resnet18,patient,calibrated,conditional.macro_auroc,0.6709401709401709,0.3935837409088046,0.8545728656619569,0.11371747005381795,0.95,bca,bca,False,,5000,5000,whole_patient_cluster,True,three_class_patient_label,53407
yolo26,3407,standardized_resnet18,patient,calibrated,conditional.macro_average_precision,0.504304152637486,0.3830035687752371,0.655050505050505,0.08881588398554063,0.95,bca,bca,False,,5000,5000,whole_patient_cluster,True,three_class_patient_label,53407
yolo26,3407,standardized_resnet18,patient,calibrated,conditional.macro_classwise_ece,0.23508507453581248,0.1384563173756027,0.3004228208799891,0.042259498068879964,0.95,bca,bca,False,,5000,5000,whole_patient_cluster,True,three_class_patient_label,53407
yolo26,3407,standardized_resnet18,patient,calibrated,conditional.macro_f1,0.38095238095238093,0.2608695652173913,0.5712832586946827,0.08057345847299595,0.95,bca,bca,False,,5000,5000,whole_patient_cluster,True,three_class_patient_label,53407
yolo26,3407,standardized_resnet18,patient,calibrated,conditional.multiclass_brier,0.6144231924163679,0.393613902115241,0.8081403784971775,0.10726585300799399,0.95,bca,bca,False,,5000,5000,whole_patient_cluster,True,three_class_patient_label,53407
yolo26,3407,standardized_resnet18,patient,calibrated,conditional.multiclass_mcc,0.27427580443784055,0.0,0.6262242910851495,0.16158803741186942,0.95,bca,bca,False,,5000,5000,whole_patient_cluster,True,three_class_patient_label,53407
yolo26,3407,standardized_resnet18,patient,calibrated,conditional.multiclass_nll,1.2621901547818961,0.7436571206966534,1.8191082328066306,0.280898173184523,0.95,bca,bca,False,,5000,5000,whole_patient_cluster,True,three_class_patient_label,53407
yolo26,3407,standardized_resnet18,patient,calibrated,conditional.per_class.normal.auroc_ovr,0.8333333333333334,0.5800000000000001,1.0,0.09930940553848783,0.95,bca,bca,False,,5000,5000,whole_patient_cluster,True,three_class_patient_label,53407
yolo26,3407,standardized_resnet18,patient,calibrated,conditional.per_class.normal.average_precision_ovr,0.8979292929292929,0.7007692307692307,0.9709090909090909,0.058283964385811717,0.95,bca,bca,False,,5000,5000,whole_patient_cluster,True,three_class_patient_label,53407
yolo26,3407,standardized_resnet18,patient,calibrated,conditional.per_class.normal.f1,0.8571428571428571,0.6666666666666666,0.9523809523809523,0.06767507235382804,0.95,bca,bca,False,,5000,5000,whole_patient_cluster,True,three_class_patient_label,53407
yolo26,3407,standardized_resnet18,patient,calibrated,conditional.per_class.normal.precision,0.8181818181818182,0.6666666666666666,1.0,0.07902235902607442,0.95,bca,bca,False,,5000,5000,whole_patient_cluster,True,three_class_patient_label,53407
yolo26,3407,standardized_resnet18,patient,calibrated,conditional.per_class.normal.recall,0.9,0.6,1.0,0.0952985643295462,0.95,bca,bca,False,,5000,5000,whole_patient_cluster,True,three_class_patient_label,53407
yolo26,3407,standardized_resnet18,patient,calibrated,conditional.per_class.papilledema.auroc_ovr,0.5128205128205128,0.23076923076923073,0.8333333333333334,0.14875439438350677,0.95,bca,bca,False,,4982,5000,whole_patient_cluster,True,three_class_patient_label,53407
yolo26,3407,standardized_resnet18,patient,calibrated,conditional.per_class.papilledema.average_precision_ovr,0.23164983164983166,0.1,0.38888888888888884,0.10166076624909214,0.95,bca,bca,False,,4982,5000,whole_patient_cluster,True,three_class_patient_label,53407
yolo26,3407,standardized_resnet18,patient,calibrated,conditional.per_class.papilledema.f1,0.0,0.0,0.0,0.0,0.95,bca,bca,False,,5000,5000,whole_patient_cluster,True,three_class_patient_label,53407
yolo26,3407,standardized_resnet18,patient,calibrated,conditional.per_class.papilledema.precision,0.0,0.0,0.0,0.0,0.95,bca,bca,False,,5000,5000,whole_patient_cluster,True,three_class_patient_label,53407
yolo26,3407,standardized_resnet18,patient,calibrated,conditional.per_class.papilledema.recall,0.0,0.0,0.0,0.0,0.95,bca,bca,False,,4982,5000,whole_patient_cluster,True,three_class_patient_label,53407
yolo26,3407,standardized_resnet18,patient,calibrated,conditional.per_class.pseudopapilledema.auroc_ovr,0.6666666666666666,0.15384615384615385,0.9230769230769231,0.17667294286306465,0.95,bca,bca,False,,4977,5000,whole_patient_cluster,True,three_class_patient_label,53407
yolo26,3407,standardized_resnet18,patient,calibrated,conditional.per_class.pseudopapilledema.average_precision_ovr,0.3833333333333333,0.1,0.7575757575757576,0.19220434298838734,0.95,bca,bca,False,,4977,5000,whole_patient_cluster,True,three_class_patient_label,53407
yolo26,3407,standardized_resnet18,patient,calibrated,conditional.per_class.pseudopapilledema.f1,0.2857142857142857,0.0,0.8,0.20826702306607747,0.95,bca,bca,False,,5000,5000,whole_patient_cluster,True,three_class_patient_label,53407
yolo26,3407,standardized_resnet18,patient,calibrated,conditional.per_class.pseudopapilledema.precision,0.25,0.0,0.75,0.18548466416396575,0.95,bca,bca,False,,5000,5000,whole_patient_cluster,True,three_class_patient_label,53407
yolo26,3407,standardized_resnet18,patient,calibrated,conditional.per_class.pseudopapilledema.recall,0.3333333333333333,0.0,1.0,0.28913688388868186,0.95,bca,bca,False,,4977,5000,whole_patient_cluster,True,three_class_patient_label,53407
yolo26,3407,standardized_resnet18,patient,calibrated,conditional.top_label_ece,0.2712562339264997,0.10266994034834422,0.36522710060723906,0.06858918445077422,0.95,bca,bca,False,,5000,5000,whole_patient_cluster,True,three_class_patient_label,53407
yolo26,3407,standardized_resnet18,patient,calibrated,conditional_aurc,0.3457511238761239,0.13352223864749804,0.5912188726910093,0.1187042786559355,0.95,bca,bca,False,,5000,5000,whole_patient_cluster,True,three_class_patient_label,53407
yolo26,3407,standardized_resnet18,patient,calibrated,coverage,0.8888888888888888,0.7222222222222222,1.0,0.06826595195401133,0.95,bca,bca,False,,5000,5000,whole_patient_cluster,True,three_class_patient_label,53407
yolo26,3407,standardized_resnet18,patient,calibrated,failure_aware.accuracy,0.5555555555555556,0.3888888888888889,0.6666666666666666,0.0709759060825849,0.95,bca,bca,False,,5000,5000,whole_patient_cluster,True,three_class_patient_label,53407
yolo26,3407,standardized_resnet18,patient,calibrated,failure_aware.balanced_accuracy,0.3833333333333333,0.26666666666666666,0.5833333333333334,0.07854777955459222,0.95,bca,bca,False,,5000,5000,whole_patient_cluster,True,three_class_patient_label,53407
yolo26,3407,standardized_resnet18,patient,calibrated,failure_aware.macro_f1,0.36904761904761907,0.25925925925925924,0.5470080217695888,0.07366055701774299,0.95,bca,bca,False,,5000,5000,whole_patient_cluster,True,three_class_patient_label,53407
yolo26,3407,standardized_resnet18,patient,calibrated,failure_aware.multiclass_mcc,0.26747530781932055,0.022405535747411044,0.5,0.12334219649964309,0.95,bca,bca,False,,5000,5000,whole_patient_cluster,True,three_class_patient_label,53407
yolo26,3407,standardized_resnet18,patient,calibrated,failure_aware.per_class.normal.f1,0.8571428571428571,0.6666666666666666,0.9523809523809523,0.06767507235382804,0.95,bca,bca,False,,5000,5000,whole_patient_cluster,True,three_class_patient_label,53407
yolo26,3407,standardized_resnet18,patient,calibrated,failure_aware.per_class.normal.precision,0.8181818181818182,0.6666666666666666,1.0,0.07902235902607442,0.95,bca,bca,False,,5000,5000,whole_patient_cluster,True,three_class_patient_label,53407
yolo26,3407,standardized_resnet18,patient,calibrated,failure_aware.per_class.normal.recall,0.9,0.6,1.0,0.0952985643295462,0.95,bca,bca,False,,5000,5000,whole_patient_cluster,True,three_class_patient_label,53407
yolo26,3407,standardized_resnet18,patient,calibrated,failure_aware.per_class.papilledema.f1,0.0,0.0,0.0,0.0,0.95,bca,bca,False,,5000,5000,whole_patient_cluster,True,three_class_patient_label,53407
yolo26,3407,standardized_resnet18,patient,calibrated,failure_aware.per_class.papilledema.precision,0.0,0.0,0.0,0.0,0.95,bca,bca,False,,5000,5000,whole_patient_cluster,True,three_class_patient_label,53407
yolo26,3407,standardized_resnet18,patient,calibrated,failure_aware.per_class.papilledema.recall,0.0,0.0,0.0,0.0,0.95,bca,bca,False,,5000,5000,whole_patient_cluster,True,three_class_patient_label,53407
yolo26,3407,standardized_resnet18,patient,calibrated,failure_aware.per_class.pseudopapilledema.f1,0.25,0.0,0.75,0.18966029771800805,0.95,bca,bca,False,,5000,5000,whole_patient_cluster,True,three_class_patient_label,53407
yolo26,3407,standardized_resnet18,patient,calibrated,failure_aware.per_class.pseudopapilledema.precision,0.25,0.0,0.75,0.18548466416396575,0.95,bca,bca,False,,5000,5000,whole_patient_cluster,True,three_class_patient_label,53407
yolo26,3407,standardized_resnet18,patient,calibrated,failure_aware.per_class.pseudopapilledema.recall,0.25,0.0,1.0,0.21735575954007075,0.95,bca,bca,False,,5000,5000,whole_patient_cluster,True,three_class_patient_label,53407
yolo26,3407,standardized_resnet18,patient,calibrated,failure_aware_aurc,0.35490150735248777,0.16774219335493845,0.5846228059225718,0.10802531322363601,0.95,bca,bca,False,,5000,5000,whole_patient_cluster,True,three_class_patient_label,53407
yolo26,3407,standardized_resnet18,patient,calibrated,localized_diagnostic_success.rate,0.4444444444444444,0.2777777777777778,0.6111111111111112,0.09331154799511561,0.95,bca,bca,False,,5000,5000,whole_patient_cluster,True,three_class_patient_label,53407
yolo26,3407,standardized_resnet18,patient,calibrated,selective_risk,0.375,0.21428571428571427,0.5625,0.08751582065799576,0.95,bca,bca,False,,5000,5000,whole_patient_cluster,True,three_class_patient_label,53407
yolo26,3407,standardized_resnet18,eye,calibrated,class_conditional_coverage.normal,1.0,1.0,1.0,0.0,0.95,bca,bca,False,,5000,5000,whole_patient_cluster,True,three_class_patient_label,53408
yolo26,3407,standardized_resnet18,eye,calibrated,class_conditional_coverage.papilledema,0.875,0.625,1.0,0.1074860922492087,0.95,bca,bca,False,,5000,5000,whole_patient_cluster,True,three_class_patient_label,53408
yolo26,3407,standardized_resnet18,eye,calibrated,class_conditional_coverage.pseudopapilledema,0.875,0.625,1.0,0.10845066474824794,0.95,bca,bca,False,,5000,5000,whole_patient_cluster,True,three_class_patient_label,53408
yolo26,3407,standardized_resnet18,eye,calibrated,conditional.accuracy,0.5882352941176471,0.45454545454545453,0.7058823529411765,0.06571099995286954,0.95,bca,bca,False,,5000,5000,whole_patient_cluster,True,three_class_patient_label,53408
yolo26,3407,standardized_resnet18,eye,calibrated,conditional.balanced_accuracy,0.45714285714285713,0.29358344662304886,0.6,0.07625491968922124,0.95,bca,bca,False,,5000,5000,whole_patient_cluster,True,three_class_patient_label,53408
yolo26,3407,standardized_resnet18,eye,calibrated,conditional.derived_discrimination.normal_vs_abnormal.auroc,0.875,0.6966666666666667,1.0,0.06905743744378698,0.95,bca,bca,False,,5000,5000,whole_patient_cluster,True,three_class_patient_label,53408
yolo26,3407,standardized_resnet18,eye,calibrated,conditional.derived_discrimination.normal_vs_abnormal.average_precision,0.8882675438596491,0.7579826293846413,1.0,0.0589124978426414,0.95,bca,bca,False,,5000,5000,whole_patient_cluster,True,three_class_patient_label,53408
yolo26,3407,standardized_resnet18,eye,calibrated,conditional.derived_discrimination.papilledema_vs_pseudopapilledema.auroc,0.3469387755102041,0.0625,0.7950139675285592,0.1816874403379264,0.95,bca,bca,False,,5000,5000,whole_patient_cluster,True,three_class_patient_label,53408
yolo26,3407,standardized_resnet18,eye,calibrated,conditional.derived_discrimination.papilledema_vs_pseudopapilledema.average_precision,0.5318070818070819,0.33851405709456023,0.8333333333333334,0.1315377819287541,0.95,bca,bca,False,,5000,5000,whole_patient_cluster,True,three_class_patient_label,53408
yolo26,3407,standardized_resnet18,eye,calibrated,conditional.macro_auroc,0.6814373897707231,0.522265756499334,0.8429912029654409,0.08277515929773867,0.95,bca,bca,False,,5000,5000,whole_patient_cluster,True,three_class_patient_label,53408
yolo26,3407,standardized_resnet18,eye,calibrated,conditional.macro_average_precision,0.5137303578965678,0.4047208206758478,0.6932009494847742,0.07925369244639266,0.95,bca,bca,False,,5000,5000,whole_patient_cluster,True,three_class_patient_label,53408
yolo26,3407,standardized_resnet18,eye,calibrated,conditional.macro_classwise_ece,0.22234191026649788,0.14908834494679213,0.2712424977691181,0.03626542930464221,0.95,bca,bca,False,,5000,5000,whole_patient_cluster,True,three_class_patient_label,53408
yolo26,3407,standardized_resnet18,eye,calibrated,conditional.macro_f1,0.4138551506972559,0.3,0.5166666666666666,0.05514775905290476,0.95,bca,bca,False,,5000,5000,whole_patient_cluster,True,three_class_patient_label,53408
yolo26,3407,standardized_resnet18,eye,calibrated,conditional.multiclass_brier,0.5936846790595584,0.4246718359974126,0.7633985850201752,0.08648173844514648,0.95,bca,bca,False,,5000,5000,whole_patient_cluster,True,three_class_patient_label,53408
yolo26,3407,standardized_resnet18,eye,calibrated,conditional.multiclass_mcc,0.30002272447523926,0.04604363374725233,0.5173921731295172,0.12132502506010696,0.95,bca,bca,False,,5000,5000,whole_patient_cluster,True,three_class_patient_label,53408
yolo26,3407,standardized_resnet18,eye,calibrated,conditional.multiclass_nll,1.0146143848807097,0.7291735444367973,1.3200713772475987,0.15032477348490536,0.95,bca,bca,False,,5000,5000,whole_patient_cluster,True,three_class_patient_label,53408
yolo26,3407,standardized_resnet18,eye,calibrated,conditional.per_class.normal.auroc_ovr,0.875,0.6966666666666667,1.0,0.06905743744378698,0.95,bca,bca,False,,5000,5000,whole_patient_cluster,True,three_class_patient_label,53408
yolo26,3407,standardized_resnet18,eye,calibrated,conditional.per_class.normal.average_precision_ovr,0.8887879834714874,0.7005472464106516,0.9804294827979039,0.06340817510024177,0.95,bca,bca,False,,5000,5000,whole_patient_cluster,True,three_class_patient_label,53408
yolo26,3407,standardized_resnet18,eye,calibrated,conditional.per_class.normal.f1,0.8205128205128205,0.6857142857142857,0.9230769230769231,0.058980432421605805,0.95,bca,bca,False,,5000,5000,whole_patient_cluster,True,three_class_patient_label,53408
yolo26,3407,standardized_resnet18,eye,calibrated,conditional.per_class.normal.precision,0.8421052631578947,0.6666666666666666,1.0,0.07564431377519645,0.95,bca,bca,False,,5000,5000,whole_patient_cluster,True,three_class_patient_label,53408
yolo26,3407,standardized_resnet18,eye,calibrated,conditional.per_class.normal.recall,0.8,0.65,0.95,0.07695447224274644,0.95,bca,bca,False,,5000,5000,whole_patient_cluster,True,three_class_patient_label,53408
yolo26,3407,standardized_resnet18,eye,calibrated,conditional.per_class.papilledema.auroc_ovr,0.5185185185185186,0.2736337779331846,0.7519292196435431,0.12251877606854632,0.95,bca,bca,False,,5000,5000,whole_patient_cluster,True,three_class_patient_label,53408
yolo26,3407,standardized_resnet18,eye,calibrated,conditional.per_class.papilledema.average_precision_ovr,0.2205770186862624,0.15208273437053715,0.3140176555359727,0.06679239446997699,0.95,bca,bca,False,,5000,5000,whole_patient_cluster,True,three_class_patient_label,53408
yolo26,3407,standardized_resnet18,eye,calibrated,conditional.per_class.papilledema.f1,0.0,0.0,0.0,0.0,0.95,bca,bca,False,,5000,5000,whole_patient_cluster,True,three_class_patient_label,53408
yolo26,3407,standardized_resnet18,eye,calibrated,conditional.per_class.papilledema.precision,0.0,0.0,0.0,0.0,0.95,bca,bca,False,,5000,5000,whole_patient_cluster,True,three_class_patient_label,53408
yolo26,3407,standardized_resnet18,eye,calibrated,conditional.per_class.papilledema.recall,0.0,0.0,0.0,0.0,0.95,bca,bca,False,,5000,5000,whole_patient_cluster,True,three_class_patient_label,53408
yolo26,3407,standardized_resnet18,eye,calibrated,conditional.per_class.pseudopapilledema.auroc_ovr,0.6507936507936508,0.4285714285714286,0.9386704429424212,0.12880283041556034,0.95,bca,bca,False,,5000,5000,whole_patient_cluster,True,three_class_patient_label,53408
yolo26,3407,standardized_resnet18,eye,calibrated,conditional.per_class.pseudopapilledema.average_precision_ovr,0.4318260715319539,0.2261904761904762,0.8888888888888888,0.17210094409369212,0.95,bca,bca,False,,5000,5000,whole_patient_cluster,True,three_class_patient_label,53408
yolo26,3407,standardized_resnet18,eye,calibrated,conditional.per_class.pseudopapilledema.f1,0.42105263157894735,0.2,0.6666666666666666,0.12312215485913157,0.95,bca,bca,False,,5000,5000,whole_patient_cluster,True,three_class_patient_label,53408
yolo26,3407,standardized_resnet18,eye,calibrated,conditional.per_class.pseudopapilledema.precision,0.3333333333333333,0.15384615384615385,0.5,0.08921611272797203,0.95,bca,bca,False,,5000,5000,whole_patient_cluster,True,three_class_patient_label,53408
yolo26,3407,standardized_resnet18,eye,calibrated,conditional.per_class.pseudopapilledema.recall,0.5714285714285714,0.125,1.0,0.2135224244008198,0.95,bca,bca,False,,5000,5000,whole_patient_cluster,True,three_class_patient_label,53408
yolo26,3407,standardized_resnet18,eye,calibrated,conditional.top_label_ece,0.2156715966052095,0.10820666323132179,0.3003982516720453,0.055757954487837456,0.95,bca,bca,False,,5000,5000,whole_patient_cluster,True,three_class_patient_label,53408
yolo26,3407,standardized_resnet18,eye,calibrated,conditional_aurc,0.29304443447516804,0.1418962193227546,0.51112512600481,0.09358189670702075,0.95,bca,bca,False,,5000,5000,whole_patient_cluster,True,three_class_patient_label,53408
yolo26,3407,standardized_resnet18,eye,calibrated,coverage,0.9444444444444444,0.8611111111111112,1.0,0.03383038681206405,0.95,bca,bca,False,,5000,5000,whole_patient_cluster,True,three_class_patient_label,53408
yolo26,3407,standardized_resnet18,eye,calibrated,failure_aware.accuracy,0.5555555555555556,0.4444444444444444,0.6666666666666666,0.05855968187324261,0.95,bca,bca,False,,5000,5000,whole_patient_cluster,True,three_class_patient_label,53408
yolo26,3407,standardized_resnet18,eye,calibrated,failure_aware.balanced_accuracy,0.43333333333333335,0.30833333333333335,0.5583333333333333,0.06434294222332315,0.95,bca,bca,False,,5000,5000,whole_patient_cluster,True,three_class_patient_label,53408
yolo26,3407,standardized_resnet18,eye,calibrated,failure_aware.macro_f1,0.4068376068376069,0.30055025157290727,0.5070865239456034,0.052545436163782405,0.95,bca,bca,False,,5000,5000,whole_patient_cluster,True,three_class_patient_label,53408
yolo26,3407,standardized_resnet18,eye,calibrated,failure_aware.multiclass_mcc,0.28461138736288083,0.06384423980690615,0.471256070300564,0.10451462681502507,0.95,bca,bca,False,,5000,5000,whole_patient_cluster,True,three_class_patient_label,53408
yolo26,3407,standardized_resnet18,eye,calibrated,failure_aware.per_class.normal.f1,0.8205128205128205,0.6857142857142857,0.9230769230769231,0.058980432421605805,0.95,bca,bca,False,,5000,5000,whole_patient_cluster,True,three_class_patient_label,53408
yolo26,3407,standardized_resnet18,eye,calibrated,failure_aware.per_class.normal.precision,0.8421052631578947,0.6666666666666666,1.0,0.07564431377519645,0.95,bca,bca,False,,5000,5000,whole_patient_cluster,True,three_class_patient_label,53408
yolo26,3407,standardized_resnet18,eye,calibrated,failure_aware.per_class.normal.recall,0.8,0.65,0.95,0.07695447224274644,0.95,bca,bca,False,,5000,5000,whole_patient_cluster,True,three_class_patient_label,53408
yolo26,3407,standardized_resnet18,eye,calibrated,failure_aware.per_class.papilledema.f1,0.0,0.0,0.0,0.0,0.95,bca,bca,False,,5000,5000,whole_patient_cluster,True,three_class_patient_label,53408
yolo26,3407,standardized_resnet18,eye,calibrated,failure_aware.per_class.papilledema.precision,0.0,0.0,0.0,0.0,0.95,bca,bca,False,,5000,5000,whole_patient_cluster,True,three_class_patient_label,53408
yolo26,3407,standardized_resnet18,eye,calibrated,failure_aware.per_class.papilledema.recall,0.0,0.0,0.0,0.0,0.95,bca,bca,False,,5000,5000,whole_patient_cluster,True,three_class_patient_label,53408
yolo26,3407,standardized_resnet18,eye,calibrated,failure_aware.per_class.pseudopapilledema.f1,0.4,0.2,0.6363636363636364,0.1168980059072727,0.95,bca,bca,False,,5000,5000,whole_patient_cluster,True,three_class_patient_label,53408
yolo26,3407,standardized_resnet18,eye,calibrated,failure_aware.per_class.pseudopapilledema.precision,0.3333333333333333,0.15384615384615385,0.5,0.08921611272797203,0.95,bca,bca,False,,5000,5000,whole_patient_cluster,True,three_class_patient_label,53408
yolo26,3407,standardized_resnet18,eye,calibrated,failure_aware.per_class.pseudopapilledema.recall,0.5,0.125,0.875,0.17495856538026364,0.95,bca,bca,False,,5000,5000,whole_patient_cluster,True,three_class_patient_label,53408
yolo26,3407,standardized_resnet18,eye,calibrated,failure_aware_aurc,0.30101462903254406,0.1583515315756872,0.5135738197921114,0.08937342784518515,0.95,bca,bca,False,,5000,5000,whole_patient_cluster,True,three_class_patient_label,53408
yolo26,3407,standardized_resnet18,eye,calibrated,localized_diagnostic_success.rate,0.5,0.3611111111111111,0.6111111111111112,0.07143513489127011,0.95,bca,bca,False,,5000,5000,whole_patient_cluster,True,three_class_patient_label,53408
yolo26,3407,standardized_resnet18,eye,calibrated,selective_risk,0.4117647058823529,0.29411764705882354,0.5454545454545454,0.06571099995286954,0.95,bca,bca,False,,5000,5000,whole_patient_cluster,True,three_class_patient_label,53408
yolo26,9103,model_specific,patient,calibrated,class_conditional_coverage.normal,1.0,1.0,1.0,0.0,0.95,bca,bca,False,,5000,5000,whole_patient_cluster,True,three_class_patient_label,59103
yolo26,9103,model_specific,patient,calibrated,class_conditional_coverage.papilledema,0.75,0.20034952101618675,1.0,0.21759054811578066,0.95,bca,bca,False,,5000,5000,whole_patient_cluster,True,three_class_patient_label,59103
yolo26,9103,model_specific,patient,calibrated,class_conditional_coverage.pseudopapilledema,0.75,0.25,1.0,0.21486724060735093,0.95,bca,bca,False,,5000,5000,whole_patient_cluster,True,three_class_patient_label,59103
yolo26,9103,model_specific,patient,calibrated,conditional.accuracy,0.8125,0.6470588235294118,0.9375,0.07790188232239498,0.95,bca,bca,False,,5000,5000,whole_patient_cluster,True,three_class_patient_label,59103
yolo26,9103,model_specific,patient,calibrated,conditional.balanced_accuracy,0.6666666666666666,0.4166666666666667,0.9166666666666666,0.13634691335465374,0.95,bca,bca,False,,5000,5000,whole_patient_cluster,True,three_class_patient_label,59103
yolo26,9103,model_specific,patient,calibrated,conditional.derived_discrimination.normal_vs_abnormal.auroc,0.9333333333333333,0.6,1.0,0.07011012675164044,0.95,bca,bca,False,,5000,5000,whole_patient_cluster,True,three_class_patient_label,59103
yolo26,9103,model_specific,patient,calibrated,conditional.derived_discrimination.normal_vs_abnormal.average_precision,0.9333333333333333,0.6743676603293354,1.0,0.06652035445780156,0.95,bca,bca,False,,5000,5000,whole_patient_cluster,True,three_class_patient_label,59103
yolo26,9103,model_specific,patient,calibrated,conditional.derived_discrimination.papilledema_vs_pseudopapilledema.auroc,0.888888888888889,0.25,1.0,0.1573993912315005,0.95,bca,bca,False,,4955,5000,whole_patient_cluster,True,three_class_patient_label,59103
yolo26,9103,model_specific,patient,calibrated,conditional.derived_discrimination.papilledema_vs_pseudopapilledema.average_precision,0.9166666666666665,0.3333333333333333,1.0,0.10771907127001946,0.95,bca,bca,False,,4978,5000,whole_patient_cluster,True,three_class_patient_label,59103
yolo26,9103,model_specific,patient,calibrated,conditional.macro_auroc,0.8495726495726496,0.6444444444444445,0.9791666666666666,0.08052076215555502,0.95,bca,bca,False,,5000,5000,whole_patient_cluster,True,three_class_patient_label,59103
yolo26,9103,model_specific,patient,calibrated,conditional.macro_average_precision,0.7012542087542087,0.5070048285376452,0.9333333333333333,0.12084139563597007,0.95,bca,bca,False,,5000,5000,whole_patient_cluster,True,three_class_patient_label,59103
yolo26,9103,model_specific,patient,calibrated,conditional.macro_classwise_ece,0.1831843620417942,0.11989850866732256,0.24443783693926088,0.033775985306318146,0.95,bca,bca,False,,5000,5000,whole_patient_cluster,True,three_class_patient_label,59103
yolo26,9103,model_specific,patient,calibrated,conditional.macro_f1,0.6746031746031745,0.42857142857142855,1.0,0.1509432360624011,0.95,bca,bca,False,,5000,5000,whole_patient_cluster,True,three_class_patient_label,59103
yolo26,9103,model_specific,patient,calibrated,conditional.multiclass_brier,0.34562868717170603,0.2076242518610996,0.5655594965889902,0.0886670096888378,0.95,bca,bca,False,,5000,5000,whole_patient_cluster,True,three_class_patient_label,59103
yolo26,9103,model_specific,patient,calibrated,conditional.multiclass_mcc,0.6504254790954505,0.28005601680560194,0.8905346727725203,0.15417755641894781,0.95,bca,bca,False,,5000,5000,whole_patient_cluster,True,three_class_patient_label,59103
yolo26,9103,model_specific,patient,calibrated,conditional.multiclass_nll,0.5461737359005482,0.3533011097523178,0.8937382977419169,0.13147109399011164,0.95,bca,bca,False,,5000,5000,whole_patient_cluster,True,three_class_patient_label,59103
yolo26,9103,model_specific,patient,calibrated,conditional.per_class.normal.auroc_ovr,0.9333333333333333,0.6111650264558858,1.0,0.07011012675164044,0.95,bca,bca,False,,5000,5000,whole_patient_cluster,True,three_class_patient_label,59103
yolo26,9103,model_specific,patient,calibrated,conditional.per_class.normal.average_precision_ovr,0.9572979797979797,0.7508591408591409,1.0,0.040434507563865504,0.95,bca,bca,False,,5000,5000,whole_patient_cluster,True,three_class_patient_label,59103
yolo26,9103,model_specific,patient,calibrated,conditional.per_class.normal.f1,0.9523809523809523,0.8333333333333334,1.0,0.039007775781128434,0.95,bca,bca,False,,5000,5000,whole_patient_cluster,True,three_class_patient_label,59103
yolo26,9103,model_specific,patient,calibrated,conditional.per_class.normal.precision,0.9090909090909091,0.7142857142857143,1.0,0.07041909052342007,0.95,bca,bca,False,,5000,5000,whole_patient_cluster,True,three_class_patient_label,59103
yolo26,9103,model_specific,patient,calibrated,conditional.per_class.normal.recall,1.0,1.0,1.0,0.0,0.95,bca,bca,False,,5000,5000,whole_patient_cluster,True,three_class_patient_label,59103
yolo26,9103,model_specific,patient,calibrated,conditional.per_class.papilledema.auroc_ovr,0.8717948717948717,0.7142857142857143,1.0,0.07099890413597691,0.95,bca,bca,False,,4977,5000,whole_patient_cluster,True,three_class_patient_label,59103
yolo26,9103,model_specific,patient,calibrated,conditional.per_class.papilledema.average_precision_ovr,0.5555555555555556,0.2,0.9166666666666666,0.1928702358260268,0.95,bca,bca,False,,4977,5000,whole_patient_cluster,True,three_class_patient_label,59103
yolo26,9103,model_specific,patient,calibrated,conditional.per_class.papilledema.f1,0.5714285714285714,0.0,1.0,0.2205738324602052,0.95,bca,bca,False,,5000,5000,whole_patient_cluster,True,three_class_patient_label,59103
yolo26,9103,model_specific,patient,calibrated,conditional.per_class.papilledema.precision,0.5,0.0,1.0,0.2229117463653621,0.95,bca,bca,False,,5000,5000,whole_patient_cluster,True,three_class_patient_label,59103
yolo26,9103,model_specific,patient,calibrated,conditional.per_class.papilledema.recall,0.6666666666666666,0.0,1.0,0.28948550221076125,0.95,bca,bca,False,,4977,5000,whole_patient_cluster,True,three_class_patient_label,59103
yolo26,9103,model_specific,patient,calibrated,conditional.per_class.pseudopapilledema.auroc_ovr,0.7435897435897436,0.25,1.0,0.1768837393273342,0.95,bca,bca,False,,4978,5000,whole_patient_cluster,True,three_class_patient_label,59103
yolo26,9103,model_specific,patient,calibrated,conditional.per_class.pseudopapilledema.average_precision_ovr,0.5909090909090908,0.18181818181818182,1.0,0.22229852050137414,0.95,bca,bca,False,,4978,5000,whole_patient_cluster,True,three_class_patient_label,59103
yolo26,9103,model_specific,patient,calibrated,conditional.per_class.pseudopapilledema.f1,0.5,0.0,1.0,0.32597331385786843,0.95,bca,bca,False,,5000,5000,whole_patient_cluster,True,three_class_patient_label,59103
yolo26,9103,model_specific,patient,calibrated,conditional.per_class.pseudopapilledema.precision,1.0,0.0,1.0,0.4642428936374347,0.95,bca,bca,False,,5000,5000,whole_patient_cluster,True,three_class_patient_label,59103
yolo26,9103,model_specific,patient,calibrated,conditional.per_class.pseudopapilledema.recall,0.3333333333333333,0.0,1.0,0.2862316880721689,0.95,bca,bca,False,,4978,5000,whole_patient_cluster,True,three_class_patient_label,59103
yolo26,9103,model_specific,patient,calibrated,conditional.top_label_ece,0.21332820064089011,0.07528193895213882,0.34041631378268195,0.07360643650418855,0.95,bca,bca,False,,5000,5000,whole_patient_cluster,True,three_class_patient_label,59103
yolo26,9103,model_specific,patient,calibrated,conditional_aurc,0.15375050296925297,0.030976095906193293,0.4048911843370524,0.08753769652301824,0.95,bca,bca,False,,5000,5000,whole_patient_cluster,True,three_class_patient_label,59103
yolo26,9103,model_specific,patient,calibrated,coverage,0.8888888888888888,0.6666666666666666,1.0,0.06835250385557967,0.95,bca,bca,False,,5000,5000,whole_patient_cluster,True,three_class_patient_label,59103
yolo26,9103,model_specific,patient,calibrated,failure_aware.accuracy,0.7222222222222222,0.6111111111111112,0.8333333333333334,0.07316075234934405,0.95,bca,bca,False,,5000,5000,whole_patient_cluster,True,three_class_patient_label,59103
yolo26,9103,model_specific,patient,calibrated,failure_aware.balanced_accuracy,0.5833333333333334,0.4166666666666667,0.8333333333333334,0.10974112852401606,0.95,bca,bca,False,,5000,5000,whole_patient_cluster,True,three_class_patient_label,59103
yolo26,9103,model_specific,patient,calibrated,failure_aware.macro_f1,0.6174603174603175,0.40079365079365076,0.9047619047619048,0.1273019232614633,0.95,bca,bca,False,,5000,5000,whole_patient_cluster,True,three_class_patient_label,59103
yolo26,9103,model_specific,patient,calibrated,failure_aware.multiclass_mcc,0.5563486402641867,0.3137381837457387,0.7564868384643314,0.1222264199966626,0.95,bca,bca,False,,5000,5000,whole_patient_cluster,True,three_class_patient_label,59103
yolo26,9103,model_specific,patient,calibrated,failure_aware.per_class.normal.f1,0.9523809523809523,0.8333333333333334,1.0,0.039007775781128434,0.95,bca,bca,False,,5000,5000,whole_patient_cluster,True,three_class_patient_label,59103
yolo26,9103,model_specific,patient,calibrated,failure_aware.per_class.normal.precision,0.9090909090909091,0.7142857142857143,1.0,0.07041909052342007,0.95,bca,bca,False,,5000,5000,whole_patient_cluster,True,three_class_patient_label,59103
yolo26,9103,model_specific,patient,calibrated,failure_aware.per_class.normal.recall,1.0,1.0,1.0,0.0,0.95,bca,bca,False,,5000,5000,whole_patient_cluster,True,three_class_patient_label,59103
yolo26,9103,model_specific,patient,calibrated,failure_aware.per_class.papilledema.f1,0.5,0.0,0.8888888888888888,0.20987412482054568,0.95,bca,bca,False,,5000,5000,whole_patient_cluster,True,three_class_patient_label,59103
yolo26,9103,model_specific,patient,calibrated,failure_aware.per_class.papilledema.precision,0.5,0.0,1.0,0.2229117463653621,0.95,bca,bca,False,,5000,5000,whole_patient_cluster,True,three_class_patient_label,59103
yolo26,9103,model_specific,patient,calibrated,failure_aware.per_class.papilledema.recall,0.5,0.0,1.0,0.2508314639048637,0.95,bca,bca,False,,5000,5000,whole_patient_cluster,True,three_class_patient_label,59103
yolo26,9103,model_specific,patient,calibrated,failure_aware.per_class.pseudopapilledema.f1,0.4,0.0,1.0,0.2711016201795026,0.95,bca,bca,False,,5000,5000,whole_patient_cluster,True,three_class_patient_label,59103
yolo26,9103,model_specific,patient,calibrated,failure_aware.per_class.pseudopapilledema.precision,1.0,0.0,1.0,0.4642428936374347,0.95,bca,bca,False,,5000,5000,whole_patient_cluster,True,three_class_patient_label,59103
yolo26,9103,model_specific,patient,calibrated,failure_aware.per_class.pseudopapilledema.recall,0.25,0.0,0.75,0.2139105222804817,0.95,bca,bca,False,,5000,5000,whole_patient_cluster,True,three_class_patient_label,59103
yolo26,9103,model_specific,patient,calibrated,failure_aware_aurc,0.16517110794071577,0.050296322232596745,0.38905520057402404,0.08101725021901895,0.95,bca,bca,False,,5000,5000,whole_patient_cluster,True,three_class_patient_label,59103
yolo26,9103,model_specific,patient,calibrated,localized_diagnostic_success.rate,0.7222222222222222,0.6111111111111112,0.8333333333333334,0.07316075234934405,0.95,bca,bca,False,,5000,5000,whole_patient_cluster,True,three_class_patient_label,59103
yolo26,9103,model_specific,patient,calibrated,selective_risk,0.1875,0.0625,0.35294117647058826,0.07790188232239498,0.95,bca,bca,False,,5000,5000,whole_patient_cluster,True,three_class_patient_label,59103
yolo26,9103,model_specific,eye,calibrated,class_conditional_coverage.normal,1.0,1.0,1.0,0.0,0.95,bca,bca,False,,5000,5000,whole_patient_cluster,True,three_class_patient_label,59104
yolo26,9103,model_specific,eye,calibrated,class_conditional_coverage.papilledema,0.875,0.625,1.0,0.1075785248216416,0.95,bca,bca,False,,5000,5000,whole_patient_cluster,True,three_class_patient_label,59104
yolo26,9103,model_specific,eye,calibrated,class_conditional_coverage.pseudopapilledema,0.875,0.625,1.0,0.1076982783466466,0.95,bca,bca,False,,5000,5000,whole_patient_cluster,True,three_class_patient_label,59104
yolo26,9103,model_specific,eye,calibrated,conditional.accuracy,0.7941176470588235,0.6285714285714286,0.90625,0.06778476289862245,0.95,bca,bca,False,,5000,5000,whole_patient_cluster,True,three_class_patient_label,59104
yolo26,9103,model_specific,eye,calibrated,conditional.balanced_accuracy,0.6976190476190475,0.44844970674290663,0.8404761904761905,0.09540486388480225,0.95,bca,bca,False,,5000,5000,whole_patient_cluster,True,three_class_patient_label,59104
yolo26,9103,model_specific,eye,calibrated,conditional.derived_discrimination.normal_vs_abnormal.auroc,0.9607142857142857,0.8428571428571429,1.0,0.034738211068580944,0.95,bca,bca,False,,5000,5000,whole_patient_cluster,True,three_class_patient_label,59104
yolo26,9103,model_specific,eye,calibrated,conditional.derived_discrimination.normal_vs_abnormal.average_precision,0.9625258799171842,0.8594804012512726,1.0,0.032618922437920694,0.95,bca,bca,False,,5000,5000,whole_patient_cluster,True,three_class_patient_label,59104
yolo26,9103,model_specific,eye,calibrated,conditional.derived_discrimination.papilledema_vs_pseudopapilledema.auroc,0.6734693877551019,0.42857142857142855,0.9285714285714286,0.12898330023547774,0.95,bca,bca,False,,5000,5000,whole_patient_cluster,True,three_class_patient_label,59104
yolo26,9103,model_specific,eye,calibrated,conditional.derived_discrimination.papilledema_vs_pseudopapilledema.average_precision,0.7440476190476191,0.568303378443609,0.9082962694200389,0.08926958110411749,0.95,bca,bca,False,,5000,5000,whole_patient_cluster,True,three_class_patient_label,59104
yolo26,9103,model_specific,eye,calibrated,conditional.macro_auroc,0.8511022927689593,0.7423084599188352,0.9369681111967157,0.04922784659046602,0.95,bca,bca,False,,5000,5000,whole_patient_cluster,True,three_class_patient_label,59104
yolo26,9103,model_specific,eye,calibrated,conditional.macro_average_precision,0.6947449284686679,0.5474758399708085,0.8214504392720394,0.07805411970473951,0.95,bca,bca,False,,5000,5000,whole_patient_cluster,True,three_class_patient_label,59104
yolo26,9103,model_specific,eye,calibrated,conditional.macro_classwise_ece,0.1498198531901075,0.09426866489927452,0.1898743677958694,0.030984445799978323,0.95,bca,bca,False,,5000,5000,whole_patient_cluster,True,three_class_patient_label,59104
yolo26,9103,model_specific,eye,calibrated,conditional.macro_f1,0.6990946045824095,0.4810314326038872,0.8553135135649114,0.09353359061470178,0.95,bca,bca,False,,5000,5000,whole_patient_cluster,True,three_class_patient_label,59104
yolo26,9103,model_specific,eye,calibrated,conditional.multiclass_brier,0.37291268078864986,0.23339968039212097,0.5451150658182877,0.07831155865806642,0.95,bca,bca,False,,5000,5000,whole_patient_cluster,True,three_class_patient_label,59104
yolo26,9103,model_specific,eye,calibrated,conditional.multiclass_mcc,0.6382447114260118,0.30809393859665596,0.8229780791341297,0.12490873667224249,0.95,bca,bca,False,,5000,5000,whole_patient_cluster,True,three_class_patient_label,59104
yolo26,9103,model_specific,eye,calibrated,conditional.multiclass_nll,0.617260909259662,0.4042606965629604,0.886453734300688,0.1219092766569156,0.95,bca,bca,False,,5000,5000,whole_patient_cluster,True,three_class_patient_label,59104
yolo26,9103,model_specific,eye,calibrated,conditional.per_class.normal.auroc_ovr,0.9607142857142857,0.8428571428571429,1.0,0.034738211068580944,0.95,bca,bca,False,,5000,5000,whole_patient_cluster,True,three_class_patient_label,59104
yolo26,9103,model_specific,eye,calibrated,conditional.per_class.normal.average_precision_ovr,0.9684661917459907,0.87522688375022,1.0,0.026549945565179835,0.95,bca,bca,False,,5000,5000,whole_patient_cluster,True,three_class_patient_label,59104
yolo26,9103,model_specific,eye,calibrated,conditional.per_class.normal.f1,0.926829268292683,0.8,1.0,0.04569259028023595,0.95,bca,bca,False,,5000,5000,whole_patient_cluster,True,three_class_patient_label,59104
yolo26,9103,model_specific,eye,calibrated,conditional.per_class.normal.precision,0.9047619047619048,0.6923076923076923,1.0,0.07251094054360727,0.95,bca,bca,False,,5000,5000,whole_patient_cluster,True,three_class_patient_label,59104
yolo26,9103,model_specific,eye,calibrated,conditional.per_class.normal.recall,0.95,0.75,1.0,0.04761215478695215,0.95,bca,bca,False,,5000,5000,whole_patient_cluster,True,three_class_patient_label,59104
yolo26,9103,model_specific,eye,calibrated,conditional.per_class.papilledema.auroc_ovr,0.8518518518518519,0.6944444444444444,0.9505494505494506,0.062099971844494305,0.95,bca,bca,False,,5000,5000,whole_patient_cluster,True,three_class_patient_label,59104
yolo26,9103,model_specific,eye,calibrated,conditional.per_class.papilledema.average_precision_ovr,0.537438835183196,0.3226470790187149,0.7636363636363637,0.13281246343486294,0.95,bca,bca,False,,5000,5000,whole_patient_cluster,True,three_class_patient_label,59104
yolo26,9103,model_specific,eye,calibrated,conditional.per_class.papilledema.f1,0.625,0.26666666666666666,0.875,0.16025387660024296,0.95,bca,bca,False,,5000,5000,whole_patient_cluster,True,three_class_patient_label,59104
yolo26,9103,model_specific,eye,calibrated,conditional.per_class.papilledema.precision,0.5555555555555556,0.25,0.8,0.1358660946489862,0.95,bca,bca,False,,5000,5000,whole_patient_cluster,True,three_class_patient_label,59104
yolo26,9103,model_specific,eye,calibrated,conditional.per_class.papilledema.recall,0.7142857142857143,0.14285714285714285,1.0,0.23438967119280027,0.95,bca,bca,False,,5000,5000,whole_patient_cluster,True,three_class_patient_label,59104
yolo26,9103,model_specific,eye,calibrated,conditional.per_class.pseudopapilledema.auroc_ovr,0.7407407407407407,0.5428634669874626,0.909702656318484,0.09102189025547089,0.95,bca,bca,False,,5000,5000,whole_patient_cluster,True,three_class_patient_label,59104
yolo26,9103,model_specific,eye,calibrated,conditional.per_class.pseudopapilledema.average_precision_ovr,0.5783297584768172,0.3626126155591877,0.8205128205128205,0.12029666079479576,0.95,bca,bca,False,,5000,5000,whole_patient_cluster,True,three_class_patient_label,59104
yolo26,9103,model_specific,eye,calibrated,conditional.per_class.pseudopapilledema.f1,0.5454545454545454,0.2,0.8,0.15115964860561787,0.95,bca,bca,False,,5000,5000,whole_patient_cluster,True,three_class_patient_label,59104
yolo26,9103,model_specific,eye,calibrated,conditional.per_class.pseudopapilledema.precision,0.75,0.0,1.0,0.1942282318636532,0.95,bca,bca,False,,5000,5000,whole_patient_cluster,True,three_class_patient_label,59104
yolo26,9103,model_specific,eye,calibrated,conditional.per_class.pseudopapilledema.recall,0.42857142857142855,0.125,0.6666666666666666,0.15741125477537193,0.95,bca,bca,False,,5000,5000,whole_patient_cluster,True,three_class_patient_label,59104
yolo26,9103,model_specific,eye,calibrated,conditional.top_label_ece,0.1597563227406325,0.05622754377261688,0.22373252854514697,0.05391005316467995,0.95,bca,bca,False,,5000,5000,whole_patient_cluster,True,three_class_patient_label,59104
yolo26,9103,model_specific,eye,calibrated,conditional_aurc,0.13633033123971897,0.05098565593658293,0.27329613518954904,0.05376831479953273,0.95,bca,bca,False,,5000,5000,whole_patient_cluster,True,three_class_patient_label,59104
yolo26,9103,model_specific,eye,calibrated,coverage,0.9444444444444444,0.8611111111111112,1.0,0.03372316921326319,0.95,bca,bca,False,,5000,5000,whole_patient_cluster,True,three_class_patient_label,59104
yolo26,9103,model_specific,eye,calibrated,failure_aware.accuracy,0.75,0.6111111111111112,0.8333333333333334,0.05834221961905899,0.95,bca,bca,False,,5000,5000,whole_patient_cluster,True,three_class_patient_label,59104
yolo26,9103,model_specific,eye,calibrated,failure_aware.balanced_accuracy,0.65,0.4666666666666666,0.775,0.07977443749903079,0.95,bca,bca,False,,5000,5000,whole_patient_cluster,True,three_class_patient_label,59104
yolo26,9103,model_specific,eye,calibrated,failure_aware.macro_f1,0.67168818747011,0.47785547785547794,0.8055555555555555,0.08252625980350282,0.95,bca,bca,False,,5000,5000,whole_patient_cluster,True,three_class_patient_label,59104
yolo26,9103,model_specific,eye,calibrated,failure_aware.multiclass_mcc,0.588723986943652,0.30946719619848606,0.74505313009655,0.10616923571844043,0.95,bca,bca,False,,5000,5000,whole_patient_cluster,True,three_class_patient_label,59104
yolo26,9103,model_specific,eye,calibrated,failure_aware.per_class.normal.f1,0.926829268292683,0.8,1.0,0.04569259028023595,0.95,bca,bca,False,,5000,5000,whole_patient_cluster,True,three_class_patient_label,59104
yolo26,9103,model_specific,eye,calibrated,failure_aware.per_class.normal.precision,0.9047619047619048,0.6923076923076923,1.0,0.07251094054360727,0.95,bca,bca,False,,5000,5000,whole_patient_cluster,True,three_class_patient_label,59104
yolo26,9103,model_specific,eye,calibrated,failure_aware.per_class.normal.recall,0.95,0.75,1.0,0.04761215478695215,0.95,bca,bca,False,,5000,5000,whole_patient_cluster,True,three_class_patient_label,59104
yolo26,9103,model_specific,eye,calibrated,failure_aware.per_class.papilledema.f1,0.5882352941176471,0.26666666666666666,0.8421052631578947,0.1547087197406636,0.95,bca,bca,False,,5000,5000,whole_patient_cluster,True,three_class_patient_label,59104
yolo26,9103,model_specific,eye,calibrated,failure_aware.per_class.papilledema.precision,0.5555555555555556,0.25,0.8,0.1358660946489862,0.95,bca,bca,False,,5000,5000,whole_patient_cluster,True,three_class_patient_label,59104
yolo26,9103,model_specific,eye,calibrated,failure_aware.per_class.papilledema.recall,0.625,0.125,1.0,0.20800167622993546,0.95,bca,bca,False,,5000,5000,whole_patient_cluster,True,three_class_patient_label,59104
yolo26,9103,model_specific,eye,calibrated,failure_aware.per_class.pseudopapilledema.f1,0.5,0.18181818181818182,0.6666666666666666,0.1220350952547729,0.95,bca,bca,False,,5000,5000,whole_patient_cluster,True,three_class_patient_label,59104
yolo26,9103,model_specific,eye,calibrated,failure_aware.per_class.pseudopapilledema.precision,0.75,0.0,1.0,0.1942282318636532,0.95,bca,bca,False,,5000,5000,whole_patient_cluster,True,three_class_patient_label,59104
yolo26,9103,model_specific,eye,calibrated,failure_aware.per_class.pseudopapilledema.recall,0.375,0.125,0.5,0.10857695561701024,0.95,bca,bca,False,,5000,5000,whole_patient_cluster,True,three_class_patient_label,59104
yolo26,9103,model_specific,eye,calibrated,failure_aware_aurc,0.14205007474227427,0.06112614628505437,0.2744481022776426,0.05186814039423814,0.95,bca,bca,False,,5000,5000,whole_patient_cluster,True,three_class_patient_label,59104
yolo26,9103,model_specific,eye,calibrated,localized_diagnostic_success.rate,0.75,0.6111111111111112,0.8333333333333334,0.05834221961905899,0.95,bca,bca,False,,5000,5000,whole_patient_cluster,True,three_class_patient_label,59104
yolo26,9103,model_specific,eye,calibrated,selective_risk,0.20588235294117646,0.09375,0.37142857142857144,0.06778476289862245,0.95,bca,bca,False,,5000,5000,whole_patient_cluster,True,three_class_patient_label,59104
yolo26,9103,standardized_resnet18,patient,calibrated,class_conditional_coverage.normal,1.0,1.0,1.0,0.0,0.95,bca,bca,False,,5000,5000,whole_patient_cluster,True,three_class_patient_label,59103
yolo26,9103,standardized_resnet18,patient,calibrated,class_conditional_coverage.papilledema,0.75,0.20034952101618675,1.0,0.21759054811578066,0.95,bca,bca,False,,5000,5000,whole_patient_cluster,True,three_class_patient_label,59103
yolo26,9103,standardized_resnet18,patient,calibrated,class_conditional_coverage.pseudopapilledema,0.75,0.25,1.0,0.21486724060735093,0.95,bca,bca,False,,5000,5000,whole_patient_cluster,True,three_class_patient_label,59103
yolo26,9103,standardized_resnet18,patient,calibrated,conditional.accuracy,0.75,0.6111111111111112,0.8666666666666667,0.06662353384168403,0.95,bca,bca,False,,5000,5000,whole_patient_cluster,True,three_class_patient_label,59103
yolo26,9103,standardized_resnet18,patient,calibrated,conditional.balanced_accuracy,0.5555555555555555,0.3333333333333333,0.6666666666666666,0.0979820565162263,0.95,bca,bca,False,,5000,5000,whole_patient_cluster,True,three_class_patient_label,59103
yolo26,9103,standardized_resnet18,patient,calibrated,conditional.derived_discrimination.normal_vs_abnormal.auroc,0.9333333333333333,0.65,1.0,0.06836150432406152,0.95,bca,bca,False,,5000,5000,whole_patient_cluster,True,three_class_patient_label,59103
yolo26,9103,standardized_resnet18,patient,calibrated,conditional.derived_discrimination.normal_vs_abnormal.average_precision,0.9333333333333333,0.6983196402278459,1.0,0.06602466090825958,0.95,bca,bca,False,,5000,5000,whole_patient_cluster,True,three_class_patient_label,59103
yolo26,9103,standardized_resnet18,patient,calibrated,conditional.derived_discrimination.papilledema_vs_pseudopapilledema.auroc,0.4444444444444445,0.0,1.0,0.28214241556675285,0.95,bca,bca,False,,4955,5000,whole_patient_cluster,True,three_class_patient_label,59103
yolo26,9103,standardized_resnet18,patient,calibrated,conditional.derived_discrimination.papilledema_vs_pseudopapilledema.average_precision,0.5333333333333333,0.2,0.8666666666666667,0.1821402260444405,0.95,bca,bca,False,,4978,5000,whole_patient_cluster,True,three_class_patient_label,59103
yolo26,9103,standardized_resnet18,patient,calibrated,conditional.macro_auroc,0.7982905982905982,0.5166666666666667,0.9629629629629629,0.10786358169695208,0.95,bca,bca,False,,5000,5000,whole_patient_cluster,True,three_class_patient_label,59103
yolo26,9103,standardized_resnet18,patient,calibrated,conditional.macro_average_precision,0.6616919191919192,0.45537826609225085,0.9161616161616161,0.1249162315337585,0.95,bca,bca,False,,5000,5000,whole_patient_cluster,True,three_class_patient_label,59103
yolo26,9103,standardized_resnet18,patient,calibrated,conditional.macro_classwise_ece,0.15050422997633148,0.08767530395753619,0.18160425033318608,0.03142147479555785,0.95,bca,bca,False,,5000,5000,whole_patient_cluster,True,three_class_patient_label,59103
yolo26,9103,standardized_resnet18,patient,calibrated,conditional.macro_f1,0.48412698412698413,0.30303030303030304,0.6,0.0733507563895939,0.95,bca,bca,False,,5000,5000,whole_patient_cluster,True,three_class_patient_label,59103
yolo26,9103,standardized_resnet18,patient,calibrated,conditional.multiclass_brier,0.3599216161712352,0.23240664353000495,0.5491948253426319,0.07933251715902781,0.95,bca,bca,False,,5000,5000,whole_patient_cluster,True,three_class_patient_label,59103
yolo26,9103,standardized_resnet18,patient,calibrated,conditional.multiclass_mcc,0.543799641472736,0.20241022618818408,0.7559289460184545,0.13801301563567028,0.95,bca,bca,False,,5000,5000,whole_patient_cluster,True,three_class_patient_label,59103
yolo26,9103,standardized_resnet18,patient,calibrated,conditional.multiclass_nll,0.6663227553458639,0.44052163557205254,1.06556085598125,0.1550989841657737,0.95,bca,bca,False,,5000,5000,whole_patient_cluster,True,three_class_patient_label,59103
yolo26,9103,standardized_resnet18,patient,calibrated,conditional.per_class.normal.auroc_ovr,0.9333333333333333,0.65,1.0,0.0683615043240615,0.95,bca,bca,False,,5000,5000,whole_patient_cluster,True,three_class_patient_label,59103
yolo26,9103,standardized_resnet18,patient,calibrated,conditional.per_class.normal.average_precision_ovr,0.9572979797979797,0.7746330270337504,1.0,0.039977822487534745,0.95,bca,bca,False,,5000,5000,whole_patient_cluster,True,three_class_patient_label,59103
yolo26,9103,standardized_resnet18,patient,calibrated,conditional.per_class.normal.f1,0.9523809523809523,0.8333333333333334,1.0,0.039007775781128434,0.95,bca,bca,False,,5000,5000,whole_patient_cluster,True,three_class_patient_label,59103
yolo26,9103,standardized_resnet18,patient,calibrated,conditional.per_class.normal.precision,0.9090909090909091,0.7142857142857143,1.0,0.07041909052342007,0.95,bca,bca,False,,5000,5000,whole_patient_cluster,True,three_class_patient_label,59103
yolo26,9103,standardized_resnet18,patient,calibrated,conditional.per_class.normal.recall,1.0,1.0,1.0,0.0,0.95,bca,bca,False,,5000,5000,whole_patient_cluster,True,three_class_patient_label,59103
yolo26,9103,standardized_resnet18,patient,calibrated,conditional.per_class.papilledema.auroc_ovr,0.717948717948718,0.15384615384615385,1.0,0.193042746775051,0.95,bca,bca,False,,4977,5000,whole_patient_cluster,True,three_class_patient_label,59103
yolo26,9103,standardized_resnet18,patient,calibrated,conditional.per_class.papilledema.average_precision_ovr,0.4722222222222222,0.08333333333333333,0.8333333333333334,0.22446296135318627,0.95,bca,bca,False,,4977,5000,whole_patient_cluster,True,three_class_patient_label,59103
yolo26,9103,standardized_resnet18,patient,calibrated,conditional.per_class.papilledema.f1,0.5,0.0,0.8,0.19177809854003253,0.95,bca,bca,False,,5000,5000,whole_patient_cluster,True,three_class_patient_label,59103
yolo26,9103,standardized_resnet18,patient,calibrated,conditional.per_class.papilledema.precision,0.4,0.0,0.75,0.16333500554523703,0.95,bca,bca,False,,5000,5000,whole_patient_cluster,True,three_class_patient_label,59103
yolo26,9103,standardized_resnet18,patient,calibrated,conditional.per_class.papilledema.recall,0.6666666666666666,0.0,1.0,0.28948550221076125,0.95,bca,bca,False,,4977,5000,whole_patient_cluster,True,three_class_patient_label,59103
yolo26,9103,standardized_resnet18,patient,calibrated,conditional.per_class.pseudopapilledema.auroc_ovr,0.7435897435897436,0.41666666666666663,1.0,0.14563682638086362,0.95,bca,bca,False,,4978,5000,whole_patient_cluster,True,three_class_patient_label,59103
yolo26,9103,standardized_resnet18,patient,calibrated,conditional.per_class.pseudopapilledema.average_precision_ovr,0.5555555555555556,0.2,1.0,0.21600561318892728,0.95,bca,bca,False,,4978,5000,whole_patient_cluster,True,three_class_patient_label,59103
yolo26,9103,standardized_resnet18,patient,calibrated,conditional.per_class.pseudopapilledema.f1,0.0,0.0,0.0,0.0,0.95,bca,bca,False,,5000,5000,whole_patient_cluster,True,three_class_patient_label,59103
yolo26,9103,standardized_resnet18,patient,calibrated,conditional.per_class.pseudopapilledema.precision,0.0,0.0,0.0,0.0,0.95,bca,bca,False,,5000,5000,whole_patient_cluster,True,three_class_patient_label,59103
yolo26,9103,standardized_resnet18,patient,calibrated,conditional.per_class.pseudopapilledema.recall,0.0,0.0,0.0,0.0,0.95,bca,bca,False,,4978,5000,whole_patient_cluster,True,three_class_patient_label,59103
yolo26,9103,standardized_resnet18,patient,calibrated,conditional.top_label_ece,0.18378738754265866,0.05743558439918396,0.24371052541462393,0.058389457754623356,0.95,bca,bca,False,,5000,5000,whole_patient_cluster,True,three_class_patient_label,59103
yolo26,9103,standardized_resnet18,patient,calibrated,conditional_aurc,0.12199588605838606,0.024516369047619044,0.3305279743147476,0.06750734011900142,0.95,bca,bca,False,,5000,5000,whole_patient_cluster,True,three_class_patient_label,59103
yolo26,9103,standardized_resnet18,patient,calibrated,coverage,0.8888888888888888,0.6666666666666666,1.0,0.06835250385557967,0.95,bca,bca,False,,5000,5000,whole_patient_cluster,True,three_class_patient_label,59103
yolo26,9103,standardized_resnet18,patient,calibrated,failure_aware.accuracy,0.6666666666666666,0.5555555555555556,0.7777777777777778,0.05574032531219191,0.95,bca,bca,False,,5000,5000,whole_patient_cluster,True,three_class_patient_label,59103
yolo26,9103,standardized_resnet18,patient,calibrated,failure_aware.balanced_accuracy,0.5,0.3333333333333333,0.6666666666666666,0.08361048796828789,0.95,bca,bca,False,,5000,5000,whole_patient_cluster,True,three_class_patient_label,59103
yolo26,9103,standardized_resnet18,patient,calibrated,failure_aware.macro_f1,0.4656084656084656,0.30303030303030304,0.6,0.0705244714263994,0.95,bca,bca,False,,5000,5000,whole_patient_cluster,True,three_class_patient_label,59103
yolo26,9103,standardized_resnet18,patient,calibrated,failure_aware.multiclass_mcc,0.47051471774733916,0.25103950552320115,0.6810052246069989,0.1057112520898363,0.95,bca,bca,False,,5000,5000,whole_patient_cluster,True,three_class_patient_label,59103
yolo26,9103,standardized_resnet18,patient,calibrated,failure_aware.per_class.normal.f1,0.9523809523809523,0.8333333333333334,1.0,0.039007775781128434,0.95,bca,bca,False,,5000,5000,whole_patient_cluster,True,three_class_patient_label,59103
yolo26,9103,standardized_resnet18,patient,calibrated,failure_aware.per_class.normal.precision,0.9090909090909091,0.7142857142857143,1.0,0.07041909052342007,0.95,bca,bca,False,,5000,5000,whole_patient_cluster,True,three_class_patient_label,59103
yolo26,9103,standardized_resnet18,patient,calibrated,failure_aware.per_class.normal.recall,1.0,1.0,1.0,0.0,0.95,bca,bca,False,,5000,5000,whole_patient_cluster,True,three_class_patient_label,59103
yolo26,9103,standardized_resnet18,patient,calibrated,failure_aware.per_class.papilledema.f1,0.4444444444444444,0.0,0.8,0.18748190892182354,0.95,bca,bca,False,,5000,5000,whole_patient_cluster,True,three_class_patient_label,59103
yolo26,9103,standardized_resnet18,patient,calibrated,failure_aware.per_class.papilledema.precision,0.4,0.0,0.75,0.16333500554523703,0.95,bca,bca,False,,5000,5000,whole_patient_cluster,True,three_class_patient_label,59103
yolo26,9103,standardized_resnet18,patient,calibrated,failure_aware.per_class.papilledema.recall,0.5,0.0,1.0,0.2508314639048637,0.95,bca,bca,False,,5000,5000,whole_patient_cluster,True,three_class_patient_label,59103
yolo26,9103,standardized_resnet18,patient,calibrated,failure_aware.per_class.pseudopapilledema.f1,0.0,0.0,0.0,0.0,0.95,bca,bca,False,,5000,5000,whole_patient_cluster,True,three_class_patient_label,59103
yolo26,9103,standardized_resnet18,patient,calibrated,failure_aware.per_class.pseudopapilledema.precision,0.0,0.0,0.0,0.0,0.95,bca,bca,False,,5000,5000,whole_patient_cluster,True,three_class_patient_label,59103
yolo26,9103,standardized_resnet18,patient,calibrated,failure_aware.per_class.pseudopapilledema.recall,0.0,0.0,0.0,0.0,0.95,bca,bca,False,,5000,5000,whole_patient_cluster,True,three_class_patient_label,59103
yolo26,9103,standardized_resnet18,patient,calibrated,failure_aware_aurc,0.14329917540701856,0.050296322232596745,0.3157332455126573,0.0608791532145161,0.95,bca,bca,False,,5000,5000,whole_patient_cluster,True,three_class_patient_label,59103
yolo26,9103,standardized_resnet18,patient,calibrated,localized_diagnostic_success.rate,0.6666666666666666,0.5555555555555556,0.7777777777777778,0.05574032531219191,0.95,bca,bca,False,,5000,5000,whole_patient_cluster,True,three_class_patient_label,59103
yolo26,9103,standardized_resnet18,patient,calibrated,selective_risk,0.25,0.13333333333333333,0.3888888888888889,0.06662353384168403,0.95,bca,bca,False,,5000,5000,whole_patient_cluster,True,three_class_patient_label,59103
yolo26,9103,standardized_resnet18,eye,calibrated,class_conditional_coverage.normal,1.0,1.0,1.0,0.0,0.95,bca,bca,False,,5000,5000,whole_patient_cluster,True,three_class_patient_label,59104
yolo26,9103,standardized_resnet18,eye,calibrated,class_conditional_coverage.papilledema,0.875,0.625,1.0,0.1075785248216416,0.95,bca,bca,False,,5000,5000,whole_patient_cluster,True,three_class_patient_label,59104
yolo26,9103,standardized_resnet18,eye,calibrated,class_conditional_coverage.pseudopapilledema,0.875,0.625,1.0,0.1076982783466466,0.95,bca,bca,False,,5000,5000,whole_patient_cluster,True,three_class_patient_label,59104
yolo26,9103,standardized_resnet18,eye,calibrated,conditional.accuracy,0.6764705882352942,0.5294117647058824,0.8064516129032258,0.06998006003289124,0.95,bca,bca,False,,5000,5000,whole_patient_cluster,True,three_class_patient_label,59104
yolo26,9103,standardized_resnet18,eye,calibrated,conditional.balanced_accuracy,0.5380952380952381,0.36166067293561444,0.7333333333333334,0.09508114656450269,0.95,bca,bca,False,,5000,5000,whole_patient_cluster,True,three_class_patient_label,59104
yolo26,9103,standardized_resnet18,eye,calibrated,conditional.derived_discrimination.normal_vs_abnormal.auroc,0.9285714285714286,0.7285714285714286,1.0,0.060737161983767995,0.95,bca,bca,False,,5000,5000,whole_patient_cluster,True,three_class_patient_label,59104
yolo26,9103,standardized_resnet18,eye,calibrated,conditional.derived_discrimination.normal_vs_abnormal.average_precision,0.950297619047619,0.817283658529231,1.0,0.04263696387102903,0.95,bca,bca,False,,5000,5000,whole_patient_cluster,True,three_class_patient_label,59104
yolo26,9103,standardized_resnet18,eye,calibrated,conditional.derived_discrimination.papilledema_vs_pseudopapilledema.auroc,0.42857142857142855,0.04761904761904762,0.7916666666666666,0.19019927063137468,0.95,bca,bca,False,,5000,5000,whole_patient_cluster,True,three_class_patient_label,59104
yolo26,9103,standardized_resnet18,eye,calibrated,conditional.derived_discrimination.papilledema_vs_pseudopapilledema.average_precision,0.4804164089878375,0.3032079032079032,0.7094017094017094,0.13423440711705345,0.95,bca,bca,False,,5000,5000,whole_patient_cluster,True,three_class_patient_label,59104
yolo26,9103,standardized_resnet18,eye,calibrated,conditional.macro_auroc,0.789241622574956,0.5809975332223848,0.9081196581196581,0.07914986304038334,0.95,bca,bca,False,,5000,5000,whole_patient_cluster,True,three_class_patient_label,59104
yolo26,9103,standardized_resnet18,eye,calibrated,conditional.macro_average_precision,0.5887809742382757,0.4234406285645565,0.7380487527798234,0.09205428202358365,0.95,bca,bca,False,,5000,5000,whole_patient_cluster,True,three_class_patient_label,59104
yolo26,9103,standardized_resnet18,eye,calibrated,conditional.macro_classwise_ece,0.1171460326297505,0.08447439601068522,0.12429413515988971,0.024575658507622257,0.95,bca,bca,False,,5000,5000,whole_patient_cluster,True,three_class_patient_label,59104
yolo26,9103,standardized_resnet18,eye,calibrated,conditional.macro_f1,0.5381041722505137,0.36654032958625027,0.7443996646221516,0.09619521805961333,0.95,bca,bca,False,,5000,5000,whole_patient_cluster,True,three_class_patient_label,59104
yolo26,9103,standardized_resnet18,eye,calibrated,conditional.multiclass_brier,0.3990430439059519,0.27288402139041423,0.6010688360288243,0.08007752877250042,0.95,bca,bca,False,,5000,5000,whole_patient_cluster,True,three_class_patient_label,59104
yolo26,9103,standardized_resnet18,eye,calibrated,conditional.multiclass_mcc,0.4209069233273401,0.15292799315415795,0.6580497814546071,0.12941651483560812,0.95,bca,bca,False,,5000,5000,whole_patient_cluster,True,three_class_patient_label,59104
yolo26,9103,standardized_resnet18,eye,calibrated,conditional.multiclass_nll,0.7089785121829683,0.47671934126219784,1.1510528838288532,0.15893481426423414,0.95,bca,bca,False,,5000,5000,whole_patient_cluster,True,three_class_patient_label,59104
yolo26,9103,standardized_resnet18,eye,calibrated,conditional.per_class.normal.auroc_ovr,0.9285714285714286,0.7375,1.0,0.060737161983767995,0.95,bca,bca,False,,5000,5000,whole_patient_cluster,True,three_class_patient_label,59104
yolo26,9103,standardized_resnet18,eye,calibrated,conditional.per_class.normal.average_precision_ovr,0.9049723245021234,0.6875277058856999,1.0,0.07046217508178533,0.95,bca,bca,False,,5000,5000,whole_patient_cluster,True,three_class_patient_label,59104
yolo26,9103,standardized_resnet18,eye,calibrated,conditional.per_class.normal.f1,0.8780487804878049,0.75,0.9743589743589743,0.05354967085565899,0.95,bca,bca,False,,5000,5000,whole_patient_cluster,True,three_class_patient_label,59104
yolo26,9103,standardized_resnet18,eye,calibrated,conditional.per_class.normal.precision,0.8571428571428571,0.6666666666666666,1.0,0.07872220151506847,0.95,bca,bca,False,,5000,5000,whole_patient_cluster,True,three_class_patient_label,59104
yolo26,9103,standardized_resnet18,eye,calibrated,conditional.per_class.normal.recall,0.9,0.75,1.0,0.06179551227287797,0.95,bca,bca,False,,5000,5000,whole_patient_cluster,True,three_class_patient_label,59104
yolo26,9103,standardized_resnet18,eye,calibrated,conditional.per_class.papilledema.auroc_ovr,0.7195767195767196,0.3371082741129603,0.9312169312169312,0.1488390166977046,0.95,bca,bca,False,,5000,5000,whole_patient_cluster,True,three_class_patient_label,59104
yolo26,9103,standardized_resnet18,eye,calibrated,conditional.per_class.papilledema.average_precision_ovr,0.4641604010025062,0.218045312184569,0.7714285714285714,0.15879042243719751,0.95,bca,bca,False,,5000,5000,whole_patient_cluster,True,three_class_patient_label,59104
yolo26,9103,standardized_resnet18,eye,calibrated,conditional.per_class.papilledema.f1,0.42857142857142855,0.0,0.8,0.1861947337906741,0.95,bca,bca,False,,5000,5000,whole_patient_cluster,True,three_class_patient_label,59104
yolo26,9103,standardized_resnet18,eye,calibrated,conditional.per_class.papilledema.precision,0.42857142857142855,0.0,0.8,0.1829796332848286,0.95,bca,bca,False,,5000,5000,whole_patient_cluster,True,three_class_patient_label,59104
yolo26,9103,standardized_resnet18,eye,calibrated,conditional.per_class.papilledema.recall,0.42857142857142855,0.0,0.875,0.21424537831926613,0.95,bca,bca,False,,5000,5000,whole_patient_cluster,True,three_class_patient_label,59104
yolo26,9103,standardized_resnet18,eye,calibrated,conditional.per_class.pseudopapilledema.auroc_ovr,0.7195767195767195,0.5357142857142857,0.8888888888888888,0.09059011035291603,0.95,bca,bca,False,,5000,5000,whole_patient_cluster,True,three_class_patient_label,59104
yolo26,9103,standardized_resnet18,eye,calibrated,conditional.per_class.pseudopapilledema.average_precision_ovr,0.39721019721019724,0.2717075318811953,0.6180288335990958,0.1206919395204553,0.95,bca,bca,False,,5000,5000,whole_patient_cluster,True,three_class_patient_label,59104
yolo26,9103,standardized_resnet18,eye,calibrated,conditional.per_class.pseudopapilledema.f1,0.3076923076923077,0.0,0.6153846153846154,0.1506360479396006,0.95,bca,bca,False,,5000,5000,whole_patient_cluster,True,three_class_patient_label,59104
yolo26,9103,standardized_resnet18,eye,calibrated,conditional.per_class.pseudopapilledema.precision,0.3333333333333333,0.0,0.75,0.16692563883098888,0.95,bca,bca,False,,5000,5000,whole_patient_cluster,True,three_class_patient_label,59104
yolo26,9103,standardized_resnet18,eye,calibrated,conditional.per_class.pseudopapilledema.recall,0.2857142857142857,0.0,0.6666666666666666,0.1754780302696359,0.95,bca,bca,False,,5000,5000,whole_patient_cluster,True,three_class_patient_label,59104
yolo26,9103,standardized_resnet18,eye,calibrated,conditional.top_label_ece,0.10600363616772485,0.0393155328933205,0.12593487255245628,0.040095491459261785,0.95,bca,bca,False,,5000,5000,whole_patient_cluster,True,three_class_patient_label,59104
yolo26,9103,standardized_resnet18,eye,calibrated,conditional_aurc,0.19125013703815524,0.06787431226853678,0.3829365252585812,0.07760538238669797,0.95,bca,bca,False,,5000,5000,whole_patient_cluster,True,three_class_patient_label,59104
yolo26,9103,standardized_resnet18,eye,calibrated,coverage,0.9444444444444444,0.8611111111111112,1.0,0.03372316921326319,0.95,bca,bca,False,,5000,5000,whole_patient_cluster,True,three_class_patient_label,59104
yolo26,9103,standardized_resnet18,eye,calibrated,failure_aware.accuracy,0.6388888888888888,0.5,0.75,0.06421255085553376,0.95,bca,bca,False,,5000,5000,whole_patient_cluster,True,three_class_patient_label,59104
yolo26,9103,standardized_resnet18,eye,calibrated,failure_aware.balanced_accuracy,0.5083333333333333,0.35833333333333334,0.6916666666666668,0.08333295932435908,0.95,bca,bca,False,,5000,5000,whole_patient_cluster,True,three_class_patient_label,59104
yolo26,9103,standardized_resnet18,eye,calibrated,failure_aware.macro_f1,0.5212543554006969,0.35879697591701853,0.7136438759273219,0.08935778550157164,0.95,bca,bca,False,,5000,5000,whole_patient_cluster,True,three_class_patient_label,59104
yolo26,9103,standardized_resnet18,eye,calibrated,failure_aware.multiclass_mcc,0.3963497501652407,0.16182484132777544,0.6002425146577461,0.11316784156328627,0.95,bca,bca,False,,5000,5000,whole_patient_cluster,True,three_class_patient_label,59104
yolo26,9103,standardized_resnet18,eye,calibrated,failure_aware.per_class.normal.f1,0.8780487804878049,0.75,0.9743589743589743,0.05354967085565899,0.95,bca,bca,False,,5000,5000,whole_patient_cluster,True,three_class_patient_label,59104
yolo26,9103,standardized_resnet18,eye,calibrated,failure_aware.per_class.normal.precision,0.8571428571428571,0.6666666666666666,1.0,0.07872220151506847,0.95,bca,bca,False,,5000,5000,whole_patient_cluster,True,three_class_patient_label,59104
yolo26,9103,standardized_resnet18,eye,calibrated,failure_aware.per_class.normal.recall,0.9,0.75,1.0,0.06179551227287797,0.95,bca,bca,False,,5000,5000,whole_patient_cluster,True,three_class_patient_label,59104
yolo26,9103,standardized_resnet18,eye,calibrated,failure_aware.per_class.papilledema.f1,0.4,0.0,0.7777777777777778,0.1836691076424509,0.95,bca,bca,False,,5000,5000,whole_patient_cluster,True,three_class_patient_label,59104
yolo26,9103,standardized_resnet18,eye,calibrated,failure_aware.per_class.papilledema.precision,0.42857142857142855,0.0,0.8,0.1829796332848286,0.95,bca,bca,False,,5000,5000,whole_patient_cluster,True,three_class_patient_label,59104
yolo26,9103,standardized_resnet18,eye,calibrated,failure_aware.per_class.papilledema.recall,0.375,0.0,0.875,0.20677079147462152,0.95,bca,bca,False,,5000,5000,whole_patient_cluster,True,three_class_patient_label,59104
yolo26,9103,standardized_resnet18,eye,calibrated,failure_aware.per_class.pseudopapilledema.f1,0.2857142857142857,0.0,0.5333333333333333,0.12855782799886345,0.95,bca,bca,False,,5000,5000,whole_patient_cluster,True,three_class_patient_label,59104
yolo26,9103,standardized_resnet18,eye,calibrated,failure_aware.per_class.pseudopapilledema.precision,0.3333333333333333,0.0,0.75,0.16692563883098888,0.95,bca,bca,False,,5000,5000,whole_patient_cluster,True,three_class_patient_label,59104
yolo26,9103,standardized_resnet18,eye,calibrated,failure_aware.per_class.pseudopapilledema.recall,0.25,0.0,0.5,0.12355226589375647,0.95,bca,bca,False,,5000,5000,whole_patient_cluster,True,three_class_patient_label,59104
yolo26,9103,standardized_resnet18,eye,calibrated,failure_aware_aurc,0.20017980314626477,0.08070256997256889,0.38034851998573044,0.07472625808457803,0.95,bca,bca,False,,5000,5000,whole_patient_cluster,True,three_class_patient_label,59104
yolo26,9103,standardized_resnet18,eye,calibrated,localized_diagnostic_success.rate,0.6388888888888888,0.5,0.75,0.06421255085553376,0.95,bca,bca,False,,5000,5000,whole_patient_cluster,True,three_class_patient_label,59104
yolo26,9103,standardized_resnet18,eye,calibrated,selective_risk,0.3235294117647059,0.1935483870967742,0.47058823529411764,0.06998006003289124,0.95,bca,bca,False,,5000,5000,whole_patient_cluster,True,three_class_patient_label,59104
vit_method2,17,model_specific,patient,calibrated,class_conditional_coverage.normal,1.0,1.0,1.0,0.0,0.95,bca,bca,False,,5000,5000,whole_patient_cluster,True,three_class_patient_label,50017
vit_method2,17,model_specific,patient,calibrated,class_conditional_coverage.papilledema,1.0,1.0,1.0,0.0,0.95,bca,bca,False,,5000,5000,whole_patient_cluster,True,three_class_patient_label,50017
vit_method2,17,model_specific,patient,calibrated,class_conditional_coverage.pseudopapilledema,1.0,1.0,1.0,0.0,0.95,bca,bca,False,,5000,5000,whole_patient_cluster,True,three_class_patient_label,50017
vit_method2,17,model_specific,patient,calibrated,conditional.accuracy,0.7777777777777778,0.6111111111111112,0.8888888888888888,0.06770881998874491,0.95,bca,bca,False,,5000,5000,whole_patient_cluster,True,three_class_patient_label,50017
vit_method2,17,model_specific,patient,calibrated,conditional.balanced_accuracy,0.6666666666666666,0.5,0.8333333333333334,0.10156322998311736,0.95,bca,bca,False,,5000,5000,whole_patient_cluster,True,three_class_patient_label,50017
vit_method2,17,model_specific,patient,calibrated,conditional.derived_discrimination.normal_vs_abnormal.auroc,0.8625,0.5625,1.0,0.09470256591137348,0.95,bca,bca,False,,5000,5000,whole_patient_cluster,True,three_class_patient_label,50017
vit_method2,17,model_specific,patient,calibrated,conditional.derived_discrimination.normal_vs_abnormal.average_precision,0.8943452380952381,0.7112357068902524,1.0,0.06902215575194445,0.95,bca,bca,False,,5000,5000,whole_patient_cluster,True,three_class_patient_label,50017
vit_method2,17,model_specific,patient,calibrated,conditional.derived_discrimination.papilledema_vs_pseudopapilledema.auroc,0.6875,0.125,1.0,0.20569438344210064,0.95,bca,bca,False,,5000,5000,whole_patient_cluster,True,three_class_patient_label,50017
vit_method2,17,model_specific,patient,calibrated,conditional.derived_discrimination.papilledema_vs_pseudopapilledema.average_precision,0.7470238095238095,0.4490217419555795,1.0,0.14090705105192722,0.95,bca,bca,False,,5000,5000,whole_patient_cluster,True,three_class_patient_label,50017
vit_method2,17,model_specific,patient,calibrated,conditional.macro_auroc,0.8113095238095238,0.5645879388346915,0.9523809523809524,0.09218205625384979,0.95,bca,bca,False,,5000,5000,whole_patient_cluster,True,three_class_patient_label,50017
vit_method2,17,model_specific,patient,calibrated,conditional.macro_average_precision,0.7491113516113517,0.52498696589106,0.9182118807118806,0.10043841115827348,0.95,bca,bca,False,,5000,5000,whole_patient_cluster,True,three_class_patient_label,50017
vit_method2,17,model_specific,patient,calibrated,conditional.macro_classwise_ece,0.15085843326545054,0.08928018540503146,0.20134590883476855,0.033181163995088796,0.95,bca,bca,False,,5000,5000,whole_patient_cluster,True,three_class_patient_label,50017
vit_method2,17,model_specific,patient,calibrated,conditional.macro_f1,0.6585858585858585,0.43800322061191627,0.9153439153439153,0.12318987798837353,0.95,bca,bca,False,,5000,5000,whole_patient_cluster,True,three_class_patient_label,50017
vit_method2,17,model_specific,patient,calibrated,conditional.multiclass_brier,0.38115597348286157,0.22146806616560297,0.6647671441478372,0.10637573510237935,0.95,bca,bca,False,,5000,5000,whole_patient_cluster,True,three_class_patient_label,50017
vit_method2,17,model_specific,patient,calibrated,conditional.multiclass_mcc,0.6280768420189679,0.28641098093474,0.8215838362577491,0.12588970509147104,0.95,bca,bca,False,,5000,5000,whole_patient_cluster,True,three_class_patient_label,50017
vit_method2,17,model_specific,patient,calibrated,conditional.multiclass_nll,0.7950537358937112,0.3941651442106952,1.6310010470548082,0.28284901274881386,0.95,bca,bca,False,,5000,5000,whole_patient_cluster,True,three_class_patient_label,50017
vit_method2,17,model_specific,patient,calibrated,conditional.per_class.normal.auroc_ovr,0.8625,0.5625,1.0,0.09470256591137348,0.95,bca,bca,False,,5000,5000,whole_patient_cluster,True,three_class_patient_label,50017
vit_method2,17,model_specific,patient,calibrated,conditional.per_class.normal.average_precision_ovr,0.8812626262626262,0.6495436208118869,0.9999999999999999,0.07205754790394422,0.95,bca,bca,False,,5000,5000,whole_patient_cluster,True,three_class_patient_label,50017
vit_method2,17,model_specific,patient,calibrated,conditional.per_class.normal.f1,0.9090909090909091,0.8,1.0,0.049805597896979484,0.95,bca,bca,False,,5000,5000,whole_patient_cluster,True,three_class_patient_label,50017
vit_method2,17,model_specific,patient,calibrated,conditional.per_class.normal.precision,0.8333333333333334,0.6666666666666666,1.0,0.08428724894975761,0.95,bca,bca,False,,5000,5000,whole_patient_cluster,True,three_class_patient_label,50017
vit_method2,17,model_specific,patient,calibrated,conditional.per_class.normal.recall,1.0,1.0,1.0,0.0,0.95,bca,bca,False,,5000,5000,whole_patient_cluster,True,three_class_patient_label,50017
vit_method2,17,model_specific,patient,calibrated,conditional.per_class.papilledema.auroc_ovr,0.8214285714285714,0.4036776278341348,1.0,0.12818782952454322,0.95,bca,bca,False,,5000,5000,whole_patient_cluster,True,three_class_patient_label,50017
vit_method2,17,model_specific,patient,calibrated,conditional.per_class.papilledema.average_precision_ovr,0.6875,0.3392857142857143,1.0,0.1700605727376056,0.95,bca,bca,False,,5000,5000,whole_patient_cluster,True,three_class_patient_label,50017
vit_method2,17,model_specific,patient,calibrated,conditional.per_class.papilledema.f1,0.6666666666666666,0.25,0.8888888888888888,0.16146210640100836,0.95,bca,bca,False,,5000,5000,whole_patient_cluster,True,three_class_patient_label,50017
vit_method2,17,model_specific,patient,calibrated,conditional.per_class.papilledema.precision,0.6,0.25,1.0,0.16412014907741435,0.95,bca,bca,False,,5000,5000,whole_patient_cluster,True,three_class_patient_label,50017
vit_method2,17,model_specific,patient,calibrated,conditional.per_class.papilledema.recall,0.75,0.25,1.0,0.21719766335067464,0.95,bca,bca,False,,5000,5000,whole_patient_cluster,True,three_class_patient_label,50017
vit_method2,17,model_specific,patient,calibrated,conditional.per_class.pseudopapilledema.auroc_ovr,0.75,0.3392857142857143,1.0,0.1553769784400091,0.95,bca,bca,False,,5000,5000,whole_patient_cluster,True,three_class_patient_label,50017
vit_method2,17,model_specific,patient,calibrated,conditional.per_class.pseudopapilledema.average_precision_ovr,0.6785714285714286,0.3125,1.0,0.17280874321822268,0.95,bca,bca,False,,5000,5000,whole_patient_cluster,True,three_class_patient_label,50017
vit_method2,17,model_specific,patient,calibrated,conditional.per_class.pseudopapilledema.f1,0.4,0.0,0.8571428571428571,0.2708356640510932,0.95,bca,bca,False,,5000,5000,whole_patient_cluster,True,three_class_patient_label,50017
vit_method2,17,model_specific,patient,calibrated,conditional.per_class.pseudopapilledema.precision,1.0,0.0,1.0,0.4592573825957441,0.95,bca,bca,False,,5000,5000,whole_patient_cluster,True,three_class_patient_label,50017
vit_method2,17,model_specific,patient,calibrated,conditional.per_class.pseudopapilledema.recall,0.25,0.0,0.75,0.21538112221260505,0.95,bca,bca,False,,5000,5000,whole_patient_cluster,True,three_class_patient_label,50017
vit_method2,17,model_specific,patient,calibrated,conditional.top_label_ece,0.23629838915548534,0.13531087825239063,0.3342555261117135,0.055773777655363344,0.95,bca,bca,False,,5000,5000,whole_patient_cluster,True,three_class_patient_label,50017
vit_method2,17,model_specific,patient,calibrated,conditional_aurc,0.16598161732965655,0.04930286213044311,0.3886322451321378,0.07679638194665049,0.95,bca,bca,False,,5000,5000,whole_patient_cluster,True,three_class_patient_label,50017
vit_method2,17,model_specific,patient,calibrated,coverage,1.0,1.0,1.0,0.0,0.95,bca,bca,False,,5000,5000,whole_patient_cluster,True,three_class_patient_label,50017
vit_method2,17,model_specific,patient,calibrated,failure_aware.accuracy,0.7777777777777778,0.6111111111111112,0.8888888888888888,0.06770881998874491,0.95,bca,bca,False,,5000,5000,whole_patient_cluster,True,three_class_patient_label,50017
vit_method2,17,model_specific,patient,calibrated,failure_aware.balanced_accuracy,0.6666666666666666,0.5,0.8333333333333334,0.10156322998311736,0.95,bca,bca,False,,5000,5000,whole_patient_cluster,True,three_class_patient_label,50017
vit_method2,17,model_specific,patient,calibrated,failure_aware.macro_f1,0.6585858585858585,0.43800322061191627,0.9153439153439153,0.12318987798837353,0.95,bca,bca,False,,5000,5000,whole_patient_cluster,True,three_class_patient_label,50017
vit_method2,17,model_specific,patient,calibrated,failure_aware.multiclass_mcc,0.6280768420189679,0.28641098093474,0.8215838362577491,0.12588970509147104,0.95,bca,bca,False,,5000,5000,whole_patient_cluster,True,three_class_patient_label,50017
vit_method2,17,model_specific,patient,calibrated,failure_aware.per_class.normal.f1,0.9090909090909091,0.8,1.0,0.049805597896979484,0.95,bca,bca,False,,5000,5000,whole_patient_cluster,True,three_class_patient_label,50017
vit_method2,17,model_specific,patient,calibrated,failure_aware.per_class.normal.precision,0.8333333333333334,0.6666666666666666,1.0,0.08428724894975761,0.95,bca,bca,False,,5000,5000,whole_patient_cluster,True,three_class_patient_label,50017
vit_method2,17,model_specific,patient,calibrated,failure_aware.per_class.normal.recall,1.0,1.0,1.0,0.0,0.95,bca,bca,False,,5000,5000,whole_patient_cluster,True,three_class_patient_label,50017
vit_method2,17,model_specific,patient,calibrated,failure_aware.per_class.papilledema.f1,0.6666666666666666,0.25,0.8888888888888888,0.16146210640100836,0.95,bca,bca,False,,5000,5000,whole_patient_cluster,True,three_class_patient_label,50017
vit_method2,17,model_specific,patient,calibrated,failure_aware.per_class.papilledema.precision,0.6,0.25,1.0,0.16412014907741435,0.95,bca,bca,False,,5000,5000,whole_patient_cluster,True,three_class_patient_label,50017
vit_method2,17,model_specific,patient,calibrated,failure_aware.per_class.papilledema.recall,0.75,0.25,1.0,0.21719766335067464,0.95,bca,bca,False,,5000,5000,whole_patient_cluster,True,three_class_patient_label,50017
vit_method2,17,model_specific,patient,calibrated,failure_aware.per_class.pseudopapilledema.f1,0.4,0.0,0.8571428571428571,0.2708356640510932,0.95,bca,bca,False,,5000,5000,whole_patient_cluster,True,three_class_patient_label,50017
vit_method2,17,model_specific,patient,calibrated,failure_aware.per_class.pseudopapilledema.precision,1.0,0.0,1.0,0.4592573825957441,0.95,bca,bca,False,,5000,5000,whole_patient_cluster,True,three_class_patient_label,50017
vit_method2,17,model_specific,patient,calibrated,failure_aware.per_class.pseudopapilledema.recall,0.25,0.0,0.75,0.21538112221260505,0.95,bca,bca,False,,5000,5000,whole_patient_cluster,True,three_class_patient_label,50017
vit_method2,17,model_specific,patient,calibrated,failure_aware_aurc,0.16598161732965655,0.04930286213044311,0.3886322451321378,0.07679638194665049,0.95,bca,bca,False,,5000,5000,whole_patient_cluster,True,three_class_patient_label,50017
vit_method2,17,model_specific,patient,calibrated,localized_diagnostic_success.rate,0.7777777777777778,0.6111111111111112,0.8888888888888888,0.06770881998874491,0.95,bca,bca,False,,5000,5000,whole_patient_cluster,True,three_class_patient_label,50017
vit_method2,17,model_specific,patient,calibrated,selective_risk,0.2222222222222222,0.1111111111111111,0.3888888888888889,0.06770881998874491,0.95,bca,bca,False,,5000,5000,whole_patient_cluster,True,three_class_patient_label,50017
vit_method2,17,model_specific,eye,calibrated,class_conditional_coverage.normal,1.0,1.0,1.0,0.0,0.95,bca,bca,False,,5000,5000,whole_patient_cluster,True,three_class_patient_label,50018
vit_method2,17,model_specific,eye,calibrated,class_conditional_coverage.papilledema,1.0,1.0,1.0,0.0,0.95,bca,bca,False,,5000,5000,whole_patient_cluster,True,three_class_patient_label,50018
vit_method2,17,model_specific,eye,calibrated,class_conditional_coverage.pseudopapilledema,1.0,1.0,1.0,0.0,0.95,bca,bca,False,,5000,5000,whole_patient_cluster,True,three_class_patient_label,50018
vit_method2,17,model_specific,eye,calibrated,conditional.accuracy,0.6944444444444444,0.5555555555555556,0.8055555555555556,0.06450223254013973,0.95,bca,bca,False,,5000,5000,whole_patient_cluster,True,three_class_patient_label,50018
vit_method2,17,model_specific,eye,calibrated,conditional.balanced_accuracy,0.5916666666666667,0.4083333333333334,0.7416666666666667,0.08424498936159584,0.95,bca,bca,False,,5000,5000,whole_patient_cluster,True,three_class_patient_label,50018
vit_method2,17,model_specific,eye,calibrated,conditional.derived_discrimination.normal_vs_abnormal.auroc,0.8625,0.584616052969598,0.9906250000000001,0.08900673522145926,0.95,bca,bca,False,,5000,5000,whole_patient_cluster,True,three_class_patient_label,50018
vit_method2,17,model_specific,eye,calibrated,conditional.derived_discrimination.normal_vs_abnormal.average_precision,0.8923784814929316,0.6995360328872531,0.9930555555555556,0.06955422901258737,0.95,bca,bca,False,,5000,5000,whole_patient_cluster,True,three_class_patient_label,50018
vit_method2,17,model_specific,eye,calibrated,conditional.derived_discrimination.papilledema_vs_pseudopapilledema.auroc,0.625,0.15625,0.921875,0.18902623516327136,0.95,bca,bca,False,,5000,5000,whole_patient_cluster,True,three_class_patient_label,50018
vit_method2,17,model_specific,eye,calibrated,conditional.derived_discrimination.papilledema_vs_pseudopapilledema.average_precision,0.657318722943723,0.38938492063492064,0.9166666666666666,0.14461586518339228,0.95,bca,bca,False,,5000,5000,whole_patient_cluster,True,three_class_patient_label,50018
vit_method2,17,model_specific,eye,calibrated,conditional.macro_auroc,0.7949404761904763,0.5717632564609562,0.9145833333333333,0.080466201425236,0.95,bca,bca,False,,5000,5000,whole_patient_cluster,True,three_class_patient_label,50018
vit_method2,17,model_specific,eye,calibrated,conditional.macro_average_precision,0.6390707390529037,0.47548240540086983,0.7934413754734626,0.08663042061162289,0.95,bca,bca,False,,5000,5000,whole_patient_cluster,True,three_class_patient_label,50018
vit_method2,17,model_specific,eye,calibrated,conditional.macro_classwise_ece,0.1195686186459264,0.04717184201784864,0.15649710188637925,0.035631076235133306,0.95,bca,bca,False,,5000,5000,whole_patient_cluster,True,three_class_patient_label,50018
vit_method2,17,model_specific,eye,calibrated,conditional.macro_f1,0.5843568196509373,0.4075021312872975,0.7333333333333334,0.08230021367650321,0.95,bca,bca,False,,5000,5000,whole_patient_cluster,True,three_class_patient_label,50018
vit_method2,17,model_specific,eye,calibrated,conditional.multiclass_brier,0.42140412602153743,0.2762755353034702,0.6574185027671899,0.09351062430642484,0.95,bca,bca,False,,5000,5000,whole_patient_cluster,True,three_class_patient_label,50018
vit_method2,17,model_specific,eye,calibrated,conditional.multiclass_mcc,0.47260279245199954,0.19259718364612013,0.6798896969362016,0.12447394258238381,0.95,bca,bca,False,,5000,5000,whole_patient_cluster,True,three_class_patient_label,50018
vit_method2,17,model_specific,eye,calibrated,conditional.multiclass_nll,0.7555509633882093,0.4737095540210229,1.3307898850354696,0.20157087413662142,0.95,bca,bca,False,,5000,5000,whole_patient_cluster,True,three_class_patient_label,50018
vit_method2,17,model_specific,eye,calibrated,conditional.per_class.normal.auroc_ovr,0.8625,0.5827227134561964,0.990625,0.08900673522145926,0.95,bca,bca,False,,5000,5000,whole_patient_cluster,True,three_class_patient_label,50018
vit_method2,17,model_specific,eye,calibrated,conditional.per_class.normal.average_precision_ovr,0.8457346280740244,0.5957268216937343,0.9866600790513834,0.08802521668919829,0.95,bca,bca,False,,5000,5000,whole_patient_cluster,True,three_class_patient_label,50018
vit_method2,17,model_specific,eye,calibrated,conditional.per_class.normal.f1,0.8571428571428571,0.7,0.9523809523809523,0.06136701845925563,0.95,bca,bca,False,,5000,5000,whole_patient_cluster,True,three_class_patient_label,50018
vit_method2,17,model_specific,eye,calibrated,conditional.per_class.normal.precision,0.8181818181818182,0.6129032258064516,1.0,0.09354445047862638,0.95,bca,bca,False,,5000,5000,whole_patient_cluster,True,three_class_patient_label,50018
vit_method2,17,model_specific,eye,calibrated,conditional.per_class.normal.recall,0.9,0.7,1.0,0.06296147972836975,0.95,bca,bca,False,,5000,5000,whole_patient_cluster,True,three_class_patient_label,50018
vit_method2,17,model_specific,eye,calibrated,conditional.per_class.papilledema.auroc_ovr,0.8258928571428572,0.5203431026798911,0.9732142857142857,0.10455190487025635,0.95,bca,bca,False,,5000,5000,whole_patient_cluster,True,three_class_patient_label,50018
vit_method2,17,model_specific,eye,calibrated,conditional.per_class.papilledema.average_precision_ovr,0.6582356981254041,0.33284520381761634,0.9502840909090909,0.16278749022361474,0.95,bca,bca,False,,5000,5000,whole_patient_cluster,True,three_class_patient_label,50018
vit_method2,17,model_specific,eye,calibrated,conditional.per_class.papilledema.f1,0.5882352941176471,0.26666666666666666,0.8421052631578947,0.15484697292642546,0.95,bca,bca,False,,5000,5000,whole_patient_cluster,True,three_class_patient_label,50018
vit_method2,17,model_specific,eye,calibrated,conditional.per_class.papilledema.precision,0.5555555555555556,0.25,0.8,0.13644516157810038,0.95,bca,bca,False,,5000,5000,whole_patient_cluster,True,three_class_patient_label,50018
vit_method2,17,model_specific,eye,calibrated,conditional.per_class.papilledema.recall,0.625,0.125,1.0,0.20847216001975097,0.95,bca,bca,False,,5000,5000,whole_patient_cluster,True,three_class_patient_label,50018
vit_method2,17,model_specific,eye,calibrated,conditional.per_class.pseudopapilledema.auroc_ovr,0.6964285714285715,0.3125,0.9107142857142857,0.14453220071687095,0.95,bca,bca,False,,5000,5000,whole_patient_cluster,True,three_class_patient_label,50018
vit_method2,17,model_specific,eye,calibrated,conditional.per_class.pseudopapilledema.average_precision_ovr,0.4132418909592823,0.21457455737410774,0.6943243780171684,0.14078328145533753,0.95,bca,bca,False,,5000,5000,whole_patient_cluster,True,three_class_patient_label,50018
vit_method2,17,model_specific,eye,calibrated,conditional.per_class.pseudopapilledema.f1,0.3076923076923077,0.0,0.5714285714285714,0.13658047961935418,0.95,bca,bca,False,,5000,5000,whole_patient_cluster,True,three_class_patient_label,50018
vit_method2,17,model_specific,eye,calibrated,conditional.per_class.pseudopapilledema.precision,0.4,0.0,1.0,0.202883373575625,0.95,bca,bca,False,,5000,5000,whole_patient_cluster,True,three_class_patient_label,50018
vit_method2,17,model_specific,eye,calibrated,conditional.per_class.pseudopapilledema.recall,0.25,0.0,0.5,0.12399419053672382,0.95,bca,bca,False,,5000,5000,whole_patient_cluster,True,three_class_patient_label,50018
vit_method2,17,model_specific,eye,calibrated,conditional.top_label_ece,0.11456440597945461,0.03874783966342374,0.14762780336762288,0.05068132197008932,0.95,bca,bca,False,,5000,5000,whole_patient_cluster,True,three_class_patient_label,50018
vit_method2,17,model_specific,eye,calibrated,conditional_aurc,0.19916914861747656,0.07713904131466968,0.42889956454940564,0.08130196564564138,0.95,bca,bca,False,,5000,5000,whole_patient_cluster,True,three_class_patient_label,50018
vit_method2,17,model_specific,eye,calibrated,coverage,1.0,1.0,1.0,0.0,0.95,bca,bca,False,,5000,5000,whole_patient_cluster,True,three_class_patient_label,50018
vit_method2,17,model_specific,eye,calibrated,failure_aware.accuracy,0.6944444444444444,0.5555555555555556,0.8055555555555556,0.06450223254013973,0.95,bca,bca,False,,5000,5000,whole_patient_cluster,True,three_class_patient_label,50018
vit_method2,17,model_specific,eye,calibrated,failure_aware.balanced_accuracy,0.5916666666666667,0.4083333333333334,0.7416666666666667,0.08424498936159584,0.95,bca,bca,False,,5000,5000,whole_patient_cluster,True,three_class_patient_label,50018
vit_method2,17,model_specific,eye,calibrated,failure_aware.macro_f1,0.5843568196509373,0.4075021312872975,0.7333333333333334,0.08230021367650321,0.95,bca,bca,False,,5000,5000,whole_patient_cluster,True,three_class_patient_label,50018
vit_method2,17,model_specific,eye,calibrated,failure_aware.multiclass_mcc,0.47260279245199954,0.19259718364612013,0.6798896969362016,0.12447394258238381,0.95,bca,bca,False,,5000,5000,whole_patient_cluster,True,three_class_patient_label,50018
vit_method2,17,model_specific,eye,calibrated,failure_aware.per_class.normal.f1,0.8571428571428571,0.7,0.9523809523809523,0.06136701845925563,0.95,bca,bca,False,,5000,5000,whole_patient_cluster,True,three_class_patient_label,50018
vit_method2,17,model_specific,eye,calibrated,failure_aware.per_class.normal.precision,0.8181818181818182,0.6129032258064516,1.0,0.09354445047862638,0.95,bca,bca,False,,5000,5000,whole_patient_cluster,True,three_class_patient_label,50018
vit_method2,17,model_specific,eye,calibrated,failure_aware.per_class.normal.recall,0.9,0.7,1.0,0.06296147972836975,0.95,bca,bca,False,,5000,5000,whole_patient_cluster,True,three_class_patient_label,50018
vit_method2,17,model_specific,eye,calibrated,failure_aware.per_class.papilledema.f1,0.5882352941176471,0.26666666666666666,0.8421052631578947,0.15484697292642546,0.95,bca,bca,False,,5000,5000,whole_patient_cluster,True,three_class_patient_label,50018
vit_method2,17,model_specific,eye,calibrated,failure_aware.per_class.papilledema.precision,0.5555555555555556,0.25,0.8,0.13644516157810038,0.95,bca,bca,False,,5000,5000,whole_patient_cluster,True,three_class_patient_label,50018
vit_method2,17,model_specific,eye,calibrated,failure_aware.per_class.papilledema.recall,0.625,0.125,1.0,0.20847216001975097,0.95,bca,bca,False,,5000,5000,whole_patient_cluster,True,three_class_patient_label,50018
vit_method2,17,model_specific,eye,calibrated,failure_aware.per_class.pseudopapilledema.f1,0.3076923076923077,0.0,0.5714285714285714,0.13658047961935418,0.95,bca,bca,False,,5000,5000,whole_patient_cluster,True,three_class_patient_label,50018
vit_method2,17,model_specific,eye,calibrated,failure_aware.per_class.pseudopapilledema.precision,0.4,0.0,1.0,0.202883373575625,0.95,bca,bca,False,,5000,5000,whole_patient_cluster,True,three_class_patient_label,50018
vit_method2,17,model_specific,eye,calibrated,failure_aware.per_class.pseudopapilledema.recall,0.25,0.0,0.5,0.12399419053672382,0.95,bca,bca,False,,5000,5000,whole_patient_cluster,True,three_class_patient_label,50018
vit_method2,17,model_specific,eye,calibrated,failure_aware_aurc,0.19916914861747656,0.07713904131466968,0.42889956454940564,0.08130196564564138,0.95,bca,bca,False,,5000,5000,whole_patient_cluster,True,three_class_patient_label,50018
vit_method2,17,model_specific,eye,calibrated,localized_diagnostic_success.rate,0.6944444444444444,0.5555555555555556,0.8055555555555556,0.06450223254013973,0.95,bca,bca,False,,5000,5000,whole_patient_cluster,True,three_class_patient_label,50018
vit_method2,17,model_specific,eye,calibrated,selective_risk,0.3055555555555556,0.19444444444444445,0.4444444444444444,0.06450223254013973,0.95,bca,bca,False,,5000,5000,whole_patient_cluster,True,three_class_patient_label,50018
vit_method2,17,standardized_resnet18,patient,calibrated,class_conditional_coverage.normal,1.0,1.0,1.0,0.0,0.95,bca,bca,False,,5000,5000,whole_patient_cluster,True,three_class_patient_label,50017
vit_method2,17,standardized_resnet18,patient,calibrated,class_conditional_coverage.papilledema,1.0,1.0,1.0,0.0,0.95,bca,bca,False,,5000,5000,whole_patient_cluster,True,three_class_patient_label,50017
vit_method2,17,standardized_resnet18,patient,calibrated,class_conditional_coverage.pseudopapilledema,1.0,1.0,1.0,0.0,0.95,bca,bca,False,,5000,5000,whole_patient_cluster,True,three_class_patient_label,50017
vit_method2,17,standardized_resnet18,patient,calibrated,conditional.accuracy,0.6666666666666666,0.4444444444444444,0.8333333333333334,0.10515415901638905,0.95,bca,bca,False,,5000,5000,whole_patient_cluster,True,three_class_patient_label,50017
vit_method2,17,standardized_resnet18,patient,calibrated,conditional.balanced_accuracy,0.6,0.35000000000000003,0.8333333333333334,0.12478489304272418,0.95,bca,bca,False,,5000,5000,whole_patient_cluster,True,three_class_patient_label,50017
vit_method2,17,standardized_resnet18,patient,calibrated,conditional.derived_discrimination.normal_vs_abnormal.auroc,0.9,0.625,1.0,0.07689288781798612,0.95,bca,bca,False,,5000,5000,whole_patient_cluster,True,three_class_patient_label,50017
vit_method2,17,standardized_resnet18,patient,calibrated,conditional.derived_discrimination.normal_vs_abnormal.average_precision,0.9128787878787878,0.7307692307692308,1.0,0.06064432585948231,0.95,bca,bca,False,,5000,5000,whole_patient_cluster,True,three_class_patient_label,50017
vit_method2,17,standardized_resnet18,patient,calibrated,conditional.derived_discrimination.papilledema_vs_pseudopapilledema.auroc,0.25,0.0,0.75,0.18772278889121008,0.95,bca,bca,False,,5000,5000,whole_patient_cluster,True,three_class_patient_label,50017
vit_method2,17,standardized_resnet18,patient,calibrated,conditional.derived_discrimination.papilledema_vs_pseudopapilledema.average_precision,0.44047619047619047,0.36547619047619045,0.5833333333333333,0.10485202490516221,0.95,bca,bca,False,,5000,5000,whole_patient_cluster,True,three_class_patient_label,50017
vit_method2,17,standardized_resnet18,patient,calibrated,conditional.macro_auroc,0.7642857142857142,0.550595238095238,0.8863095238095239,0.07997621239814583,0.95,bca,bca,False,,5000,5000,whole_patient_cluster,True,three_class_patient_label,50017
vit_method2,17,standardized_resnet18,patient,calibrated,conditional.macro_average_precision,0.5993097643097643,0.4475274157111148,0.7321094734637248,0.0886931356574963,0.95,bca,bca,False,,5000,5000,whole_patient_cluster,True,three_class_patient_label,50017
vit_method2,17,standardized_resnet18,patient,calibrated,conditional.macro_classwise_ece,0.20003047182498088,0.12215031195649861,0.24710013632973363,0.038817137366839775,0.95,bca,bca,False,,5000,5000,whole_patient_cluster,True,three_class_patient_label,50017
vit_method2,17,standardized_resnet18,patient,calibrated,conditional.macro_f1,0.6052910052910053,0.35610766045548653,0.8531746031746031,0.12705199804309383,0.95,bca,bca,False,,5000,5000,whole_patient_cluster,True,three_class_patient_label,50017
vit_method2,17,standardized_resnet18,patient,calibrated,conditional.multiclass_brier,0.47553675347535673,0.3428692830651138,0.6464424640663048,0.07619445879138945,0.95,bca,bca,False,,5000,5000,whole_patient_cluster,True,three_class_patient_label,50017
vit_method2,17,standardized_resnet18,patient,calibrated,conditional.multiclass_mcc,0.43979660370628026,0.06330235630655683,0.7385489458759964,0.17597513145145255,0.95,bca,bca,False,,5000,5000,whole_patient_cluster,True,three_class_patient_label,50017
vit_method2,17,standardized_resnet18,patient,calibrated,conditional.multiclass_nll,0.794457576522623,0.5917344595413742,1.1030010460826782,0.12640044087169752,0.95,bca,bca,False,,5000,5000,whole_patient_cluster,True,three_class_patient_label,50017
vit_method2,17,standardized_resnet18,patient,calibrated,conditional.per_class.normal.auroc_ovr,0.9,0.625,1.0,0.07689288781798612,0.95,bca,bca,False,,5000,5000,whole_patient_cluster,True,three_class_patient_label,50017
vit_method2,17,standardized_resnet18,patient,calibrated,conditional.per_class.normal.average_precision_ovr,0.9229292929292929,0.6977076428903404,0.9833333333333332,0.0533512743638366,0.95,bca,bca,False,,5000,5000,whole_patient_cluster,True,three_class_patient_label,50017
vit_method2,17,standardized_resnet18,patient,calibrated,conditional.per_class.normal.f1,0.8,0.5714285714285714,0.9473684210526315,0.09256493366610881,0.95,bca,bca,False,,5000,5000,whole_patient_cluster,True,three_class_patient_label,50017
vit_method2,17,standardized_resnet18,patient,calibrated,conditional.per_class.normal.precision,0.8,0.5576804385600244,1.0,0.1028120923973594,0.95,bca,bca,False,,5000,5000,whole_patient_cluster,True,three_class_patient_label,50017
vit_method2,17,standardized_resnet18,patient,calibrated,conditional.per_class.normal.recall,0.8,0.4,1.0,0.12741128963849896,0.95,bca,bca,False,,5000,5000,whole_patient_cluster,True,three_class_patient_label,50017
vit_method2,17,standardized_resnet18,patient,calibrated,conditional.per_class.papilledema.auroc_ovr,0.7678571428571428,0.42857142857142855,0.9285714285714286,0.11826316114296156,0.95,bca,bca,False,,5000,5000,whole_patient_cluster,True,three_class_patient_label,50017
vit_method2,17,standardized_resnet18,patient,calibrated,conditional.per_class.papilledema.average_precision_ovr,0.5,0.2642857142857143,0.8,0.16698590928774493,0.95,bca,bca,False,,5000,5000,whole_patient_cluster,True,three_class_patient_label,50017
vit_method2,17,standardized_resnet18,patient,calibrated,conditional.per_class.papilledema.f1,0.5714285714285714,0.0,0.974878972275595,0.2299853896648652,0.95,bca,bca,False,,5000,5000,whole_patient_cluster,True,three_class_patient_label,50017
vit_method2,17,standardized_resnet18,patient,calibrated,conditional.per_class.papilledema.precision,0.6666666666666666,0.0,1.0,0.2759675131753339,0.95,bca,bca,False,,5000,5000,whole_patient_cluster,True,three_class_patient_label,50017
vit_method2,17,standardized_resnet18,patient,calibrated,conditional.per_class.papilledema.recall,0.5,0.0,1.0,0.2503087461390008,0.95,bca,bca,False,,5000,5000,whole_patient_cluster,True,three_class_patient_label,50017
vit_method2,17,standardized_resnet18,patient,calibrated,conditional.per_class.pseudopapilledema.auroc_ovr,0.625,0.26785714285714285,0.8928571428571428,0.15684909269293248,0.95,bca,bca,False,,5000,5000,whole_patient_cluster,True,three_class_patient_label,50017
vit_method2,17,standardized_resnet18,patient,calibrated,conditional.per_class.pseudopapilledema.average_precision_ovr,0.375,0.20624569845436308,0.6875,0.1587038476802831,0.95,bca,bca,False,,5000,5000,whole_patient_cluster,True,three_class_patient_label,50017
vit_method2,17,standardized_resnet18,patient,calibrated,conditional.per_class.pseudopapilledema.f1,0.4444444444444444,0.0,0.8571428571428571,0.19746604670452605,0.95,bca,bca,False,,5000,5000,whole_patient_cluster,True,three_class_patient_label,50017
vit_method2,17,standardized_resnet18,patient,calibrated,conditional.per_class.pseudopapilledema.precision,0.4,0.0,1.0,0.20811098495346805,0.95,bca,bca,False,,5000,5000,whole_patient_cluster,True,three_class_patient_label,50017
vit_method2,17,standardized_resnet18,patient,calibrated,conditional.per_class.pseudopapilledema.recall,0.5,0.0,1.0,0.24864367020888947,0.95,bca,bca,False,,5000,5000,whole_patient_cluster,True,three_class_patient_label,50017
vit_method2,17,standardized_resnet18,patient,calibrated,conditional.top_label_ece,0.2530506575540591,0.11090923182156469,0.3877799133740737,0.07340366852642327,0.95,bca,bca,False,,5000,5000,whole_patient_cluster,True,three_class_patient_label,50017
vit_method2,17,standardized_resnet18,patient,calibrated,conditional_aurc,0.21384832487773664,0.09714814273708017,0.44201710955066636,0.08229582211985066,0.95,bca,bca,False,,5000,5000,whole_patient_cluster,True,three_class_patient_label,50017
vit_method2,17,standardized_resnet18,patient,calibrated,coverage,1.0,1.0,1.0,0.0,0.95,bca,bca,False,,5000,5000,whole_patient_cluster,True,three_class_patient_label,50017
vit_method2,17,standardized_resnet18,patient,calibrated,failure_aware.accuracy,0.6666666666666666,0.4444444444444444,0.8333333333333334,0.10515415901638905,0.95,bca,bca,False,,5000,5000,whole_patient_cluster,True,three_class_patient_label,50017
vit_method2,17,standardized_resnet18,patient,calibrated,failure_aware.balanced_accuracy,0.6,0.35000000000000003,0.8333333333333334,0.12478489304272418,0.95,bca,bca,False,,5000,5000,whole_patient_cluster,True,three_class_patient_label,50017
vit_method2,17,standardized_resnet18,patient,calibrated,failure_aware.macro_f1,0.6052910052910053,0.35610766045548653,0.8531746031746031,0.12705199804309383,0.95,bca,bca,False,,5000,5000,whole_patient_cluster,True,three_class_patient_label,50017
vit_method2,17,standardized_resnet18,patient,calibrated,failure_aware.multiclass_mcc,0.43979660370628026,0.06330235630655683,0.7385489458759964,0.17597513145145255,0.95,bca,bca,False,,5000,5000,whole_patient_cluster,True,three_class_patient_label,50017
vit_method2,17,standardized_resnet18,patient,calibrated,failure_aware.per_class.normal.f1,0.8,0.5714285714285714,0.9473684210526315,0.09256493366610881,0.95,bca,bca,False,,5000,5000,whole_patient_cluster,True,three_class_patient_label,50017
vit_method2,17,standardized_resnet18,patient,calibrated,failure_aware.per_class.normal.precision,0.8,0.5576804385600244,1.0,0.1028120923973594,0.95,bca,bca,False,,5000,5000,whole_patient_cluster,True,three_class_patient_label,50017
vit_method2,17,standardized_resnet18,patient,calibrated,failure_aware.per_class.normal.recall,0.8,0.4,1.0,0.12741128963849896,0.95,bca,bca,False,,5000,5000,whole_patient_cluster,True,three_class_patient_label,50017
vit_method2,17,standardized_resnet18,patient,calibrated,failure_aware.per_class.papilledema.f1,0.5714285714285714,0.0,0.974878972275595,0.2299853896648652,0.95,bca,bca,False,,5000,5000,whole_patient_cluster,True,three_class_patient_label,50017
vit_method2,17,standardized_resnet18,patient,calibrated,failure_aware.per_class.papilledema.precision,0.6666666666666666,0.0,1.0,0.2759675131753339,0.95,bca,bca,False,,5000,5000,whole_patient_cluster,True,three_class_patient_label,50017
vit_method2,17,standardized_resnet18,patient,calibrated,failure_aware.per_class.papilledema.recall,0.5,0.0,1.0,0.2503087461390008,0.95,bca,bca,False,,5000,5000,whole_patient_cluster,True,three_class_patient_label,50017
vit_method2,17,standardized_resnet18,patient,calibrated,failure_aware.per_class.pseudopapilledema.f1,0.4444444444444444,0.0,0.8571428571428571,0.19746604670452605,0.95,bca,bca,False,,5000,5000,whole_patient_cluster,True,three_class_patient_label,50017
vit_method2,17,standardized_resnet18,patient,calibrated,failure_aware.per_class.pseudopapilledema.precision,0.4,0.0,1.0,0.20811098495346805,0.95,bca,bca,False,,5000,5000,whole_patient_cluster,True,three_class_patient_label,50017
vit_method2,17,standardized_resnet18,patient,calibrated,failure_aware.per_class.pseudopapilledema.recall,0.5,0.0,1.0,0.24864367020888947,0.95,bca,bca,False,,5000,5000,whole_patient_cluster,True,three_class_patient_label,50017
vit_method2,17,standardized_resnet18,patient,calibrated,failure_aware_aurc,0.21384832487773664,0.09714814273708017,0.44201710955066636,0.08229582211985066,0.95,bca,bca,False,,5000,5000,whole_patient_cluster,True,three_class_patient_label,50017
vit_method2,17,standardized_resnet18,patient,calibrated,localized_diagnostic_success.rate,0.6666666666666666,0.4444444444444444,0.8333333333333334,0.10515415901638905,0.95,bca,bca,False,,5000,5000,whole_patient_cluster,True,three_class_patient_label,50017
vit_method2,17,standardized_resnet18,patient,calibrated,selective_risk,0.3333333333333333,0.16666666666666666,0.5555555555555556,0.10515415901638905,0.95,bca,bca,False,,5000,5000,whole_patient_cluster,True,three_class_patient_label,50017
vit_method2,17,standardized_resnet18,eye,calibrated,class_conditional_coverage.normal,1.0,1.0,1.0,0.0,0.95,bca,bca,False,,5000,5000,whole_patient_cluster,True,three_class_patient_label,50018
vit_method2,17,standardized_resnet18,eye,calibrated,class_conditional_coverage.papilledema,1.0,1.0,1.0,0.0,0.95,bca,bca,False,,5000,5000,whole_patient_cluster,True,three_class_patient_label,50018
vit_method2,17,standardized_resnet18,eye,calibrated,class_conditional_coverage.pseudopapilledema,1.0,1.0,1.0,0.0,0.95,bca,bca,False,,5000,5000,whole_patient_cluster,True,three_class_patient_label,50018
vit_method2,17,standardized_resnet18,eye,calibrated,conditional.accuracy,0.5833333333333334,0.3888888888888889,0.75,0.09523503604538752,0.95,bca,bca,False,,5000,5000,whole_patient_cluster,True,three_class_patient_label,50018
vit_method2,17,standardized_resnet18,eye,calibrated,conditional.balanced_accuracy,0.5,0.30833333333333335,0.7166666666666667,0.10660003356049043,0.95,bca,bca,False,,5000,5000,whole_patient_cluster,True,three_class_patient_label,50018
vit_method2,17,standardized_resnet18,eye,calibrated,conditional.derived_discrimination.normal_vs_abnormal.auroc,0.884375,0.6125,1.0,0.08164422939521634,0.95,bca,bca,False,,5000,5000,whole_patient_cluster,True,three_class_patient_label,50018
vit_method2,17,standardized_resnet18,eye,calibrated,conditional.derived_discrimination.normal_vs_abnormal.average_precision,0.9039429858934169,0.7030015085165763,1.0,0.06808301756580164,0.95,bca,bca,False,,5000,5000,whole_patient_cluster,True,three_class_patient_label,50018
vit_method2,17,standardized_resnet18,eye,calibrated,conditional.derived_discrimination.papilledema_vs_pseudopapilledema.auroc,0.390625,0.125,0.65625,0.1406229023078747,0.95,bca,bca,False,,5000,5000,whole_patient_cluster,True,three_class_patient_label,50018
vit_method2,17,standardized_resnet18,eye,calibrated,conditional.derived_discrimination.papilledema_vs_pseudopapilledema.average_precision,0.49308191808191804,0.3654761904761905,0.6747211122211122,0.10245800963839294,0.95,bca,bca,False,,5000,5000,whole_patient_cluster,True,three_class_patient_label,50018
vit_method2,17,standardized_resnet18,eye,calibrated,conditional.macro_auroc,0.7382440476190477,0.5322585499021766,0.8540229002402518,0.07678528175269161,0.95,bca,bca,False,,5000,5000,whole_patient_cluster,True,three_class_patient_label,50018
vit_method2,17,standardized_resnet18,eye,calibrated,conditional.macro_average_precision,0.5728556268892845,0.4222742695952279,0.6879344503195594,0.07307240501995102,0.95,bca,bca,False,,5000,5000,whole_patient_cluster,True,three_class_patient_label,50018
vit_method2,17,standardized_resnet18,eye,calibrated,conditional.macro_classwise_ece,0.16251410115349027,0.10588018299287788,0.1902175636837737,0.03737499775480884,0.95,bca,bca,False,,5000,5000,whole_patient_cluster,True,three_class_patient_label,50018
vit_method2,17,standardized_resnet18,eye,calibrated,conditional.macro_f1,0.504530557162136,0.31685993307683374,0.7306584813798508,0.10596641002333368,0.95,bca,bca,False,,5000,5000,whole_patient_cluster,True,three_class_patient_label,50018
vit_method2,17,standardized_resnet18,eye,calibrated,conditional.multiclass_brier,0.48625729570775916,0.35788154208501016,0.6396914377907877,0.07158424689761742,0.95,bca,bca,False,,5000,5000,whole_patient_cluster,True,three_class_patient_label,50018
vit_method2,17,standardized_resnet18,eye,calibrated,conditional.multiclass_mcc,0.3104851498504155,-0.015574505553393339,0.5963181923551099,0.15596969356386425,0.95,bca,bca,False,,5000,5000,whole_patient_cluster,True,three_class_patient_label,50018
vit_method2,17,standardized_resnet18,eye,calibrated,conditional.multiclass_nll,0.8112243673945553,0.6219217205764559,1.067386489188751,0.11286648303363345,0.95,bca,bca,False,,5000,5000,whole_patient_cluster,True,three_class_patient_label,50018
vit_method2,17,standardized_resnet18,eye,calibrated,conditional.per_class.normal.auroc_ovr,0.884375,0.6116160616573917,1.0,0.08164422939521633,0.95,bca,bca,False,,5000,5000,whole_patient_cluster,True,three_class_patient_label,50018
vit_method2,17,standardized_resnet18,eye,calibrated,conditional.per_class.normal.average_precision_ovr,0.8969333350669164,0.6896895905956185,1.0,0.0655841740377112,0.95,bca,bca,False,,5000,5000,whole_patient_cluster,True,three_class_patient_label,50018
vit_method2,17,standardized_resnet18,eye,calibrated,conditional.per_class.normal.f1,0.7692307692307693,0.5365853658536586,0.918918918918919,0.09467330189860639,0.95,bca,bca,False,,5000,5000,whole_patient_cluster,True,three_class_patient_label,50018
vit_method2,17,standardized_resnet18,eye,calibrated,conditional.per_class.normal.precision,0.7894736842105263,0.5415234985567919,1.0,0.10897465223983328,0.95,bca,bca,False,,5000,5000,whole_patient_cluster,True,three_class_patient_label,50018
vit_method2,17,standardized_resnet18,eye,calibrated,conditional.per_class.normal.recall,0.75,0.45,0.95,0.12589098779563862,0.95,bca,bca,False,,5000,5000,whole_patient_cluster,True,three_class_patient_label,50018
vit_method2,17,standardized_resnet18,eye,calibrated,conditional.per_class.papilledema.auroc_ovr,0.6964285714285715,0.42410714285714285,0.8928571428571428,0.11618719825735647,0.95,bca,bca,False,,5000,5000,whole_patient_cluster,True,three_class_patient_label,50018
vit_method2,17,standardized_resnet18,eye,calibrated,conditional.per_class.papilledema.average_precision_ovr,0.3909159530083443,0.23965470803706096,0.6491640018613987,0.12901327509772176,0.95,bca,bca,False,,5000,5000,whole_patient_cluster,True,three_class_patient_label,50018
vit_method2,17,standardized_resnet18,eye,calibrated,conditional.per_class.papilledema.f1,0.42857142857142855,0.0,0.8571428571428571,0.20011800976284694,0.95,bca,bca,False,,5000,5000,whole_patient_cluster,True,three_class_patient_label,50018
vit_method2,17,standardized_resnet18,eye,calibrated,conditional.per_class.papilledema.precision,0.5,0.0,1.0,0.23885266826830792,0.95,bca,bca,False,,5000,5000,whole_patient_cluster,True,three_class_patient_label,50018
vit_method2,17,standardized_resnet18,eye,calibrated,conditional.per_class.papilledema.recall,0.375,0.0,0.875,0.2093535052322521,0.95,bca,bca,False,,5000,5000,whole_patient_cluster,True,three_class_patient_label,50018
vit_method2,17,standardized_resnet18,eye,calibrated,conditional.per_class.pseudopapilledema.auroc_ovr,0.6339285714285715,0.3571428571428571,0.8392857142857143,0.12295790699521457,0.95,bca,bca,False,,5000,5000,whole_patient_cluster,True,three_class_patient_label,50018
vit_method2,17,standardized_resnet18,eye,calibrated,conditional.per_class.pseudopapilledema.average_precision_ovr,0.43071759259259257,0.2283295474938798,0.7052971889179185,0.1268831519545604,0.95,bca,bca,False,,5000,5000,whole_patient_cluster,True,three_class_patient_label,50018
vit_method2,17,standardized_resnet18,eye,calibrated,conditional.per_class.pseudopapilledema.f1,0.3157894736842105,0.0,0.7007367502460564,0.15751693479049308,0.95,bca,bca,False,,5000,5000,whole_patient_cluster,True,three_class_patient_label,50018
vit_method2,17,standardized_resnet18,eye,calibrated,conditional.per_class.pseudopapilledema.precision,0.2727272727272727,0.0,0.6666666666666666,0.14836948239319375,0.95,bca,bca,False,,5000,5000,whole_patient_cluster,True,three_class_patient_label,50018
vit_method2,17,standardized_resnet18,eye,calibrated,conditional.per_class.pseudopapilledema.recall,0.375,0.0,0.875,0.20592035022825603,0.95,bca,bca,False,,5000,5000,whole_patient_cluster,True,three_class_patient_label,50018
vit_method2,17,standardized_resnet18,eye,calibrated,conditional.top_label_ece,0.14108414830723054,0.054590862307986106,0.24349720957155452,0.058861432354990244,0.95,bca,bca,False,,5000,5000,whole_patient_cluster,True,three_class_patient_label,50018
vit_method2,17,standardized_resnet18,eye,calibrated,conditional_aurc,0.22569554501636624,0.11333648918203235,0.40610169636690197,0.07494326396563912,0.95,bca,bca,False,,5000,5000,whole_patient_cluster,True,three_class_patient_label,50018
vit_method2,17,standardized_resnet18,eye,calibrated,coverage,1.0,1.0,1.0,0.0,0.95,bca,bca,False,,5000,5000,whole_patient_cluster,True,three_class_patient_label,50018
vit_method2,17,standardized_resnet18,eye,calibrated,failure_aware.accuracy,0.5833333333333334,0.3888888888888889,0.75,0.09523503604538752,0.95,bca,bca,False,,5000,5000,whole_patient_cluster,True,three_class_patient_label,50018
vit_method2,17,standardized_resnet18,eye,calibrated,failure_aware.balanced_accuracy,0.5,0.30833333333333335,0.7166666666666667,0.10660003356049043,0.95,bca,bca,False,,5000,5000,whole_patient_cluster,True,three_class_patient_label,50018
vit_method2,17,standardized_resnet18,eye,calibrated,failure_aware.macro_f1,0.504530557162136,0.31685993307683374,0.7306584813798508,0.10596641002333368,0.95,bca,bca,False,,5000,5000,whole_patient_cluster,True,three_class_patient_label,50018
vit_method2,17,standardized_resnet18,eye,calibrated,failure_aware.multiclass_mcc,0.3104851498504155,-0.015574505553393339,0.5963181923551099,0.15596969356386425,0.95,bca,bca,False,,5000,5000,whole_patient_cluster,True,three_class_patient_label,50018
vit_method2,17,standardized_resnet18,eye,calibrated,failure_aware.per_class.normal.f1,0.7692307692307693,0.5365853658536586,0.918918918918919,0.09467330189860639,0.95,bca,bca,False,,5000,5000,whole_patient_cluster,True,three_class_patient_label,50018
vit_method2,17,standardized_resnet18,eye,calibrated,failure_aware.per_class.normal.precision,0.7894736842105263,0.5415234985567919,1.0,0.10897465223983328,0.95,bca,bca,False,,5000,5000,whole_patient_cluster,True,three_class_patient_label,50018
vit_method2,17,standardized_resnet18,eye,calibrated,failure_aware.per_class.normal.recall,0.75,0.45,0.95,0.12589098779563862,0.95,bca,bca,False,,5000,5000,whole_patient_cluster,True,three_class_patient_label,50018
vit_method2,17,standardized_resnet18,eye,calibrated,failure_aware.per_class.papilledema.f1,0.42857142857142855,0.0,0.8571428571428571,0.20011800976284694,0.95,bca,bca,False,,5000,5000,whole_patient_cluster,True,three_class_patient_label,50018
vit_method2,17,standardized_resnet18,eye,calibrated,failure_aware.per_class.papilledema.precision,0.5,0.0,1.0,0.23885266826830792,0.95,bca,bca,False,,5000,5000,whole_patient_cluster,True,three_class_patient_label,50018
vit_method2,17,standardized_resnet18,eye,calibrated,failure_aware.per_class.papilledema.recall,0.375,0.0,0.875,0.2093535052322521,0.95,bca,bca,False,,5000,5000,whole_patient_cluster,True,three_class_patient_label,50018
vit_method2,17,standardized_resnet18,eye,calibrated,failure_aware.per_class.pseudopapilledema.f1,0.3157894736842105,0.0,0.7007367502460564,0.15751693479049308,0.95,bca,bca,False,,5000,5000,whole_patient_cluster,True,three_class_patient_label,50018
vit_method2,17,standardized_resnet18,eye,calibrated,failure_aware.per_class.pseudopapilledema.precision,0.2727272727272727,0.0,0.6666666666666666,0.14836948239319375,0.95,bca,bca,False,,5000,5000,whole_patient_cluster,True,three_class_patient_label,50018
vit_method2,17,standardized_resnet18,eye,calibrated,failure_aware.per_class.pseudopapilledema.recall,0.375,0.0,0.875,0.20592035022825603,0.95,bca,bca,False,,5000,5000,whole_patient_cluster,True,three_class_patient_label,50018
vit_method2,17,standardized_resnet18,eye,calibrated,failure_aware_aurc,0.22569554501636624,0.11333648918203235,0.40610169636690197,0.07494326396563912,0.95,bca,bca,False,,5000,5000,whole_patient_cluster,True,three_class_patient_label,50018
vit_method2,17,standardized_resnet18,eye,calibrated,localized_diagnostic_success.rate,0.5833333333333334,0.3888888888888889,0.75,0.09523503604538752,0.95,bca,bca,False,,5000,5000,whole_patient_cluster,True,three_class_patient_label,50018
vit_method2,17,standardized_resnet18,eye,calibrated,selective_risk,0.4166666666666667,0.25,0.6111111111111112,0.09523503604538752,0.95,bca,bca,False,,5000,5000,whole_patient_cluster,True,three_class_patient_label,50018
vit_method2,42,model_specific,patient,calibrated,class_conditional_coverage.normal,1.0,1.0,1.0,0.0,0.95,bca,bca,False,,5000,5000,whole_patient_cluster,True,three_class_patient_label,50042
vit_method2,42,model_specific,patient,calibrated,class_conditional_coverage.papilledema,1.0,1.0,1.0,0.0,0.95,bca,bca,False,,5000,5000,whole_patient_cluster,True,three_class_patient_label,50042
vit_method2,42,model_specific,patient,calibrated,class_conditional_coverage.pseudopapilledema,0.75,0.25,1.0,0.21830785983178178,0.95,bca,bca,False,,5000,5000,whole_patient_cluster,True,three_class_patient_label,50042
vit_method2,42,model_specific,patient,calibrated,conditional.accuracy,0.6470588235294118,0.4444444444444444,0.8235294117647058,0.09168668035001264,0.95,bca,bca,False,,5000,5000,whole_patient_cluster,True,three_class_patient_label,50042
vit_method2,42,model_specific,patient,calibrated,conditional.balanced_accuracy,0.4944444444444444,0.3,0.7868637889254994,0.124988491736594,0.95,bca,bca,False,,5000,5000,whole_patient_cluster,True,three_class_patient_label,50042
vit_method2,42,model_specific,patient,calibrated,conditional.derived_discrimination.normal_vs_abnormal.auroc,0.9571428571428571,0.7428571428571429,1.0,0.04437653380025718,0.95,bca,bca,False,,5000,5000,whole_patient_cluster,True,three_class_patient_label,50042
vit_method2,42,model_specific,patient,calibrated,conditional.derived_discrimination.normal_vs_abnormal.average_precision,0.9571428571428571,0.821273467375068,1.0,0.038269451913544805,0.95,bca,bca,False,,5000,5000,whole_patient_cluster,True,three_class_patient_label,50042
vit_method2,42,model_specific,patient,calibrated,conditional.derived_discrimination.papilledema_vs_pseudopapilledema.auroc,0.3333333333333333,0.0,1.0,0.23396198172035415,0.95,bca,bca,False,,4981,5000,whole_patient_cluster,True,three_class_patient_label,50042
vit_method2,42,model_specific,patient,calibrated,conditional.derived_discrimination.papilledema_vs_pseudopapilledema.average_precision,0.44285714285714284,0.2,0.75,0.1620211003135675,0.95,bca,bca,False,,4981,5000,whole_patient_cluster,True,three_class_patient_label,50042
vit_method2,42,model_specific,patient,calibrated,conditional.macro_auroc,0.8217948717948719,0.6877047597312205,0.8971861471861472,0.051287034888039075,0.95,bca,bca,False,,5000,5000,whole_patient_cluster,True,three_class_patient_label,50042
vit_method2,42,model_specific,patient,calibrated,conditional.macro_average_precision,0.6442977392977393,0.5349020981332351,0.7385635236400071,0.05972979229859767,0.95,bca,bca,False,,5000,5000,whole_patient_cluster,True,three_class_patient_label,50042
vit_method2,42,model_specific,patient,calibrated,conditional.macro_classwise_ece,0.12479776655549533,0.07670168410646339,0.13702316521198366,0.029030900311208918,0.95,bca,bca,False,,5000,5000,whole_patient_cluster,True,three_class_patient_label,50042
vit_method2,42,model_specific,patient,calibrated,conditional.macro_f1,0.4904761904761905,0.3157894736842105,0.8253968253968252,0.116027730602037,0.95,bca,bca,False,,5000,5000,whole_patient_cluster,True,three_class_patient_label,50042
vit_method2,42,model_specific,patient,calibrated,conditional.multiclass_brier,0.38144328855215076,0.26829326873344556,0.549144683100645,0.0693652724258365,0.95,bca,bca,False,,5000,5000,whole_patient_cluster,True,three_class_patient_label,50042
vit_method2,42,model_specific,patient,calibrated,conditional.multiclass_mcc,0.38414634146341464,0.0914000021665186,0.6951219512195121,0.1551932449252105,0.95,bca,bca,False,,5000,5000,whole_patient_cluster,True,three_class_patient_label,50042
vit_method2,42,model_specific,patient,calibrated,conditional.multiclass_nll,0.6011288283146442,0.43860773410031145,0.8493194615068329,0.10109457646403786,0.95,bca,bca,False,,5000,5000,whole_patient_cluster,True,three_class_patient_label,50042
vit_method2,42,model_specific,patient,calibrated,conditional.per_class.normal.auroc_ovr,0.9571428571428572,0.76778343212912,1.0,0.04437653380025718,0.95,bca,bca,False,,5000,5000,whole_patient_cluster,True,three_class_patient_label,50042
vit_method2,42,model_specific,patient,calibrated,conditional.per_class.normal.average_precision_ovr,0.9697979797979798,0.8331176354304578,1.0,0.030174006622119564,0.95,bca,bca,False,,5000,5000,whole_patient_cluster,True,three_class_patient_label,50042
vit_method2,42,model_specific,patient,calibrated,conditional.per_class.normal.f1,0.9,0.7,1.0,0.06693078295887486,0.95,bca,bca,False,,5000,5000,whole_patient_cluster,True,three_class_patient_label,50042
vit_method2,42,model_specific,patient,calibrated,conditional.per_class.normal.precision,0.9,0.6731946739431789,1.0,0.07694777697466804,0.95,bca,bca,False,,5000,5000,whole_patient_cluster,True,three_class_patient_label,50042
vit_method2,42,model_specific,patient,calibrated,conditional.per_class.normal.recall,0.9,0.5,1.0,0.09563281616215963,0.95,bca,bca,False,,5000,5000,whole_patient_cluster,True,three_class_patient_label,50042
vit_method2,42,model_specific,patient,calibrated,conditional.per_class.papilledema.auroc_ovr,0.8653846153846153,0.625,0.9791666666666667,0.08218153497286856,0.95,bca,bca,False,,5000,5000,whole_patient_cluster,True,three_class_patient_label,50042
vit_method2,42,model_specific,patient,calibrated,conditional.per_class.papilledema.average_precision_ovr,0.6845238095238095,0.3979686830152866,0.95,0.15124949403763804,0.95,bca,bca,False,,5000,5000,whole_patient_cluster,True,three_class_patient_label,50042
vit_method2,42,model_specific,patient,calibrated,conditional.per_class.papilledema.f1,0.2857142857142857,0.0,0.8571428571428571,0.21711412055833879,0.95,bca,bca,False,,5000,5000,whole_patient_cluster,True,three_class_patient_label,50042
vit_method2,42,model_specific,patient,calibrated,conditional.per_class.papilledema.precision,0.3333333333333333,0.0,1.0,0.2919185406920027,0.95,bca,bca,False,,5000,5000,whole_patient_cluster,True,three_class_patient_label,50042
vit_method2,42,model_specific,patient,calibrated,conditional.per_class.papilledema.recall,0.25,0.0,0.75,0.21396867532142122,0.95,bca,bca,False,,5000,5000,whole_patient_cluster,True,three_class_patient_label,50042
vit_method2,42,model_specific,patient,calibrated,conditional.per_class.pseudopapilledema.auroc_ovr,0.6428571428571429,0.4285714285714286,0.8095238095238095,0.0967642838741717,0.95,bca,bca,False,,4981,5000,whole_patient_cluster,True,three_class_patient_label,50042
vit_method2,42,model_specific,patient,calibrated,conditional.per_class.pseudopapilledema.average_precision_ovr,0.2785714285714286,0.1111111111111111,0.4095238095238095,0.08962194853252167,0.95,bca,bca,False,,4981,5000,whole_patient_cluster,True,three_class_patient_label,50042
vit_method2,42,model_specific,patient,calibrated,conditional.per_class.pseudopapilledema.f1,0.2857142857142857,0.0,0.8,0.20826084234765513,0.95,bca,bca,False,,5000,5000,whole_patient_cluster,True,three_class_patient_label,50042
vit_method2,42,model_specific,patient,calibrated,conditional.per_class.pseudopapilledema.precision,0.25,0.0,0.75,0.1825453272835109,0.95,bca,bca,False,,5000,5000,whole_patient_cluster,True,three_class_patient_label,50042
vit_method2,42,model_specific,patient,calibrated,conditional.per_class.pseudopapilledema.recall,0.3333333333333333,0.0,1.0,0.29357181128707693,0.95,bca,bca,False,,4981,5000,whole_patient_cluster,True,three_class_patient_label,50042
vit_method2,42,model_specific,patient,calibrated,conditional.top_label_ece,0.13607138729370893,0.027927164566576176,0.1954049756303346,0.057226904130299155,0.95,bca,bca,False,,5000,5000,whole_patient_cluster,True,three_class_patient_label,50042
vit_method2,42,model_specific,patient,calibrated,conditional_aurc,0.14613840119895483,0.07365757624190813,0.28754035571847575,0.05187339138936327,0.95,bca,bca,False,,5000,5000,whole_patient_cluster,True,three_class_patient_label,50042
vit_method2,42,model_specific,patient,calibrated,coverage,0.9444444444444444,0.7777777777777778,1.0,0.04851285774039595,0.95,bca,bca,False,,5000,5000,whole_patient_cluster,True,three_class_patient_label,50042
vit_method2,42,model_specific,patient,calibrated,failure_aware.accuracy,0.6111111111111112,0.4444444444444444,0.7777777777777778,0.08670683063688436,0.95,bca,bca,False,,5000,5000,whole_patient_cluster,True,three_class_patient_label,50042
vit_method2,42,model_specific,patient,calibrated,failure_aware.balanced_accuracy,0.4666666666666666,0.3,0.75,0.10679922561843,0.95,bca,bca,False,,5000,5000,whole_patient_cluster,True,three_class_patient_label,50042
vit_method2,42,model_specific,patient,calibrated,failure_aware.macro_f1,0.4785714285714286,0.3157894736842105,0.7792207792207791,0.10988352216365269,0.95,bca,bca,False,,5000,5000,whole_patient_cluster,True,three_class_patient_label,50042
vit_method2,42,model_specific,patient,calibrated,failure_aware.multiclass_mcc,0.35901684868972045,0.10269797953221864,0.6385281723312333,0.13852348002540593,0.95,bca,bca,False,,5000,5000,whole_patient_cluster,True,three_class_patient_label,50042
vit_method2,42,model_specific,patient,calibrated,failure_aware.per_class.normal.f1,0.9,0.7,1.0,0.06693078295887486,0.95,bca,bca,False,,5000,5000,whole_patient_cluster,True,three_class_patient_label,50042
vit_method2,42,model_specific,patient,calibrated,failure_aware.per_class.normal.precision,0.9,0.6731946739431789,1.0,0.07694777697466804,0.95,bca,bca,False,,5000,5000,whole_patient_cluster,True,three_class_patient_label,50042
vit_method2,42,model_specific,patient,calibrated,failure_aware.per_class.normal.recall,0.9,0.5,1.0,0.09563281616215963,0.95,bca,bca,False,,5000,5000,whole_patient_cluster,True,three_class_patient_label,50042
vit_method2,42,model_specific,patient,calibrated,failure_aware.per_class.papilledema.f1,0.2857142857142857,0.0,0.8571428571428571,0.21711412055833879,0.95,bca,bca,False,,5000,5000,whole_patient_cluster,True,three_class_patient_label,50042
vit_method2,42,model_specific,patient,calibrated,failure_aware.per_class.papilledema.precision,0.3333333333333333,0.0,1.0,0.2919185406920027,0.95,bca,bca,False,,5000,5000,whole_patient_cluster,True,three_class_patient_label,50042
vit_method2,42,model_specific,patient,calibrated,failure_aware.per_class.papilledema.recall,0.25,0.0,0.75,0.21396867532142122,0.95,bca,bca,False,,5000,5000,whole_patient_cluster,True,three_class_patient_label,50042
vit_method2,42,model_specific,patient,calibrated,failure_aware.per_class.pseudopapilledema.f1,0.25,0.0,0.75,0.18945031397697706,0.95,bca,bca,False,,5000,5000,whole_patient_cluster,True,three_class_patient_label,50042
vit_method2,42,model_specific,patient,calibrated,failure_aware.per_class.pseudopapilledema.precision,0.25,0.0,0.75,0.1825453272835109,0.95,bca,bca,False,,5000,5000,whole_patient_cluster,True,three_class_patient_label,50042
vit_method2,42,model_specific,patient,calibrated,failure_aware.per_class.pseudopapilledema.recall,0.25,0.0,0.75,0.2182794692254337,0.95,bca,bca,False,,5000,5000,whole_patient_cluster,True,three_class_patient_label,50042
vit_method2,42,model_specific,patient,calibrated,failure_aware_aurc,0.15962453940395116,0.08772740966368417,0.2899413308982715,0.0506918960671905,0.95,bca,bca,False,,5000,5000,whole_patient_cluster,True,three_class_patient_label,50042
vit_method2,42,model_specific,patient,calibrated,localized_diagnostic_success.rate,0.5555555555555556,0.3888888888888889,0.6666666666666666,0.07167649698536754,0.95,bca,bca,False,,5000,5000,whole_patient_cluster,True,three_class_patient_label,50042
vit_method2,42,model_specific,patient,calibrated,selective_risk,0.35294117647058826,0.17647058823529413,0.5555555555555556,0.09168668035001264,0.95,bca,bca,False,,5000,5000,whole_patient_cluster,True,three_class_patient_label,50042
vit_method2,42,model_specific,eye,calibrated,class_conditional_coverage.normal,1.0,1.0,1.0,0.0,0.95,bca,bca,False,,5000,5000,whole_patient_cluster,True,three_class_patient_label,50043
vit_method2,42,model_specific,eye,calibrated,class_conditional_coverage.papilledema,1.0,1.0,1.0,0.0,0.95,bca,bca,False,,5000,5000,whole_patient_cluster,True,three_class_patient_label,50043
vit_method2,42,model_specific,eye,calibrated,class_conditional_coverage.pseudopapilledema,0.875,0.625,1.0,0.11120514069350991,0.95,bca,bca,False,,5000,5000,whole_patient_cluster,True,three_class_patient_label,50043
vit_method2,42,model_specific,eye,calibrated,conditional.accuracy,0.7142857142857143,0.5555555555555556,0.8529411764705882,0.07656135752581794,0.95,bca,bca,False,,5000,5000,whole_patient_cluster,True,three_class_patient_label,50043
vit_method2,42,model_specific,eye,calibrated,conditional.balanced_accuracy,0.5845238095238096,0.39166666666666666,0.8250000000000001,0.11063577235327776,0.95,bca,bca,False,,5000,5000,whole_patient_cluster,True,three_class_patient_label,50043
vit_method2,42,model_specific,eye,calibrated,conditional.derived_discrimination.normal_vs_abnormal.auroc,0.9233333333333332,0.7256807226362989,1.0,0.0598407047208613,0.95,bca,bca,False,,5000,5000,whole_patient_cluster,True,three_class_patient_label,50043
vit_method2,42,model_specific,eye,calibrated,conditional.derived_discrimination.normal_vs_abnormal.average_precision,0.9429827688651218,0.8228454112285419,1.0,0.04166177203142147,0.95,bca,bca,False,,5000,5000,whole_patient_cluster,True,three_class_patient_label,50043
vit_method2,42,model_specific,eye,calibrated,conditional.derived_discrimination.papilledema_vs_pseudopapilledema.auroc,0.4107142857142857,0.09375,0.7916666666666666,0.18327984096404026,0.95,bca,bca,False,,5000,5000,whole_patient_cluster,True,three_class_patient_label,50043
vit_method2,42,model_specific,eye,calibrated,conditional.derived_discrimination.papilledema_vs_pseudopapilledema.average_precision,0.5167542774685632,0.34484126984126984,0.7937641723356008,0.11825547310307417,0.95,bca,bca,False,,5000,5000,whole_patient_cluster,True,three_class_patient_label,50043
vit_method2,42,model_specific,eye,calibrated,conditional.macro_auroc,0.8211312673217436,0.6879623616193555,0.9044566544566545,0.05245157649268457,0.95,bca,bca,False,,5000,5000,whole_patient_cluster,True,three_class_patient_label,50043
vit_method2,42,model_specific,eye,calibrated,conditional.macro_average_precision,0.645273848306594,0.5559975268880881,0.7511842324342325,0.05564195981179553,0.95,bca,bca,False,,5000,5000,whole_patient_cluster,True,three_class_patient_label,50043
vit_method2,42,model_specific,eye,calibrated,conditional.macro_classwise_ece,0.1418710967026335,0.1176259291164024,0.1530218190754676,0.020034932847629073,0.95,bca,bca,False,,5000,5000,whole_patient_cluster,True,three_class_patient_label,50043
vit_method2,42,model_specific,eye,calibrated,conditional.macro_f1,0.5887667887667888,0.390715667311412,0.8366214672690022,0.11371565285706059,0.95,bca,bca,False,,5000,5000,whole_patient_cluster,True,three_class_patient_label,50043
vit_method2,42,model_specific,eye,calibrated,conditional.multiclass_brier,0.39962879498196785,0.3200030853456504,0.5178981855001011,0.04839403545491901,0.95,bca,bca,False,,5000,5000,whole_patient_cluster,True,three_class_patient_label,50043
vit_method2,42,model_specific,eye,calibrated,conditional.multiclass_mcc,0.4975490524826545,0.20425943981954725,0.7516363996656757,0.1407580312109266,0.95,bca,bca,False,,5000,5000,whole_patient_cluster,True,three_class_patient_label,50043
vit_method2,42,model_specific,eye,calibrated,conditional.multiclass_nll,0.6600503467122332,0.5467637186910077,0.8318341428895247,0.068643144388311,0.95,bca,bca,False,,5000,5000,whole_patient_cluster,True,three_class_patient_label,50043
vit_method2,42,model_specific,eye,calibrated,conditional.per_class.normal.auroc_ovr,0.9233333333333333,0.728125,1.0,0.05984070472086131,0.95,bca,bca,False,,5000,5000,whole_patient_cluster,True,three_class_patient_label,50043
vit_method2,42,model_specific,eye,calibrated,conditional.per_class.normal.average_precision_ovr,0.8985713418082345,0.6952488354911658,1.0,0.0723232809002815,0.95,bca,bca,False,,5000,5000,whole_patient_cluster,True,three_class_patient_label,50043
vit_method2,42,model_specific,eye,calibrated,conditional.per_class.normal.f1,0.9047619047619048,0.7906976744186046,0.975609756097561,0.044442168115955714,0.95,bca,bca,False,,5000,5000,whole_patient_cluster,True,three_class_patient_label,50043
vit_method2,42,model_specific,eye,calibrated,conditional.per_class.normal.precision,0.8636363636363636,0.7142857142857143,1.0,0.0663365028506408,0.95,bca,bca,False,,5000,5000,whole_patient_cluster,True,three_class_patient_label,50043
vit_method2,42,model_specific,eye,calibrated,conditional.per_class.normal.recall,0.95,0.75,1.0,0.04741782038366997,0.95,bca,bca,False,,5000,5000,whole_patient_cluster,True,three_class_patient_label,50043
vit_method2,42,model_specific,eye,calibrated,conditional.per_class.papilledema.auroc_ovr,0.9074074074074074,0.7857142857142857,0.9732142857142857,0.04637757100044035,0.95,bca,bca,False,,5000,5000,whole_patient_cluster,True,three_class_patient_label,50043
vit_method2,42,model_specific,eye,calibrated,conditional.per_class.papilledema.average_precision_ovr,0.7448232323232322,0.5175969863469863,0.9519230769230769,0.11696856841225488,0.95,bca,bca,False,,5000,5000,whole_patient_cluster,True,three_class_patient_label,50043
vit_method2,42,model_specific,eye,calibrated,conditional.per_class.papilledema.f1,0.46153846153846156,0.0,0.875,0.20502063359870917,0.95,bca,bca,False,,5000,5000,whole_patient_cluster,True,three_class_patient_label,50043
vit_method2,42,model_specific,eye,calibrated,conditional.per_class.papilledema.precision,0.6,0.0,1.0,0.2470168095646317,0.95,bca,bca,False,,5000,5000,whole_patient_cluster,True,three_class_patient_label,50043
vit_method2,42,model_specific,eye,calibrated,conditional.per_class.papilledema.recall,0.375,0.0,0.875,0.20594074801587633,0.95,bca,bca,False,,5000,5000,whole_patient_cluster,True,three_class_patient_label,50043
vit_method2,42,model_specific,eye,calibrated,conditional.per_class.pseudopapilledema.auroc_ovr,0.6326530612244898,0.36032971664316943,0.8214285714285714,0.1187481334490377,0.95,bca,bca,False,,5000,5000,whole_patient_cluster,True,three_class_patient_label,50043
vit_method2,42,model_specific,eye,calibrated,conditional.per_class.pseudopapilledema.average_precision_ovr,0.2924269707883153,0.20652050293801733,0.4297985861011071,0.08109559222220222,0.95,bca,bca,False,,5000,5000,whole_patient_cluster,True,three_class_patient_label,50043
vit_method2,42,model_specific,eye,calibrated,conditional.per_class.pseudopapilledema.f1,0.4,0.0,0.8,0.18998641163407237,0.95,bca,bca,False,,5000,5000,whole_patient_cluster,True,three_class_patient_label,50043
vit_method2,42,model_specific,eye,calibrated,conditional.per_class.pseudopapilledema.precision,0.375,0.0,0.75,0.17013245002602842,0.95,bca,bca,False,,5000,5000,whole_patient_cluster,True,three_class_patient_label,50043
vit_method2,42,model_specific,eye,calibrated,conditional.per_class.pseudopapilledema.recall,0.42857142857142855,0.0,1.0,0.25510757214744456,0.95,bca,bca,False,,5000,5000,whole_patient_cluster,True,three_class_patient_label,50043
vit_method2,42,model_specific,eye,calibrated,conditional.top_label_ece,0.1634428578739736,0.08438607022690202,0.2051677923220874,0.039746237282681326,0.95,bca,bca,False,,5000,5000,whole_patient_cluster,True,three_class_patient_label,50043
vit_method2,42,model_specific,eye,calibrated,conditional_aurc,0.17976625074043856,0.06789429759911465,0.3808802970601741,0.07551996590050138,0.95,bca,bca,False,,5000,5000,whole_patient_cluster,True,three_class_patient_label,50043
vit_method2,42,model_specific,eye,calibrated,coverage,0.9722222222222222,0.8888888888888888,1.0,0.024712253487446656,0.95,bca,bca,False,,5000,5000,whole_patient_cluster,True,three_class_patient_label,50043
vit_method2,42,model_specific,eye,calibrated,failure_aware.accuracy,0.6944444444444444,0.5555555555555556,0.8333333333333334,0.07014980598193252,0.95,bca,bca,False,,5000,5000,whole_patient_cluster,True,three_class_patient_label,50043
vit_method2,42,model_specific,eye,calibrated,failure_aware.balanced_accuracy,0.5666666666666667,0.39999999999999997,0.7833333333333333,0.09875799828706207,0.95,bca,bca,False,,5000,5000,whole_patient_cluster,True,three_class_patient_label,50043
vit_method2,42,model_specific,eye,calibrated,failure_aware.macro_f1,0.5804334554334555,0.39015151515151514,0.8222211055403624,0.10876157614632771,0.95,bca,bca,False,,5000,5000,whole_patient_cluster,True,three_class_patient_label,50043
vit_method2,42,model_specific,eye,calibrated,failure_aware.multiclass_mcc,0.47808023488531326,0.21783032978957625,0.7198061963441795,0.1280749151874264,0.95,bca,bca,False,,5000,5000,whole_patient_cluster,True,three_class_patient_label,50043
vit_method2,42,model_specific,eye,calibrated,failure_aware.per_class.normal.f1,0.9047619047619048,0.7906976744186046,0.975609756097561,0.044442168115955714,0.95,bca,bca,False,,5000,5000,whole_patient_cluster,True,three_class_patient_label,50043
vit_method2,42,model_specific,eye,calibrated,failure_aware.per_class.normal.precision,0.8636363636363636,0.7142857142857143,1.0,0.0663365028506408,0.95,bca,bca,False,,5000,5000,whole_patient_cluster,True,three_class_patient_label,50043
vit_method2,42,model_specific,eye,calibrated,failure_aware.per_class.normal.recall,0.95,0.75,1.0,0.04741782038366997,0.95,bca,bca,False,,5000,5000,whole_patient_cluster,True,three_class_patient_label,50043
vit_method2,42,model_specific,eye,calibrated,failure_aware.per_class.papilledema.f1,0.46153846153846156,0.0,0.875,0.20502063359870917,0.95,bca,bca,False,,5000,5000,whole_patient_cluster,True,three_class_patient_label,50043
vit_method2,42,model_specific,eye,calibrated,failure_aware.per_class.papilledema.precision,0.6,0.0,1.0,0.2470168095646317,0.95,bca,bca,False,,5000,5000,whole_patient_cluster,True,three_class_patient_label,50043
vit_method2,42,model_specific,eye,calibrated,failure_aware.per_class.papilledema.recall,0.375,0.0,0.875,0.20594074801587633,0.95,bca,bca,False,,5000,5000,whole_patient_cluster,True,three_class_patient_label,50043
vit_method2,42,model_specific,eye,calibrated,failure_aware.per_class.pseudopapilledema.f1,0.375,0.0,0.7619047619047619,0.17553465372799384,0.95,bca,bca,False,,5000,5000,whole_patient_cluster,True,three_class_patient_label,50043
vit_method2,42,model_specific,eye,calibrated,failure_aware.per_class.pseudopapilledema.precision,0.375,0.0,0.75,0.17013245002602842,0.95,bca,bca,False,,5000,5000,whole_patient_cluster,True,three_class_patient_label,50043
vit_method2,42,model_specific,eye,calibrated,failure_aware.per_class.pseudopapilledema.recall,0.375,0.0,0.875,0.2073619777055562,0.95,bca,bca,False,,5000,5000,whole_patient_cluster,True,three_class_patient_label,50043
vit_method2,42,model_specific,eye,calibrated,failure_aware_aurc,0.18326039809641403,0.07341053822956156,0.37985753995609717,0.07379639741781698,0.95,bca,bca,False,,5000,5000,whole_patient_cluster,True,three_class_patient_label,50043
vit_method2,42,model_specific,eye,calibrated,localized_diagnostic_success.rate,0.6388888888888888,0.5277777777777778,0.75,0.061613391261456193,0.95,bca,bca,False,,5000,5000,whole_patient_cluster,True,three_class_patient_label,50043
vit_method2,42,model_specific,eye,calibrated,selective_risk,0.2857142857142857,0.14705882352941177,0.4444444444444444,0.07656135752581794,0.95,bca,bca,False,,5000,5000,whole_patient_cluster,True,three_class_patient_label,50043
vit_method2,42,standardized_resnet18,patient,calibrated,class_conditional_coverage.normal,1.0,1.0,1.0,0.0,0.95,bca,bca,False,,5000,5000,whole_patient_cluster,True,three_class_patient_label,50042
vit_method2,42,standardized_resnet18,patient,calibrated,class_conditional_coverage.papilledema,1.0,1.0,1.0,0.0,0.95,bca,bca,False,,5000,5000,whole_patient_cluster,True,three_class_patient_label,50042
vit_method2,42,standardized_resnet18,patient,calibrated,class_conditional_coverage.pseudopapilledema,0.75,0.25,1.0,0.21830785983178178,0.95,bca,bca,False,,5000,5000,whole_patient_cluster,True,three_class_patient_label,50042
vit_method2,42,standardized_resnet18,patient,calibrated,conditional.accuracy,0.7058823529411765,0.5,0.875,0.09699585497800672,0.95,bca,bca,False,,5000,5000,whole_patient_cluster,True,three_class_patient_label,50042
vit_method2,42,standardized_resnet18,patient,calibrated,conditional.balanced_accuracy,0.5777777777777777,0.35000000000000003,0.85,0.13255713671827848,0.95,bca,bca,False,,5000,5000,whole_patient_cluster,True,three_class_patient_label,50042
vit_method2,42,standardized_resnet18,patient,calibrated,conditional.derived_discrimination.normal_vs_abnormal.auroc,0.8857142857142857,0.6142857142857143,1.0,0.08548053188752566,0.95,bca,bca,False,,5000,5000,whole_patient_cluster,True,three_class_patient_label,50042
vit_method2,42,standardized_resnet18,patient,calibrated,conditional.derived_discrimination.normal_vs_abnormal.average_precision,0.9081632653061225,0.7714285714285714,1.0,0.05866965610025117,0.95,bca,bca,False,,5000,5000,whole_patient_cluster,True,three_class_patient_label,50042
vit_method2,42,standardized_resnet18,patient,calibrated,conditional.derived_discrimination.papilledema_vs_pseudopapilledema.auroc,0.5833333333333334,0.0,1.0,0.27232654596438555,0.95,bca,bca,False,,4981,5000,whole_patient_cluster,True,three_class_patient_label,50042
vit_method2,42,standardized_resnet18,patient,calibrated,conditional.derived_discrimination.papilledema_vs_pseudopapilledema.average_precision,0.6984126984126984,0.3333333333333333,1.0,0.19060664178059553,0.95,bca,bca,False,,4981,5000,whole_patient_cluster,True,three_class_patient_label,50042
vit_method2,42,standardized_resnet18,patient,calibrated,conditional.macro_auroc,0.8553724053724053,0.6886904761904762,0.9523809523809524,0.0624261965469949,0.95,bca,bca,False,,5000,5000,whole_patient_cluster,True,three_class_patient_label,50042
vit_method2,42,standardized_resnet18,patient,calibrated,conditional.macro_average_precision,0.7139417989417988,0.5368094260249807,0.855050505050505,0.08472673588332494,0.95,bca,bca,False,,5000,5000,whole_patient_cluster,True,three_class_patient_label,50042
vit_method2,42,standardized_resnet18,patient,calibrated,conditional.macro_classwise_ece,0.18751624876016648,0.10343575311956067,0.2564248379646809,0.04004442699837885,0.95,bca,bca,False,,5000,5000,whole_patient_cluster,True,three_class_patient_label,50042
vit_method2,42,standardized_resnet18,patient,calibrated,conditional.macro_f1,0.5873015873015872,0.38383505247058114,0.9047619047619048,0.13311359971987682,0.95,bca,bca,False,,5000,5000,whole_patient_cluster,True,three_class_patient_label,50042
vit_method2,42,standardized_resnet18,patient,calibrated,conditional.multiclass_brier,0.40010694802425656,0.2532609685134896,0.5860497134159715,0.0858668072206863,0.95,bca,bca,False,,5000,5000,whole_patient_cluster,True,three_class_patient_label,50042
vit_method2,42,standardized_resnet18,patient,calibrated,conditional.multiclass_mcc,0.465431000536237,0.1120224067222408,0.7905951241985395,0.17447651554942256,0.95,bca,bca,False,,5000,5000,whole_patient_cluster,True,three_class_patient_label,50042
vit_method2,42,standardized_resnet18,patient,calibrated,conditional.multiclass_nll,0.6657958965294629,0.4236912846715648,1.0025564639733253,0.14599635077224363,0.95,bca,bca,False,,5000,5000,whole_patient_cluster,True,three_class_patient_label,50042
vit_method2,42,standardized_resnet18,patient,calibrated,conditional.per_class.normal.auroc_ovr,0.8857142857142857,0.6142857142857142,1.0,0.08548053188752565,0.95,bca,bca,False,,5000,5000,whole_patient_cluster,True,three_class_patient_label,50042
vit_method2,42,standardized_resnet18,patient,calibrated,conditional.per_class.normal.average_precision_ovr,0.8987698412698412,0.6747619047619047,1.0,0.0738711937426165,0.95,bca,bca,False,,5000,5000,whole_patient_cluster,True,three_class_patient_label,50042
vit_method2,42,standardized_resnet18,patient,calibrated,conditional.per_class.normal.f1,0.8571428571428571,0.6666666666666666,0.9523809523809523,0.06853824372180903,0.95,bca,bca,False,,5000,5000,whole_patient_cluster,True,three_class_patient_label,50042
vit_method2,42,standardized_resnet18,patient,calibrated,conditional.per_class.normal.precision,0.8181818181818182,0.6666666666666666,1.0,0.08024404893963029,0.95,bca,bca,False,,5000,5000,whole_patient_cluster,True,three_class_patient_label,50042
vit_method2,42,standardized_resnet18,patient,calibrated,conditional.per_class.normal.recall,0.9,0.5,1.0,0.09563281616215963,0.95,bca,bca,False,,5000,5000,whole_patient_cluster,True,three_class_patient_label,50042
vit_method2,42,standardized_resnet18,patient,calibrated,conditional.per_class.papilledema.auroc_ovr,0.9423076923076923,0.7012587079917584,1.0,0.05630959585299151,0.95,bca,bca,False,,5000,5000,whole_patient_cluster,True,three_class_patient_label,50042
vit_method2,42,standardized_resnet18,patient,calibrated,conditional.per_class.papilledema.average_precision_ovr,0.8541666666666666,0.5119047619047619,1.0,0.1133244514971795,0.95,bca,bca,False,,5000,5000,whole_patient_cluster,True,three_class_patient_label,50042
vit_method2,42,standardized_resnet18,patient,calibrated,conditional.per_class.papilledema.f1,0.5714285714285714,0.0,1.0,0.232174537026509,0.95,bca,bca,False,,5000,5000,whole_patient_cluster,True,three_class_patient_label,50042
vit_method2,42,standardized_resnet18,patient,calibrated,conditional.per_class.papilledema.precision,0.6666666666666666,0.0,1.0,0.28602334063364054,0.95,bca,bca,False,,5000,5000,whole_patient_cluster,True,three_class_patient_label,50042
vit_method2,42,standardized_resnet18,patient,calibrated,conditional.per_class.papilledema.recall,0.5,0.0,1.0,0.2507667577518174,0.95,bca,bca,False,,5000,5000,whole_patient_cluster,True,three_class_patient_label,50042
vit_method2,42,standardized_resnet18,patient,calibrated,conditional.per_class.pseudopapilledema.auroc_ovr,0.738095238095238,0.5238095238095238,0.9285714285714286,0.10372053284851121,0.95,bca,bca,False,,4981,5000,whole_patient_cluster,True,three_class_patient_label,50042
vit_method2,42,standardized_resnet18,patient,calibrated,conditional.per_class.pseudopapilledema.average_precision_ovr,0.38888888888888884,0.14285714285714285,0.75,0.17270401871358462,0.95,bca,bca,False,,4981,5000,whole_patient_cluster,True,three_class_patient_label,50042
vit_method2,42,standardized_resnet18,patient,calibrated,conditional.per_class.pseudopapilledema.f1,0.3333333333333333,0.0,1.0,0.2444332060647075,0.95,bca,bca,False,,5000,5000,whole_patient_cluster,True,three_class_patient_label,50042
vit_method2,42,standardized_resnet18,patient,calibrated,conditional.per_class.pseudopapilledema.precision,0.3333333333333333,0.0,1.0,0.2660325612785467,0.95,bca,bca,False,,5000,5000,whole_patient_cluster,True,three_class_patient_label,50042
vit_method2,42,standardized_resnet18,patient,calibrated,conditional.per_class.pseudopapilledema.recall,0.3333333333333333,0.0,1.0,0.29357181128707693,0.95,bca,bca,False,,4981,5000,whole_patient_cluster,True,three_class_patient_label,50042
vit_method2,42,standardized_resnet18,patient,calibrated,conditional.top_label_ece,0.17729993480388398,0.05914657812549861,0.2822732735183287,0.0669452945435429,0.95,bca,bca,False,,5000,5000,whole_patient_cluster,True,three_class_patient_label,50042
vit_method2,42,standardized_resnet18,patient,calibrated,conditional_aurc,0.1630227999605162,0.04764244247418637,0.39534896813327164,0.08138282076029081,0.95,bca,bca,False,,5000,5000,whole_patient_cluster,True,three_class_patient_label,50042
vit_method2,42,standardized_resnet18,patient,calibrated,coverage,0.9444444444444444,0.7777777777777778,1.0,0.04851285774039595,0.95,bca,bca,False,,5000,5000,whole_patient_cluster,True,three_class_patient_label,50042
vit_method2,42,standardized_resnet18,patient,calibrated,failure_aware.accuracy,0.6666666666666666,0.5,0.8333333333333334,0.09116322519638674,0.95,bca,bca,False,,5000,5000,whole_patient_cluster,True,three_class_patient_label,50042
vit_method2,42,standardized_resnet18,patient,calibrated,failure_aware.balanced_accuracy,0.5499999999999999,0.35000000000000003,0.7999999999999999,0.1153009422979374,0.95,bca,bca,False,,5000,5000,whole_patient_cluster,True,three_class_patient_label,50042
vit_method2,42,standardized_resnet18,patient,calibrated,failure_aware.macro_f1,0.5714285714285713,0.3703703703703704,0.8585858585858586,0.1238576293033428,0.95,bca,bca,False,,5000,5000,whole_patient_cluster,True,three_class_patient_label,50042
vit_method2,42,standardized_resnet18,patient,calibrated,failure_aware.multiclass_mcc,0.43626897201385867,0.13130643285972254,0.7357611716570894,0.15548725209034417,0.95,bca,bca,False,,5000,5000,whole_patient_cluster,True,three_class_patient_label,50042
vit_method2,42,standardized_resnet18,patient,calibrated,failure_aware.per_class.normal.f1,0.8571428571428571,0.6666666666666666,0.9523809523809523,0.06853824372180903,0.95,bca,bca,False,,5000,5000,whole_patient_cluster,True,three_class_patient_label,50042
vit_method2,42,standardized_resnet18,patient,calibrated,failure_aware.per_class.normal.precision,0.8181818181818182,0.6666666666666666,1.0,0.08024404893963029,0.95,bca,bca,False,,5000,5000,whole_patient_cluster,True,three_class_patient_label,50042
vit_method2,42,standardized_resnet18,patient,calibrated,failure_aware.per_class.normal.recall,0.9,0.5,1.0,0.09563281616215963,0.95,bca,bca,False,,5000,5000,whole_patient_cluster,True,three_class_patient_label,50042
vit_method2,42,standardized_resnet18,patient,calibrated,failure_aware.per_class.papilledema.f1,0.5714285714285714,0.0,1.0,0.232174537026509,0.95,bca,bca,False,,5000,5000,whole_patient_cluster,True,three_class_patient_label,50042
vit_method2,42,standardized_resnet18,patient,calibrated,failure_aware.per_class.papilledema.precision,0.6666666666666666,0.0,1.0,0.28602334063364054,0.95,bca,bca,False,,5000,5000,whole_patient_cluster,True,three_class_patient_label,50042
vit_method2,42,standardized_resnet18,patient,calibrated,failure_aware.per_class.papilledema.recall,0.5,0.0,1.0,0.2507667577518174,0.95,bca,bca,False,,5000,5000,whole_patient_cluster,True,three_class_patient_label,50042
vit_method2,42,standardized_resnet18,patient,calibrated,failure_aware.per_class.pseudopapilledema.f1,0.2857142857142857,0.0,0.8571428571428571,0.21575750280947648,0.95,bca,bca,False,,5000,5000,whole_patient_cluster,True,three_class_patient_label,50042
vit_method2,42,standardized_resnet18,patient,calibrated,failure_aware.per_class.pseudopapilledema.precision,0.3333333333333333,0.0,1.0,0.2660325612785467,0.95,bca,bca,False,,5000,5000,whole_patient_cluster,True,three_class_patient_label,50042
vit_method2,42,standardized_resnet18,patient,calibrated,failure_aware.per_class.pseudopapilledema.recall,0.25,0.0,0.75,0.2182794692254337,0.95,bca,bca,False,,5000,5000,whole_patient_cluster,True,three_class_patient_label,50042
vit_method2,42,standardized_resnet18,patient,calibrated,failure_aware_aurc,0.17248449625900605,0.058391599322971874,0.38867717703502014,0.07772849545440969,0.95,bca,bca,False,,5000,5000,whole_patient_cluster,True,three_class_patient_label,50042
vit_method2,42,standardized_resnet18,patient,calibrated,localized_diagnostic_success.rate,0.6111111111111112,0.4444444444444444,0.7222222222222222,0.07684035493989284,0.95,bca,bca,False,,5000,5000,whole_patient_cluster,True,three_class_patient_label,50042
vit_method2,42,standardized_resnet18,patient,calibrated,selective_risk,0.29411764705882354,0.125,0.5,0.09699585497800674,0.95,bca,bca,False,,5000,5000,whole_patient_cluster,True,three_class_patient_label,50042
vit_method2,42,standardized_resnet18,eye,calibrated,class_conditional_coverage.normal,1.0,1.0,1.0,0.0,0.95,bca,bca,False,,5000,5000,whole_patient_cluster,True,three_class_patient_label,50043
vit_method2,42,standardized_resnet18,eye,calibrated,class_conditional_coverage.papilledema,1.0,1.0,1.0,0.0,0.95,bca,bca,False,,5000,5000,whole_patient_cluster,True,three_class_patient_label,50043
vit_method2,42,standardized_resnet18,eye,calibrated,class_conditional_coverage.pseudopapilledema,0.875,0.625,1.0,0.11120514069350991,0.95,bca,bca,False,,5000,5000,whole_patient_cluster,True,three_class_patient_label,50043
vit_method2,42,standardized_resnet18,eye,calibrated,conditional.accuracy,0.6857142857142857,0.6,0.7428571428571429,0.037201624370478546,0.95,bca,bca,False,,5000,5000,whole_patient_cluster,True,three_class_patient_label,50043
vit_method2,42,standardized_resnet18,eye,calibrated,conditional.balanced_accuracy,0.530952380952381,0.4666666666666666,0.6428571428571429,0.04286769738383195,0.95,bca,bca,False,,5000,5000,whole_patient_cluster,True,three_class_patient_label,50043
vit_method2,42,standardized_resnet18,eye,calibrated,conditional.derived_discrimination.normal_vs_abnormal.auroc,0.8733333333333334,0.6135615171433627,0.9884615384615385,0.08464190907727923,0.95,bca,bca,False,,5000,5000,whole_patient_cluster,True,three_class_patient_label,50043
vit_method2,42,standardized_resnet18,eye,calibrated,conditional.derived_discrimination.normal_vs_abnormal.average_precision,0.9063905918642761,0.7629533024320077,0.9999999999999998,0.0563929480252966,0.95,bca,bca,False,,5000,5000,whole_patient_cluster,True,three_class_patient_label,50043
vit_method2,42,standardized_resnet18,eye,calibrated,conditional.derived_discrimination.papilledema_vs_pseudopapilledema.auroc,0.4642857142857143,0.21428571428571427,0.6875,0.11849610422471515,0.95,bca,bca,False,,5000,5000,whole_patient_cluster,True,three_class_patient_label,50043
vit_method2,42,standardized_resnet18,eye,calibrated,conditional.derived_discrimination.papilledema_vs_pseudopapilledema.average_precision,0.4684283969998256,0.3107692307692308,0.6181186868686869,0.09040441720124821,0.95,bca,bca,False,,5000,5000,whole_patient_cluster,True,three_class_patient_label,50043
vit_method2,42,standardized_resnet18,eye,calibrated,conditional.macro_auroc,0.7730020156210632,0.6406262992756933,0.8652655556277797,0.05675844989284875,0.95,bca,bca,False,,5000,5000,whole_patient_cluster,True,three_class_patient_label,50043
vit_method2,42,standardized_resnet18,eye,calibrated,conditional.macro_average_precision,0.5736567821624212,0.46809954913218704,0.6747283446277269,0.06264958178223598,0.95,bca,bca,False,,5000,5000,whole_patient_cluster,True,three_class_patient_label,50043
vit_method2,42,standardized_resnet18,eye,calibrated,conditional.macro_classwise_ece,0.1549911242294135,0.0999181186888635,0.17868318604089586,0.030348520244169976,0.95,bca,bca,False,,5000,5000,whole_patient_cluster,True,three_class_patient_label,50043
vit_method2,42,standardized_resnet18,eye,calibrated,conditional.macro_f1,0.5238095238095238,0.4422989180409475,0.6252032520325203,0.04935888801289557,0.95,bca,bca,False,,5000,5000,whole_patient_cluster,True,three_class_patient_label,50043
vit_method2,42,standardized_resnet18,eye,calibrated,conditional.multiclass_brier,0.456483794829563,0.34380781465772475,0.5944380331359502,0.06428320627841118,0.95,bca,bca,False,,5000,5000,whole_patient_cluster,True,three_class_patient_label,50043
vit_method2,42,standardized_resnet18,eye,calibrated,conditional.multiclass_mcc,0.44177659232235694,0.2879729404030087,0.5502539599687271,0.06628013606410228,0.95,bca,bca,False,,5000,5000,whole_patient_cluster,True,three_class_patient_label,50043
vit_method2,42,standardized_resnet18,eye,calibrated,conditional.multiclass_nll,0.7389016727823718,0.5515348739548044,1.0307698038387019,0.11872121702144602,0.95,bca,bca,False,,5000,5000,whole_patient_cluster,True,three_class_patient_label,50043
vit_method2,42,standardized_resnet18,eye,calibrated,conditional.per_class.normal.auroc_ovr,0.8733333333333334,0.6140928451165155,0.988631484461903,0.08464190907727923,0.95,bca,bca,False,,5000,5000,whole_patient_cluster,True,three_class_patient_label,50043
vit_method2,42,standardized_resnet18,eye,calibrated,conditional.per_class.normal.average_precision_ovr,0.8214439799966116,0.5792405764276235,0.9818090346186322,0.10335540923534942,0.95,bca,bca,False,,5000,5000,whole_patient_cluster,True,three_class_patient_label,50043
vit_method2,42,standardized_resnet18,eye,calibrated,conditional.per_class.normal.f1,0.9047619047619048,0.7906976744186046,0.975609756097561,0.044442168115955714,0.95,bca,bca,False,,5000,5000,whole_patient_cluster,True,three_class_patient_label,50043
vit_method2,42,standardized_resnet18,eye,calibrated,conditional.per_class.normal.precision,0.8636363636363636,0.7142857142857143,1.0,0.0663365028506408,0.95,bca,bca,False,,5000,5000,whole_patient_cluster,True,three_class_patient_label,50043
vit_method2,42,standardized_resnet18,eye,calibrated,conditional.per_class.normal.recall,0.95,0.75,1.0,0.04741782038366997,0.95,bca,bca,False,,5000,5000,whole_patient_cluster,True,three_class_patient_label,50043
vit_method2,42,standardized_resnet18,eye,calibrated,conditional.per_class.papilledema.auroc_ovr,0.7824074074074074,0.66,0.888888888888889,0.058600601804340076,0.95,bca,bca,False,,5000,5000,whole_patient_cluster,True,three_class_patient_label,50043
vit_method2,42,standardized_resnet18,eye,calibrated,conditional.per_class.papilledema.average_precision_ovr,0.590852897102897,0.4036003026686997,0.7259199134199135,0.08462036780171817,0.95,bca,bca,False,,5000,5000,whole_patient_cluster,True,three_class_patient_label,50043
vit_method2,42,standardized_resnet18,eye,calibrated,conditional.per_class.papilledema.f1,0.5,0.42105263157894735,0.5714285714285714,0.04028126525901656,0.95,bca,bca,False,,5000,5000,whole_patient_cluster,True,three_class_patient_label,50043
vit_method2,42,standardized_resnet18,eye,calibrated,conditional.per_class.papilledema.precision,0.5,0.36363636363636365,0.6666666666666666,0.0869101622853089,0.95,bca,bca,False,,5000,5000,whole_patient_cluster,True,three_class_patient_label,50043
vit_method2,42,standardized_resnet18,eye,calibrated,conditional.per_class.papilledema.recall,0.5,0.5,0.5,0.0,0.95,bca,bca,False,,5000,5000,whole_patient_cluster,True,three_class_patient_label,50043
vit_method2,42,standardized_resnet18,eye,calibrated,conditional.per_class.pseudopapilledema.auroc_ovr,0.6632653061224489,0.4732142857142857,0.84375,0.09622163648424069,0.95,bca,bca,False,,5000,5000,whole_patient_cluster,True,three_class_patient_label,50043
vit_method2,42,standardized_resnet18,eye,calibrated,conditional.per_class.pseudopapilledema.average_precision_ovr,0.3086734693877551,0.21697683616462698,0.5507827803791286,0.09624698516837919,0.95,bca,bca,False,,5000,5000,whole_patient_cluster,True,three_class_patient_label,50043
vit_method2,42,standardized_resnet18,eye,calibrated,conditional.per_class.pseudopapilledema.f1,0.16666666666666666,0.0,0.5,0.1265427598192123,0.95,bca,bca,False,,5000,5000,whole_patient_cluster,True,three_class_patient_label,50043
vit_method2,42,standardized_resnet18,eye,calibrated,conditional.per_class.pseudopapilledema.precision,0.2,0.0,0.5,0.1375929750448142,0.95,bca,bca,False,,5000,5000,whole_patient_cluster,True,three_class_patient_label,50043
vit_method2,42,standardized_resnet18,eye,calibrated,conditional.per_class.pseudopapilledema.recall,0.14285714285714285,0.0,0.42857142857142855,0.11881341687000989,0.95,bca,bca,False,,5000,5000,whole_patient_cluster,True,three_class_patient_label,50043
vit_method2,42,standardized_resnet18,eye,calibrated,conditional.top_label_ece,0.13842531534702254,0.04628013036575963,0.23696891057020764,0.06448004348505385,0.95,bca,bca,False,,5000,5000,whole_patient_cluster,True,three_class_patient_label,50043
vit_method2,42,standardized_resnet18,eye,calibrated,conditional_aurc,0.28534566018072,0.1250226286576225,0.5101564810266457,0.09731580018057594,0.95,bca,bca,False,,5000,5000,whole_patient_cluster,True,three_class_patient_label,50043
vit_method2,42,standardized_resnet18,eye,calibrated,coverage,0.9722222222222222,0.8888888888888888,1.0,0.024712253487446656,0.95,bca,bca,False,,5000,5000,whole_patient_cluster,True,three_class_patient_label,50043
vit_method2,42,standardized_resnet18,eye,calibrated,failure_aware.accuracy,0.6666666666666666,0.5833333333333334,0.7222222222222222,0.03612326277933976,0.95,bca,bca,False,,5000,5000,whole_patient_cluster,True,three_class_patient_label,50043
vit_method2,42,standardized_resnet18,eye,calibrated,failure_aware.balanced_accuracy,0.525,0.4666666666666666,0.625,0.03995603649670548,0.95,bca,bca,False,,5000,5000,whole_patient_cluster,True,three_class_patient_label,50043
vit_method2,42,standardized_resnet18,eye,calibrated,failure_aware.macro_f1,0.5195360195360195,0.43939393939393945,0.6252032520325203,0.04743239579725356,0.95,bca,bca,False,,5000,5000,whole_patient_cluster,True,three_class_patient_label,50043
vit_method2,42,standardized_resnet18,eye,calibrated,failure_aware.multiclass_mcc,0.42973504259354,0.2906314264836979,0.5309028810831148,0.06168775571881404,0.95,bca,bca,False,,5000,5000,whole_patient_cluster,True,three_class_patient_label,50043
vit_method2,42,standardized_resnet18,eye,calibrated,failure_aware.per_class.normal.f1,0.9047619047619048,0.7906976744186046,0.975609756097561,0.044442168115955714,0.95,bca,bca,False,,5000,5000,whole_patient_cluster,True,three_class_patient_label,50043
vit_method2,42,standardized_resnet18,eye,calibrated,failure_aware.per_class.normal.precision,0.8636363636363636,0.7142857142857143,1.0,0.0663365028506408,0.95,bca,bca,False,,5000,5000,whole_patient_cluster,True,three_class_patient_label,50043
vit_method2,42,standardized_resnet18,eye,calibrated,failure_aware.per_class.normal.recall,0.95,0.75,1.0,0.04741782038366997,0.95,bca,bca,False,,5000,5000,whole_patient_cluster,True,three_class_patient_label,50043
vit_method2,42,standardized_resnet18,eye,calibrated,failure_aware.per_class.papilledema.f1,0.5,0.42105263157894735,0.5714285714285714,0.04028126525901656,0.95,bca,bca,False,,5000,5000,whole_patient_cluster,True,three_class_patient_label,50043
vit_method2,42,standardized_resnet18,eye,calibrated,failure_aware.per_class.papilledema.precision,0.5,0.36363636363636365,0.6666666666666666,0.0869101622853089,0.95,bca,bca,False,,5000,5000,whole_patient_cluster,True,three_class_patient_label,50043
vit_method2,42,standardized_resnet18,eye,calibrated,failure_aware.per_class.papilledema.recall,0.5,0.5,0.5,0.0,0.95,bca,bca,False,,5000,5000,whole_patient_cluster,True,three_class_patient_label,50043
vit_method2,42,standardized_resnet18,eye,calibrated,failure_aware.per_class.pseudopapilledema.f1,0.15384615384615385,0.0,0.5,0.12102908336289424,0.95,bca,bca,False,,5000,5000,whole_patient_cluster,True,three_class_patient_label,50043
vit_method2,42,standardized_resnet18,eye,calibrated,failure_aware.per_class.pseudopapilledema.precision,0.2,0.0,0.5,0.1375929750448142,0.95,bca,bca,False,,5000,5000,whole_patient_cluster,True,three_class_patient_label,50043
vit_method2,42,standardized_resnet18,eye,calibrated,failure_aware.per_class.pseudopapilledema.recall,0.125,0.0,0.375,0.1093269430474264,0.95,bca,bca,False,,5000,5000,whole_patient_cluster,True,three_class_patient_label,50043
vit_method2,42,standardized_resnet18,eye,calibrated,failure_aware_aurc,0.28667865110162594,0.1297751444810203,0.5070812206477877,0.09497932101758033,0.95,bca,bca,False,,5000,5000,whole_patient_cluster,True,three_class_patient_label,50043
vit_method2,42,standardized_resnet18,eye,calibrated,localized_diagnostic_success.rate,0.6388888888888888,0.5277777777777778,0.7222222222222222,0.043710883732388586,0.95,bca,bca,False,,5000,5000,whole_patient_cluster,True,three_class_patient_label,50043
vit_method2,42,standardized_resnet18,eye,calibrated,selective_risk,0.3142857142857143,0.2571428571428571,0.4,0.03720162437047854,0.95,bca,bca,False,,5000,5000,whole_patient_cluster,True,three_class_patient_label,50043
vit_method2,2026,model_specific,patient,calibrated,class_conditional_coverage.normal,1.0,1.0,1.0,0.0,0.95,bca,bca,False,,5000,5000,whole_patient_cluster,True,three_class_patient_label,52026
vit_method2,2026,model_specific,patient,calibrated,class_conditional_coverage.papilledema,1.0,1.0,1.0,0.0,0.95,bca,bca,False,,5000,5000,whole_patient_cluster,True,three_class_patient_label,52026
vit_method2,2026,model_specific,patient,calibrated,class_conditional_coverage.pseudopapilledema,0.75,0.25,1.0,0.21852287740552456,0.95,bca,bca,False,,5000,5000,whole_patient_cluster,True,three_class_patient_label,52026
vit_method2,2026,model_specific,patient,calibrated,conditional.accuracy,0.29411764705882354,0.125,0.5,0.09665319183420217,0.95,bca,bca,False,,5000,5000,whole_patient_cluster,True,three_class_patient_label,52026
vit_method2,2026,model_specific,patient,calibrated,conditional.balanced_accuracy,0.4222222222222222,0.15,0.65,0.13307800125785252,0.95,bca,bca,False,,5000,5000,whole_patient_cluster,True,three_class_patient_label,52026
vit_method2,2026,model_specific,patient,calibrated,conditional.derived_discrimination.normal_vs_abnormal.auroc,0.6714285714285715,0.3571428571428571,0.9,0.13905365962911667,0.95,bca,bca,False,,5000,5000,whole_patient_cluster,True,three_class_patient_label,52026
vit_method2,2026,model_specific,patient,calibrated,conditional.derived_discrimination.normal_vs_abnormal.average_precision,0.7087912087912087,0.4692193100885515,0.9166666666666666,0.1146496807525599,0.95,bca,bca,False,,5000,5000,whole_patient_cluster,True,three_class_patient_label,52026
vit_method2,2026,model_specific,patient,calibrated,conditional.derived_discrimination.papilledema_vs_pseudopapilledema.auroc,0.6666666666666666,0.0,1.0,0.2405275478591248,0.95,bca,bca,False,,4982,5000,whole_patient_cluster,True,three_class_patient_label,52026
vit_method2,2026,model_specific,patient,calibrated,conditional.derived_discrimination.papilledema_vs_pseudopapilledema.average_precision,0.7222222222222222,0.3333333333333333,1.0,0.18409168655338667,0.95,bca,bca,False,,4982,5000,whole_patient_cluster,True,three_class_patient_label,52026
vit_method2,2026,model_specific,patient,calibrated,conditional.macro_auroc,0.6023199023199023,0.3269742915598276,0.8007936507936507,0.11660988446619186,0.95,bca,bca,False,,5000,5000,whole_patient_cluster,True,three_class_patient_label,52026
vit_method2,2026,model_specific,patient,calibrated,conditional.macro_average_precision,0.5233030858030857,0.35729707666642385,0.6670397500127048,0.08329689364353815,0.95,bca,bca,False,,5000,5000,whole_patient_cluster,True,three_class_patient_label,52026
vit_method2,2026,model_specific,patient,calibrated,conditional.macro_classwise_ece,0.18424783237171594,0.15311288109440332,0.23574166656484447,0.02682802982134303,0.95,bca,bca,False,,5000,5000,whole_patient_cluster,True,three_class_patient_label,52026
vit_method2,2026,model_specific,patient,calibrated,conditional.macro_f1,0.33441558441558444,0.15277777777777776,0.5873015873015873,0.10827743791318041,0.95,bca,bca,False,,5000,5000,whole_patient_cluster,True,three_class_patient_label,52026
vit_method2,2026,model_specific,patient,calibrated,conditional.multiclass_brier,0.6642741358560356,0.6370846207777686,0.6921372546872993,0.013982528863893237,0.95,bca,bca,False,,5000,5000,whole_patient_cluster,True,three_class_patient_label,52026
vit_method2,2026,model_specific,patient,calibrated,conditional.multiclass_mcc,0.17868700725904194,-0.2805252322133826,0.4364357804719847,0.17723143057128907,0.95,bca,bca,False,,5000,5000,whole_patient_cluster,True,three_class_patient_label,52026
vit_method2,2026,model_specific,patient,calibrated,conditional.multiclass_nll,1.0936604108369485,1.0518314837058145,1.13710158137423,0.02168497907837381,0.95,bca,bca,False,,5000,5000,whole_patient_cluster,True,three_class_patient_label,52026
vit_method2,2026,model_specific,patient,calibrated,conditional.per_class.normal.auroc_ovr,0.6714285714285715,0.35376239425245976,0.9,0.13905365962911667,0.95,bca,bca,False,,5000,5000,whole_patient_cluster,True,three_class_patient_label,52026
vit_method2,2026,model_specific,patient,calibrated,conditional.per_class.normal.average_precision_ovr,0.7757242757242756,0.5626717142795596,0.9247494689059026,0.08954366756644137,0.95,bca,bca,False,,5000,5000,whole_patient_cluster,True,three_class_patient_label,52026
vit_method2,2026,model_specific,patient,calibrated,conditional.per_class.normal.f1,0.18181818181818182,0.0,0.6666666666666666,0.15006090724727753,0.95,bca,bca,False,,5000,5000,whole_patient_cluster,True,three_class_patient_label,52026
vit_method2,2026,model_specific,patient,calibrated,conditional.per_class.normal.precision,1.0,0.0,1.0,0.4701149238306753,0.95,bca,bca,False,,5000,5000,whole_patient_cluster,True,three_class_patient_label,52026
vit_method2,2026,model_specific,patient,calibrated,conditional.per_class.normal.recall,0.1,0.0,0.5,0.09603626498796466,0.95,bca,bca,False,,5000,5000,whole_patient_cluster,True,three_class_patient_label,52026
vit_method2,2026,model_specific,patient,calibrated,conditional.per_class.papilledema.auroc_ovr,0.7307692307692308,0.33114306432472823,0.9615384615384616,0.1536285151086973,0.95,bca,bca,False,,5000,5000,whole_patient_cluster,True,three_class_patient_label,52026
vit_method2,2026,model_specific,patient,calibrated,conditional.per_class.papilledema.average_precision_ovr,0.6007326007326007,0.28576588622911764,0.95,0.17459341662838573,0.95,bca,bca,False,,5000,5000,whole_patient_cluster,True,three_class_patient_label,52026
vit_method2,2026,model_specific,patient,calibrated,conditional.per_class.papilledema.f1,0.5714285714285714,0.0,1.0,0.22747284146613883,0.95,bca,bca,False,,5000,5000,whole_patient_cluster,True,three_class_patient_label,52026
vit_method2,2026,model_specific,patient,calibrated,conditional.per_class.papilledema.precision,0.6666666666666666,0.0,1.0,0.2773957923581456,0.95,bca,bca,False,,5000,5000,whole_patient_cluster,True,three_class_patient_label,52026
vit_method2,2026,model_specific,patient,calibrated,conditional.per_class.papilledema.recall,0.5,0.0,1.0,0.2441475355268219,0.95,bca,bca,False,,5000,5000,whole_patient_cluster,True,three_class_patient_label,52026
vit_method2,2026,model_specific,patient,calibrated,conditional.per_class.pseudopapilledema.auroc_ovr,0.4047619047619047,0.0,0.7142857142857143,0.17754333956179216,0.95,bca,bca,False,,4982,5000,whole_patient_cluster,True,three_class_patient_label,52026
vit_method2,2026,model_specific,patient,calibrated,conditional.per_class.pseudopapilledema.average_precision_ovr,0.19345238095238093,0.06666666666666667,0.3333333333333333,0.08332757514966482,0.95,bca,bca,False,,4982,5000,whole_patient_cluster,True,three_class_patient_label,52026
vit_method2,2026,model_specific,patient,calibrated,conditional.per_class.pseudopapilledema.f1,0.25,0.0,0.47058823529411764,0.10980842625148789,0.95,bca,bca,False,,5000,5000,whole_patient_cluster,True,three_class_patient_label,52026
vit_method2,2026,model_specific,patient,calibrated,conditional.per_class.pseudopapilledema.precision,0.15384615384615385,0.0,0.3076923076923077,0.07035485840630404,0.95,bca,bca,False,,5000,5000,whole_patient_cluster,True,three_class_patient_label,52026
vit_method2,2026,model_specific,patient,calibrated,conditional.per_class.pseudopapilledema.recall,0.6666666666666666,0.0,1.0,0.29488112463006433,0.95,bca,bca,False,,4982,5000,whole_patient_cluster,True,three_class_patient_label,52026
vit_method2,2026,model_specific,patient,calibrated,conditional.top_label_ece,0.0748183031706422,0.003501786473419941,0.2044933062029979,0.0702359554816907,0.95,bca,bca,False,,5000,5000,whole_patient_cluster,True,three_class_patient_label,52026
vit_method2,2026,model_specific,patient,calibrated,conditional_aurc,0.5460451745486347,0.25240742274217587,0.8219066147175182,0.1486052499252375,0.95,bca,bca,False,,5000,5000,whole_patient_cluster,True,three_class_patient_label,52026
vit_method2,2026,model_specific,patient,calibrated,coverage,0.9444444444444444,0.7777777777777778,1.0,0.04856063942344991,0.95,bca,bca,False,,5000,5000,whole_patient_cluster,True,three_class_patient_label,52026
vit_method2,2026,model_specific,patient,calibrated,failure_aware.accuracy,0.2777777777777778,0.1111111111111111,0.5,0.0945646860831013,0.95,bca,bca,False,,5000,5000,whole_patient_cluster,True,three_class_patient_label,52026
vit_method2,2026,model_specific,patient,calibrated,failure_aware.balanced_accuracy,0.3666666666666667,0.16666666666666666,0.6166666666666667,0.12156122277162197,0.95,bca,bca,False,,5000,5000,whole_patient_cluster,True,three_class_patient_label,52026
vit_method2,2026,model_specific,patient,calibrated,failure_aware.macro_f1,0.32951362363127074,0.14814814814814814,0.5777777777777778,0.10707981745511973,0.95,bca,bca,False,,5000,5000,whole_patient_cluster,True,three_class_patient_label,52026
vit_method2,2026,model_specific,patient,calibrated,failure_aware.multiclass_mcc,0.09622504486493763,-0.2224925944242909,0.4107919181288746,0.16559507131063822,0.95,bca,bca,False,,5000,5000,whole_patient_cluster,True,three_class_patient_label,52026
vit_method2,2026,model_specific,patient,calibrated,failure_aware.per_class.normal.f1,0.18181818181818182,0.0,0.6666666666666666,0.15006090724727753,0.95,bca,bca,False,,5000,5000,whole_patient_cluster,True,three_class_patient_label,52026
vit_method2,2026,model_specific,patient,calibrated,failure_aware.per_class.normal.precision,1.0,0.0,1.0,0.4701149238306753,0.95,bca,bca,False,,5000,5000,whole_patient_cluster,True,three_class_patient_label,52026
vit_method2,2026,model_specific,patient,calibrated,failure_aware.per_class.normal.recall,0.1,0.0,0.5,0.09603626498796466,0.95,bca,bca,False,,5000,5000,whole_patient_cluster,True,three_class_patient_label,52026
vit_method2,2026,model_specific,patient,calibrated,failure_aware.per_class.papilledema.f1,0.5714285714285714,0.0,1.0,0.22747284146613883,0.95,bca,bca,False,,5000,5000,whole_patient_cluster,True,three_class_patient_label,52026
vit_method2,2026,model_specific,patient,calibrated,failure_aware.per_class.papilledema.precision,0.6666666666666666,0.0,1.0,0.2773957923581456,0.95,bca,bca,False,,5000,5000,whole_patient_cluster,True,three_class_patient_label,52026
vit_method2,2026,model_specific,patient,calibrated,failure_aware.per_class.papilledema.recall,0.5,0.0,1.0,0.2441475355268219,0.95,bca,bca,False,,5000,5000,whole_patient_cluster,True,three_class_patient_label,52026
vit_method2,2026,model_specific,patient,calibrated,failure_aware.per_class.pseudopapilledema.f1,0.23529411764705882,0.0,0.47058823529411764,0.10922779397842888,0.95,bca,bca,False,,5000,5000,whole_patient_cluster,True,three_class_patient_label,52026
vit_method2,2026,model_specific,patient,calibrated,failure_aware.per_class.pseudopapilledema.precision,0.15384615384615385,0.0,0.3076923076923077,0.07035485840630404,0.95,bca,bca,False,,5000,5000,whole_patient_cluster,True,three_class_patient_label,52026
vit_method2,2026,model_specific,patient,calibrated,failure_aware.per_class.pseudopapilledema.recall,0.5,0.0,1.0,0.25341366122752607,0.95,bca,bca,False,,5000,5000,whole_patient_cluster,True,three_class_patient_label,52026
vit_method2,2026,model_specific,patient,calibrated,failure_aware_aurc,0.5558327883082783,0.2713602263019841,0.8157169310355585,0.1440626043027686,0.95,bca,bca,False,,5000,5000,whole_patient_cluster,True,three_class_patient_label,52026
vit_method2,2026,model_specific,patient,calibrated,localized_diagnostic_success.rate,0.2222222222222222,0.05555555555555555,0.4444444444444444,0.09066483970335004,0.95,bca,bca,False,,5000,5000,whole_patient_cluster,True,three_class_patient_label,52026
vit_method2,2026,model_specific,patient,calibrated,selective_risk,0.7058823529411765,0.5,0.875,0.09665319183420214,0.95,bca,bca,False,,5000,5000,whole_patient_cluster,True,three_class_patient_label,52026
vit_method2,2026,model_specific,eye,calibrated,class_conditional_coverage.normal,1.0,1.0,1.0,0.0,0.95,bca,bca,False,,5000,5000,whole_patient_cluster,True,three_class_patient_label,52027
vit_method2,2026,model_specific,eye,calibrated,class_conditional_coverage.papilledema,1.0,1.0,1.0,0.0,0.95,bca,bca,False,,5000,5000,whole_patient_cluster,True,three_class_patient_label,52027
vit_method2,2026,model_specific,eye,calibrated,class_conditional_coverage.pseudopapilledema,0.875,0.625,1.0,0.10814471348989355,0.95,bca,bca,False,,5000,5000,whole_patient_cluster,True,three_class_patient_label,52027
vit_method2,2026,model_specific,eye,calibrated,conditional.accuracy,0.2857142857142857,0.12121212121212122,0.5,0.09197163413194798,0.95,bca,bca,False,,5000,5000,whole_patient_cluster,True,three_class_patient_label,52027
vit_method2,2026,model_specific,eye,calibrated,conditional.balanced_accuracy,0.3654761904761905,0.1369047619047619,0.594047619047619,0.11414637906308384,0.95,bca,bca,False,,5000,5000,whole_patient_cluster,True,three_class_patient_label,52027
vit_method2,2026,model_specific,eye,calibrated,conditional.derived_discrimination.normal_vs_abnormal.auroc,0.72,0.45666666666666667,0.9071428571428571,0.11436975686800266,0.95,bca,bca,False,,5000,5000,whole_patient_cluster,True,three_class_patient_label,52027
vit_method2,2026,model_specific,eye,calibrated,conditional.derived_discrimination.normal_vs_abnormal.average_precision,0.7784511137334725,0.5871547695092819,0.9366690554614688,0.09092395168237219,0.95,bca,bca,False,,5000,5000,whole_patient_cluster,True,three_class_patient_label,52027
vit_method2,2026,model_specific,eye,calibrated,conditional.derived_discrimination.papilledema_vs_pseudopapilledema.auroc,0.5357142857142857,0.15625,0.875,0.19729640167816326,0.95,bca,bca,False,,5000,5000,whole_patient_cluster,True,three_class_patient_label,52027
vit_method2,2026,model_specific,eye,calibrated,conditional.derived_discrimination.papilledema_vs_pseudopapilledema.average_precision,0.5989486703772418,0.3423104673104673,0.8631519274376417,0.13842734277003182,0.95,bca,bca,False,,5000,5000,whole_patient_cluster,True,three_class_patient_label,52027
vit_method2,2026,model_specific,eye,calibrated,conditional.macro_auroc,0.646809019904258,0.44537159635198487,0.8031953661139755,0.09157485047100145,0.95,bca,bca,False,,5000,5000,whole_patient_cluster,True,three_class_patient_label,52027
vit_method2,2026,model_specific,eye,calibrated,conditional.macro_average_precision,0.5079116925891981,0.3678295764577684,0.6486916460429564,0.07587507770327909,0.95,bca,bca,False,,5000,5000,whole_patient_cluster,True,three_class_patient_label,52027
vit_method2,2026,model_specific,eye,calibrated,conditional.macro_classwise_ece,0.17122660238576545,0.15013239968995498,0.1986159486214847,0.017633843988341894,0.95,bca,bca,False,,5000,5000,whole_patient_cluster,True,three_class_patient_label,52027
vit_method2,2026,model_specific,eye,calibrated,conditional.macro_f1,0.3106217454043541,0.13445378151260504,0.5546840417283775,0.10091471368823159,0.95,bca,bca,False,,5000,5000,whole_patient_cluster,True,three_class_patient_label,52027
vit_method2,2026,model_specific,eye,calibrated,conditional.multiclass_brier,0.6628903227917431,0.6429864000708747,0.6842032629961811,0.01058403542997353,0.95,bca,bca,False,,5000,5000,whole_patient_cluster,True,three_class_patient_label,52027
vit_method2,2026,model_specific,eye,calibrated,conditional.multiclass_mcc,0.10016038502687549,-0.2484709336684047,0.38198743027377163,0.16037416070667354,0.95,bca,bca,False,,5000,5000,whole_patient_cluster,True,three_class_patient_label,52027
vit_method2,2026,model_specific,eye,calibrated,conditional.multiclass_nll,1.0919342672004329,1.0614316760646072,1.1248482988611612,0.016291817908430758,0.95,bca,bca,False,,5000,5000,whole_patient_cluster,True,three_class_patient_label,52027
vit_method2,2026,model_specific,eye,calibrated,conditional.per_class.normal.auroc_ovr,0.72,0.4566666666666668,0.9071428571428571,0.11436975686800266,0.95,bca,bca,False,,5000,5000,whole_patient_cluster,True,three_class_patient_label,52027
vit_method2,2026,model_specific,eye,calibrated,conditional.per_class.normal.average_precision_ovr,0.7689082583696598,0.5749103846718695,0.9151168750023647,0.0860423519370826,0.95,bca,bca,False,,5000,5000,whole_patient_cluster,True,three_class_patient_label,52027
vit_method2,2026,model_specific,eye,calibrated,conditional.per_class.normal.f1,0.2608695652173913,0.0,0.6206896551724138,0.14945112514725795,0.95,bca,bca,False,,5000,5000,whole_patient_cluster,True,three_class_patient_label,52027
vit_method2,2026,model_specific,eye,calibrated,conditional.per_class.normal.precision,1.0,0.0,1.0,0.3146582939768054,0.95,bca,bca,False,,5000,5000,whole_patient_cluster,True,three_class_patient_label,52027
vit_method2,2026,model_specific,eye,calibrated,conditional.per_class.normal.recall,0.15,0.0,0.45,0.10087303640663732,0.95,bca,bca,False,,5000,5000,whole_patient_cluster,True,three_class_patient_label,52027
vit_method2,2026,model_specific,eye,calibrated,conditional.per_class.papilledema.auroc_ovr,0.6898148148148149,0.3703703703703704,0.9351851851851851,0.14116007007339995,0.95,bca,bca,False,,5000,5000,whole_patient_cluster,True,three_class_patient_label,52027
vit_method2,2026,model_specific,eye,calibrated,conditional.per_class.papilledema.average_precision_ovr,0.5211322051886145,0.2540344005490344,0.8958333333333333,0.16990022219833248,0.95,bca,bca,False,,5000,5000,whole_patient_cluster,True,three_class_patient_label,52027
vit_method2,2026,model_specific,eye,calibrated,conditional.per_class.papilledema.f1,0.42857142857142855,0.0,0.8571428571428571,0.1989385793932119,0.95,bca,bca,False,,5000,5000,whole_patient_cluster,True,three_class_patient_label,52027
vit_method2,2026,model_specific,eye,calibrated,conditional.per_class.papilledema.precision,0.5,0.0,1.0,0.23825436505286499,0.95,bca,bca,False,,5000,5000,whole_patient_cluster,True,three_class_patient_label,52027
vit_method2,2026,model_specific,eye,calibrated,conditional.per_class.papilledema.recall,0.375,0.0,0.875,0.2080148514185517,0.95,bca,bca,False,,5000,5000,whole_patient_cluster,True,three_class_patient_label,52027
vit_method2,2026,model_specific,eye,calibrated,conditional.per_class.pseudopapilledema.auroc_ovr,0.5306122448979591,0.33035714285714285,0.7142857142857143,0.10025594079699447,0.95,bca,bca,False,,5000,5000,whole_patient_cluster,True,three_class_patient_label,52027
vit_method2,2026,model_specific,eye,calibrated,conditional.per_class.pseudopapilledema.average_precision_ovr,0.2336946142093201,0.16134983456795643,0.3489228282426677,0.07187697390801102,0.95,bca,bca,False,,5000,5000,whole_patient_cluster,True,three_class_patient_label,52027
vit_method2,2026,model_specific,eye,calibrated,conditional.per_class.pseudopapilledema.f1,0.24242424242424243,0.0,0.45714285714285713,0.10712221746200887,0.95,bca,bca,False,,5000,5000,whole_patient_cluster,True,three_class_patient_label,52027
vit_method2,2026,model_specific,eye,calibrated,conditional.per_class.pseudopapilledema.precision,0.15384615384615385,0.0,0.2962962962962963,0.06872993427260718,0.95,bca,bca,False,,5000,5000,whole_patient_cluster,True,three_class_patient_label,52027
vit_method2,2026,model_specific,eye,calibrated,conditional.per_class.pseudopapilledema.recall,0.5714285714285714,0.0,1.0,0.254095845101311,0.95,bca,bca,False,,5000,5000,whole_patient_cluster,True,three_class_patient_label,52027
vit_method2,2026,model_specific,eye,calibrated,conditional.top_label_ece,0.07660661363528098,0.0003795244644643158,0.21738872414119792,0.06900332321698609,0.95,bca,bca,False,,5000,5000,whole_patient_cluster,True,three_class_patient_label,52027
vit_method2,2026,model_specific,eye,calibrated,conditional_aurc,0.6306171791545782,0.33481223386855413,0.8738044823837517,0.13538938161924252,0.95,bca,bca,False,,5000,5000,whole_patient_cluster,True,three_class_patient_label,52027
vit_method2,2026,model_specific,eye,calibrated,coverage,0.9722222222222222,0.8888888888888888,1.0,0.024032158553309688,0.95,bca,bca,False,,5000,5000,whole_patient_cluster,True,three_class_patient_label,52027
vit_method2,2026,model_specific,eye,calibrated,failure_aware.accuracy,0.2777777777777778,0.1111111111111111,0.4722222222222222,0.09151945253825974,0.95,bca,bca,False,,5000,5000,whole_patient_cluster,True,three_class_patient_label,52027
vit_method2,2026,model_specific,eye,calibrated,failure_aware.balanced_accuracy,0.3416666666666666,0.125,0.5833333333333334,0.11327449098615604,0.95,bca,bca,False,,5000,5000,whole_patient_cluster,True,three_class_patient_label,52027
vit_method2,2026,model_specific,eye,calibrated,failure_aware.macro_f1,0.3082450371452929,0.13227513227513227,0.553688141923436,0.10060898561010581,0.95,bca,bca,False,,5000,5000,whole_patient_cluster,True,three_class_patient_label,52027
vit_method2,2026,model_specific,eye,calibrated,failure_aware.multiclass_mcc,0.06626987024788349,-0.24828647740742543,0.37310858911022504,0.1605407207999753,0.95,bca,bca,False,,5000,5000,whole_patient_cluster,True,three_class_patient_label,52027
vit_method2,2026,model_specific,eye,calibrated,failure_aware.per_class.normal.f1,0.2608695652173913,0.0,0.6206896551724138,0.14945112514725795,0.95,bca,bca,False,,5000,5000,whole_patient_cluster,True,three_class_patient_label,52027
vit_method2,2026,model_specific,eye,calibrated,failure_aware.per_class.normal.precision,1.0,0.0,1.0,0.3146582939768054,0.95,bca,bca,False,,5000,5000,whole_patient_cluster,True,three_class_patient_label,52027
vit_method2,2026,model_specific,eye,calibrated,failure_aware.per_class.normal.recall,0.15,0.0,0.45,0.10087303640663732,0.95,bca,bca,False,,5000,5000,whole_patient_cluster,True,three_class_patient_label,52027
vit_method2,2026,model_specific,eye,calibrated,failure_aware.per_class.papilledema.f1,0.42857142857142855,0.0,0.8571428571428571,0.1989385793932119,0.95,bca,bca,False,,5000,5000,whole_patient_cluster,True,three_class_patient_label,52027
vit_method2,2026,model_specific,eye,calibrated,failure_aware.per_class.papilledema.precision,0.5,0.0,1.0,0.23825436505286499,0.95,bca,bca,False,,5000,5000,whole_patient_cluster,True,three_class_patient_label,52027
vit_method2,2026,model_specific,eye,calibrated,failure_aware.per_class.papilledema.recall,0.375,0.0,0.875,0.2080148514185517,0.95,bca,bca,False,,5000,5000,whole_patient_cluster,True,three_class_patient_label,52027
vit_method2,2026,model_specific,eye,calibrated,failure_aware.per_class.pseudopapilledema.f1,0.23529411764705882,0.0,0.45714285714285713,0.10712692017002069,0.95,bca,bca,False,,5000,5000,whole_patient_cluster,True,three_class_patient_label,52027
vit_method2,2026,model_specific,eye,calibrated,failure_aware.per_class.pseudopapilledema.precision,0.15384615384615385,0.0,0.2962962962962963,0.06872993427260718,0.95,bca,bca,False,,5000,5000,whole_patient_cluster,True,three_class_patient_label,52027
vit_method2,2026,model_specific,eye,calibrated,failure_aware.per_class.pseudopapilledema.recall,0.5,0.0,1.0,0.2509732207059197,0.95,bca,bca,False,,5000,5000,whole_patient_cluster,True,three_class_patient_label,52027
vit_method2,2026,model_specific,eye,calibrated,failure_aware_aurc,0.6331617636842348,0.3383530004646385,0.8723932740477115,0.13400157041434102,0.95,bca,bca,False,,5000,5000,whole_patient_cluster,True,three_class_patient_label,52027
vit_method2,2026,model_specific,eye,calibrated,localized_diagnostic_success.rate,0.25,0.1111111111111111,0.4444444444444444,0.08660866343782744,0.95,bca,bca,False,,5000,5000,whole_patient_cluster,True,three_class_patient_label,52027
vit_method2,2026,model_specific,eye,calibrated,selective_risk,0.7142857142857143,0.5,0.8787878787878788,0.09197163413194798,0.95,bca,bca,False,,5000,5000,whole_patient_cluster,True,three_class_patient_label,52027
vit_method2,2026,standardized_resnet18,patient,calibrated,class_conditional_coverage.normal,1.0,1.0,1.0,0.0,0.95,bca,bca,False,,5000,5000,whole_patient_cluster,True,three_class_patient_label,52026
vit_method2,2026,standardized_resnet18,patient,calibrated,class_conditional_coverage.papilledema,1.0,1.0,1.0,0.0,0.95,bca,bca,False,,5000,5000,whole_patient_cluster,True,three_class_patient_label,52026
vit_method2,2026,standardized_resnet18,patient,calibrated,class_conditional_coverage.pseudopapilledema,0.75,0.25,1.0,0.21852287740552456,0.95,bca,bca,False,,5000,5000,whole_patient_cluster,True,three_class_patient_label,52026
vit_method2,2026,standardized_resnet18,patient,calibrated,conditional.accuracy,0.8823529411764706,0.7777777777777778,1.0,0.056063355321844636,0.95,bca,bca,False,,5000,5000,whole_patient_cluster,True,three_class_patient_label,52026
vit_method2,2026,standardized_resnet18,patient,calibrated,conditional.balanced_accuracy,0.7777777777777778,0.6666666666666666,1.0,0.09782505105947877,0.95,bca,bca,False,,5000,5000,whole_patient_cluster,True,three_class_patient_label,52026
vit_method2,2026,standardized_resnet18,patient,calibrated,conditional.derived_discrimination.normal_vs_abnormal.auroc,1.0,1.0,1.0,1.0176379786120803e-17,0.95,bca,bca,False,,5000,5000,whole_patient_cluster,True,three_class_patient_label,52026
vit_method2,2026,standardized_resnet18,patient,calibrated,conditional.derived_discrimination.normal_vs_abnormal.average_precision,1.0,0.9999999999999998,1.0,6.576327849569524e-17,0.95,bca,bca,False,,5000,5000,whole_patient_cluster,True,three_class_patient_label,52026
vit_method2,2026,standardized_resnet18,patient,calibrated,conditional.derived_discrimination.papilledema_vs_pseudopapilledema.auroc,0.6666666666666666,0.0,1.0,0.23773254226295035,0.95,bca,bca,False,,4982,5000,whole_patient_cluster,True,three_class_patient_label,52026
vit_method2,2026,standardized_resnet18,patient,calibrated,conditional.derived_discrimination.papilledema_vs_pseudopapilledema.average_precision,0.7222222222222222,0.3333333333333333,1.0,0.1817525812719188,0.95,bca,bca,False,,4982,5000,whole_patient_cluster,True,three_class_patient_label,52026
vit_method2,2026,standardized_resnet18,patient,calibrated,conditional.macro_auroc,0.9062881562881563,0.7380952380952381,0.9930555555555555,0.05732725633223126,0.95,bca,bca,False,,5000,5000,whole_patient_cluster,True,three_class_patient_label,52026
vit_method2,2026,standardized_resnet18,patient,calibrated,conditional.macro_average_precision,0.8074074074074074,0.6944444444444445,0.9222222222222222,0.07037426886518587,0.95,bca,bca,False,,5000,5000,whole_patient_cluster,True,three_class_patient_label,52026
vit_method2,2026,standardized_resnet18,patient,calibrated,conditional.macro_classwise_ece,0.2233718204330084,0.1701143289817967,0.2522083289152424,0.020111894539031137,0.95,bca,bca,False,,5000,5000,whole_patient_cluster,True,three_class_patient_label,52026
vit_method2,2026,standardized_resnet18,patient,calibrated,conditional.macro_f1,0.7804232804232804,0.5757575757575758,1.0,0.12855390335477124,0.95,bca,bca,False,,5000,5000,whole_patient_cluster,True,three_class_patient_label,52026
vit_method2,2026,standardized_resnet18,patient,calibrated,conditional.multiclass_brier,0.3330410377914185,0.2701951016154209,0.4362627839915088,0.0404290013094329,0.95,bca,bca,False,,5000,5000,whole_patient_cluster,True,three_class_patient_label,52026
vit_method2,2026,standardized_resnet18,patient,calibrated,conditional.multiclass_mcc,0.7994544687551033,0.6456213465158375,0.9110072505344377,0.08799459318918346,0.95,bca,bca,False,,5000,5000,whole_patient_cluster,True,three_class_patient_label,52026
vit_method2,2026,standardized_resnet18,patient,calibrated,conditional.multiclass_nll,0.6307580808966835,0.5357922995454825,0.8067294153820282,0.06573570550876948,0.95,bca,bca,False,,5000,5000,whole_patient_cluster,True,three_class_patient_label,52026
vit_method2,2026,standardized_resnet18,patient,calibrated,conditional.per_class.normal.auroc_ovr,1.0,0.9999999999999999,1.0,2.0772448253974148e-17,0.95,bca,bca,False,,5000,5000,whole_patient_cluster,True,three_class_patient_label,52026
vit_method2,2026,standardized_resnet18,patient,calibrated,conditional.per_class.normal.average_precision_ovr,0.9999999999999999,0.9999999999999999,1.0,6.33377217650174e-17,0.95,bca,bca,False,,5000,5000,whole_patient_cluster,True,three_class_patient_label,52026
vit_method2,2026,standardized_resnet18,patient,calibrated,conditional.per_class.normal.f1,0.9523809523809523,0.8333333333333334,1.0,0.03842284463623284,0.95,bca,bca,False,,5000,5000,whole_patient_cluster,True,three_class_patient_label,52026
vit_method2,2026,standardized_resnet18,patient,calibrated,conditional.per_class.normal.precision,0.9090909090909091,0.7142857142857143,1.0,0.06957953683312999,0.95,bca,bca,False,,5000,5000,whole_patient_cluster,True,three_class_patient_label,52026
vit_method2,2026,standardized_resnet18,patient,calibrated,conditional.per_class.normal.recall,1.0,1.0,1.0,0.0,0.95,bca,bca,False,,5000,5000,whole_patient_cluster,True,three_class_patient_label,52026
vit_method2,2026,standardized_resnet18,patient,calibrated,conditional.per_class.papilledema.auroc_ovr,0.9807692307692308,0.826923076923077,1.0,0.027985308506954236,0.95,bca,bca,False,,5000,5000,whole_patient_cluster,True,three_class_patient_label,52026
vit_method2,2026,standardized_resnet18,patient,calibrated,conditional.per_class.papilledema.average_precision_ovr,0.95,0.6785714285714286,1.0,0.06082663234821317,0.95,bca,bca,False,,5000,5000,whole_patient_cluster,True,three_class_patient_label,52026
vit_method2,2026,standardized_resnet18,patient,calibrated,conditional.per_class.papilledema.f1,0.8888888888888888,0.7272727272727273,1.0,0.08395346522061875,0.95,bca,bca,False,,5000,5000,whole_patient_cluster,True,three_class_patient_label,52026
vit_method2,2026,standardized_resnet18,patient,calibrated,conditional.per_class.papilledema.precision,0.8,0.5,1.0,0.1377831297496573,0.95,bca,bca,False,,5000,5000,whole_patient_cluster,True,three_class_patient_label,52026
vit_method2,2026,standardized_resnet18,patient,calibrated,conditional.per_class.papilledema.recall,1.0,1.0,1.0,0.0,0.95,bca,bca,False,,5000,5000,whole_patient_cluster,True,three_class_patient_label,52026
vit_method2,2026,standardized_resnet18,patient,calibrated,conditional.per_class.pseudopapilledema.auroc_ovr,0.7380952380952381,0.2142857142857143,1.0,0.17819507705876575,0.95,bca,bca,False,,4982,5000,whole_patient_cluster,True,three_class_patient_label,52026
vit_method2,2026,standardized_resnet18,patient,calibrated,conditional.per_class.pseudopapilledema.average_precision_ovr,0.4722222222222222,0.08333333333333333,0.8214285714285714,0.22296843603771963,0.95,bca,bca,False,,4982,5000,whole_patient_cluster,True,three_class_patient_label,52026
vit_method2,2026,standardized_resnet18,patient,calibrated,conditional.per_class.pseudopapilledema.f1,0.5,0.0,1.0,0.3296924946040896,0.95,bca,bca,False,,5000,5000,whole_patient_cluster,True,three_class_patient_label,52026
vit_method2,2026,standardized_resnet18,patient,calibrated,conditional.per_class.pseudopapilledema.precision,1.0,0.0,1.0,0.46480086915752844,0.95,bca,bca,False,,5000,5000,whole_patient_cluster,True,three_class_patient_label,52026
vit_method2,2026,standardized_resnet18,patient,calibrated,conditional.per_class.pseudopapilledema.recall,0.3333333333333333,0.0,1.0,0.2912926529527154,0.95,bca,bca,False,,4982,5000,whole_patient_cluster,True,three_class_patient_label,52026
vit_method2,2026,standardized_resnet18,patient,calibrated,conditional.top_label_ece,0.29393712246783804,0.20289528401253126,0.3748580799042045,0.05175201250746807,0.95,bca,bca,False,,5000,5000,whole_patient_cluster,True,three_class_patient_label,52026
vit_method2,2026,standardized_resnet18,patient,calibrated,conditional_aurc,0.03182345336324575,0.0,0.08598039124999908,0.0198174263623397,0.95,bca,bca,False,,5000,5000,whole_patient_cluster,True,three_class_patient_label,52026
vit_method2,2026,standardized_resnet18,patient,calibrated,coverage,0.9444444444444444,0.7777777777777778,1.0,0.04856063942344991,0.95,bca,bca,False,,5000,5000,whole_patient_cluster,True,three_class_patient_label,52026
vit_method2,2026,standardized_resnet18,patient,calibrated,failure_aware.accuracy,0.8333333333333334,0.7777777777777778,0.9444444444444444,0.04823267776276533,0.95,bca,bca,False,,5000,5000,whole_patient_cluster,True,three_class_patient_label,52026
vit_method2,2026,standardized_resnet18,patient,calibrated,failure_aware.balanced_accuracy,0.75,0.6666666666666666,0.9443353451654275,0.07234901664414804,0.95,bca,bca,False,,5000,5000,whole_patient_cluster,True,three_class_patient_label,52026
vit_method2,2026,standardized_resnet18,patient,calibrated,failure_aware.macro_f1,0.7470899470899471,0.5757575757575758,0.9523809523809524,0.10709858725802997,0.95,bca,bca,False,,5000,5000,whole_patient_cluster,True,three_class_patient_label,52026
vit_method2,2026,standardized_resnet18,patient,calibrated,failure_aware.multiclass_mcc,0.7398300378117159,0.649519052838329,0.9110072505344377,0.07138101151843844,0.95,bca,bca,False,,5000,5000,whole_patient_cluster,True,three_class_patient_label,52026
vit_method2,2026,standardized_resnet18,patient,calibrated,failure_aware.per_class.normal.f1,0.9523809523809523,0.8333333333333334,1.0,0.03842284463623284,0.95,bca,bca,False,,5000,5000,whole_patient_cluster,True,three_class_patient_label,52026
vit_method2,2026,standardized_resnet18,patient,calibrated,failure_aware.per_class.normal.precision,0.9090909090909091,0.7142857142857143,1.0,0.06957953683312999,0.95,bca,bca,False,,5000,5000,whole_patient_cluster,True,three_class_patient_label,52026
vit_method2,2026,standardized_resnet18,patient,calibrated,failure_aware.per_class.normal.recall,1.0,1.0,1.0,0.0,0.95,bca,bca,False,,5000,5000,whole_patient_cluster,True,three_class_patient_label,52026
vit_method2,2026,standardized_resnet18,patient,calibrated,failure_aware.per_class.papilledema.f1,0.8888888888888888,0.7272727272727273,1.0,0.08395346522061875,0.95,bca,bca,False,,5000,5000,whole_patient_cluster,True,three_class_patient_label,52026
vit_method2,2026,standardized_resnet18,patient,calibrated,failure_aware.per_class.papilledema.precision,0.8,0.5,1.0,0.1377831297496573,0.95,bca,bca,False,,5000,5000,whole_patient_cluster,True,three_class_patient_label,52026
vit_method2,2026,standardized_resnet18,patient,calibrated,failure_aware.per_class.papilledema.recall,1.0,1.0,1.0,0.0,0.95,bca,bca,False,,5000,5000,whole_patient_cluster,True,three_class_patient_label,52026
vit_method2,2026,standardized_resnet18,patient,calibrated,failure_aware.per_class.pseudopapilledema.f1,0.4,0.0,1.0,0.27314783709325974,0.95,bca,bca,False,,5000,5000,whole_patient_cluster,True,three_class_patient_label,52026
vit_method2,2026,standardized_resnet18,patient,calibrated,failure_aware.per_class.pseudopapilledema.precision,1.0,0.0,1.0,0.46480086915752844,0.95,bca,bca,False,,5000,5000,whole_patient_cluster,True,three_class_patient_label,52026
vit_method2,2026,standardized_resnet18,patient,calibrated,failure_aware.per_class.pseudopapilledema.recall,0.25,0.0,0.8330060354962825,0.21704704993244409,0.95,bca,bca,False,,5000,5000,whole_patient_cluster,True,three_class_patient_label,52026
vit_method2,2026,standardized_resnet18,patient,calibrated,failure_aware_aurc,0.039314742991213576,0.00944081336238199,0.08271241739378994,0.01828273891107085,0.95,bca,bca,False,,5000,5000,whole_patient_cluster,True,three_class_patient_label,52026
vit_method2,2026,standardized_resnet18,patient,calibrated,localized_diagnostic_success.rate,0.7777777777777778,0.7777777777777778,0.7777777777777778,0.0,0.95,bca,bca,False,,5000,5000,whole_patient_cluster,True,three_class_patient_label,52026
vit_method2,2026,standardized_resnet18,patient,calibrated,selective_risk,0.11764705882352941,0.0,0.2222222222222222,0.05606335532184464,0.95,bca,bca,False,,5000,5000,whole_patient_cluster,True,three_class_patient_label,52026
vit_method2,2026,standardized_resnet18,eye,calibrated,class_conditional_coverage.normal,1.0,1.0,1.0,0.0,0.95,bca,bca,False,,5000,5000,whole_patient_cluster,True,three_class_patient_label,52027
vit_method2,2026,standardized_resnet18,eye,calibrated,class_conditional_coverage.papilledema,1.0,1.0,1.0,0.0,0.95,bca,bca,False,,5000,5000,whole_patient_cluster,True,three_class_patient_label,52027
vit_method2,2026,standardized_resnet18,eye,calibrated,class_conditional_coverage.pseudopapilledema,0.875,0.625,1.0,0.10814471348989355,0.95,bca,bca,False,,5000,5000,whole_patient_cluster,True,three_class_patient_label,52027
vit_method2,2026,standardized_resnet18,eye,calibrated,conditional.accuracy,0.8,0.7142857142857143,0.8611111111111112,0.03772738569482133,0.95,bca,bca,False,,5000,5000,whole_patient_cluster,True,three_class_patient_label,52027
vit_method2,2026,standardized_resnet18,eye,calibrated,conditional.balanced_accuracy,0.6785714285714285,0.5476190476190476,0.7916666666666666,0.059874696885887015,0.95,bca,bca,False,,5000,5000,whole_patient_cluster,True,three_class_patient_label,52027
vit_method2,2026,standardized_resnet18,eye,calibrated,conditional.derived_discrimination.normal_vs_abnormal.auroc,0.9933333333333333,0.9249999999999999,1.0,0.009838415463554129,0.95,bca,bca,False,,5000,5000,whole_patient_cluster,True,three_class_patient_label,52027
vit_method2,2026,standardized_resnet18,eye,calibrated,conditional.derived_discrimination.normal_vs_abnormal.average_precision,0.9913888888888889,0.9268499949611334,1.0,0.011910228063353593,0.95,bca,bca,False,,5000,5000,whole_patient_cluster,True,three_class_patient_label,52027
vit_method2,2026,standardized_resnet18,eye,calibrated,conditional.derived_discrimination.papilledema_vs_pseudopapilledema.auroc,0.5892857142857142,0.1,0.921875,0.21209434216658304,0.95,bca,bca,False,,5000,5000,whole_patient_cluster,True,three_class_patient_label,52027
vit_method2,2026,standardized_resnet18,eye,calibrated,conditional.derived_discrimination.papilledema_vs_pseudopapilledema.average_precision,0.6625541125541126,0.3333333333333333,0.9238095238095239,0.15791211789370935,0.95,bca,bca,False,,5000,5000,whole_patient_cluster,True,three_class_patient_label,52027
vit_method2,2026,standardized_resnet18,eye,calibrated,conditional.macro_auroc,0.9045867976820358,0.7833333333333332,0.9715923406399597,0.0452657840113615,0.95,bca,bca,False,,5000,5000,whole_patient_cluster,True,three_class_patient_label,52027
vit_method2,2026,standardized_resnet18,eye,calibrated,conditional.macro_average_precision,0.7674098124098124,0.6206692149373811,0.899562937062937,0.07817133159758184,0.95,bca,bca,False,,5000,5000,whole_patient_cluster,True,three_class_patient_label,52027
vit_method2,2026,standardized_resnet18,eye,calibrated,conditional.macro_classwise_ece,0.1831945065492178,0.1598715677608401,0.19339320976041788,0.022229550982567844,0.95,bca,bca,False,,5000,5000,whole_patient_cluster,True,three_class_patient_label,52027
vit_method2,2026,standardized_resnet18,eye,calibrated,conditional.macro_f1,0.6787049703602371,0.5453716370269038,0.7930395093424618,0.0624411654978208,0.95,bca,bca,False,,5000,5000,whole_patient_cluster,True,three_class_patient_label,52027
vit_method2,2026,standardized_resnet18,eye,calibrated,conditional.multiclass_brier,0.37065286655156626,0.32139674312143435,0.44942499535336344,0.031975211950372624,0.95,bca,bca,False,,5000,5000,whole_patient_cluster,True,three_class_patient_label,52027
vit_method2,2026,standardized_resnet18,eye,calibrated,conditional.multiclass_mcc,0.650057189893045,0.479115508629294,0.7747580267412529,0.0738358372844339,0.95,bca,bca,False,,5000,5000,whole_patient_cluster,True,three_class_patient_label,52027
vit_method2,2026,standardized_resnet18,eye,calibrated,conditional.multiclass_nll,0.673967433232921,0.5991628327220436,0.8183650601280662,0.052911484963890656,0.95,bca,bca,False,,5000,5000,whole_patient_cluster,True,three_class_patient_label,52027
vit_method2,2026,standardized_resnet18,eye,calibrated,conditional.per_class.normal.auroc_ovr,0.9933333333333334,0.9293180437810428,1.0,0.00983841546355413,0.95,bca,bca,False,,5000,5000,whole_patient_cluster,True,three_class_patient_label,52027
vit_method2,2026,standardized_resnet18,eye,calibrated,conditional.per_class.normal.average_precision_ovr,0.9954545454545456,0.9653846153846154,1.0000000000000002,0.0062450054715143775,0.95,bca,bca,False,,5000,5000,whole_patient_cluster,True,three_class_patient_label,52027
vit_method2,2026,standardized_resnet18,eye,calibrated,conditional.per_class.normal.f1,0.9302325581395349,0.8163265306122449,1.0,0.042059971897423686,0.95,bca,bca,False,,5000,5000,whole_patient_cluster,True,three_class_patient_label,52027
vit_method2,2026,standardized_resnet18,eye,calibrated,conditional.per_class.normal.precision,0.8695652173913043,0.6896551724137931,1.0,0.07328450910737902,0.95,bca,bca,False,,5000,5000,whole_patient_cluster,True,three_class_patient_label,52027
vit_method2,2026,standardized_resnet18,eye,calibrated,conditional.per_class.normal.recall,1.0,1.0,1.0,0.0,0.95,bca,bca,False,,5000,5000,whole_patient_cluster,True,three_class_patient_label,52027
vit_method2,2026,standardized_resnet18,eye,calibrated,conditional.per_class.papilledema.auroc_ovr,0.9398148148148148,0.8379629629629629,1.0,0.03724020376404055,0.95,bca,bca,False,,5000,5000,whole_patient_cluster,True,three_class_patient_label,52027
vit_method2,2026,standardized_resnet18,eye,calibrated,conditional.per_class.papilledema.average_precision_ovr,0.7159090909090909,0.5048151699523705,0.959375,0.12878537487728445,0.95,bca,bca,False,,5000,5000,whole_patient_cluster,True,three_class_patient_label,52027
vit_method2,2026,standardized_resnet18,eye,calibrated,conditional.per_class.papilledema.f1,0.7058823529411765,0.5333333333333333,0.8888888888888888,0.08649917615989045,0.95,bca,bca,False,,5000,5000,whole_patient_cluster,True,three_class_patient_label,52027
vit_method2,2026,standardized_resnet18,eye,calibrated,conditional.per_class.papilledema.precision,0.6666666666666666,0.5555555555555556,0.8571428571428571,0.08117493076438796,0.95,bca,bca,False,,5000,5000,whole_patient_cluster,True,three_class_patient_label,52027
vit_method2,2026,standardized_resnet18,eye,calibrated,conditional.per_class.papilledema.recall,0.75,0.5,1.0,0.1269097931371682,0.95,bca,bca,False,,5000,5000,whole_patient_cluster,True,three_class_patient_label,52027
vit_method2,2026,standardized_resnet18,eye,calibrated,conditional.per_class.pseudopapilledema.auroc_ovr,0.7806122448979592,0.3979591836734694,0.9693877551020408,0.1371528767255883,0.95,bca,bca,False,,5000,5000,whole_patient_cluster,True,three_class_patient_label,52027
vit_method2,2026,standardized_resnet18,eye,calibrated,conditional.per_class.pseudopapilledema.average_precision_ovr,0.5908658008658008,0.2368421052631579,0.9367346938775509,0.18139130325389344,0.95,bca,bca,False,,5000,5000,whole_patient_cluster,True,three_class_patient_label,52027
vit_method2,2026,standardized_resnet18,eye,calibrated,conditional.per_class.pseudopapilledema.f1,0.4,0.0,0.6666666666666666,0.15596241995183682,0.95,bca,bca,False,,5000,5000,whole_patient_cluster,True,three_class_patient_label,52027
vit_method2,2026,standardized_resnet18,eye,calibrated,conditional.per_class.pseudopapilledema.precision,0.6666666666666666,0.0,1.0,0.2764478161753666,0.95,bca,bca,False,,5000,5000,whole_patient_cluster,True,three_class_patient_label,52027
vit_method2,2026,standardized_resnet18,eye,calibrated,conditional.per_class.pseudopapilledema.recall,0.2857142857142857,0.0,0.5,0.12640613871336195,0.95,bca,bca,False,,5000,5000,whole_patient_cluster,True,three_class_patient_label,52027
vit_method2,2026,standardized_resnet18,eye,calibrated,conditional.top_label_ece,0.2621437780370054,0.15949146986484533,0.33860749916666916,0.04633204673219392,0.95,bca,bca,False,,5000,5000,whole_patient_cluster,True,three_class_patient_label,52027
vit_method2,2026,standardized_resnet18,eye,calibrated,conditional_aurc,0.09884033277014379,0.03533707396242339,0.2420031308273763,0.04534037910055245,0.95,bca,bca,False,,5000,5000,whole_patient_cluster,True,three_class_patient_label,52027
vit_method2,2026,standardized_resnet18,eye,calibrated,coverage,0.9722222222222222,0.8888888888888888,1.0,0.024032158553309688,0.95,bca,bca,False,,5000,5000,whole_patient_cluster,True,three_class_patient_label,52027
vit_method2,2026,standardized_resnet18,eye,calibrated,failure_aware.accuracy,0.7777777777777778,0.6944444444444444,0.8611111111111112,0.03964884549895189,0.95,bca,bca,False,,5000,5000,whole_patient_cluster,True,three_class_patient_label,52027
vit_method2,2026,standardized_resnet18,eye,calibrated,failure_aware.balanced_accuracy,0.6666666666666666,0.5416666666666666,0.7916666666666666,0.059473268248427816,0.95,bca,bca,False,,5000,5000,whole_patient_cluster,True,three_class_patient_label,52027
vit_method2,2026,standardized_resnet18,eye,calibrated,failure_aware.macro_f1,0.666583758239025,0.5185185185185185,0.7619047619047619,0.06181864047222246,0.95,bca,bca,False,,5000,5000,whole_patient_cluster,True,three_class_patient_label,52027
vit_method2,2026,standardized_resnet18,eye,calibrated,failure_aware.multiclass_mcc,0.6273132732541127,0.4672156781662183,0.7747580267412529,0.07264846696074159,0.95,bca,bca,False,,5000,5000,whole_patient_cluster,True,three_class_patient_label,52027
vit_method2,2026,standardized_resnet18,eye,calibrated,failure_aware.per_class.normal.f1,0.9302325581395349,0.8163265306122449,1.0,0.042059971897423686,0.95,bca,bca,False,,5000,5000,whole_patient_cluster,True,three_class_patient_label,52027
vit_method2,2026,standardized_resnet18,eye,calibrated,failure_aware.per_class.normal.precision,0.8695652173913043,0.6896551724137931,1.0,0.07328450910737902,0.95,bca,bca,False,,5000,5000,whole_patient_cluster,True,three_class_patient_label,52027
vit_method2,2026,standardized_resnet18,eye,calibrated,failure_aware.per_class.normal.recall,1.0,1.0,1.0,0.0,0.95,bca,bca,False,,5000,5000,whole_patient_cluster,True,three_class_patient_label,52027
vit_method2,2026,standardized_resnet18,eye,calibrated,failure_aware.per_class.papilledema.f1,0.7058823529411765,0.5333333333333333,0.8888888888888888,0.08649917615989045,0.95,bca,bca,False,,5000,5000,whole_patient_cluster,True,three_class_patient_label,52027
vit_method2,2026,standardized_resnet18,eye,calibrated,failure_aware.per_class.papilledema.precision,0.6666666666666666,0.5555555555555556,0.8571428571428571,0.08117493076438796,0.95,bca,bca,False,,5000,5000,whole_patient_cluster,True,three_class_patient_label,52027
vit_method2,2026,standardized_resnet18,eye,calibrated,failure_aware.per_class.papilledema.recall,0.75,0.5,1.0,0.1269097931371682,0.95,bca,bca,False,,5000,5000,whole_patient_cluster,True,three_class_patient_label,52027
vit_method2,2026,standardized_resnet18,eye,calibrated,failure_aware.per_class.pseudopapilledema.f1,0.36363636363636365,0.0,0.6666666666666666,0.1551650491447775,0.95,bca,bca,False,,5000,5000,whole_patient_cluster,True,three_class_patient_label,52027
vit_method2,2026,standardized_resnet18,eye,calibrated,failure_aware.per_class.pseudopapilledema.precision,0.6666666666666666,0.0,1.0,0.2764478161753666,0.95,bca,bca,False,,5000,5000,whole_patient_cluster,True,three_class_patient_label,52027
vit_method2,2026,standardized_resnet18,eye,calibrated,failure_aware.per_class.pseudopapilledema.recall,0.25,0.0,0.5,0.12478645241668404,0.95,bca,bca,False,,5000,5000,whole_patient_cluster,True,three_class_patient_label,52027
vit_method2,2026,standardized_resnet18,eye,calibrated,failure_aware_aurc,0.10226760747714597,0.035374268148374556,0.24438564201073237,0.046643587763014485,0.95,bca,bca,False,,5000,5000,whole_patient_cluster,True,three_class_patient_label,52027
vit_method2,2026,standardized_resnet18,eye,calibrated,localized_diagnostic_success.rate,0.7777777777777778,0.6944444444444444,0.8611111111111112,0.03964884549895189,0.95,bca,bca,False,,5000,5000,whole_patient_cluster,True,three_class_patient_label,52027
vit_method2,2026,standardized_resnet18,eye,calibrated,selective_risk,0.2,0.1388888888888889,0.2857142857142857,0.03772738569482132,0.95,bca,bca,False,,5000,5000,whole_patient_cluster,True,three_class_patient_label,52027
vit_method2,3407,model_specific,patient,calibrated,class_conditional_coverage.normal,1.0,1.0,1.0,0.0,0.95,bca,bca,False,,5000,5000,whole_patient_cluster,True,three_class_patient_label,53407
vit_method2,3407,model_specific,patient,calibrated,class_conditional_coverage.papilledema,0.75,0.25,1.0,0.21654500305402924,0.95,bca,bca,False,,5000,5000,whole_patient_cluster,True,three_class_patient_label,53407
vit_method2,3407,model_specific,patient,calibrated,class_conditional_coverage.pseudopapilledema,1.0,1.0,1.0,0.0,0.95,bca,bca,False,,5000,5000,whole_patient_cluster,True,three_class_patient_label,53407
vit_method2,3407,model_specific,patient,calibrated,conditional.accuracy,0.5294117647058824,0.3888888888888889,0.625,0.06127288455700784,0.95,bca,bca,False,,5000,5000,whole_patient_cluster,True,three_class_patient_label,53407
vit_method2,3407,model_specific,patient,calibrated,conditional.balanced_accuracy,0.3,0.19999999999999998,0.3333333333333333,0.03219867243314306,0.95,bca,bca,False,,5000,5000,whole_patient_cluster,True,three_class_patient_label,53407
vit_method2,3407,model_specific,patient,calibrated,conditional.derived_discrimination.normal_vs_abnormal.auroc,0.8428571428571427,0.4857142857142857,1.0,0.10702968953095088,0.95,bca,bca,False,,5000,5000,whole_patient_cluster,True,three_class_patient_label,53407
vit_method2,3407,model_specific,patient,calibrated,conditional.derived_discrimination.normal_vs_abnormal.average_precision,0.8761904761904762,0.6538461538461539,1.0,0.08124621775600004,0.95,bca,bca,False,,5000,5000,whole_patient_cluster,True,three_class_patient_label,53407
vit_method2,3407,model_specific,patient,calibrated,conditional.derived_discrimination.papilledema_vs_pseudopapilledema.auroc,0.16666666666666669,0.0,0.75,0.18329677049809326,0.95,bca,bca,False,,4981,5000,whole_patient_cluster,True,three_class_patient_label,53407
vit_method2,3407,model_specific,patient,calibrated,conditional.derived_discrimination.papilledema_vs_pseudopapilledema.average_precision,0.47619047619047616,0.36547619047619045,0.6666666666666666,0.1194908789627339,0.95,bca,bca,False,,5000,5000,whole_patient_cluster,True,three_class_patient_label,53407
vit_method2,3407,model_specific,patient,calibrated,conditional.macro_auroc,0.6744200244200244,0.5005952380952381,0.8081349206349207,0.07707829640027407,0.95,bca,bca,False,,5000,5000,whole_patient_cluster,True,three_class_patient_label,53407
vit_method2,3407,model_specific,patient,calibrated,conditional.macro_average_precision,0.48044973544973546,0.3490073298228236,0.5438964345260653,0.05681784429928544,0.95,bca,bca,False,,5000,5000,whole_patient_cluster,True,three_class_patient_label,53407
vit_method2,3407,model_specific,patient,calibrated,conditional.macro_classwise_ece,0.2366684086919114,0.1518217497510124,0.3018669088136811,0.04516831595455125,0.95,bca,bca,False,,5000,5000,whole_patient_cluster,True,three_class_patient_label,53407
vit_method2,3407,model_specific,patient,calibrated,conditional.macro_f1,0.2857142857142857,0.2222222222222222,0.31746031746031744,0.02230802156833289,0.95,bca,bca,False,,5000,5000,whole_patient_cluster,True,three_class_patient_label,53407
vit_method2,3407,model_specific,patient,calibrated,conditional.multiclass_brier,0.6315447642276709,0.47195046193037343,0.8523361519517555,0.09702905882986924,0.95,bca,bca,False,,5000,5000,whole_patient_cluster,True,three_class_patient_label,53407
vit_method2,3407,model_specific,patient,calibrated,conditional.multiclass_mcc,0.14026687687393444,-0.06004805767690767,0.25,0.07880424624299298,0.95,bca,bca,False,,5000,5000,whole_patient_cluster,True,three_class_patient_label,53407
vit_method2,3407,model_specific,patient,calibrated,conditional.multiclass_nll,1.1840180839777001,0.712196457978232,1.9855758514027049,0.30676449279904966,0.95,bca,bca,False,,5000,5000,whole_patient_cluster,True,three_class_patient_label,53407
vit_method2,3407,model_specific,patient,calibrated,conditional.per_class.normal.auroc_ovr,0.8428571428571429,0.5,1.0,0.10702968953095086,0.95,bca,bca,False,,5000,5000,whole_patient_cluster,True,three_class_patient_label,53407
vit_method2,3407,model_specific,patient,calibrated,conditional.per_class.normal.average_precision_ovr,0.8566991341991342,0.6238657581165089,0.9909090909090909,0.08477969184222714,0.95,bca,bca,False,,5000,5000,whole_patient_cluster,True,three_class_patient_label,53407
vit_method2,3407,model_specific,patient,calibrated,conditional.per_class.normal.f1,0.8571428571428571,0.6666666666666666,0.9523809523809523,0.06692406470499866,0.95,bca,bca,False,,5000,5000,whole_patient_cluster,True,three_class_patient_label,53407
vit_method2,3407,model_specific,patient,calibrated,conditional.per_class.normal.precision,0.8181818181818182,0.6666666666666666,1.0,0.07906622186099359,0.95,bca,bca,False,,5000,5000,whole_patient_cluster,True,three_class_patient_label,53407
vit_method2,3407,model_specific,patient,calibrated,conditional.per_class.normal.recall,0.9,0.6,1.0,0.09250291756453734,0.95,bca,bca,False,,5000,5000,whole_patient_cluster,True,three_class_patient_label,53407
vit_method2,3407,model_specific,patient,calibrated,conditional.per_class.papilledema.auroc_ovr,0.7380952380952381,0.5,0.9285714285714285,0.10704512077085002,0.95,bca,bca,False,,4981,5000,whole_patient_cluster,True,three_class_patient_label,53407
vit_method2,3407,model_specific,patient,calibrated,conditional.per_class.papilledema.average_precision_ovr,0.33730158730158727,0.14285714285714285,0.5535714285714286,0.13355381651789955,0.95,bca,bca,False,,4981,5000,whole_patient_cluster,True,three_class_patient_label,53407
vit_method2,3407,model_specific,patient,calibrated,conditional.per_class.papilledema.f1,0.0,0.0,0.0,0.0,0.95,bca,bca,False,,5000,5000,whole_patient_cluster,True,three_class_patient_label,53407
vit_method2,3407,model_specific,patient,calibrated,conditional.per_class.papilledema.precision,0.0,0.0,0.0,0.0,0.95,bca,bca,False,,5000,5000,whole_patient_cluster,True,three_class_patient_label,53407
vit_method2,3407,model_specific,patient,calibrated,conditional.per_class.papilledema.recall,0.0,0.0,0.0,0.0,0.95,bca,bca,False,,4981,5000,whole_patient_cluster,True,three_class_patient_label,53407
vit_method2,3407,model_specific,patient,calibrated,conditional.per_class.pseudopapilledema.auroc_ovr,0.4423076923076923,0.18181818181818182,0.7083333333333333,0.13407937049170968,0.95,bca,bca,False,,5000,5000,whole_patient_cluster,True,three_class_patient_label,53407
vit_method2,3407,model_specific,patient,calibrated,conditional.per_class.pseudopapilledema.average_precision_ovr,0.24734848484848482,0.18389408921948458,0.36250000000000004,0.07248279620773147,0.95,bca,bca,False,,5000,5000,whole_patient_cluster,True,three_class_patient_label,53407
vit_method2,3407,model_specific,patient,calibrated,conditional.per_class.pseudopapilledema.f1,0.0,0.0,0.0,0.0,0.95,bca,bca,False,,5000,5000,whole_patient_cluster,True,three_class_patient_label,53407
vit_method2,3407,model_specific,patient,calibrated,conditional.per_class.pseudopapilledema.precision,0.0,0.0,0.0,0.0,0.95,bca,bca,False,,5000,5000,whole_patient_cluster,True,three_class_patient_label,53407
vit_method2,3407,model_specific,patient,calibrated,conditional.per_class.pseudopapilledema.recall,0.0,0.0,0.0,0.0,0.95,bca,bca,False,,5000,5000,whole_patient_cluster,True,three_class_patient_label,53407
vit_method2,3407,model_specific,patient,calibrated,conditional.top_label_ece,0.2974994221925124,0.1647030071970971,0.4058168381745595,0.0635337609530729,0.95,bca,bca,False,,5000,5000,whole_patient_cluster,True,three_class_patient_label,53407
vit_method2,3407,model_specific,patient,calibrated,conditional_aurc,0.33250412601623675,0.17099586161880637,0.5452972454345676,0.09761873206852198,0.95,bca,bca,False,,5000,5000,whole_patient_cluster,True,three_class_patient_label,53407
vit_method2,3407,model_specific,patient,calibrated,coverage,0.9444444444444444,0.7777777777777778,1.0,0.04812111178978428,0.95,bca,bca,False,,5000,5000,whole_patient_cluster,True,three_class_patient_label,53407
vit_method2,3407,model_specific,patient,calibrated,failure_aware.accuracy,0.5,0.3888888888888889,0.5555555555555556,0.05139050975807631,0.95,bca,bca,False,,5000,5000,whole_patient_cluster,True,three_class_patient_label,53407
vit_method2,3407,model_specific,patient,calibrated,failure_aware.balanced_accuracy,0.3,0.19999999999999998,0.3333333333333333,0.030834305854845777,0.95,bca,bca,False,,5000,5000,whole_patient_cluster,True,three_class_patient_label,53407
vit_method2,3407,model_specific,patient,calibrated,failure_aware.macro_f1,0.2857142857142857,0.2222222222222222,0.31746031746031744,0.02230802156833289,0.95,bca,bca,False,,5000,5000,whole_patient_cluster,True,three_class_patient_label,53407
vit_method2,3407,model_specific,patient,calibrated,failure_aware.multiclass_mcc,0.148969892882781,-0.03125,0.25,0.07176561776003662,0.95,bca,bca,False,,5000,5000,whole_patient_cluster,True,three_class_patient_label,53407
vit_method2,3407,model_specific,patient,calibrated,failure_aware.per_class.normal.f1,0.8571428571428571,0.6666666666666666,0.9523809523809523,0.06692406470499866,0.95,bca,bca,False,,5000,5000,whole_patient_cluster,True,three_class_patient_label,53407
vit_method2,3407,model_specific,patient,calibrated,failure_aware.per_class.normal.precision,0.8181818181818182,0.6666666666666666,1.0,0.07906622186099359,0.95,bca,bca,False,,5000,5000,whole_patient_cluster,True,three_class_patient_label,53407
vit_method2,3407,model_specific,patient,calibrated,failure_aware.per_class.normal.recall,0.9,0.6,1.0,0.09250291756453734,0.95,bca,bca,False,,5000,5000,whole_patient_cluster,True,three_class_patient_label,53407
vit_method2,3407,model_specific,patient,calibrated,failure_aware.per_class.papilledema.f1,0.0,0.0,0.0,0.0,0.95,bca,bca,False,,5000,5000,whole_patient_cluster,True,three_class_patient_label,53407
vit_method2,3407,model_specific,patient,calibrated,failure_aware.per_class.papilledema.precision,0.0,0.0,0.0,0.0,0.95,bca,bca,False,,5000,5000,whole_patient_cluster,True,three_class_patient_label,53407
vit_method2,3407,model_specific,patient,calibrated,failure_aware.per_class.papilledema.recall,0.0,0.0,0.0,0.0,0.95,bca,bca,False,,5000,5000,whole_patient_cluster,True,three_class_patient_label,53407
vit_method2,3407,model_specific,patient,calibrated,failure_aware.per_class.pseudopapilledema.f1,0.0,0.0,0.0,0.0,0.95,bca,bca,False,,5000,5000,whole_patient_cluster,True,three_class_patient_label,53407
vit_method2,3407,model_specific,patient,calibrated,failure_aware.per_class.pseudopapilledema.precision,0.0,0.0,0.0,0.0,0.95,bca,bca,False,,5000,5000,whole_patient_cluster,True,three_class_patient_label,53407
vit_method2,3407,model_specific,patient,calibrated,failure_aware.per_class.pseudopapilledema.recall,0.0,0.0,0.0,0.0,0.95,bca,bca,False,,5000,5000,whole_patient_cluster,True,three_class_patient_label,53407
vit_method2,3407,model_specific,patient,calibrated,failure_aware_aurc,0.34180945234866805,0.19177576689831594,0.5459837420999464,0.09233511724075137,0.95,bca,bca,False,,5000,5000,whole_patient_cluster,True,three_class_patient_label,53407
vit_method2,3407,model_specific,patient,calibrated,localized_diagnostic_success.rate,0.3888888888888889,0.2222222222222222,0.5,0.07940383192623082,0.95,bca,bca,False,,5000,5000,whole_patient_cluster,True,three_class_patient_label,53407
vit_method2,3407,model_specific,patient,calibrated,selective_risk,0.47058823529411764,0.375,0.6111111111111112,0.06127288455700784,0.95,bca,bca,False,,5000,5000,whole_patient_cluster,True,three_class_patient_label,53407
vit_method2,3407,model_specific,eye,calibrated,class_conditional_coverage.normal,1.0,1.0,1.0,0.0,0.95,bca,bca,False,,5000,5000,whole_patient_cluster,True,three_class_patient_label,53408
vit_method2,3407,model_specific,eye,calibrated,class_conditional_coverage.papilledema,0.875,0.625,1.0,0.10665914276116656,0.95,bca,bca,False,,5000,5000,whole_patient_cluster,True,three_class_patient_label,53408
vit_method2,3407,model_specific,eye,calibrated,class_conditional_coverage.pseudopapilledema,1.0,1.0,1.0,0.0,0.95,bca,bca,False,,5000,5000,whole_patient_cluster,True,three_class_patient_label,53408
vit_method2,3407,model_specific,eye,calibrated,conditional.accuracy,0.45714285714285713,0.3235294117647059,0.5833333333333334,0.06759182290067356,0.95,bca,bca,False,,5000,5000,whole_patient_cluster,True,three_class_patient_label,53408
vit_method2,3407,model_specific,eye,calibrated,conditional.balanced_accuracy,0.31666666666666665,0.20833333333333334,0.4166666666666667,0.05498949527992097,0.95,bca,bca,False,,5000,5000,whole_patient_cluster,True,three_class_patient_label,53408
vit_method2,3407,model_specific,eye,calibrated,conditional.derived_discrimination.normal_vs_abnormal.auroc,0.8266666666666667,0.559297679755906,0.9733333333333333,0.09858523913940334,0.95,bca,bca,False,,5000,5000,whole_patient_cluster,True,three_class_patient_label,53408
vit_method2,3407,model_specific,eye,calibrated,conditional.derived_discrimination.normal_vs_abnormal.average_precision,0.8555224103987957,0.6529263941650937,0.9795518207282914,0.08037989890995866,0.95,bca,bca,False,,5000,5000,whole_patient_cluster,True,three_class_patient_label,53408
vit_method2,3407,model_specific,eye,calibrated,conditional.derived_discrimination.papilledema_vs_pseudopapilledema.auroc,0.14285714285714285,0.0,0.3571428571428571,0.08284927293386989,0.95,bca,bca,False,,5000,5000,whole_patient_cluster,True,three_class_patient_label,53408
vit_method2,3407,model_specific,eye,calibrated,conditional.derived_discrimination.papilledema_vs_pseudopapilledema.average_precision,0.4031468531468531,0.3579004329004329,0.46462703962703966,0.0448735012089769,0.95,bca,bca,False,,5000,5000,whole_patient_cluster,True,three_class_patient_label,53408
vit_method2,3407,model_specific,eye,calibrated,conditional.macro_auroc,0.6514688838498363,0.504986462329737,0.7514880952380952,0.06234005292390282,0.95,bca,bca,False,,5000,5000,whole_patient_cluster,True,three_class_patient_label,53408
vit_method2,3407,model_specific,eye,calibrated,conditional.macro_average_precision,0.43837717116562613,0.3389364225536748,0.4997905388951806,0.047953143308255244,0.95,bca,bca,False,,5000,5000,whole_patient_cluster,True,three_class_patient_label,53408
vit_method2,3407,model_specific,eye,calibrated,conditional.macro_classwise_ece,0.22495229491271895,0.149189978390363,0.2818814728553283,0.0407853485811214,0.95,bca,bca,False,,5000,5000,whole_patient_cluster,True,three_class_patient_label,53408
vit_method2,3407,model_specific,eye,calibrated,conditional.macro_f1,0.3128583128583129,0.23100570926657885,0.39664378337147216,0.043942753739103474,0.95,bca,bca,False,,5000,5000,whole_patient_cluster,True,three_class_patient_label,53408
vit_method2,3407,model_specific,eye,calibrated,conditional.multiclass_brier,0.6696716109722207,0.514685512683433,0.8658868778410816,0.08885115685995455,0.95,bca,bca,False,,5000,5000,whole_patient_cluster,True,three_class_patient_label,53408
vit_method2,3407,model_specific,eye,calibrated,conditional.multiclass_mcc,0.11142450337147508,-0.09563650695950075,0.2736280022498815,0.0949103727464747,0.95,bca,bca,False,,5000,5000,whole_patient_cluster,True,three_class_patient_label,53408
vit_method2,3407,model_specific,eye,calibrated,conditional.multiclass_nll,1.223693371068068,0.8148201813782066,1.96730620980439,0.2719180444692238,0.95,bca,bca,False,,5000,5000,whole_patient_cluster,True,three_class_patient_label,53408
vit_method2,3407,model_specific,eye,calibrated,conditional.per_class.normal.auroc_ovr,0.8266666666666667,0.5594396499445548,0.9733333333333334,0.09858523913940333,0.95,bca,bca,False,,5000,5000,whole_patient_cluster,True,three_class_patient_label,53408
vit_method2,3407,model_specific,eye,calibrated,conditional.per_class.normal.average_precision_ovr,0.7878406668991708,0.5585760801785478,0.9586758301370369,0.10515810605106217,0.95,bca,bca,False,,5000,5000,whole_patient_cluster,True,three_class_patient_label,53408
vit_method2,3407,model_specific,eye,calibrated,conditional.per_class.normal.f1,0.7567567567567568,0.5806451612903226,0.8947368421052632,0.08019821546932492,0.95,bca,bca,False,,5000,5000,whole_patient_cluster,True,three_class_patient_label,53408
vit_method2,3407,model_specific,eye,calibrated,conditional.per_class.normal.precision,0.8235294117647058,0.625,1.0,0.08696507204980533,0.95,bca,bca,False,,5000,5000,whole_patient_cluster,True,three_class_patient_label,53408
vit_method2,3407,model_specific,eye,calibrated,conditional.per_class.normal.recall,0.7,0.45,0.9,0.10466428866936675,0.95,bca,bca,False,,5000,5000,whole_patient_cluster,True,three_class_patient_label,53408
vit_method2,3407,model_specific,eye,calibrated,conditional.per_class.papilledema.auroc_ovr,0.7295918367346939,0.4865781634842695,0.8928571428571429,0.10000938229392269,0.95,bca,bca,False,,5000,5000,whole_patient_cluster,True,three_class_patient_label,53408
vit_method2,3407,model_specific,eye,calibrated,conditional.per_class.papilledema.average_precision_ovr,0.32449067223503314,0.1985941599399323,0.5277721259609682,0.11630433563713011,0.95,bca,bca,False,,5000,5000,whole_patient_cluster,True,three_class_patient_label,53408
vit_method2,3407,model_specific,eye,calibrated,conditional.per_class.papilledema.f1,0.0,0.0,0.0,0.0,0.95,bca,bca,False,,5000,5000,whole_patient_cluster,True,three_class_patient_label,53408
vit_method2,3407,model_specific,eye,calibrated,conditional.per_class.papilledema.precision,0.0,0.0,0.0,0.0,0.95,bca,bca,False,,5000,5000,whole_patient_cluster,True,three_class_patient_label,53408
vit_method2,3407,model_specific,eye,calibrated,conditional.per_class.papilledema.recall,0.0,0.0,0.0,0.0,0.95,bca,bca,False,,5000,5000,whole_patient_cluster,True,three_class_patient_label,53408
vit_method2,3407,model_specific,eye,calibrated,conditional.per_class.pseudopapilledema.auroc_ovr,0.39814814814814814,0.18511766861381881,0.5740740740740741,0.10185850715414206,0.95,bca,bca,False,,5000,5000,whole_patient_cluster,True,three_class_patient_label,53408
vit_method2,3407,model_specific,eye,calibrated,conditional.per_class.pseudopapilledema.average_precision_ovr,0.2028001743626744,0.16599697982798298,0.2698118742818018,0.035677796874881006,0.95,bca,bca,False,,5000,5000,whole_patient_cluster,True,three_class_patient_label,53408
vit_method2,3407,model_specific,eye,calibrated,conditional.per_class.pseudopapilledema.f1,0.18181818181818182,0.0,0.36363636363636365,0.08612985825960655,0.95,bca,bca,False,,5000,5000,whole_patient_cluster,True,three_class_patient_label,53408
vit_method2,3407,model_specific,eye,calibrated,conditional.per_class.pseudopapilledema.precision,0.14285714285714285,0.0,0.2857142857142857,0.06668666633701448,0.95,bca,bca,False,,5000,5000,whole_patient_cluster,True,three_class_patient_label,53408
vit_method2,3407,model_specific,eye,calibrated,conditional.per_class.pseudopapilledema.recall,0.25,0.0,0.5,0.1264980646178842,0.95,bca,bca,False,,5000,5000,whole_patient_cluster,True,three_class_patient_label,53408
vit_method2,3407,model_specific,eye,calibrated,conditional.top_label_ece,0.3035254770158945,0.19019194001503387,0.3978482676942205,0.05483056926787894,0.95,bca,bca,False,,5000,5000,whole_patient_cluster,True,three_class_patient_label,53408
vit_method2,3407,model_specific,eye,calibrated,conditional_aurc,0.40551480746155366,0.23213087724652812,0.6272206638170291,0.10093861598037968,0.95,bca,bca,False,,5000,5000,whole_patient_cluster,True,three_class_patient_label,53408
vit_method2,3407,model_specific,eye,calibrated,coverage,0.9722222222222222,0.8888888888888888,1.0,0.02370203172470369,0.95,bca,bca,False,,5000,5000,whole_patient_cluster,True,three_class_patient_label,53408
vit_method2,3407,model_specific,eye,calibrated,failure_aware.accuracy,0.4444444444444444,0.3055555555555556,0.5555555555555556,0.06483165768854189,0.95,bca,bca,False,,5000,5000,whole_patient_cluster,True,three_class_patient_label,53408
vit_method2,3407,model_specific,eye,calibrated,failure_aware.balanced_accuracy,0.31666666666666665,0.20833333333333334,0.4166666666666667,0.05498949527992097,0.95,bca,bca,False,,5000,5000,whole_patient_cluster,True,three_class_patient_label,53408
vit_method2,3407,model_specific,eye,calibrated,failure_aware.macro_f1,0.3128583128583129,0.23100570926657885,0.39664378337147216,0.043942753739103474,0.95,bca,bca,False,,5000,5000,whole_patient_cluster,True,three_class_patient_label,53408
vit_method2,3407,model_specific,eye,calibrated,failure_aware.multiclass_mcc,0.117814017575141,-0.07308106673572497,0.2751669418337461,0.09083455423967692,0.95,bca,bca,False,,5000,5000,whole_patient_cluster,True,three_class_patient_label,53408
vit_method2,3407,model_specific,eye,calibrated,failure_aware.per_class.normal.f1,0.7567567567567568,0.5806451612903226,0.8947368421052632,0.08019821546932492,0.95,bca,bca,False,,5000,5000,whole_patient_cluster,True,three_class_patient_label,53408
vit_method2,3407,model_specific,eye,calibrated,failure_aware.per_class.normal.precision,0.8235294117647058,0.625,1.0,0.08696507204980533,0.95,bca,bca,False,,5000,5000,whole_patient_cluster,True,three_class_patient_label,53408
vit_method2,3407,model_specific,eye,calibrated,failure_aware.per_class.normal.recall,0.7,0.45,0.9,0.10466428866936675,0.95,bca,bca,False,,5000,5000,whole_patient_cluster,True,three_class_patient_label,53408
vit_method2,3407,model_specific,eye,calibrated,failure_aware.per_class.papilledema.f1,0.0,0.0,0.0,0.0,0.95,bca,bca,False,,5000,5000,whole_patient_cluster,True,three_class_patient_label,53408
vit_method2,3407,model_specific,eye,calibrated,failure_aware.per_class.papilledema.precision,0.0,0.0,0.0,0.0,0.95,bca,bca,False,,5000,5000,whole_patient_cluster,True,three_class_patient_label,53408
vit_method2,3407,model_specific,eye,calibrated,failure_aware.per_class.papilledema.recall,0.0,0.0,0.0,0.0,0.95,bca,bca,False,,5000,5000,whole_patient_cluster,True,three_class_patient_label,53408
vit_method2,3407,model_specific,eye,calibrated,failure_aware.per_class.pseudopapilledema.f1,0.18181818181818182,0.0,0.36363636363636365,0.08612985825960655,0.95,bca,bca,False,,5000,5000,whole_patient_cluster,True,three_class_patient_label,53408
vit_method2,3407,model_specific,eye,calibrated,failure_aware.per_class.pseudopapilledema.precision,0.14285714285714285,0.0,0.2857142857142857,0.06668666633701448,0.95,bca,bca,False,,5000,5000,whole_patient_cluster,True,three_class_patient_label,53408
vit_method2,3407,model_specific,eye,calibrated,failure_aware.per_class.pseudopapilledema.recall,0.25,0.0,0.5,0.1264980646178842,0.95,bca,bca,False,,5000,5000,whole_patient_cluster,True,three_class_patient_label,53408
vit_method2,3407,model_specific,eye,calibrated,failure_aware_aurc,0.4096826060197204,0.23837648096004285,0.6244782511077128,0.09918644667645299,0.95,bca,bca,False,,5000,5000,whole_patient_cluster,True,three_class_patient_label,53408
vit_method2,3407,model_specific,eye,calibrated,localized_diagnostic_success.rate,0.3611111111111111,0.2222222222222222,0.5277777777777778,0.08001840106284815,0.95,bca,bca,False,,5000,5000,whole_patient_cluster,True,three_class_patient_label,53408
vit_method2,3407,model_specific,eye,calibrated,selective_risk,0.5428571428571428,0.4166666666666667,0.6764705882352942,0.06759182290067356,0.95,bca,bca,False,,5000,5000,whole_patient_cluster,True,three_class_patient_label,53408
vit_method2,3407,standardized_resnet18,patient,calibrated,class_conditional_coverage.normal,1.0,1.0,1.0,0.0,0.95,bca,bca,False,,5000,5000,whole_patient_cluster,True,three_class_patient_label,53407
vit_method2,3407,standardized_resnet18,patient,calibrated,class_conditional_coverage.papilledema,0.75,0.25,1.0,0.21654500305402924,0.95,bca,bca,False,,5000,5000,whole_patient_cluster,True,three_class_patient_label,53407
vit_method2,3407,standardized_resnet18,patient,calibrated,class_conditional_coverage.pseudopapilledema,1.0,1.0,1.0,0.0,0.95,bca,bca,False,,5000,5000,whole_patient_cluster,True,three_class_patient_label,53407
vit_method2,3407,standardized_resnet18,patient,calibrated,conditional.accuracy,0.6470588235294118,0.5555555555555556,0.8,0.06133484901488329,0.95,bca,bca,False,,5000,5000,whole_patient_cluster,True,three_class_patient_label,53407
vit_method2,3407,standardized_resnet18,patient,calibrated,conditional.balanced_accuracy,0.4166666666666667,0.3333333333333333,0.6666666666666666,0.0734186223003862,0.95,bca,bca,False,,5000,5000,whole_patient_cluster,True,three_class_patient_label,53407
vit_method2,3407,standardized_resnet18,patient,calibrated,conditional.derived_discrimination.normal_vs_abnormal.auroc,0.8428571428571429,0.4270962932765332,1.0,0.1157142056549775,0.95,bca,bca,False,,5000,5000,whole_patient_cluster,True,three_class_patient_label,53407
vit_method2,3407,standardized_resnet18,patient,calibrated,conditional.derived_discrimination.normal_vs_abnormal.average_precision,0.8839285714285714,0.6333333333333333,1.0,0.08078282275777603,0.95,bca,bca,False,,5000,5000,whole_patient_cluster,True,three_class_patient_label,53407
vit_method2,3407,standardized_resnet18,patient,calibrated,conditional.derived_discrimination.papilledema_vs_pseudopapilledema.auroc,0.4166666666666667,0.0,1.0,0.2375111509192846,0.95,bca,bca,False,,4981,5000,whole_patient_cluster,True,three_class_patient_label,53407
vit_method2,3407,standardized_resnet18,patient,calibrated,conditional.derived_discrimination.papilledema_vs_pseudopapilledema.average_precision,0.6845238095238095,0.4226190476190476,0.95,0.139743115275431,0.95,bca,bca,False,,5000,5000,whole_patient_cluster,True,three_class_patient_label,53407
vit_method2,3407,standardized_resnet18,patient,calibrated,conditional.macro_auroc,0.6988400488400487,0.43675255596985463,0.8424908424908425,0.09665220058517345,0.95,bca,bca,False,,5000,5000,whole_patient_cluster,True,three_class_patient_label,53407
vit_method2,3407,standardized_resnet18,patient,calibrated,conditional.macro_average_precision,0.5022198172198172,0.35369813837390557,0.6146102367718966,0.08003047244529045,0.95,bca,bca,False,,5000,5000,whole_patient_cluster,True,three_class_patient_label,53407
vit_method2,3407,standardized_resnet18,patient,calibrated,conditional.macro_classwise_ece,0.23381815910619005,0.13981548474125016,0.29907591777523473,0.04034298474904487,0.95,bca,bca,False,,5000,5000,whole_patient_cluster,True,three_class_patient_label,53407
vit_method2,3407,standardized_resnet18,patient,calibrated,conditional.macro_f1,0.3863636363636364,0.2898550724637681,0.5757575757575758,0.07168363687743763,0.95,bca,bca,False,,5000,5000,whole_patient_cluster,True,three_class_patient_label,53407
vit_method2,3407,standardized_resnet18,patient,calibrated,conditional.multiclass_brier,0.5422772407172012,0.3524124883007613,0.7810978405937916,0.10893658626936403,0.95,bca,bca,False,,5000,5000,whole_patient_cluster,True,three_class_patient_label,53407
vit_method2,3407,standardized_resnet18,patient,calibrated,conditional.multiclass_mcc,0.3312945782245396,0.1636634176769943,0.6467811004159009,0.12151087530619684,0.95,bca,bca,False,,5000,5000,whole_patient_cluster,True,three_class_patient_label,53407
vit_method2,3407,standardized_resnet18,patient,calibrated,conditional.multiclass_nll,1.1412248814398078,0.616155715318038,2.0643578343634865,0.345961435651067,0.95,bca,bca,False,,5000,5000,whole_patient_cluster,True,three_class_patient_label,53407
vit_method2,3407,standardized_resnet18,patient,calibrated,conditional.per_class.normal.auroc_ovr,0.8428571428571429,0.4285714285714286,1.0,0.11571420565497749,0.95,bca,bca,False,,5000,5000,whole_patient_cluster,True,three_class_patient_label,53407
vit_method2,3407,standardized_resnet18,patient,calibrated,conditional.per_class.normal.average_precision_ovr,0.8322546897546897,0.5932702809651759,0.990909090909091,0.10125700099465904,0.95,bca,bca,False,,5000,5000,whole_patient_cluster,True,three_class_patient_label,53407
vit_method2,3407,standardized_resnet18,patient,calibrated,conditional.per_class.normal.f1,0.9090909090909091,0.8333333333333334,1.0,0.041671136738835296,0.95,bca,bca,False,,5000,5000,whole_patient_cluster,True,three_class_patient_label,53407
vit_method2,3407,standardized_resnet18,patient,calibrated,conditional.per_class.normal.precision,0.8333333333333334,0.7142857142857143,1.0,0.07122807226823866,0.95,bca,bca,False,,5000,5000,whole_patient_cluster,True,three_class_patient_label,53407
vit_method2,3407,standardized_resnet18,patient,calibrated,conditional.per_class.normal.recall,1.0,1.0,1.0,0.0,0.95,bca,bca,False,,5000,5000,whole_patient_cluster,True,three_class_patient_label,53407
vit_method2,3407,standardized_resnet18,patient,calibrated,conditional.per_class.papilledema.auroc_ovr,0.619047619047619,0.3333333333333333,0.8571428571428571,0.1290086366191208,0.95,bca,bca,False,,4981,5000,whole_patient_cluster,True,three_class_patient_label,53407
vit_method2,3407,standardized_resnet18,patient,calibrated,conditional.per_class.papilledema.average_precision_ovr,0.2619047619047619,0.1111111111111111,0.4166666666666667,0.10532476726395126,0.95,bca,bca,False,,4981,5000,whole_patient_cluster,True,three_class_patient_label,53407
vit_method2,3407,standardized_resnet18,patient,calibrated,conditional.per_class.papilledema.f1,0.0,0.0,0.0,0.0,0.95,bca,bca,False,,5000,5000,whole_patient_cluster,True,three_class_patient_label,53407
vit_method2,3407,standardized_resnet18,patient,calibrated,conditional.per_class.papilledema.precision,0.0,0.0,0.0,0.0,0.95,bca,bca,False,,5000,5000,whole_patient_cluster,True,three_class_patient_label,53407
vit_method2,3407,standardized_resnet18,patient,calibrated,conditional.per_class.papilledema.recall,0.0,0.0,0.0,0.0,0.95,bca,bca,False,,4981,5000,whole_patient_cluster,True,three_class_patient_label,53407
vit_method2,3407,standardized_resnet18,patient,calibrated,conditional.per_class.pseudopapilledema.auroc_ovr,0.6346153846153845,0.1923076923076923,0.875,0.17050160810082166,0.95,bca,bca,False,,5000,5000,whole_patient_cluster,True,three_class_patient_label,53407
vit_method2,3407,standardized_resnet18,patient,calibrated,conditional.per_class.pseudopapilledema.average_precision_ovr,0.4125,0.2264705882352941,0.6838235294117647,0.1479081995318703,0.95,bca,bca,False,,5000,5000,whole_patient_cluster,True,three_class_patient_label,53407
vit_method2,3407,standardized_resnet18,patient,calibrated,conditional.per_class.pseudopapilledema.f1,0.25,0.0,0.75,0.18874068229158913,0.95,bca,bca,False,,5000,5000,whole_patient_cluster,True,three_class_patient_label,53407
vit_method2,3407,standardized_resnet18,patient,calibrated,conditional.per_class.pseudopapilledema.precision,0.25,0.0,0.75,0.1827580870548521,0.95,bca,bca,False,,5000,5000,whole_patient_cluster,True,three_class_patient_label,53407
vit_method2,3407,standardized_resnet18,patient,calibrated,conditional.per_class.pseudopapilledema.recall,0.25,0.0,1.0,0.21735575954007075,0.95,bca,bca,False,,5000,5000,whole_patient_cluster,True,three_class_patient_label,53407
vit_method2,3407,standardized_resnet18,patient,calibrated,conditional.top_label_ece,0.21050483363154515,0.06700161588819768,0.30854485523840414,0.07448589313706674,0.95,bca,bca,False,,5000,5000,whole_patient_cluster,True,three_class_patient_label,53407
vit_method2,3407,standardized_resnet18,patient,calibrated,conditional_aurc,0.31673830782827317,0.11539548854165142,0.5695170207840122,0.1185763659439902,0.95,bca,bca,False,,5000,5000,whole_patient_cluster,True,three_class_patient_label,53407
vit_method2,3407,standardized_resnet18,patient,calibrated,coverage,0.9444444444444444,0.7777777777777778,1.0,0.04812111178978428,0.95,bca,bca,False,,5000,5000,whole_patient_cluster,True,three_class_patient_label,53407
vit_method2,3407,standardized_resnet18,patient,calibrated,failure_aware.accuracy,0.6111111111111112,0.5555555555555556,0.7222222222222222,0.04830127989779348,0.95,bca,bca,False,,5000,5000,whole_patient_cluster,True,three_class_patient_label,53407
vit_method2,3407,standardized_resnet18,patient,calibrated,failure_aware.balanced_accuracy,0.4166666666666667,0.3333333333333333,0.6666666666666666,0.07245191984669026,0.95,bca,bca,False,,5000,5000,whole_patient_cluster,True,three_class_patient_label,53407
vit_method2,3407,standardized_resnet18,patient,calibrated,failure_aware.macro_f1,0.3863636363636364,0.2898550724637681,0.5757575757575758,0.07168363687743763,0.95,bca,bca,False,,5000,5000,whole_patient_cluster,True,three_class_patient_label,53407
vit_method2,3407,standardized_resnet18,patient,calibrated,failure_aware.multiclass_mcc,0.328866678429223,0.18430244519362143,0.5689945423921311,0.10358214521307035,0.95,bca,bca,False,,5000,5000,whole_patient_cluster,True,three_class_patient_label,53407
vit_method2,3407,standardized_resnet18,patient,calibrated,failure_aware.per_class.normal.f1,0.9090909090909091,0.8333333333333334,1.0,0.041671136738835296,0.95,bca,bca,False,,5000,5000,whole_patient_cluster,True,three_class_patient_label,53407
vit_method2,3407,standardized_resnet18,patient,calibrated,failure_aware.per_class.normal.precision,0.8333333333333334,0.7142857142857143,1.0,0.07122807226823866,0.95,bca,bca,False,,5000,5000,whole_patient_cluster,True,three_class_patient_label,53407
vit_method2,3407,standardized_resnet18,patient,calibrated,failure_aware.per_class.normal.recall,1.0,1.0,1.0,0.0,0.95,bca,bca,False,,5000,5000,whole_patient_cluster,True,three_class_patient_label,53407
vit_method2,3407,standardized_resnet18,patient,calibrated,failure_aware.per_class.papilledema.f1,0.0,0.0,0.0,0.0,0.95,bca,bca,False,,5000,5000,whole_patient_cluster,True,three_class_patient_label,53407
vit_method2,3407,standardized_resnet18,patient,calibrated,failure_aware.per_class.papilledema.precision,0.0,0.0,0.0,0.0,0.95,bca,bca,False,,5000,5000,whole_patient_cluster,True,three_class_patient_label,53407
vit_method2,3407,standardized_resnet18,patient,calibrated,failure_aware.per_class.papilledema.recall,0.0,0.0,0.0,0.0,0.95,bca,bca,False,,5000,5000,whole_patient_cluster,True,three_class_patient_label,53407
vit_method2,3407,standardized_resnet18,patient,calibrated,failure_aware.per_class.pseudopapilledema.f1,0.25,0.0,0.75,0.18874068229158913,0.95,bca,bca,False,,5000,5000,whole_patient_cluster,True,three_class_patient_label,53407
vit_method2,3407,standardized_resnet18,patient,calibrated,failure_aware.per_class.pseudopapilledema.precision,0.25,0.0,0.75,0.1827580870548521,0.95,bca,bca,False,,5000,5000,whole_patient_cluster,True,three_class_patient_label,53407
vit_method2,3407,standardized_resnet18,patient,calibrated,failure_aware.per_class.pseudopapilledema.recall,0.25,0.0,1.0,0.21735575954007075,0.95,bca,bca,False,,5000,5000,whole_patient_cluster,True,three_class_patient_label,53407
vit_method2,3407,standardized_resnet18,patient,calibrated,failure_aware_aurc,0.3207466734427518,0.13241414993865974,0.5668378636205765,0.11259795077537209,0.95,bca,bca,False,,5000,5000,whole_patient_cluster,True,three_class_patient_label,53407
vit_method2,3407,standardized_resnet18,patient,calibrated,localized_diagnostic_success.rate,0.4444444444444444,0.2777777777777778,0.5555555555555556,0.06996790244876257,0.95,bca,bca,False,,5000,5000,whole_patient_cluster,True,three_class_patient_label,53407
vit_method2,3407,standardized_resnet18,patient,calibrated,selective_risk,0.35294117647058826,0.2,0.4444444444444444,0.06133484901488329,0.95,bca,bca,False,,5000,5000,whole_patient_cluster,True,three_class_patient_label,53407
vit_method2,3407,standardized_resnet18,eye,calibrated,class_conditional_coverage.normal,1.0,1.0,1.0,0.0,0.95,bca,bca,False,,5000,5000,whole_patient_cluster,True,three_class_patient_label,53408
vit_method2,3407,standardized_resnet18,eye,calibrated,class_conditional_coverage.papilledema,0.875,0.625,1.0,0.10665914276116656,0.95,bca,bca,False,,5000,5000,whole_patient_cluster,True,three_class_patient_label,53408
vit_method2,3407,standardized_resnet18,eye,calibrated,class_conditional_coverage.pseudopapilledema,1.0,1.0,1.0,0.0,0.95,bca,bca,False,,5000,5000,whole_patient_cluster,True,three_class_patient_label,53408
vit_method2,3407,standardized_resnet18,eye,calibrated,conditional.accuracy,0.6,0.4722222222222222,0.7142857142857143,0.0602822639604981,0.95,bca,bca,False,,5000,5000,whole_patient_cluster,True,three_class_patient_label,53408
vit_method2,3407,standardized_resnet18,eye,calibrated,conditional.balanced_accuracy,0.45,0.325,0.5750000000000001,0.06486211586411925,0.95,bca,bca,False,,5000,5000,whole_patient_cluster,True,three_class_patient_label,53408
vit_method2,3407,standardized_resnet18,eye,calibrated,conditional.derived_discrimination.normal_vs_abnormal.auroc,0.8066666666666666,0.5428571428571428,0.9884615384615385,0.10411677310860121,0.95,bca,bca,False,,5000,5000,whole_patient_cluster,True,three_class_patient_label,53408
vit_method2,3407,standardized_resnet18,eye,calibrated,conditional.derived_discrimination.normal_vs_abnormal.average_precision,0.8664396793200038,0.6869751962973727,0.9921568627450981,0.07424391481805333,0.95,bca,bca,False,,5000,5000,whole_patient_cluster,True,three_class_patient_label,53408
vit_method2,3407,standardized_resnet18,eye,calibrated,conditional.derived_discrimination.papilledema_vs_pseudopapilledema.auroc,0.26785714285714285,0.0,0.625,0.1516455931405018,0.95,bca,bca,False,,5000,5000,whole_patient_cluster,True,three_class_patient_label,53408
vit_method2,3407,standardized_resnet18,eye,calibrated,conditional.derived_discrimination.papilledema_vs_pseudopapilledema.average_precision,0.5254682817182816,0.3654761904761905,0.7548076923076923,0.10480064888459976,0.95,bca,bca,False,,5000,5000,whole_patient_cluster,True,three_class_patient_label,53408
vit_method2,3407,standardized_resnet18,eye,calibrated,conditional.macro_auroc,0.6838233812043336,0.48629342558857885,0.8238377383194027,0.08583066335160737,0.95,bca,bca,False,,5000,5000,whole_patient_cluster,True,three_class_patient_label,53408
vit_method2,3407,standardized_resnet18,eye,calibrated,conditional.macro_average_precision,0.46318619520888743,0.348722032276225,0.5777782576001685,0.07340542015392723,0.95,bca,bca,False,,5000,5000,whole_patient_cluster,True,three_class_patient_label,53408
vit_method2,3407,standardized_resnet18,eye,calibrated,conditional.macro_classwise_ece,0.19421105852044204,0.12596967380104854,0.230474586702037,0.03256796179722214,0.95,bca,bca,False,,5000,5000,whole_patient_cluster,True,three_class_patient_label,53408
vit_method2,3407,standardized_resnet18,eye,calibrated,conditional.macro_f1,0.42368421052631583,0.31194295900178254,0.5186880244088482,0.0537025911513956,0.95,bca,bca,False,,5000,5000,whole_patient_cluster,True,three_class_patient_label,53408
vit_method2,3407,standardized_resnet18,eye,calibrated,conditional.multiclass_brier,0.5532989541132944,0.4010195091857018,0.7390441511941636,0.08784219559846879,0.95,bca,bca,False,,5000,5000,whole_patient_cluster,True,three_class_patient_label,53408
vit_method2,3407,standardized_resnet18,eye,calibrated,conditional.multiclass_mcc,0.31290312383745555,0.09615911471340485,0.5128486118048259,0.10954079165626496,0.95,bca,bca,False,,5000,5000,whole_patient_cluster,True,three_class_patient_label,53408
vit_method2,3407,standardized_resnet18,eye,calibrated,conditional.multiclass_nll,0.9410214680675324,0.6789078949242432,1.2996533228247087,0.15816046008868925,0.95,bca,bca,False,,5000,5000,whole_patient_cluster,True,three_class_patient_label,53408
vit_method2,3407,standardized_resnet18,eye,calibrated,conditional.per_class.normal.auroc_ovr,0.8066666666666666,0.5428571428571429,0.9892857142857142,0.1041167731086012,0.95,bca,bca,False,,5000,5000,whole_patient_cluster,True,three_class_patient_label,53408
vit_method2,3407,standardized_resnet18,eye,calibrated,conditional.per_class.normal.average_precision_ovr,0.7602239853351207,0.5647417406000178,0.9131243923791934,0.0984257501824846,0.95,bca,bca,False,,5000,5000,whole_patient_cluster,True,three_class_patient_label,53408
vit_method2,3407,standardized_resnet18,eye,calibrated,conditional.per_class.normal.f1,0.85,0.7222222222222222,0.9473684210526315,0.055610004887788736,0.95,bca,bca,False,,5000,5000,whole_patient_cluster,True,three_class_patient_label,53408
vit_method2,3407,standardized_resnet18,eye,calibrated,conditional.per_class.normal.precision,0.85,0.6923076923076923,1.0,0.07311667914155359,0.95,bca,bca,False,,5000,5000,whole_patient_cluster,True,three_class_patient_label,53408
vit_method2,3407,standardized_resnet18,eye,calibrated,conditional.per_class.normal.recall,0.85,0.7,0.95,0.07272309213465779,0.95,bca,bca,False,,5000,5000,whole_patient_cluster,True,three_class_patient_label,53408
vit_method2,3407,standardized_resnet18,eye,calibrated,conditional.per_class.papilledema.auroc_ovr,0.6938775510204082,0.4642857142857143,0.8622448979591837,0.09985177611486357,0.95,bca,bca,False,,5000,5000,whole_patient_cluster,True,three_class_patient_label,53408
vit_method2,3407,standardized_resnet18,eye,calibrated,conditional.per_class.papilledema.average_precision_ovr,0.3001728430299859,0.19465329905709447,0.4576002745730905,0.08853278979740817,0.95,bca,bca,False,,5000,5000,whole_patient_cluster,True,three_class_patient_label,53408
vit_method2,3407,standardized_resnet18,eye,calibrated,conditional.per_class.papilledema.f1,0.0,0.0,0.0,0.0,0.95,bca,bca,False,,5000,5000,whole_patient_cluster,True,three_class_patient_label,53408
vit_method2,3407,standardized_resnet18,eye,calibrated,conditional.per_class.papilledema.precision,0.0,0.0,0.0,0.0,0.95,bca,bca,False,,5000,5000,whole_patient_cluster,True,three_class_patient_label,53408
vit_method2,3407,standardized_resnet18,eye,calibrated,conditional.per_class.papilledema.recall,0.0,0.0,0.0,0.0,0.95,bca,bca,False,,5000,5000,whole_patient_cluster,True,three_class_patient_label,53408
vit_method2,3407,standardized_resnet18,eye,calibrated,conditional.per_class.pseudopapilledema.auroc_ovr,0.550925925925926,0.17788461538461534,0.8333333333333334,0.16795922257523493,0.95,bca,bca,False,,5000,5000,whole_patient_cluster,True,three_class_patient_label,53408
vit_method2,3407,standardized_resnet18,eye,calibrated,conditional.per_class.pseudopapilledema.average_precision_ovr,0.32916175726155567,0.17867937431770495,0.6105081076256849,0.13654692890671258,0.95,bca,bca,False,,5000,5000,whole_patient_cluster,True,three_class_patient_label,53408
vit_method2,3407,standardized_resnet18,eye,calibrated,conditional.per_class.pseudopapilledema.f1,0.42105263157894735,0.2222222222222222,0.6666666666666666,0.12400549026638907,0.95,bca,bca,False,,5000,5000,whole_patient_cluster,True,three_class_patient_label,53408
vit_method2,3407,standardized_resnet18,eye,calibrated,conditional.per_class.pseudopapilledema.precision,0.36363636363636365,0.14285714285714285,0.5,0.09337354078193975,0.95,bca,bca,False,,5000,5000,whole_patient_cluster,True,three_class_patient_label,53408
vit_method2,3407,standardized_resnet18,eye,calibrated,conditional.per_class.pseudopapilledema.recall,0.5,0.125,0.875,0.18041689929579852,0.95,bca,bca,False,,5000,5000,whole_patient_cluster,True,three_class_patient_label,53408
vit_method2,3407,standardized_resnet18,eye,calibrated,conditional.top_label_ece,0.1427475172102352,0.04352289099685607,0.21605714708721604,0.06358939100280121,0.95,bca,bca,False,,5000,5000,whole_patient_cluster,True,three_class_patient_label,53408
vit_method2,3407,standardized_resnet18,eye,calibrated,conditional_aurc,0.3585560846922551,0.15813953703633407,0.5753132608974312,0.10717475083070349,0.95,bca,bca,False,,5000,5000,whole_patient_cluster,True,three_class_patient_label,53408
vit_method2,3407,standardized_resnet18,eye,calibrated,coverage,0.9722222222222222,0.8888888888888888,1.0,0.02370203172470369,0.95,bca,bca,False,,5000,5000,whole_patient_cluster,True,three_class_patient_label,53408
vit_method2,3407,standardized_resnet18,eye,calibrated,failure_aware.accuracy,0.5833333333333334,0.4722222222222222,0.6944444444444444,0.05694557108139311,0.95,bca,bca,False,,5000,5000,whole_patient_cluster,True,three_class_patient_label,53408
vit_method2,3407,standardized_resnet18,eye,calibrated,failure_aware.balanced_accuracy,0.45,0.325,0.5750000000000001,0.06486211586411925,0.95,bca,bca,False,,5000,5000,whole_patient_cluster,True,three_class_patient_label,53408
vit_method2,3407,standardized_resnet18,eye,calibrated,failure_aware.macro_f1,0.42368421052631583,0.31194295900178254,0.5186880244088482,0.0537025911513956,0.95,bca,bca,False,,5000,5000,whole_patient_cluster,True,three_class_patient_label,53408
vit_method2,3407,standardized_resnet18,eye,calibrated,failure_aware.multiclass_mcc,0.30931201496764094,0.10350983390135314,0.5077374035416001,0.10374925707423813,0.95,bca,bca,False,,5000,5000,whole_patient_cluster,True,three_class_patient_label,53408
vit_method2,3407,standardized_resnet18,eye,calibrated,failure_aware.per_class.normal.f1,0.85,0.7222222222222222,0.9473684210526315,0.055610004887788736,0.95,bca,bca,False,,5000,5000,whole_patient_cluster,True,three_class_patient_label,53408
vit_method2,3407,standardized_resnet18,eye,calibrated,failure_aware.per_class.normal.precision,0.85,0.6923076923076923,1.0,0.07311667914155359,0.95,bca,bca,False,,5000,5000,whole_patient_cluster,True,three_class_patient_label,53408
vit_method2,3407,standardized_resnet18,eye,calibrated,failure_aware.per_class.normal.recall,0.85,0.7,0.95,0.07272309213465779,0.95,bca,bca,False,,5000,5000,whole_patient_cluster,True,three_class_patient_label,53408
vit_method2,3407,standardized_resnet18,eye,calibrated,failure_aware.per_class.papilledema.f1,0.0,0.0,0.0,0.0,0.95,bca,bca,False,,5000,5000,whole_patient_cluster,True,three_class_patient_label,53408
vit_method2,3407,standardized_resnet18,eye,calibrated,failure_aware.per_class.papilledema.precision,0.0,0.0,0.0,0.0,0.95,bca,bca,False,,5000,5000,whole_patient_cluster,True,three_class_patient_label,53408
vit_method2,3407,standardized_resnet18,eye,calibrated,failure_aware.per_class.papilledema.recall,0.0,0.0,0.0,0.0,0.95,bca,bca,False,,5000,5000,whole_patient_cluster,True,three_class_patient_label,53408
vit_method2,3407,standardized_resnet18,eye,calibrated,failure_aware.per_class.pseudopapilledema.f1,0.42105263157894735,0.2222222222222222,0.6666666666666666,0.12400549026638907,0.95,bca,bca,False,,5000,5000,whole_patient_cluster,True,three_class_patient_label,53408
vit_method2,3407,standardized_resnet18,eye,calibrated,failure_aware.per_class.pseudopapilledema.precision,0.36363636363636365,0.14285714285714285,0.5,0.09337354078193975,0.95,bca,bca,False,,5000,5000,whole_patient_cluster,True,three_class_patient_label,53408
vit_method2,3407,standardized_resnet18,eye,calibrated,failure_aware.per_class.pseudopapilledema.recall,0.5,0.125,0.875,0.18041689929579852,0.95,bca,bca,False,,5000,5000,whole_patient_cluster,True,three_class_patient_label,53408
vit_method2,3407,standardized_resnet18,eye,calibrated,failure_aware_aurc,0.36017026752487763,0.16288018255153,0.5736326230786767,0.10514838560087042,0.95,bca,bca,False,,5000,5000,whole_patient_cluster,True,three_class_patient_label,53408
vit_method2,3407,standardized_resnet18,eye,calibrated,localized_diagnostic_success.rate,0.4722222222222222,0.3055555555555556,0.6111111111111112,0.07640418587151604,0.95,bca,bca,False,,5000,5000,whole_patient_cluster,True,three_class_patient_label,53408
vit_method2,3407,standardized_resnet18,eye,calibrated,selective_risk,0.4,0.2857142857142857,0.5277777777777778,0.06028226396049809,0.95,bca,bca,False,,5000,5000,whole_patient_cluster,True,three_class_patient_label,53408
vit_method2,9103,model_specific,patient,calibrated,class_conditional_coverage.normal,1.0,1.0,1.0,0.0,0.95,bca,bca,False,,5000,5000,whole_patient_cluster,True,three_class_patient_label,59103
vit_method2,9103,model_specific,patient,calibrated,class_conditional_coverage.papilledema,1.0,1.0,1.0,0.0,0.95,bca,bca,False,,5000,5000,whole_patient_cluster,True,three_class_patient_label,59103
vit_method2,9103,model_specific,patient,calibrated,class_conditional_coverage.pseudopapilledema,1.0,1.0,1.0,0.0,0.95,bca,bca,False,,5000,5000,whole_patient_cluster,True,three_class_patient_label,59103
vit_method2,9103,model_specific,patient,calibrated,conditional.accuracy,0.7222222222222222,0.5,0.8888888888888888,0.08480671002487172,0.95,bca,bca,False,,5000,5000,whole_patient_cluster,True,three_class_patient_label,59103
vit_method2,9103,model_specific,patient,calibrated,conditional.balanced_accuracy,0.6833333333333332,0.5666666666666667,0.9166666666666666,0.08362851793777742,0.95,bca,bca,False,,5000,5000,whole_patient_cluster,True,three_class_patient_label,59103
vit_method2,9103,model_specific,patient,calibrated,conditional.derived_discrimination.normal_vs_abnormal.auroc,0.9750000000000001,0.85,1.0,0.030021265051144237,0.95,bca,bca,False,,5000,5000,whole_patient_cluster,True,three_class_patient_label,59103
vit_method2,9103,model_specific,patient,calibrated,conditional.derived_discrimination.normal_vs_abnormal.average_precision,0.975,0.875,1.0,0.026226841525872274,0.95,bca,bca,False,,5000,5000,whole_patient_cluster,True,three_class_patient_label,59103
vit_method2,9103,model_specific,patient,calibrated,conditional.derived_discrimination.papilledema_vs_pseudopapilledema.auroc,0.5,0.0,1.0,0.2508314639048637,0.95,bca,bca,False,,5000,5000,whole_patient_cluster,True,three_class_patient_label,59103
vit_method2,9103,model_specific,patient,calibrated,conditional.derived_discrimination.papilledema_vs_pseudopapilledema.average_precision,0.5249999999999999,0.36547619047619045,0.7,0.14471070131648986,0.95,bca,bca,False,,5000,5000,whole_patient_cluster,True,three_class_patient_label,59103
vit_method2,9103,model_specific,patient,calibrated,conditional.macro_auroc,0.8607142857142858,0.7011904761904763,0.9642857142857143,0.06629322879966024,0.95,bca,bca,False,,5000,5000,whole_patient_cluster,True,three_class_patient_label,59103
vit_method2,9103,model_specific,patient,calibrated,conditional.macro_average_precision,0.7086165223665223,0.5329076797336086,0.8617845117845118,0.09099831371754123,0.95,bca,bca,False,,5000,5000,whole_patient_cluster,True,three_class_patient_label,59103
vit_method2,9103,model_specific,patient,calibrated,conditional.macro_classwise_ece,0.16313588299428727,0.07346004369807795,0.2571275787785992,0.051504659020342194,0.95,bca,bca,False,,5000,5000,whole_patient_cluster,True,three_class_patient_label,59103
vit_method2,9103,model_specific,patient,calibrated,conditional.macro_f1,0.6362573099415204,0.44973544973544977,0.882010582010582,0.11766871382689652,0.95,bca,bca,False,,5000,5000,whole_patient_cluster,True,three_class_patient_label,59103
vit_method2,9103,model_specific,patient,calibrated,conditional.multiclass_brier,0.4369854749879076,0.2584459988871373,0.7287441285864111,0.11570011260101544,0.95,bca,bca,False,,5000,5000,whole_patient_cluster,True,three_class_patient_label,59103
vit_method2,9103,model_specific,patient,calibrated,conditional.multiclass_mcc,0.5842021352506859,0.3423265984407288,0.8206652053732659,0.11580335242784773,0.95,bca,bca,False,,5000,5000,whole_patient_cluster,True,three_class_patient_label,59103
vit_method2,9103,model_specific,patient,calibrated,conditional.multiclass_nll,0.9279356012108774,0.46695084787758934,2.0546514186106437,0.3501457096333395,0.95,bca,bca,False,,5000,5000,whole_patient_cluster,True,three_class_patient_label,59103
vit_method2,9103,model_specific,patient,calibrated,conditional.per_class.normal.auroc_ovr,0.975,0.8174938445709093,1.0,0.030021265051144237,0.95,bca,bca,False,,5000,5000,whole_patient_cluster,True,three_class_patient_label,59103
vit_method2,9103,model_specific,patient,calibrated,conditional.per_class.normal.average_precision_ovr,0.9809090909090908,0.8714467824554724,1.0,0.021055610131980474,0.95,bca,bca,False,,5000,5000,whole_patient_cluster,True,three_class_patient_label,59103
vit_method2,9103,model_specific,patient,calibrated,conditional.per_class.normal.f1,0.8421052631578947,0.5882352941176471,0.9523809523809523,0.08860298406356254,0.95,bca,bca,False,,5000,5000,whole_patient_cluster,True,three_class_patient_label,59103
vit_method2,9103,model_specific,patient,calibrated,conditional.per_class.normal.precision,0.8888888888888888,0.6363636363636364,1.0,0.08725290332236095,0.95,bca,bca,False,,5000,5000,whole_patient_cluster,True,three_class_patient_label,59103
vit_method2,9103,model_specific,patient,calibrated,conditional.per_class.normal.recall,0.8,0.4978319071365089,1.0,0.12631549200594575,0.95,bca,bca,False,,5000,5000,whole_patient_cluster,True,three_class_patient_label,59103
vit_method2,9103,model_specific,patient,calibrated,conditional.per_class.papilledema.auroc_ovr,0.8035714285714285,0.5714285714285714,1.0,0.10722554082949817,0.95,bca,bca,False,,5000,5000,whole_patient_cluster,True,three_class_patient_label,59103
vit_method2,9103,model_specific,patient,calibrated,conditional.per_class.papilledema.average_precision_ovr,0.69375,0.3484848484848485,1.0,0.1601438172219517,0.95,bca,bca,False,,5000,5000,whole_patient_cluster,True,three_class_patient_label,59103
vit_method2,9103,model_specific,patient,calibrated,conditional.per_class.papilledema.f1,0.4,0.0,1.0,0.2747205949318241,0.95,bca,bca,False,,5000,5000,whole_patient_cluster,True,three_class_patient_label,59103
vit_method2,9103,model_specific,patient,calibrated,conditional.per_class.papilledema.precision,1.0,0.0,1.0,0.4681970543439367,0.95,bca,bca,False,,5000,5000,whole_patient_cluster,True,three_class_patient_label,59103
vit_method2,9103,model_specific,patient,calibrated,conditional.per_class.papilledema.recall,0.25,0.0,1.0,0.21840453316728936,0.95,bca,bca,False,,5000,5000,whole_patient_cluster,True,three_class_patient_label,59103
vit_method2,9103,model_specific,patient,calibrated,conditional.per_class.pseudopapilledema.auroc_ovr,0.8035714285714286,0.5714285714285714,0.9642857142857143,0.10345626609534443,0.95,bca,bca,False,,5000,5000,whole_patient_cluster,True,three_class_patient_label,59103
vit_method2,9103,model_specific,patient,calibrated,conditional.per_class.pseudopapilledema.average_precision_ovr,0.4511904761904762,0.24668021961183867,0.7,0.15787571401468642,0.95,bca,bca,False,,5000,5000,whole_patient_cluster,True,three_class_patient_label,59103
vit_method2,9103,model_specific,patient,calibrated,conditional.per_class.pseudopapilledema.f1,0.6666666666666666,0.5333333333333333,0.8888888888888888,0.09411192933569311,0.95,bca,bca,False,,5000,5000,whole_patient_cluster,True,three_class_patient_label,59103
vit_method2,9103,model_specific,patient,calibrated,conditional.per_class.pseudopapilledema.precision,0.5,0.36363636363636365,0.8,0.1153595658950292,0.95,bca,bca,False,,5000,5000,whole_patient_cluster,True,three_class_patient_label,59103
vit_method2,9103,model_specific,patient,calibrated,conditional.per_class.pseudopapilledema.recall,1.0,1.0,1.0,0.0,0.95,bca,bca,False,,5000,5000,whole_patient_cluster,True,three_class_patient_label,59103
vit_method2,9103,model_specific,patient,calibrated,conditional.top_label_ece,0.1537775880428579,0.03665128023300829,0.2748953404432779,0.0710851138123133,0.95,bca,bca,False,,5000,5000,whole_patient_cluster,True,three_class_patient_label,59103
vit_method2,9103,model_specific,patient,calibrated,conditional_aurc,0.12647479608263923,0.04763322189792778,0.31331040509962077,0.06249864221504501,0.95,bca,bca,False,,5000,5000,whole_patient_cluster,True,three_class_patient_label,59103
vit_method2,9103,model_specific,patient,calibrated,coverage,1.0,1.0,1.0,0.0,0.95,bca,bca,False,,5000,5000,whole_patient_cluster,True,three_class_patient_label,59103
vit_method2,9103,model_specific,patient,calibrated,failure_aware.accuracy,0.7222222222222222,0.5,0.8888888888888888,0.08480671002487172,0.95,bca,bca,False,,5000,5000,whole_patient_cluster,True,three_class_patient_label,59103
vit_method2,9103,model_specific,patient,calibrated,failure_aware.balanced_accuracy,0.6833333333333332,0.5666666666666667,0.9166666666666666,0.08362851793777742,0.95,bca,bca,False,,5000,5000,whole_patient_cluster,True,three_class_patient_label,59103
vit_method2,9103,model_specific,patient,calibrated,failure_aware.macro_f1,0.6362573099415204,0.44973544973544977,0.882010582010582,0.11766871382689652,0.95,bca,bca,False,,5000,5000,whole_patient_cluster,True,three_class_patient_label,59103
vit_method2,9103,model_specific,patient,calibrated,failure_aware.multiclass_mcc,0.5842021352506859,0.3423265984407288,0.8206652053732659,0.11580335242784773,0.95,bca,bca,False,,5000,5000,whole_patient_cluster,True,three_class_patient_label,59103
vit_method2,9103,model_specific,patient,calibrated,failure_aware.per_class.normal.f1,0.8421052631578947,0.5882352941176471,0.9523809523809523,0.08860298406356254,0.95,bca,bca,False,,5000,5000,whole_patient_cluster,True,three_class_patient_label,59103
vit_method2,9103,model_specific,patient,calibrated,failure_aware.per_class.normal.precision,0.8888888888888888,0.6363636363636364,1.0,0.08725290332236095,0.95,bca,bca,False,,5000,5000,whole_patient_cluster,True,three_class_patient_label,59103
vit_method2,9103,model_specific,patient,calibrated,failure_aware.per_class.normal.recall,0.8,0.4978319071365089,1.0,0.12631549200594575,0.95,bca,bca,False,,5000,5000,whole_patient_cluster,True,three_class_patient_label,59103
vit_method2,9103,model_specific,patient,calibrated,failure_aware.per_class.papilledema.f1,0.4,0.0,1.0,0.2747205949318241,0.95,bca,bca,False,,5000,5000,whole_patient_cluster,True,three_class_patient_label,59103
vit_method2,9103,model_specific,patient,calibrated,failure_aware.per_class.papilledema.precision,1.0,0.0,1.0,0.4681970543439367,0.95,bca,bca,False,,5000,5000,whole_patient_cluster,True,three_class_patient_label,59103
vit_method2,9103,model_specific,patient,calibrated,failure_aware.per_class.papilledema.recall,0.25,0.0,1.0,0.21840453316728936,0.95,bca,bca,False,,5000,5000,whole_patient_cluster,True,three_class_patient_label,59103
vit_method2,9103,model_specific,patient,calibrated,failure_aware.per_class.pseudopapilledema.f1,0.6666666666666666,0.5333333333333333,0.8888888888888888,0.09411192933569311,0.95,bca,bca,False,,5000,5000,whole_patient_cluster,True,three_class_patient_label,59103
vit_method2,9103,model_specific,patient,calibrated,failure_aware.per_class.pseudopapilledema.precision,0.5,0.36363636363636365,0.8,0.1153595658950292,0.95,bca,bca,False,,5000,5000,whole_patient_cluster,True,three_class_patient_label,59103
vit_method2,9103,model_specific,patient,calibrated,failure_aware.per_class.pseudopapilledema.recall,1.0,1.0,1.0,0.0,0.95,bca,bca,False,,5000,5000,whole_patient_cluster,True,three_class_patient_label,59103
vit_method2,9103,model_specific,patient,calibrated,failure_aware_aurc,0.12647479608263923,0.04763322189792778,0.31331040509962077,0.06249864221504501,0.95,bca,bca,False,,5000,5000,whole_patient_cluster,True,three_class_patient_label,59103
vit_method2,9103,model_specific,patient,calibrated,localized_diagnostic_success.rate,0.5555555555555556,0.3333333333333333,0.7777777777777778,0.10878847274033701,0.95,bca,bca,False,,5000,5000,whole_patient_cluster,True,three_class_patient_label,59103
vit_method2,9103,model_specific,patient,calibrated,selective_risk,0.2777777777777778,0.1111111111111111,0.5,0.08480671002487172,0.95,bca,bca,False,,5000,5000,whole_patient_cluster,True,three_class_patient_label,59103
vit_method2,9103,model_specific,eye,calibrated,class_conditional_coverage.normal,1.0,1.0,1.0,0.0,0.95,bca,bca,False,,5000,5000,whole_patient_cluster,True,three_class_patient_label,59104
vit_method2,9103,model_specific,eye,calibrated,class_conditional_coverage.papilledema,1.0,1.0,1.0,0.0,0.95,bca,bca,False,,5000,5000,whole_patient_cluster,True,three_class_patient_label,59104
vit_method2,9103,model_specific,eye,calibrated,class_conditional_coverage.pseudopapilledema,1.0,1.0,1.0,0.0,0.95,bca,bca,False,,5000,5000,whole_patient_cluster,True,three_class_patient_label,59104
vit_method2,9103,model_specific,eye,calibrated,conditional.accuracy,0.6666666666666666,0.5,0.8055555555555556,0.07794797781437504,0.95,bca,bca,False,,5000,5000,whole_patient_cluster,True,three_class_patient_label,59104
vit_method2,9103,model_specific,eye,calibrated,conditional.balanced_accuracy,0.6,0.4666666666666666,0.7166666666666667,0.06638035670635102,0.95,bca,bca,False,,5000,5000,whole_patient_cluster,True,three_class_patient_label,59104
vit_method2,9103,model_specific,eye,calibrated,conditional.derived_discrimination.normal_vs_abnormal.auroc,0.971875,0.8312499999999999,1.0,0.031131367113269665,0.95,bca,bca,False,,5000,5000,whole_patient_cluster,True,three_class_patient_label,59104
vit_method2,9103,model_specific,eye,calibrated,conditional.derived_discrimination.normal_vs_abnormal.average_precision,0.9719611528822055,0.8610714285714286,1.0,0.028431572316074405,0.95,bca,bca,False,,5000,5000,whole_patient_cluster,True,three_class_patient_label,59104
vit_method2,9103,model_specific,eye,calibrated,conditional.derived_discrimination.papilledema_vs_pseudopapilledema.auroc,0.46875,0.0625,0.890625,0.21452577358674407,0.95,bca,bca,False,,5000,5000,whole_patient_cluster,True,three_class_patient_label,59104
vit_method2,9103,model_specific,eye,calibrated,conditional.derived_discrimination.papilledema_vs_pseudopapilledema.average_precision,0.48343253968253963,0.3482392607392607,0.682271380013702,0.13649612332840852,0.95,bca,bca,False,,5000,5000,whole_patient_cluster,True,three_class_patient_label,59104
vit_method2,9103,model_specific,eye,calibrated,conditional.macro_auroc,0.8566964285714286,0.7184923068993723,0.9471123049637482,0.05801147418326352,0.95,bca,bca,False,,5000,5000,whole_patient_cluster,True,three_class_patient_label,59104
vit_method2,9103,model_specific,eye,calibrated,conditional.macro_average_precision,0.660913469055884,0.5162719933113189,0.8326514532572442,0.08880233792174003,0.95,bca,bca,False,,5000,5000,whole_patient_cluster,True,three_class_patient_label,59104
vit_method2,9103,model_specific,eye,calibrated,conditional.macro_classwise_ece,0.16520548155404927,0.1118976555331241,0.22515350763357309,0.03494813641395514,0.95,bca,bca,False,,5000,5000,whole_patient_cluster,True,three_class_patient_label,59104
vit_method2,9103,model_specific,eye,calibrated,conditional.macro_f1,0.5416216216216216,0.41262887955436806,0.7125048393341076,0.077293142688483,0.95,bca,bca,False,,5000,5000,whole_patient_cluster,True,three_class_patient_label,59104
vit_method2,9103,model_specific,eye,calibrated,conditional.multiclass_brier,0.44135765281326206,0.267965672487056,0.6860102931620209,0.10741192136632584,0.95,bca,bca,False,,5000,5000,whole_patient_cluster,True,three_class_patient_label,59104
vit_method2,9103,model_specific,eye,calibrated,conditional.multiclass_mcc,0.5023578857529274,0.2702387384170521,0.6864064729836441,0.10419293177052844,0.95,bca,bca,False,,5000,5000,whole_patient_cluster,True,three_class_patient_label,59104
vit_method2,9103,model_specific,eye,calibrated,conditional.multiclass_nll,1.0004799186822908,0.4841933728971502,2.2323483559413475,0.3908255572280125,0.95,bca,bca,False,,5000,5000,whole_patient_cluster,True,three_class_patient_label,59104
vit_method2,9103,model_specific,eye,calibrated,conditional.per_class.normal.auroc_ovr,0.971875,0.83125,1.0,0.031131367113269668,0.95,bca,bca,False,,5000,5000,whole_patient_cluster,True,three_class_patient_label,59104
vit_method2,9103,model_specific,eye,calibrated,conditional.per_class.normal.average_precision_ovr,0.9774883063273159,0.863203278603361,1.0,0.023592862551412894,0.95,bca,bca,False,,5000,5000,whole_patient_cluster,True,three_class_patient_label,59104
vit_method2,9103,model_specific,eye,calibrated,conditional.per_class.normal.f1,0.8648648648648649,0.625,0.975609756097561,0.08326199092096163,0.95,bca,bca,False,,5000,5000,whole_patient_cluster,True,three_class_patient_label,59104
vit_method2,9103,model_specific,eye,calibrated,conditional.per_class.normal.precision,0.9411764705882353,0.7777777777777778,1.0,0.04885658671621346,0.95,bca,bca,False,,5000,5000,whole_patient_cluster,True,three_class_patient_label,59104
vit_method2,9103,model_specific,eye,calibrated,conditional.per_class.normal.recall,0.8,0.5,1.0,0.12689452487829733,0.95,bca,bca,False,,5000,5000,whole_patient_cluster,True,three_class_patient_label,59104
vit_method2,9103,model_specific,eye,calibrated,conditional.per_class.papilledema.auroc_ovr,0.7901785714285714,0.5758928571428571,0.9642857142857143,0.09653970587922199,0.95,bca,bca,False,,5000,5000,whole_patient_cluster,True,three_class_patient_label,59104
vit_method2,9103,model_specific,eye,calibrated,conditional.per_class.papilledema.average_precision_ovr,0.5731646825396826,0.3049213744516371,0.903125,0.15996066868596157,0.95,bca,bca,False,,5000,5000,whole_patient_cluster,True,three_class_patient_label,59104
vit_method2,9103,model_specific,eye,calibrated,conditional.per_class.papilledema.f1,0.2,0.0,0.5714285714285714,0.15631019397449752,0.95,bca,bca,False,,5000,5000,whole_patient_cluster,True,three_class_patient_label,59104
vit_method2,9103,model_specific,eye,calibrated,conditional.per_class.papilledema.precision,0.5,0.0,1.0,0.3745847839008821,0.95,bca,bca,False,,5000,5000,whole_patient_cluster,True,three_class_patient_label,59104
vit_method2,9103,model_specific,eye,calibrated,conditional.per_class.papilledema.recall,0.125,0.0,0.375,0.10999631454209077,0.95,bca,bca,False,,5000,5000,whole_patient_cluster,True,three_class_patient_label,59104
vit_method2,9103,model_specific,eye,calibrated,conditional.per_class.pseudopapilledema.auroc_ovr,0.8080357142857144,0.5758928571428572,0.9464285714285715,0.0912317260602026,0.95,bca,bca,False,,5000,5000,whole_patient_cluster,True,three_class_patient_label,59104
vit_method2,9103,model_specific,eye,calibrated,conditional.per_class.pseudopapilledema.average_precision_ovr,0.4320874183006536,0.25520635402564995,0.7021194083694083,0.14937842604077353,0.95,bca,bca,False,,5000,5000,whole_patient_cluster,True,three_class_patient_label,59104
vit_method2,9103,model_specific,eye,calibrated,conditional.per_class.pseudopapilledema.f1,0.56,0.4166666666666667,0.7272727272727273,0.07997607152158043,0.95,bca,bca,False,,5000,5000,whole_patient_cluster,True,three_class_patient_label,59104
vit_method2,9103,model_specific,eye,calibrated,conditional.per_class.pseudopapilledema.precision,0.4117647058823529,0.29411764705882354,0.5833333333333334,0.07530185591839181,0.95,bca,bca,False,,5000,5000,whole_patient_cluster,True,three_class_patient_label,59104
vit_method2,9103,model_specific,eye,calibrated,conditional.per_class.pseudopapilledema.recall,0.875,0.625,1.0,0.10857695561701024,0.95,bca,bca,False,,5000,5000,whole_patient_cluster,True,three_class_patient_label,59104
vit_method2,9103,model_specific,eye,calibrated,conditional.top_label_ece,0.1753514582831132,0.09122753184695015,0.29116815427165565,0.0522649556192067,0.95,bca,bca,False,,5000,5000,whole_patient_cluster,True,three_class_patient_label,59104
vit_method2,9103,model_specific,eye,calibrated,conditional_aurc,0.1394055335567245,0.05252436667570217,0.3117761009421221,0.06336906999511059,0.95,bca,bca,False,,5000,5000,whole_patient_cluster,True,three_class_patient_label,59104
vit_method2,9103,model_specific,eye,calibrated,coverage,1.0,1.0,1.0,0.0,0.95,bca,bca,False,,5000,5000,whole_patient_cluster,True,three_class_patient_label,59104
vit_method2,9103,model_specific,eye,calibrated,failure_aware.accuracy,0.6666666666666666,0.5,0.8055555555555556,0.07794797781437504,0.95,bca,bca,False,,5000,5000,whole_patient_cluster,True,three_class_patient_label,59104
vit_method2,9103,model_specific,eye,calibrated,failure_aware.balanced_accuracy,0.6,0.4666666666666666,0.7166666666666667,0.06638035670635102,0.95,bca,bca,False,,5000,5000,whole_patient_cluster,True,three_class_patient_label,59104
vit_method2,9103,model_specific,eye,calibrated,failure_aware.macro_f1,0.5416216216216216,0.41262887955436806,0.7125048393341076,0.077293142688483,0.95,bca,bca,False,,5000,5000,whole_patient_cluster,True,three_class_patient_label,59104
vit_method2,9103,model_specific,eye,calibrated,failure_aware.multiclass_mcc,0.5023578857529274,0.2702387384170521,0.6864064729836441,0.10419293177052844,0.95,bca,bca,False,,5000,5000,whole_patient_cluster,True,three_class_patient_label,59104
vit_method2,9103,model_specific,eye,calibrated,failure_aware.per_class.normal.f1,0.8648648648648649,0.625,0.975609756097561,0.08326199092096163,0.95,bca,bca,False,,5000,5000,whole_patient_cluster,True,three_class_patient_label,59104
vit_method2,9103,model_specific,eye,calibrated,failure_aware.per_class.normal.precision,0.9411764705882353,0.7777777777777778,1.0,0.04885658671621346,0.95,bca,bca,False,,5000,5000,whole_patient_cluster,True,three_class_patient_label,59104
vit_method2,9103,model_specific,eye,calibrated,failure_aware.per_class.normal.recall,0.8,0.5,1.0,0.12689452487829733,0.95,bca,bca,False,,5000,5000,whole_patient_cluster,True,three_class_patient_label,59104
vit_method2,9103,model_specific,eye,calibrated,failure_aware.per_class.papilledema.f1,0.2,0.0,0.5714285714285714,0.15631019397449752,0.95,bca,bca,False,,5000,5000,whole_patient_cluster,True,three_class_patient_label,59104
vit_method2,9103,model_specific,eye,calibrated,failure_aware.per_class.papilledema.precision,0.5,0.0,1.0,0.3745847839008821,0.95,bca,bca,False,,5000,5000,whole_patient_cluster,True,three_class_patient_label,59104
vit_method2,9103,model_specific,eye,calibrated,failure_aware.per_class.papilledema.recall,0.125,0.0,0.375,0.10999631454209077,0.95,bca,bca,False,,5000,5000,whole_patient_cluster,True,three_class_patient_label,59104
vit_method2,9103,model_specific,eye,calibrated,failure_aware.per_class.pseudopapilledema.f1,0.56,0.4166666666666667,0.7272727272727273,0.07997607152158043,0.95,bca,bca,False,,5000,5000,whole_patient_cluster,True,three_class_patient_label,59104
vit_method2,9103,model_specific,eye,calibrated,failure_aware.per_class.pseudopapilledema.precision,0.4117647058823529,0.29411764705882354,0.5833333333333334,0.07530185591839181,0.95,bca,bca,False,,5000,5000,whole_patient_cluster,True,three_class_patient_label,59104
vit_method2,9103,model_specific,eye,calibrated,failure_aware.per_class.pseudopapilledema.recall,0.875,0.625,1.0,0.10857695561701024,0.95,bca,bca,False,,5000,5000,whole_patient_cluster,True,three_class_patient_label,59104
vit_method2,9103,model_specific,eye,calibrated,failure_aware_aurc,0.1394055335567245,0.05252436667570217,0.3117761009421221,0.06336906999511059,0.95,bca,bca,False,,5000,5000,whole_patient_cluster,True,three_class_patient_label,59104
vit_method2,9103,model_specific,eye,calibrated,localized_diagnostic_success.rate,0.5833333333333334,0.4166666666666667,0.7222222222222222,0.07953543502111735,0.95,bca,bca,False,,5000,5000,whole_patient_cluster,True,three_class_patient_label,59104
vit_method2,9103,model_specific,eye,calibrated,selective_risk,0.3333333333333333,0.19444444444444445,0.5,0.07794797781437504,0.95,bca,bca,False,,5000,5000,whole_patient_cluster,True,three_class_patient_label,59104
vit_method2,9103,standardized_resnet18,patient,calibrated,class_conditional_coverage.normal,1.0,1.0,1.0,0.0,0.95,bca,bca,False,,5000,5000,whole_patient_cluster,True,three_class_patient_label,59103
vit_method2,9103,standardized_resnet18,patient,calibrated,class_conditional_coverage.papilledema,1.0,1.0,1.0,0.0,0.95,bca,bca,False,,5000,5000,whole_patient_cluster,True,three_class_patient_label,59103
vit_method2,9103,standardized_resnet18,patient,calibrated,class_conditional_coverage.pseudopapilledema,1.0,1.0,1.0,0.0,0.95,bca,bca,False,,5000,5000,whole_patient_cluster,True,three_class_patient_label,59103
vit_method2,9103,standardized_resnet18,patient,calibrated,conditional.accuracy,0.7222222222222222,0.5,0.8888888888888888,0.0860173987341907,0.95,bca,bca,False,,5000,5000,whole_patient_cluster,True,three_class_patient_label,59103
vit_method2,9103,standardized_resnet18,patient,calibrated,conditional.balanced_accuracy,0.6333333333333333,0.4166666666666667,0.8333333333333334,0.10688340652456693,0.95,bca,bca,False,,5000,5000,whole_patient_cluster,True,three_class_patient_label,59103
vit_method2,9103,standardized_resnet18,patient,calibrated,conditional.derived_discrimination.normal_vs_abnormal.auroc,0.925,0.6625,1.0,0.07074263104889118,0.95,bca,bca,False,,5000,5000,whole_patient_cluster,True,three_class_patient_label,59103
vit_method2,9103,standardized_resnet18,patient,calibrated,conditional.derived_discrimination.normal_vs_abnormal.average_precision,0.9464285714285714,0.8076923076923077,1.0,0.047483502554699714,0.95,bca,bca,False,,5000,5000,whole_patient_cluster,True,three_class_patient_label,59103
vit_method2,9103,standardized_resnet18,patient,calibrated,conditional.derived_discrimination.papilledema_vs_pseudopapilledema.auroc,0.375,0.0,0.9375,0.22430249624550413,0.95,bca,bca,False,,5000,5000,whole_patient_cluster,True,three_class_patient_label,59103
vit_method2,9103,standardized_resnet18,patient,calibrated,conditional.derived_discrimination.papilledema_vs_pseudopapilledema.average_precision,0.47619047619047616,0.36547619047619045,0.6666666666666666,0.11847627019509846,0.95,bca,bca,False,,5000,5000,whole_patient_cluster,True,three_class_patient_label,59103
vit_method2,9103,standardized_resnet18,patient,calibrated,conditional.macro_auroc,0.844047619047619,0.6993073679298383,0.9523809523809522,0.06272094804077019,0.95,bca,bca,False,,5000,5000,whole_patient_cluster,True,three_class_patient_label,59103
vit_method2,9103,standardized_resnet18,patient,calibrated,conditional.macro_average_precision,0.6814009139009137,0.517137218818453,0.8555445316374813,0.09762047719353653,0.95,bca,bca,False,,5000,5000,whole_patient_cluster,True,three_class_patient_label,59103
vit_method2,9103,standardized_resnet18,patient,calibrated,conditional.macro_classwise_ece,0.19501420888890134,0.10507934095329916,0.3000595620141041,0.04871013493284361,0.95,bca,bca,False,,5000,5000,whole_patient_cluster,True,three_class_patient_label,59103
vit_method2,9103,standardized_resnet18,patient,calibrated,conditional.macro_f1,0.6111111111111112,0.4338624338624338,0.9153439153439153,0.11749200573539655,0.95,bca,bca,False,,5000,5000,whole_patient_cluster,True,three_class_patient_label,59103
vit_method2,9103,standardized_resnet18,patient,calibrated,conditional.multiclass_brier,0.4877008826653686,0.24758809572962695,0.7940698407430371,0.13510386273934516,0.95,bca,bca,False,,5000,5000,whole_patient_cluster,True,three_class_patient_label,59103
vit_method2,9103,standardized_resnet18,patient,calibrated,conditional.multiclass_mcc,0.5426760383587023,0.2271897192641556,0.8167651211688062,0.14176811208292053,0.95,bca,bca,False,,5000,5000,whole_patient_cluster,True,three_class_patient_label,59103
vit_method2,9103,standardized_resnet18,patient,calibrated,conditional.multiclass_nll,1.993634691663857,0.7568425757813514,3.650228093773209,0.7372874205094597,0.95,bca,bca,False,,5000,5000,whole_patient_cluster,True,three_class_patient_label,59103
vit_method2,9103,standardized_resnet18,patient,calibrated,conditional.per_class.normal.auroc_ovr,0.925,0.6625,1.0,0.07074263104889118,0.95,bca,bca,False,,5000,5000,whole_patient_cluster,True,three_class_patient_label,59103
vit_method2,9103,standardized_resnet18,patient,calibrated,conditional.per_class.normal.average_precision_ovr,0.9263455988455987,0.6910296324464792,1.0,0.062037745881587295,0.95,bca,bca,False,,5000,5000,whole_patient_cluster,True,three_class_patient_label,59103
vit_method2,9103,standardized_resnet18,patient,calibrated,conditional.per_class.normal.f1,0.9,0.7,1.0,0.0672814650046106,0.95,bca,bca,False,,5000,5000,whole_patient_cluster,True,three_class_patient_label,59103
vit_method2,9103,standardized_resnet18,patient,calibrated,conditional.per_class.normal.precision,0.9,0.6923076923076923,1.0,0.07802217842497236,0.95,bca,bca,False,,5000,5000,whole_patient_cluster,True,three_class_patient_label,59103
vit_method2,9103,standardized_resnet18,patient,calibrated,conditional.per_class.normal.recall,0.9,0.5,1.0,0.09570408483638969,0.95,bca,bca,False,,5000,5000,whole_patient_cluster,True,three_class_patient_label,59103
vit_method2,9103,standardized_resnet18,patient,calibrated,conditional.per_class.papilledema.auroc_ovr,0.75,0.5,0.9464285714285714,0.10850881617283123,0.95,bca,bca,False,,5000,5000,whole_patient_cluster,True,three_class_patient_label,59103
vit_method2,9103,standardized_resnet18,patient,calibrated,conditional.per_class.papilledema.average_precision_ovr,0.5583333333333333,0.325,1.0,0.15929169309005672,0.95,bca,bca,False,,5000,5000,whole_patient_cluster,True,three_class_patient_label,59103
vit_method2,9103,standardized_resnet18,patient,calibrated,conditional.per_class.papilledema.f1,0.3333333333333333,0.0,0.8888888888888888,0.2446054480609099,0.95,bca,bca,False,,5000,5000,whole_patient_cluster,True,three_class_patient_label,59103
vit_method2,9103,standardized_resnet18,patient,calibrated,conditional.per_class.papilledema.precision,0.5,0.0,1.0,0.3727047342325281,0.95,bca,bca,False,,5000,5000,whole_patient_cluster,True,three_class_patient_label,59103
vit_method2,9103,standardized_resnet18,patient,calibrated,conditional.per_class.papilledema.recall,0.25,0.0,1.0,0.21840453316728936,0.95,bca,bca,False,,5000,5000,whole_patient_cluster,True,three_class_patient_label,59103
vit_method2,9103,standardized_resnet18,patient,calibrated,conditional.per_class.pseudopapilledema.auroc_ovr,0.8571428571428571,0.6428571428571428,0.9821428571428571,0.08025772505749618,0.95,bca,bca,False,,5000,5000,whole_patient_cluster,True,three_class_patient_label,59103
vit_method2,9103,standardized_resnet18,patient,calibrated,conditional.per_class.pseudopapilledema.average_precision_ovr,0.5595238095238095,0.3207070707070707,0.8333333333333333,0.16341426271630738,0.95,bca,bca,False,,5000,5000,whole_patient_cluster,True,three_class_patient_label,59103
vit_method2,9103,standardized_resnet18,patient,calibrated,conditional.per_class.pseudopapilledema.f1,0.6,0.25,0.8888888888888888,0.15617920487558856,0.95,bca,bca,False,,5000,5000,whole_patient_cluster,True,three_class_patient_label,59103
vit_method2,9103,standardized_resnet18,patient,calibrated,conditional.per_class.pseudopapilledema.precision,0.5,0.25,0.8,0.15871615793702135,0.95,bca,bca,False,,5000,5000,whole_patient_cluster,True,three_class_patient_label,59103
vit_method2,9103,standardized_resnet18,patient,calibrated,conditional.per_class.pseudopapilledema.recall,0.75,0.25,1.0,0.216233187458058,0.95,bca,bca,False,,5000,5000,whole_patient_cluster,True,three_class_patient_label,59103
vit_method2,9103,standardized_resnet18,patient,calibrated,conditional.top_label_ece,0.2256860031231293,0.0657445124078751,0.3451221042914565,0.07416336799915604,0.95,bca,bca,False,,5000,5000,whole_patient_cluster,True,three_class_patient_label,59103
vit_method2,9103,standardized_resnet18,patient,calibrated,conditional_aurc,0.19697404991522638,0.06728027316143102,0.43317956956283904,0.08707257842513202,0.95,bca,bca,False,,5000,5000,whole_patient_cluster,True,three_class_patient_label,59103
vit_method2,9103,standardized_resnet18,patient,calibrated,coverage,1.0,1.0,1.0,0.0,0.95,bca,bca,False,,5000,5000,whole_patient_cluster,True,three_class_patient_label,59103
vit_method2,9103,standardized_resnet18,patient,calibrated,failure_aware.accuracy,0.7222222222222222,0.5,0.8888888888888888,0.0860173987341907,0.95,bca,bca,False,,5000,5000,whole_patient_cluster,True,three_class_patient_label,59103
vit_method2,9103,standardized_resnet18,patient,calibrated,failure_aware.balanced_accuracy,0.6333333333333333,0.4166666666666667,0.8333333333333334,0.10688340652456693,0.95,bca,bca,False,,5000,5000,whole_patient_cluster,True,three_class_patient_label,59103
vit_method2,9103,standardized_resnet18,patient,calibrated,failure_aware.macro_f1,0.6111111111111112,0.4338624338624338,0.9153439153439153,0.11749200573539655,0.95,bca,bca,False,,5000,5000,whole_patient_cluster,True,three_class_patient_label,59103
vit_method2,9103,standardized_resnet18,patient,calibrated,failure_aware.multiclass_mcc,0.5426760383587023,0.2271897192641556,0.8167651211688062,0.14176811208292053,0.95,bca,bca,False,,5000,5000,whole_patient_cluster,True,three_class_patient_label,59103
vit_method2,9103,standardized_resnet18,patient,calibrated,failure_aware.per_class.normal.f1,0.9,0.7,1.0,0.0672814650046106,0.95,bca,bca,False,,5000,5000,whole_patient_cluster,True,three_class_patient_label,59103
vit_method2,9103,standardized_resnet18,patient,calibrated,failure_aware.per_class.normal.precision,0.9,0.6923076923076923,1.0,0.07802217842497236,0.95,bca,bca,False,,5000,5000,whole_patient_cluster,True,three_class_patient_label,59103
vit_method2,9103,standardized_resnet18,patient,calibrated,failure_aware.per_class.normal.recall,0.9,0.5,1.0,0.09570408483638969,0.95,bca,bca,False,,5000,5000,whole_patient_cluster,True,three_class_patient_label,59103
vit_method2,9103,standardized_resnet18,patient,calibrated,failure_aware.per_class.papilledema.f1,0.3333333333333333,0.0,0.8888888888888888,0.2446054480609099,0.95,bca,bca,False,,5000,5000,whole_patient_cluster,True,three_class_patient_label,59103
vit_method2,9103,standardized_resnet18,patient,calibrated,failure_aware.per_class.papilledema.precision,0.5,0.0,1.0,0.3727047342325281,0.95,bca,bca,False,,5000,5000,whole_patient_cluster,True,three_class_patient_label,59103
vit_method2,9103,standardized_resnet18,patient,calibrated,failure_aware.per_class.papilledema.recall,0.25,0.0,1.0,0.21840453316728936,0.95,bca,bca,False,,5000,5000,whole_patient_cluster,True,three_class_patient_label,59103
vit_method2,9103,standardized_resnet18,patient,calibrated,failure_aware.per_class.pseudopapilledema.f1,0.6,0.25,0.8888888888888888,0.15617920487558856,0.95,bca,bca,False,,5000,5000,whole_patient_cluster,True,three_class_patient_label,59103
vit_method2,9103,standardized_resnet18,patient,calibrated,failure_aware.per_class.pseudopapilledema.precision,0.5,0.25,0.8,0.15871615793702135,0.95,bca,bca,False,,5000,5000,whole_patient_cluster,True,three_class_patient_label,59103
vit_method2,9103,standardized_resnet18,patient,calibrated,failure_aware.per_class.pseudopapilledema.recall,0.75,0.25,1.0,0.216233187458058,0.95,bca,bca,False,,5000,5000,whole_patient_cluster,True,three_class_patient_label,59103
vit_method2,9103,standardized_resnet18,patient,calibrated,failure_aware_aurc,0.19697404991522638,0.06728027316143102,0.43317956956283904,0.08707257842513202,0.95,bca,bca,False,,5000,5000,whole_patient_cluster,True,three_class_patient_label,59103
vit_method2,9103,standardized_resnet18,patient,calibrated,localized_diagnostic_success.rate,0.6111111111111112,0.3888888888888889,0.7777777777777778,0.10603721167370155,0.95,bca,bca,False,,5000,5000,whole_patient_cluster,True,three_class_patient_label,59103
vit_method2,9103,standardized_resnet18,patient,calibrated,selective_risk,0.2777777777777778,0.1111111111111111,0.5,0.0860173987341907,0.95,bca,bca,False,,5000,5000,whole_patient_cluster,True,three_class_patient_label,59103
vit_method2,9103,standardized_resnet18,eye,calibrated,class_conditional_coverage.normal,1.0,1.0,1.0,0.0,0.95,bca,bca,False,,5000,5000,whole_patient_cluster,True,three_class_patient_label,59104
vit_method2,9103,standardized_resnet18,eye,calibrated,class_conditional_coverage.papilledema,1.0,1.0,1.0,0.0,0.95,bca,bca,False,,5000,5000,whole_patient_cluster,True,three_class_patient_label,59104
vit_method2,9103,standardized_resnet18,eye,calibrated,class_conditional_coverage.pseudopapilledema,1.0,1.0,1.0,0.0,0.95,bca,bca,False,,5000,5000,whole_patient_cluster,True,three_class_patient_label,59104
vit_method2,9103,standardized_resnet18,eye,calibrated,conditional.accuracy,0.6666666666666666,0.5,0.8055555555555556,0.08000893030006626,0.95,bca,bca,False,,5000,5000,whole_patient_cluster,True,three_class_patient_label,59104
vit_method2,9103,standardized_resnet18,eye,calibrated,conditional.balanced_accuracy,0.6,0.4583333333333333,0.8166666666666668,0.09059327043204676,0.95,bca,bca,False,,5000,5000,whole_patient_cluster,True,three_class_patient_label,59104
vit_method2,9103,standardized_resnet18,eye,calibrated,conditional.derived_discrimination.normal_vs_abnormal.auroc,0.953125,0.79375,1.0,0.04329710862659404,0.95,bca,bca,False,,5000,5000,whole_patient_cluster,True,three_class_patient_label,59104
vit_method2,9103,standardized_resnet18,eye,calibrated,conditional.derived_discrimination.normal_vs_abnormal.average_precision,0.959280303030303,0.8463628762541806,1.0,0.037034997721387804,0.95,bca,bca,False,,5000,5000,whole_patient_cluster,True,three_class_patient_label,59104
vit_method2,9103,standardized_resnet18,eye,calibrated,conditional.derived_discrimination.papilledema_vs_pseudopapilledema.auroc,0.359375,0.0625,0.78125,0.18239736883112015,0.95,bca,bca,False,,5000,5000,whole_patient_cluster,True,three_class_patient_label,59104
vit_method2,9103,standardized_resnet18,eye,calibrated,conditional.derived_discrimination.papilledema_vs_pseudopapilledema.average_precision,0.4396599927849928,0.3482392607392607,0.6126488095238095,0.09623734002232083,0.95,bca,bca,False,,5000,5000,whole_patient_cluster,True,three_class_patient_label,59104
vit_method2,9103,standardized_resnet18,eye,calibrated,conditional.macro_auroc,0.8355654761904762,0.7325918672997589,0.9181547619047619,0.046977843096152896,0.95,bca,bca,False,,5000,5000,whole_patient_cluster,True,three_class_patient_label,59104
vit_method2,9103,standardized_resnet18,eye,calibrated,conditional.macro_average_precision,0.6380648848199159,0.5254008222639811,0.7875183308152022,0.07531159382461053,0.95,bca,bca,False,,5000,5000,whole_patient_cluster,True,three_class_patient_label,59104
vit_method2,9103,standardized_resnet18,eye,calibrated,conditional.macro_classwise_ece,0.20496817459157382,0.13583063022869593,0.25779806099354236,0.03350863003311413,0.95,bca,bca,False,,5000,5000,whole_patient_cluster,True,three_class_patient_label,59104
vit_method2,9103,standardized_resnet18,eye,calibrated,conditional.macro_f1,0.5736310473152578,0.4074074074074074,0.8104575163398692,0.10587688944880456,0.95,bca,bca,False,,5000,5000,whole_patient_cluster,True,three_class_patient_label,59104
vit_method2,9103,standardized_resnet18,eye,calibrated,conditional.multiclass_brier,0.47055663477087456,0.3233506824556826,0.6466832505668805,0.08211105779799537,0.95,bca,bca,False,,5000,5000,whole_patient_cluster,True,three_class_patient_label,59104
vit_method2,9103,standardized_resnet18,eye,calibrated,conditional.multiclass_mcc,0.4712106468281574,0.23909126739875186,0.7150793631305697,0.12085232135228498,0.95,bca,bca,False,,5000,5000,whole_patient_cluster,True,three_class_patient_label,59104
vit_method2,9103,standardized_resnet18,eye,calibrated,conditional.multiclass_nll,0.8219619711361994,0.5593553226176482,1.1748537565880688,0.15645201260660765,0.95,bca,bca,False,,5000,5000,whole_patient_cluster,True,three_class_patient_label,59104
vit_method2,9103,standardized_resnet18,eye,calibrated,conditional.per_class.normal.auroc_ovr,0.953125,0.79375,1.0,0.04329710862659404,0.95,bca,bca,False,,5000,5000,whole_patient_cluster,True,three_class_patient_label,59104
vit_method2,9103,standardized_resnet18,eye,calibrated,conditional.per_class.normal.average_precision_ovr,0.9591701457297435,0.8340299030205572,1.0,0.033839023438835054,0.95,bca,bca,False,,5000,5000,whole_patient_cluster,True,three_class_patient_label,59104
vit_method2,9103,standardized_resnet18,eye,calibrated,conditional.per_class.normal.f1,0.8421052631578947,0.631578947368421,0.9473684210526315,0.07516322352785276,0.95,bca,bca,False,,5000,5000,whole_patient_cluster,True,three_class_patient_label,59104
vit_method2,9103,standardized_resnet18,eye,calibrated,conditional.per_class.normal.precision,0.8888888888888888,0.6521739130434783,1.0,0.08500617717448988,0.95,bca,bca,False,,5000,5000,whole_patient_cluster,True,three_class_patient_label,59104
vit_method2,9103,standardized_resnet18,eye,calibrated,conditional.per_class.normal.recall,0.8,0.5,0.95,0.10468380409484532,0.95,bca,bca,False,,5000,5000,whole_patient_cluster,True,three_class_patient_label,59104
vit_method2,9103,standardized_resnet18,eye,calibrated,conditional.per_class.papilledema.auroc_ovr,0.7678571428571429,0.625,0.9031247579197677,0.07094974705175361,0.95,bca,bca,False,,5000,5000,whole_patient_cluster,True,three_class_patient_label,59104
vit_method2,9103,standardized_resnet18,eye,calibrated,conditional.per_class.papilledema.average_precision_ovr,0.4407207569262523,0.29624811463046763,0.7142857142857142,0.12311869627423025,0.95,bca,bca,False,,5000,5000,whole_patient_cluster,True,three_class_patient_label,59104
vit_method2,9103,standardized_resnet18,eye,calibrated,conditional.per_class.papilledema.f1,0.3333333333333333,0.0,0.8571428571428571,0.24200630070444973,0.95,bca,bca,False,,5000,5000,whole_patient_cluster,True,three_class_patient_label,59104
vit_method2,9103,standardized_resnet18,eye,calibrated,conditional.per_class.papilledema.precision,0.5,0.0,1.0,0.3144106393082581,0.95,bca,bca,False,,5000,5000,whole_patient_cluster,True,three_class_patient_label,59104
vit_method2,9103,standardized_resnet18,eye,calibrated,conditional.per_class.papilledema.recall,0.25,0.0,0.75,0.21999262908418155,0.95,bca,bca,False,,5000,5000,whole_patient_cluster,True,three_class_patient_label,59104
vit_method2,9103,standardized_resnet18,eye,calibrated,conditional.per_class.pseudopapilledema.auroc_ovr,0.7857142857142857,0.6071428571428571,0.9196428571428572,0.07912938490310946,0.95,bca,bca,False,,5000,5000,whole_patient_cluster,True,three_class_patient_label,59104
vit_method2,9103,standardized_resnet18,eye,calibrated,conditional.per_class.pseudopapilledema.average_precision_ovr,0.5143037518037518,0.31401515151515147,0.8041666666666667,0.13175996873255993,0.95,bca,bca,False,,5000,5000,whole_patient_cluster,True,three_class_patient_label,59104
vit_method2,9103,standardized_resnet18,eye,calibrated,conditional.per_class.pseudopapilledema.f1,0.5454545454545454,0.38461538461538464,0.7988500948581027,0.10012831539572378,0.95,bca,bca,False,,5000,5000,whole_patient_cluster,True,three_class_patient_label,59104
vit_method2,9103,standardized_resnet18,eye,calibrated,conditional.per_class.pseudopapilledema.precision,0.42857142857142855,0.2777777777777778,0.7142857142857143,0.11046009934774703,0.95,bca,bca,False,,5000,5000,whole_patient_cluster,True,three_class_patient_label,59104
vit_method2,9103,standardized_resnet18,eye,calibrated,conditional.per_class.pseudopapilledema.recall,0.75,0.5,1.0,0.12355226589375647,0.95,bca,bca,False,,5000,5000,whole_patient_cluster,True,three_class_patient_label,59104
vit_method2,9103,standardized_resnet18,eye,calibrated,conditional.top_label_ece,0.16174382754122724,0.0573883567953189,0.2474180567883035,0.05988363194885641,0.95,bca,bca,False,,5000,5000,whole_patient_cluster,True,three_class_patient_label,59104
vit_method2,9103,standardized_resnet18,eye,calibrated,conditional_aurc,0.20564133858964012,0.09138043422991456,0.4032868081282998,0.07798853845422068,0.95,bca,bca,False,,5000,5000,whole_patient_cluster,True,three_class_patient_label,59104
vit_method2,9103,standardized_resnet18,eye,calibrated,coverage,1.0,1.0,1.0,0.0,0.95,bca,bca,False,,5000,5000,whole_patient_cluster,True,three_class_patient_label,59104
vit_method2,9103,standardized_resnet18,eye,calibrated,failure_aware.accuracy,0.6666666666666666,0.5,0.8055555555555556,0.08000893030006626,0.95,bca,bca,False,,5000,5000,whole_patient_cluster,True,three_class_patient_label,59104
vit_method2,9103,standardized_resnet18,eye,calibrated,failure_aware.balanced_accuracy,0.6,0.4583333333333333,0.8166666666666668,0.09059327043204676,0.95,bca,bca,False,,5000,5000,whole_patient_cluster,True,three_class_patient_label,59104
vit_method2,9103,standardized_resnet18,eye,calibrated,failure_aware.macro_f1,0.5736310473152578,0.4074074074074074,0.8104575163398692,0.10587688944880456,0.95,bca,bca,False,,5000,5000,whole_patient_cluster,True,three_class_patient_label,59104
vit_method2,9103,standardized_resnet18,eye,calibrated,failure_aware.multiclass_mcc,0.4712106468281574,0.23909126739875186,0.7150793631305697,0.12085232135228498,0.95,bca,bca,False,,5000,5000,whole_patient_cluster,True,three_class_patient_label,59104
vit_method2,9103,standardized_resnet18,eye,calibrated,failure_aware.per_class.normal.f1,0.8421052631578947,0.631578947368421,0.9473684210526315,0.07516322352785276,0.95,bca,bca,False,,5000,5000,whole_patient_cluster,True,three_class_patient_label,59104
vit_method2,9103,standardized_resnet18,eye,calibrated,failure_aware.per_class.normal.precision,0.8888888888888888,0.6521739130434783,1.0,0.08500617717448988,0.95,bca,bca,False,,5000,5000,whole_patient_cluster,True,three_class_patient_label,59104
vit_method2,9103,standardized_resnet18,eye,calibrated,failure_aware.per_class.normal.recall,0.8,0.5,0.95,0.10468380409484532,0.95,bca,bca,False,,5000,5000,whole_patient_cluster,True,three_class_patient_label,59104
vit_method2,9103,standardized_resnet18,eye,calibrated,failure_aware.per_class.papilledema.f1,0.3333333333333333,0.0,0.8571428571428571,0.24200630070444973,0.95,bca,bca,False,,5000,5000,whole_patient_cluster,True,three_class_patient_label,59104
vit_method2,9103,standardized_resnet18,eye,calibrated,failure_aware.per_class.papilledema.precision,0.5,0.0,1.0,0.3144106393082581,0.95,bca,bca,False,,5000,5000,whole_patient_cluster,True,three_class_patient_label,59104
vit_method2,9103,standardized_resnet18,eye,calibrated,failure_aware.per_class.papilledema.recall,0.25,0.0,0.75,0.21999262908418155,0.95,bca,bca,False,,5000,5000,whole_patient_cluster,True,three_class_patient_label,59104
vit_method2,9103,standardized_resnet18,eye,calibrated,failure_aware.per_class.pseudopapilledema.f1,0.5454545454545454,0.38461538461538464,0.7988500948581027,0.10012831539572378,0.95,bca,bca,False,,5000,5000,whole_patient_cluster,True,three_class_patient_label,59104
vit_method2,9103,standardized_resnet18,eye,calibrated,failure_aware.per_class.pseudopapilledema.precision,0.42857142857142855,0.2777777777777778,0.7142857142857143,0.11046009934774703,0.95,bca,bca,False,,5000,5000,whole_patient_cluster,True,three_class_patient_label,59104
vit_method2,9103,standardized_resnet18,eye,calibrated,failure_aware.per_class.pseudopapilledema.recall,0.75,0.5,1.0,0.12355226589375647,0.95,bca,bca,False,,5000,5000,whole_patient_cluster,True,three_class_patient_label,59104
vit_method2,9103,standardized_resnet18,eye,calibrated,failure_aware_aurc,0.20564133858964012,0.09138043422991456,0.4032868081282998,0.07798853845422068,0.95,bca,bca,False,,5000,5000,whole_patient_cluster,True,three_class_patient_label,59104
vit_method2,9103,standardized_resnet18,eye,calibrated,localized_diagnostic_success.rate,0.6388888888888888,0.4722222222222222,0.7777777777777778,0.08068032107348554,0.95,bca,bca,False,,5000,5000,whole_patient_cluster,True,three_class_patient_label,59104
vit_method2,9103,standardized_resnet18,eye,calibrated,selective_risk,0.3333333333333333,0.19444444444444445,0.5,0.08000893030006627,0.95,bca,bca,False,,5000,5000,whole_patient_cluster,True,three_class_patient_label,59104
emcad,17,model_specific,patient,calibrated,class_conditional_coverage.normal,1.0,1.0,1.0,0.0,0.95,bca,bca,False,,5000,5000,whole_patient_cluster,True,three_class_patient_label,50017
emcad,17,model_specific,patient,calibrated,class_conditional_coverage.papilledema,1.0,1.0,1.0,0.0,0.95,bca,bca,False,,5000,5000,whole_patient_cluster,True,three_class_patient_label,50017
emcad,17,model_specific,patient,calibrated,class_conditional_coverage.pseudopapilledema,1.0,1.0,1.0,0.0,0.95,bca,bca,False,,5000,5000,whole_patient_cluster,True,three_class_patient_label,50017
emcad,17,model_specific,patient,calibrated,conditional.accuracy,0.6666666666666666,0.5,0.7777777777777778,0.07160702225748607,0.95,bca,bca,False,,5000,5000,whole_patient_cluster,True,three_class_patient_label,50017
emcad,17,model_specific,patient,calibrated,conditional.balanced_accuracy,0.5499999999999999,0.31666666666666665,0.6666666666666666,0.07872759989212634,0.95,bca,bca,False,,5000,5000,whole_patient_cluster,True,three_class_patient_label,50017
emcad,17,model_specific,patient,calibrated,conditional.derived_discrimination.normal_vs_abnormal.auroc,0.9,0.6482636418997252,1.0,0.07552883022951679,0.95,bca,bca,False,,5000,5000,whole_patient_cluster,True,three_class_patient_label,50017
emcad,17,model_specific,patient,calibrated,conditional.derived_discrimination.normal_vs_abnormal.average_precision,0.9144230769230769,0.7428571428571429,1.0,0.05926465498846162,0.95,bca,bca,False,,5000,5000,whole_patient_cluster,True,three_class_patient_label,50017
emcad,17,model_specific,patient,calibrated,conditional.derived_discrimination.papilledema_vs_pseudopapilledema.auroc,0.375,0.0,0.875,0.22179831208103995,0.95,bca,bca,False,,5000,5000,whole_patient_cluster,True,three_class_patient_label,50017
emcad,17,model_specific,patient,calibrated,conditional.derived_discrimination.papilledema_vs_pseudopapilledema.average_precision,0.6071428571428572,0.41666666666666663,0.9439011149840553,0.1389496220160095,0.95,bca,bca,False,,5000,5000,whole_patient_cluster,True,three_class_patient_label,50017
emcad,17,model_specific,patient,calibrated,conditional.macro_auroc,0.7523809523809524,0.606547619047619,0.8642857142857142,0.06490802580218652,0.95,bca,bca,False,,5000,5000,whole_patient_cluster,True,three_class_patient_label,50017
emcad,17,model_specific,patient,calibrated,conditional.macro_average_precision,0.5535222185222185,0.44590064769111315,0.6165584415584416,0.06401907456497861,0.95,bca,bca,False,,5000,5000,whole_patient_cluster,True,three_class_patient_label,50017
emcad,17,model_specific,patient,calibrated,conditional.macro_classwise_ece,0.14453452341845788,0.0638915333122008,0.18548559673775336,0.03844754401861633,0.95,bca,bca,False,,5000,5000,whole_patient_cluster,True,three_class_patient_label,50017
emcad,17,model_specific,patient,calibrated,conditional.macro_f1,0.4857142857142857,0.328042328042328,0.5598845598845599,0.05866481761281435,0.95,bca,bca,False,,5000,5000,whole_patient_cluster,True,three_class_patient_label,50017
emcad,17,model_specific,patient,calibrated,conditional.multiclass_brier,0.46282919795586697,0.345881996390382,0.619631347727483,0.06946385141138829,0.95,bca,bca,False,,5000,5000,whole_patient_cluster,True,three_class_patient_label,50017
emcad,17,model_specific,patient,calibrated,conditional.multiclass_mcc,0.4369079470745153,0.10269797953221864,0.6629699999089105,0.1385650542453461,0.95,bca,bca,False,,5000,5000,whole_patient_cluster,True,three_class_patient_label,50017
emcad,17,model_specific,patient,calibrated,conditional.multiclass_nll,0.7041435118646048,0.5236373138023624,0.9530449710730449,0.10829214230568338,0.95,bca,bca,False,,5000,5000,whole_patient_cluster,True,three_class_patient_label,50017
emcad,17,model_specific,patient,calibrated,conditional.per_class.normal.auroc_ovr,0.9,0.6496272634426651,1.0,0.07552883022951679,0.95,bca,bca,False,,5000,5000,whole_patient_cluster,True,three_class_patient_label,50017
emcad,17,model_specific,patient,calibrated,conditional.per_class.normal.average_precision_ovr,0.9183658008658008,0.7125832239104962,0.9999999999999999,0.056154992277218194,0.95,bca,bca,False,,5000,5000,whole_patient_cluster,True,three_class_patient_label,50017
emcad,17,model_specific,patient,calibrated,conditional.per_class.normal.f1,0.8571428571428571,0.6666666666666666,0.9523809523809523,0.0735790664467175,0.95,bca,bca,False,,5000,5000,whole_patient_cluster,True,three_class_patient_label,50017
emcad,17,model_specific,patient,calibrated,conditional.per_class.normal.precision,0.8181818181818182,0.6116226726938874,1.0,0.0926964964424751,0.95,bca,bca,False,,5000,5000,whole_patient_cluster,True,three_class_patient_label,50017
emcad,17,model_specific,patient,calibrated,conditional.per_class.normal.recall,0.9,0.6,1.0,0.0968017278508136,0.95,bca,bca,False,,5000,5000,whole_patient_cluster,True,three_class_patient_label,50017
emcad,17,model_specific,patient,calibrated,conditional.per_class.papilledema.auroc_ovr,0.7857142857142857,0.5892857142857143,0.9285714285714285,0.08113291551142254,0.95,bca,bca,False,,5000,5000,whole_patient_cluster,True,three_class_patient_label,50017
emcad,17,model_specific,patient,calibrated,conditional.per_class.papilledema.average_precision_ovr,0.4444444444444444,0.3,0.625,0.12223004424267471,0.95,bca,bca,False,,5000,5000,whole_patient_cluster,True,three_class_patient_label,50017
emcad,17,model_specific,patient,calibrated,conditional.per_class.papilledema.f1,0.6,0.25,0.8,0.14358772729681565,0.95,bca,bca,False,,5000,5000,whole_patient_cluster,True,three_class_patient_label,50017
emcad,17,model_specific,patient,calibrated,conditional.per_class.papilledema.precision,0.5,0.25,0.75,0.12102846223390869,0.95,bca,bca,False,,5000,5000,whole_patient_cluster,True,three_class_patient_label,50017
emcad,17,model_specific,patient,calibrated,conditional.per_class.papilledema.recall,0.75,0.25,1.0,0.21719766335067464,0.95,bca,bca,False,,5000,5000,whole_patient_cluster,True,three_class_patient_label,50017
emcad,17,model_specific,patient,calibrated,conditional.per_class.pseudopapilledema.auroc_ovr,0.5714285714285714,0.3214285714285714,0.8214285714285715,0.13167030197177088,0.95,bca,bca,False,,5000,5000,whole_patient_cluster,True,three_class_patient_label,50017
emcad,17,model_specific,patient,calibrated,conditional.per_class.pseudopapilledema.average_precision_ovr,0.29775641025641025,0.2037238424979319,0.5214285714285714,0.1159584233692225,0.95,bca,bca,False,,5000,5000,whole_patient_cluster,True,three_class_patient_label,50017
emcad,17,model_specific,patient,calibrated,conditional.per_class.pseudopapilledema.f1,0.0,0.0,0.0,0.0,0.95,bca,bca,False,,5000,5000,whole_patient_cluster,True,three_class_patient_label,50017
emcad,17,model_specific,patient,calibrated,conditional.per_class.pseudopapilledema.precision,0.0,0.0,0.0,0.0,0.95,bca,bca,False,,5000,5000,whole_patient_cluster,True,three_class_patient_label,50017
emcad,17,model_specific,patient,calibrated,conditional.per_class.pseudopapilledema.recall,0.0,0.0,0.0,0.0,0.95,bca,bca,False,,5000,5000,whole_patient_cluster,True,three_class_patient_label,50017
emcad,17,model_specific,patient,calibrated,conditional.top_label_ece,0.17701951439162444,0.0810573921125351,0.22748572358989327,0.05754482529598324,0.95,bca,bca,False,,5000,5000,whole_patient_cluster,True,three_class_patient_label,50017
emcad,17,model_specific,patient,calibrated,conditional_aurc,0.19660646180254024,0.11064598853037495,0.36392402175153066,0.06307148264260487,0.95,bca,bca,False,,5000,5000,whole_patient_cluster,True,three_class_patient_label,50017
emcad,17,model_specific,patient,calibrated,coverage,1.0,1.0,1.0,0.0,0.95,bca,bca,False,,5000,5000,whole_patient_cluster,True,three_class_patient_label,50017
emcad,17,model_specific,patient,calibrated,failure_aware.accuracy,0.6666666666666666,0.5,0.7777777777777778,0.07160702225748607,0.95,bca,bca,False,,5000,5000,whole_patient_cluster,True,three_class_patient_label,50017
emcad,17,model_specific,patient,calibrated,failure_aware.balanced_accuracy,0.5499999999999999,0.31666666666666665,0.6666666666666666,0.07872759989212634,0.95,bca,bca,False,,5000,5000,whole_patient_cluster,True,three_class_patient_label,50017
emcad,17,model_specific,patient,calibrated,failure_aware.macro_f1,0.4857142857142857,0.328042328042328,0.5598845598845599,0.05866481761281435,0.95,bca,bca,False,,5000,5000,whole_patient_cluster,True,three_class_patient_label,50017
emcad,17,model_specific,patient,calibrated,failure_aware.multiclass_mcc,0.4369079470745153,0.10269797953221864,0.6629699999089105,0.1385650542453461,0.95,bca,bca,False,,5000,5000,whole_patient_cluster,True,three_class_patient_label,50017
emcad,17,model_specific,patient,calibrated,failure_aware.per_class.normal.f1,0.8571428571428571,0.6666666666666666,0.9523809523809523,0.0735790664467175,0.95,bca,bca,False,,5000,5000,whole_patient_cluster,True,three_class_patient_label,50017
emcad,17,model_specific,patient,calibrated,failure_aware.per_class.normal.precision,0.8181818181818182,0.6116226726938874,1.0,0.0926964964424751,0.95,bca,bca,False,,5000,5000,whole_patient_cluster,True,three_class_patient_label,50017
emcad,17,model_specific,patient,calibrated,failure_aware.per_class.normal.recall,0.9,0.6,1.0,0.0968017278508136,0.95,bca,bca,False,,5000,5000,whole_patient_cluster,True,three_class_patient_label,50017
emcad,17,model_specific,patient,calibrated,failure_aware.per_class.papilledema.f1,0.6,0.25,0.8,0.14358772729681565,0.95,bca,bca,False,,5000,5000,whole_patient_cluster,True,three_class_patient_label,50017
emcad,17,model_specific,patient,calibrated,failure_aware.per_class.papilledema.precision,0.5,0.25,0.75,0.12102846223390869,0.95,bca,bca,False,,5000,5000,whole_patient_cluster,True,three_class_patient_label,50017
emcad,17,model_specific,patient,calibrated,failure_aware.per_class.papilledema.recall,0.75,0.25,1.0,0.21719766335067464,0.95,bca,bca,False,,5000,5000,whole_patient_cluster,True,three_class_patient_label,50017
emcad,17,model_specific,patient,calibrated,failure_aware.per_class.pseudopapilledema.f1,0.0,0.0,0.0,0.0,0.95,bca,bca,False,,5000,5000,whole_patient_cluster,True,three_class_patient_label,50017
emcad,17,model_specific,patient,calibrated,failure_aware.per_class.pseudopapilledema.precision,0.0,0.0,0.0,0.0,0.95,bca,bca,False,,5000,5000,whole_patient_cluster,True,three_class_patient_label,50017
emcad,17,model_specific,patient,calibrated,failure_aware.per_class.pseudopapilledema.recall,0.0,0.0,0.0,0.0,0.95,bca,bca,False,,5000,5000,whole_patient_cluster,True,three_class_patient_label,50017
emcad,17,model_specific,patient,calibrated,failure_aware_aurc,0.19660646180254024,0.11064598853037495,0.36392402175153066,0.06307148264260487,0.95,bca,bca,False,,5000,5000,whole_patient_cluster,True,three_class_patient_label,50017
emcad,17,model_specific,patient,calibrated,localized_diagnostic_success.rate,0.6666666666666666,0.5,0.7777777777777778,0.07160702225748607,0.95,bca,bca,False,,5000,5000,whole_patient_cluster,True,three_class_patient_label,50017
emcad,17,model_specific,patient,calibrated,selective_risk,0.3333333333333333,0.2222222222222222,0.5,0.07160702225748608,0.95,bca,bca,False,,5000,5000,whole_patient_cluster,True,three_class_patient_label,50017
emcad,17,model_specific,eye,calibrated,class_conditional_coverage.normal,1.0,1.0,1.0,0.0,0.95,bca,bca,False,,5000,5000,whole_patient_cluster,True,three_class_patient_label,50018
emcad,17,model_specific,eye,calibrated,class_conditional_coverage.papilledema,1.0,1.0,1.0,0.0,0.95,bca,bca,False,,5000,5000,whole_patient_cluster,True,three_class_patient_label,50018
emcad,17,model_specific,eye,calibrated,class_conditional_coverage.pseudopapilledema,1.0,1.0,1.0,0.0,0.95,bca,bca,False,,5000,5000,whole_patient_cluster,True,three_class_patient_label,50018
emcad,17,model_specific,eye,calibrated,conditional.accuracy,0.6111111111111112,0.4722222222222222,0.6944444444444444,0.06135465819740345,0.95,bca,bca,False,,5000,5000,whole_patient_cluster,True,three_class_patient_label,50018
emcad,17,model_specific,eye,calibrated,conditional.balanced_accuracy,0.4916666666666667,0.39999999999999997,0.5916666666666667,0.04971389102513339,0.95,bca,bca,False,,5000,5000,whole_patient_cluster,True,three_class_patient_label,50018
emcad,17,model_specific,eye,calibrated,conditional.derived_discrimination.normal_vs_abnormal.auroc,0.8875,0.6125,1.0,0.08108368761263728,0.95,bca,bca,False,,5000,5000,whole_patient_cluster,True,three_class_patient_label,50018
emcad,17,model_specific,eye,calibrated,conditional.derived_discrimination.normal_vs_abnormal.average_precision,0.9210069444444444,0.7601887938367244,1.0,0.05646016825297591,0.95,bca,bca,False,,5000,5000,whole_patient_cluster,True,three_class_patient_label,50018
emcad,17,model_specific,eye,calibrated,conditional.derived_discrimination.papilledema_vs_pseudopapilledema.auroc,0.421875,0.125,0.8125,0.1733450562319658,0.95,bca,bca,False,,5000,5000,whole_patient_cluster,True,three_class_patient_label,50018
emcad,17,model_specific,eye,calibrated,conditional.derived_discrimination.papilledema_vs_pseudopapilledema.average_precision,0.5585008741258741,0.38165064102564106,0.846268315018315,0.1283464894976298,0.95,bca,bca,False,,5000,5000,whole_patient_cluster,True,three_class_patient_label,50018
emcad,17,model_specific,eye,calibrated,conditional.macro_auroc,0.763095238095238,0.6068453178737019,0.8452380952380953,0.0565814282325369,0.95,bca,bca,False,,5000,5000,whole_patient_cluster,True,three_class_patient_label,50018
emcad,17,model_specific,eye,calibrated,conditional.macro_average_precision,0.5506240503259505,0.43334791548489576,0.6263093449227745,0.053632803187789346,0.95,bca,bca,False,,5000,5000,whole_patient_cluster,True,three_class_patient_label,50018
emcad,17,model_specific,eye,calibrated,conditional.macro_classwise_ece,0.15817809413515846,0.09372543920367057,0.1727563115125262,0.02906403772942614,0.95,bca,bca,False,,5000,5000,whole_patient_cluster,True,three_class_patient_label,50018
emcad,17,model_specific,eye,calibrated,conditional.macro_f1,0.45,0.3834191534509415,0.5185185185185185,0.03433994806694364,0.95,bca,bca,False,,5000,5000,whole_patient_cluster,True,three_class_patient_label,50018
emcad,17,model_specific,eye,calibrated,conditional.multiclass_brier,0.45676335274445834,0.36171922642816284,0.595484902550876,0.05879430940453421,0.95,bca,bca,False,,5000,5000,whole_patient_cluster,True,three_class_patient_label,50018
emcad,17,model_specific,eye,calibrated,conditional.multiclass_mcc,0.3511433189379838,0.14423867207010727,0.521492736498758,0.09542270750685253,0.95,bca,bca,False,,5000,5000,whole_patient_cluster,True,three_class_patient_label,50018
emcad,17,model_specific,eye,calibrated,conditional.multiclass_nll,0.730725119498067,0.5754516974956428,0.9834630270518505,0.09952845445695221,0.95,bca,bca,False,,5000,5000,whole_patient_cluster,True,three_class_patient_label,50018
emcad,17,model_specific,eye,calibrated,conditional.per_class.normal.auroc_ovr,0.8875,0.6125,1.0,0.08108368761263728,0.95,bca,bca,False,,5000,5000,whole_patient_cluster,True,three_class_patient_label,50018
emcad,17,model_specific,eye,calibrated,conditional.per_class.normal.average_precision_ovr,0.8279955646012652,0.5528967225697848,0.9803101810899799,0.09857047321544808,0.95,bca,bca,False,,5000,5000,whole_patient_cluster,True,three_class_patient_label,50018
emcad,17,model_specific,eye,calibrated,conditional.per_class.normal.f1,0.85,0.6486486486486487,0.9523809523809523,0.07312339625119822,0.95,bca,bca,False,,5000,5000,whole_patient_cluster,True,three_class_patient_label,50018
emcad,17,model_specific,eye,calibrated,conditional.per_class.normal.precision,0.85,0.625,1.0,0.08509354694049394,0.95,bca,bca,False,,5000,5000,whole_patient_cluster,True,three_class_patient_label,50018
emcad,17,model_specific,eye,calibrated,conditional.per_class.normal.recall,0.85,0.55,1.0,0.10130710797384952,0.95,bca,bca,False,,5000,5000,whole_patient_cluster,True,three_class_patient_label,50018
emcad,17,model_specific,eye,calibrated,conditional.per_class.papilledema.auroc_ovr,0.7723214285714286,0.5446428571428572,0.8928571428571429,0.0848952870157162,0.95,bca,bca,False,,5000,5000,whole_patient_cluster,True,three_class_patient_label,50018
emcad,17,model_specific,eye,calibrated,conditional.per_class.papilledema.average_precision_ovr,0.5188552188552189,0.30444902319902317,0.7486111111111111,0.11920043799192033,0.95,bca,bca,False,,5000,5000,whole_patient_cluster,True,three_class_patient_label,50018
emcad,17,model_specific,eye,calibrated,conditional.per_class.papilledema.f1,0.5,0.38095238095238093,0.7186271890390487,0.08230081581760877,0.95,bca,bca,False,,5000,5000,whole_patient_cluster,True,three_class_patient_label,50018
emcad,17,model_specific,eye,calibrated,conditional.per_class.papilledema.precision,0.4166666666666667,0.3076923076923077,0.6666666666666666,0.09092442750420172,0.95,bca,bca,False,,5000,5000,whole_patient_cluster,True,three_class_patient_label,50018
emcad,17,model_specific,eye,calibrated,conditional.per_class.papilledema.recall,0.625,0.5,0.9096786558068288,0.1091355561397054,0.95,bca,bca,False,,5000,5000,whole_patient_cluster,True,three_class_patient_label,50018
emcad,17,model_specific,eye,calibrated,conditional.per_class.pseudopapilledema.auroc_ovr,0.6294642857142857,0.375,0.8125000000000001,0.10928213255538735,0.95,bca,bca,False,,5000,5000,whole_patient_cluster,True,three_class_patient_label,50018
emcad,17,model_specific,eye,calibrated,conditional.per_class.pseudopapilledema.average_precision_ovr,0.30502136752136755,0.20811177990733754,0.4446333271991167,0.07843122860207481,0.95,bca,bca,False,,5000,5000,whole_patient_cluster,True,three_class_patient_label,50018
emcad,17,model_specific,eye,calibrated,conditional.per_class.pseudopapilledema.f1,0.0,0.0,0.0,0.0,0.95,bca,bca,False,,5000,5000,whole_patient_cluster,True,three_class_patient_label,50018
emcad,17,model_specific,eye,calibrated,conditional.per_class.pseudopapilledema.precision,0.0,0.0,0.0,0.0,0.95,bca,bca,False,,5000,5000,whole_patient_cluster,True,three_class_patient_label,50018
emcad,17,model_specific,eye,calibrated,conditional.per_class.pseudopapilledema.recall,0.0,0.0,0.0,0.0,0.95,bca,bca,False,,5000,5000,whole_patient_cluster,True,three_class_patient_label,50018
emcad,17,model_specific,eye,calibrated,conditional.top_label_ece,0.18340204567981658,0.06948227401360572,0.2359378364519818,0.05283489620540064,0.95,bca,bca,False,,5000,5000,whole_patient_cluster,True,three_class_patient_label,50018
emcad,17,model_specific,eye,calibrated,conditional_aurc,0.295967150518424,0.1585364020625924,0.49548678050171674,0.08185059315994471,0.95,bca,bca,False,,5000,5000,whole_patient_cluster,True,three_class_patient_label,50018
emcad,17,model_specific,eye,calibrated,coverage,1.0,1.0,1.0,0.0,0.95,bca,bca,False,,5000,5000,whole_patient_cluster,True,three_class_patient_label,50018
emcad,17,model_specific,eye,calibrated,failure_aware.accuracy,0.6111111111111112,0.4722222222222222,0.6944444444444444,0.06135465819740345,0.95,bca,bca,False,,5000,5000,whole_patient_cluster,True,three_class_patient_label,50018
emcad,17,model_specific,eye,calibrated,failure_aware.balanced_accuracy,0.4916666666666667,0.39999999999999997,0.5916666666666667,0.04971389102513339,0.95,bca,bca,False,,5000,5000,whole_patient_cluster,True,three_class_patient_label,50018
emcad,17,model_specific,eye,calibrated,failure_aware.macro_f1,0.45,0.3834191534509415,0.5185185185185185,0.03433994806694364,0.95,bca,bca,False,,5000,5000,whole_patient_cluster,True,three_class_patient_label,50018
emcad,17,model_specific,eye,calibrated,failure_aware.multiclass_mcc,0.3511433189379838,0.14423867207010727,0.521492736498758,0.09542270750685253,0.95,bca,bca,False,,5000,5000,whole_patient_cluster,True,three_class_patient_label,50018
emcad,17,model_specific,eye,calibrated,failure_aware.per_class.normal.f1,0.85,0.6486486486486487,0.9523809523809523,0.07312339625119822,0.95,bca,bca,False,,5000,5000,whole_patient_cluster,True,three_class_patient_label,50018
emcad,17,model_specific,eye,calibrated,failure_aware.per_class.normal.precision,0.85,0.625,1.0,0.08509354694049394,0.95,bca,bca,False,,5000,5000,whole_patient_cluster,True,three_class_patient_label,50018
emcad,17,model_specific,eye,calibrated,failure_aware.per_class.normal.recall,0.85,0.55,1.0,0.10130710797384952,0.95,bca,bca,False,,5000,5000,whole_patient_cluster,True,three_class_patient_label,50018
emcad,17,model_specific,eye,calibrated,failure_aware.per_class.papilledema.f1,0.5,0.38095238095238093,0.7186271890390487,0.08230081581760877,0.95,bca,bca,False,,5000,5000,whole_patient_cluster,True,three_class_patient_label,50018
emcad,17,model_specific,eye,calibrated,failure_aware.per_class.papilledema.precision,0.4166666666666667,0.3076923076923077,0.6666666666666666,0.09092442750420172,0.95,bca,bca,False,,5000,5000,whole_patient_cluster,True,three_class_patient_label,50018
emcad,17,model_specific,eye,calibrated,failure_aware.per_class.papilledema.recall,0.625,0.5,0.9096786558068288,0.1091355561397054,0.95,bca,bca,False,,5000,5000,whole_patient_cluster,True,three_class_patient_label,50018
emcad,17,model_specific,eye,calibrated,failure_aware.per_class.pseudopapilledema.f1,0.0,0.0,0.0,0.0,0.95,bca,bca,False,,5000,5000,whole_patient_cluster,True,three_class_patient_label,50018
emcad,17,model_specific,eye,calibrated,failure_aware.per_class.pseudopapilledema.precision,0.0,0.0,0.0,0.0,0.95,bca,bca,False,,5000,5000,whole_patient_cluster,True,three_class_patient_label,50018
emcad,17,model_specific,eye,calibrated,failure_aware.per_class.pseudopapilledema.recall,0.0,0.0,0.0,0.0,0.95,bca,bca,False,,5000,5000,whole_patient_cluster,True,three_class_patient_label,50018
emcad,17,model_specific,eye,calibrated,failure_aware_aurc,0.295967150518424,0.1585364020625924,0.49548678050171674,0.08185059315994471,0.95,bca,bca,False,,5000,5000,whole_patient_cluster,True,three_class_patient_label,50018
emcad,17,model_specific,eye,calibrated,localized_diagnostic_success.rate,0.6111111111111112,0.4722222222222222,0.6944444444444444,0.06135465819740345,0.95,bca,bca,False,,5000,5000,whole_patient_cluster,True,three_class_patient_label,50018
emcad,17,model_specific,eye,calibrated,selective_risk,0.3888888888888889,0.3055555555555556,0.5277777777777778,0.061354658197403454,0.95,bca,bca,False,,5000,5000,whole_patient_cluster,True,three_class_patient_label,50018
emcad,17,standardized_resnet18,patient,calibrated,class_conditional_coverage.normal,1.0,1.0,1.0,0.0,0.95,bca,bca,False,,5000,5000,whole_patient_cluster,True,three_class_patient_label,50017
emcad,17,standardized_resnet18,patient,calibrated,class_conditional_coverage.papilledema,1.0,1.0,1.0,0.0,0.95,bca,bca,False,,5000,5000,whole_patient_cluster,True,three_class_patient_label,50017
emcad,17,standardized_resnet18,patient,calibrated,class_conditional_coverage.pseudopapilledema,1.0,1.0,1.0,0.0,0.95,bca,bca,False,,5000,5000,whole_patient_cluster,True,three_class_patient_label,50017
emcad,17,standardized_resnet18,patient,calibrated,conditional.accuracy,0.6666666666666666,0.5,0.8333333333333334,0.09085824630008746,0.95,bca,bca,False,,5000,5000,whole_patient_cluster,True,three_class_patient_label,50017
emcad,17,standardized_resnet18,patient,calibrated,conditional.balanced_accuracy,0.5499999999999999,0.3483881890119089,0.7666666666666666,0.11426068041766069,0.95,bca,bca,False,,5000,5000,whole_patient_cluster,True,three_class_patient_label,50017
emcad,17,standardized_resnet18,patient,calibrated,conditional.derived_discrimination.normal_vs_abnormal.auroc,0.9125,0.6093029486582867,1.0,0.07294250177683169,0.95,bca,bca,False,,5000,5000,whole_patient_cluster,True,three_class_patient_label,50017
emcad,17,standardized_resnet18,patient,calibrated,conditional.derived_discrimination.normal_vs_abnormal.average_precision,0.9308035714285714,0.7533307489291975,1.0,0.05297820585185619,0.95,bca,bca,False,,5000,5000,whole_patient_cluster,True,three_class_patient_label,50017
emcad,17,standardized_resnet18,patient,calibrated,conditional.derived_discrimination.papilledema_vs_pseudopapilledema.auroc,0.5,0.0625,0.9375,0.22433685002570553,0.95,bca,bca,False,,5000,5000,whole_patient_cluster,True,three_class_patient_label,50017
emcad,17,standardized_resnet18,patient,calibrated,conditional.derived_discrimination.papilledema_vs_pseudopapilledema.average_precision,0.5595238095238095,0.376468358902214,0.8166666666666667,0.14862460091748034,0.95,bca,bca,False,,5000,5000,whole_patient_cluster,True,three_class_patient_label,50017
emcad,17,standardized_resnet18,patient,calibrated,conditional.macro_auroc,0.8339285714285714,0.6024833629779901,0.955952380952381,0.08410812227836055,0.95,bca,bca,False,,5000,5000,whole_patient_cluster,True,three_class_patient_label,50017
emcad,17,standardized_resnet18,patient,calibrated,conditional.macro_average_precision,0.7641390091390091,0.5417922572899555,0.9242785091371234,0.09794894288003927,0.95,bca,bca,False,,5000,5000,whole_patient_cluster,True,three_class_patient_label,50017
emcad,17,standardized_resnet18,patient,calibrated,conditional.macro_classwise_ece,0.1842457690991853,0.09992670432770427,0.2824294797603749,0.04668758706734641,0.95,bca,bca,False,,5000,5000,whole_patient_cluster,True,three_class_patient_label,50017
emcad,17,standardized_resnet18,patient,calibrated,conditional.macro_f1,0.544973544973545,0.3442028985507246,0.8333333333333334,0.12347900067167841,0.95,bca,bca,False,,5000,5000,whole_patient_cluster,True,three_class_patient_label,50017
emcad,17,standardized_resnet18,patient,calibrated,conditional.multiclass_brier,0.4335034012320202,0.22800225654999284,0.7135699886407368,0.12565631567224728,0.95,bca,bca,False,,5000,5000,whole_patient_cluster,True,three_class_patient_label,50017
emcad,17,standardized_resnet18,patient,calibrated,conditional.multiclass_mcc,0.4267459067940983,0.10269797953221864,0.7225229918031747,0.16120185789074398,0.95,bca,bca,False,,5000,5000,whole_patient_cluster,True,three_class_patient_label,50017
emcad,17,standardized_resnet18,patient,calibrated,conditional.multiclass_nll,1.2050163430649339,0.48335370465931554,2.6372692856267403,0.49311366615870383,0.95,bca,bca,False,,5000,5000,whole_patient_cluster,True,three_class_patient_label,50017
emcad,17,standardized_resnet18,patient,calibrated,conditional.per_class.normal.auroc_ovr,0.9125,0.6383622029602218,1.0,0.07294250177683169,0.95,bca,bca,False,,5000,5000,whole_patient_cluster,True,three_class_patient_label,50017
emcad,17,standardized_resnet18,patient,calibrated,conditional.per_class.normal.average_precision_ovr,0.9187698412698412,0.7027409696529808,1.0,0.062343341139357196,0.95,bca,bca,False,,5000,5000,whole_patient_cluster,True,three_class_patient_label,50017
emcad,17,standardized_resnet18,patient,calibrated,conditional.per_class.normal.f1,0.8571428571428571,0.6666666666666666,0.9523809523809523,0.0735790664467175,0.95,bca,bca,False,,5000,5000,whole_patient_cluster,True,three_class_patient_label,50017
emcad,17,standardized_resnet18,patient,calibrated,conditional.per_class.normal.precision,0.8181818181818182,0.6116226726938874,1.0,0.0926964964424751,0.95,bca,bca,False,,5000,5000,whole_patient_cluster,True,three_class_patient_label,50017
emcad,17,standardized_resnet18,patient,calibrated,conditional.per_class.normal.recall,0.9,0.6,1.0,0.0968017278508136,0.95,bca,bca,False,,5000,5000,whole_patient_cluster,True,three_class_patient_label,50017
emcad,17,standardized_resnet18,patient,calibrated,conditional.per_class.papilledema.auroc_ovr,0.8392857142857143,0.5,1.0,0.11050771480449853,0.95,bca,bca,False,,5000,5000,whole_patient_cluster,True,three_class_patient_label,50017
emcad,17,standardized_resnet18,patient,calibrated,conditional.per_class.papilledema.average_precision_ovr,0.6950757575757576,0.36250000000000004,1.0,0.16420453931124385,0.95,bca,bca,False,,5000,5000,whole_patient_cluster,True,three_class_patient_label,50017
emcad,17,standardized_resnet18,patient,calibrated,conditional.per_class.papilledema.f1,0.3333333333333333,0.0,0.8571428571428571,0.24444974761793414,0.95,bca,bca,False,,5000,5000,whole_patient_cluster,True,three_class_patient_label,50017
emcad,17,standardized_resnet18,patient,calibrated,conditional.per_class.papilledema.precision,0.5,0.0,1.0,0.3740003216786007,0.95,bca,bca,False,,5000,5000,whole_patient_cluster,True,three_class_patient_label,50017
emcad,17,standardized_resnet18,patient,calibrated,conditional.per_class.papilledema.recall,0.25,0.0,0.75,0.2185469058349031,0.95,bca,bca,False,,5000,5000,whole_patient_cluster,True,three_class_patient_label,50017
emcad,17,standardized_resnet18,patient,calibrated,conditional.per_class.pseudopapilledema.auroc_ovr,0.75,0.35714285714285715,1.0,0.15326146396167334,0.95,bca,bca,False,,5000,5000,whole_patient_cluster,True,three_class_patient_label,50017
emcad,17,standardized_resnet18,patient,calibrated,conditional.per_class.pseudopapilledema.average_precision_ovr,0.6785714285714286,0.3125,1.0,0.17175815246251408,0.95,bca,bca,False,,5000,5000,whole_patient_cluster,True,three_class_patient_label,50017
emcad,17,standardized_resnet18,patient,calibrated,conditional.per_class.pseudopapilledema.f1,0.4444444444444444,0.0,0.8,0.19425326087357542,0.95,bca,bca,False,,5000,5000,whole_patient_cluster,True,three_class_patient_label,50017
emcad,17,standardized_resnet18,patient,calibrated,conditional.per_class.pseudopapilledema.precision,0.4,0.0,1.0,0.19624799163412213,0.95,bca,bca,False,,5000,5000,whole_patient_cluster,True,three_class_patient_label,50017
emcad,17,standardized_resnet18,patient,calibrated,conditional.per_class.pseudopapilledema.recall,0.5,0.0,1.0,0.24864367020888947,0.95,bca,bca,False,,5000,5000,whole_patient_cluster,True,three_class_patient_label,50017
emcad,17,standardized_resnet18,patient,calibrated,conditional.top_label_ece,0.25972879917662683,0.143363247080952,0.4036584134868571,0.06718964904190858,0.95,bca,bca,False,,5000,5000,whole_patient_cluster,True,three_class_patient_label,50017
emcad,17,standardized_resnet18,patient,calibrated,conditional_aurc,0.1376313864058962,0.03279774872912128,0.3400350973153007,0.0721866520518218,0.95,bca,bca,False,,5000,5000,whole_patient_cluster,True,three_class_patient_label,50017
emcad,17,standardized_resnet18,patient,calibrated,coverage,1.0,1.0,1.0,0.0,0.95,bca,bca,False,,5000,5000,whole_patient_cluster,True,three_class_patient_label,50017
emcad,17,standardized_resnet18,patient,calibrated,failure_aware.accuracy,0.6666666666666666,0.5,0.8333333333333334,0.09085824630008746,0.95,bca,bca,False,,5000,5000,whole_patient_cluster,True,three_class_patient_label,50017
emcad,17,standardized_resnet18,patient,calibrated,failure_aware.balanced_accuracy,0.5499999999999999,0.3483881890119089,0.7666666666666666,0.11426068041766069,0.95,bca,bca,False,,5000,5000,whole_patient_cluster,True,three_class_patient_label,50017
emcad,17,standardized_resnet18,patient,calibrated,failure_aware.macro_f1,0.544973544973545,0.3442028985507246,0.8333333333333334,0.12347900067167841,0.95,bca,bca,False,,5000,5000,whole_patient_cluster,True,three_class_patient_label,50017
emcad,17,standardized_resnet18,patient,calibrated,failure_aware.multiclass_mcc,0.4267459067940983,0.10269797953221864,0.7225229918031747,0.16120185789074398,0.95,bca,bca,False,,5000,5000,whole_patient_cluster,True,three_class_patient_label,50017
emcad,17,standardized_resnet18,patient,calibrated,failure_aware.per_class.normal.f1,0.8571428571428571,0.6666666666666666,0.9523809523809523,0.0735790664467175,0.95,bca,bca,False,,5000,5000,whole_patient_cluster,True,three_class_patient_label,50017
emcad,17,standardized_resnet18,patient,calibrated,failure_aware.per_class.normal.precision,0.8181818181818182,0.6116226726938874,1.0,0.0926964964424751,0.95,bca,bca,False,,5000,5000,whole_patient_cluster,True,three_class_patient_label,50017
emcad,17,standardized_resnet18,patient,calibrated,failure_aware.per_class.normal.recall,0.9,0.6,1.0,0.0968017278508136,0.95,bca,bca,False,,5000,5000,whole_patient_cluster,True,three_class_patient_label,50017
emcad,17,standardized_resnet18,patient,calibrated,failure_aware.per_class.papilledema.f1,0.3333333333333333,0.0,0.8571428571428571,0.24444974761793414,0.95,bca,bca,False,,5000,5000,whole_patient_cluster,True,three_class_patient_label,50017
emcad,17,standardized_resnet18,patient,calibrated,failure_aware.per_class.papilledema.precision,0.5,0.0,1.0,0.3740003216786007,0.95,bca,bca,False,,5000,5000,whole_patient_cluster,True,three_class_patient_label,50017
emcad,17,standardized_resnet18,patient,calibrated,failure_aware.per_class.papilledema.recall,0.25,0.0,0.75,0.2185469058349031,0.95,bca,bca,False,,5000,5000,whole_patient_cluster,True,three_class_patient_label,50017
emcad,17,standardized_resnet18,patient,calibrated,failure_aware.per_class.pseudopapilledema.f1,0.4444444444444444,0.0,0.8,0.19425326087357542,0.95,bca,bca,False,,5000,5000,whole_patient_cluster,True,three_class_patient_label,50017
emcad,17,standardized_resnet18,patient,calibrated,failure_aware.per_class.pseudopapilledema.precision,0.4,0.0,1.0,0.19624799163412213,0.95,bca,bca,False,,5000,5000,whole_patient_cluster,True,three_class_patient_label,50017
emcad,17,standardized_resnet18,patient,calibrated,failure_aware.per_class.pseudopapilledema.recall,0.5,0.0,1.0,0.24864367020888947,0.95,bca,bca,False,,5000,5000,whole_patient_cluster,True,three_class_patient_label,50017
emcad,17,standardized_resnet18,patient,calibrated,failure_aware_aurc,0.1376313864058962,0.03279774872912128,0.3400350973153007,0.0721866520518218,0.95,bca,bca,False,,5000,5000,whole_patient_cluster,True,three_class_patient_label,50017
emcad,17,standardized_resnet18,patient,calibrated,localized_diagnostic_success.rate,0.6666666666666666,0.5,0.8333333333333334,0.09085824630008746,0.95,bca,bca,False,,5000,5000,whole_patient_cluster,True,three_class_patient_label,50017
emcad,17,standardized_resnet18,patient,calibrated,selective_risk,0.3333333333333333,0.16666666666666666,0.5,0.09085824630008746,0.95,bca,bca,False,,5000,5000,whole_patient_cluster,True,three_class_patient_label,50017
emcad,17,standardized_resnet18,eye,calibrated,class_conditional_coverage.normal,1.0,1.0,1.0,0.0,0.95,bca,bca,False,,5000,5000,whole_patient_cluster,True,three_class_patient_label,50018
emcad,17,standardized_resnet18,eye,calibrated,class_conditional_coverage.papilledema,1.0,1.0,1.0,0.0,0.95,bca,bca,False,,5000,5000,whole_patient_cluster,True,three_class_patient_label,50018
emcad,17,standardized_resnet18,eye,calibrated,class_conditional_coverage.pseudopapilledema,1.0,1.0,1.0,0.0,0.95,bca,bca,False,,5000,5000,whole_patient_cluster,True,three_class_patient_label,50018
emcad,17,standardized_resnet18,eye,calibrated,conditional.accuracy,0.75,0.5833333333333334,0.8888888888888888,0.07325946992161844,0.95,bca,bca,False,,5000,5000,whole_patient_cluster,True,three_class_patient_label,50018
emcad,17,standardized_resnet18,eye,calibrated,conditional.balanced_accuracy,0.65,0.44166666666666665,0.8583333333333334,0.10401201643945593,0.95,bca,bca,False,,5000,5000,whole_patient_cluster,True,three_class_patient_label,50018
emcad,17,standardized_resnet18,eye,calibrated,conditional.derived_discrimination.normal_vs_abnormal.auroc,0.9125,0.678125,0.9875,0.06299287947318225,0.95,bca,bca,False,,5000,5000,whole_patient_cluster,True,three_class_patient_label,50018
emcad,17,standardized_resnet18,eye,calibrated,conditional.derived_discrimination.normal_vs_abnormal.average_precision,0.9193370287120287,0.7430139979736164,0.9901315789473684,0.05526920743717092,0.95,bca,bca,False,,5000,5000,whole_patient_cluster,True,three_class_patient_label,50018
emcad,17,standardized_resnet18,eye,calibrated,conditional.derived_discrimination.papilledema_vs_pseudopapilledema.auroc,0.5,0.140625,0.875,0.18905822763548724,0.95,bca,bca,False,,5000,5000,whole_patient_cluster,True,three_class_patient_label,50018
emcad,17,standardized_resnet18,eye,calibrated,conditional.derived_discrimination.papilledema_vs_pseudopapilledema.average_precision,0.5123473748473748,0.3723557692307693,0.7257898351648352,0.11824033338938943,0.95,bca,bca,False,,5000,5000,whole_patient_cluster,True,three_class_patient_label,50018
emcad,17,standardized_resnet18,eye,calibrated,conditional.macro_auroc,0.8056547619047619,0.5995100305655303,0.9196428571428572,0.07730097769948226,0.95,bca,bca,False,,5000,5000,whole_patient_cluster,True,three_class_patient_label,50018
emcad,17,standardized_resnet18,eye,calibrated,conditional.macro_average_precision,0.6733074857177193,0.4951081089995061,0.8482406597202141,0.09462449018044454,0.95,bca,bca,False,,5000,5000,whole_patient_cluster,True,three_class_patient_label,50018
emcad,17,standardized_resnet18,eye,calibrated,conditional.macro_classwise_ece,0.14297965544764143,0.09128431115643462,0.1634891000656418,0.031108949762345545,0.95,bca,bca,False,,5000,5000,whole_patient_cluster,True,three_class_patient_label,50018
emcad,17,standardized_resnet18,eye,calibrated,conditional.macro_f1,0.6587301587301587,0.4428164428164427,0.8704453441295547,0.10823293010767582,0.95,bca,bca,False,,5000,5000,whole_patient_cluster,True,three_class_patient_label,50018
emcad,17,standardized_resnet18,eye,calibrated,conditional.multiclass_brier,0.42092401273828844,0.270929691536553,0.6322906097900594,0.09046618001357908,0.95,bca,bca,False,,5000,5000,whole_patient_cluster,True,three_class_patient_label,50018
emcad,17,standardized_resnet18,eye,calibrated,conditional.multiclass_mcc,0.567974298160389,0.2765399457749686,0.8113918545148414,0.13408926882394342,0.95,bca,bca,False,,5000,5000,whole_patient_cluster,True,three_class_patient_label,50018
emcad,17,standardized_resnet18,eye,calibrated,conditional.multiclass_nll,0.7286170156081619,0.4966084569449714,1.0853083073286964,0.14572703027774103,0.95,bca,bca,False,,5000,5000,whole_patient_cluster,True,three_class_patient_label,50018
emcad,17,standardized_resnet18,eye,calibrated,conditional.per_class.normal.auroc_ovr,0.9125,0.6773672128881094,0.9875,0.06299287947318225,0.95,bca,bca,False,,5000,5000,whole_patient_cluster,True,three_class_patient_label,50018
emcad,17,standardized_resnet18,eye,calibrated,conditional.per_class.normal.average_precision_ovr,0.9258191962835927,0.7446295202871774,0.9916666666666666,0.05094130910238659,0.95,bca,bca,False,,5000,5000,whole_patient_cluster,True,three_class_patient_label,50018
emcad,17,standardized_resnet18,eye,calibrated,conditional.per_class.normal.f1,0.9047619047619048,0.7727272727272727,0.975609756097561,0.048872562688519944,0.95,bca,bca,False,,5000,5000,whole_patient_cluster,True,three_class_patient_label,50018
emcad,17,standardized_resnet18,eye,calibrated,conditional.per_class.normal.precision,0.8636363636363636,0.6666666666666666,1.0,0.0765013302008062,0.95,bca,bca,False,,5000,5000,whole_patient_cluster,True,three_class_patient_label,50018
emcad,17,standardized_resnet18,eye,calibrated,conditional.per_class.normal.recall,0.95,0.8,1.0,0.04720332118300725,0.95,bca,bca,False,,5000,5000,whole_patient_cluster,True,three_class_patient_label,50018
emcad,17,standardized_resnet18,eye,calibrated,conditional.per_class.papilledema.auroc_ovr,0.7767857142857143,0.5044642857142858,0.9508928571428572,0.11053208350556527,0.95,bca,bca,False,,5000,5000,whole_patient_cluster,True,three_class_patient_label,50018
emcad,17,standardized_resnet18,eye,calibrated,conditional.per_class.papilledema.average_precision_ovr,0.6091032608695652,0.3054411213919673,0.9472222222222222,0.17028838865255383,0.95,bca,bca,False,,5000,5000,whole_patient_cluster,True,three_class_patient_label,50018
emcad,17,standardized_resnet18,eye,calibrated,conditional.per_class.papilledema.f1,0.5714285714285714,0.25,0.8571428571428571,0.1668791073385726,0.95,bca,bca,False,,5000,5000,whole_patient_cluster,True,three_class_patient_label,50018
emcad,17,standardized_resnet18,eye,calibrated,conditional.per_class.papilledema.precision,0.6666666666666666,0.0,1.0,0.23007857762120335,0.95,bca,bca,False,,5000,5000,whole_patient_cluster,True,three_class_patient_label,50018
emcad,17,standardized_resnet18,eye,calibrated,conditional.per_class.papilledema.recall,0.5,0.125,0.875,0.1781409448000174,0.95,bca,bca,False,,5000,5000,whole_patient_cluster,True,three_class_patient_label,50018
emcad,17,standardized_resnet18,eye,calibrated,conditional.per_class.pseudopapilledema.auroc_ovr,0.7276785714285715,0.34375,0.9464285714285714,0.1441578786932133,0.95,bca,bca,False,,5000,5000,whole_patient_cluster,True,three_class_patient_label,50018
emcad,17,standardized_resnet18,eye,calibrated,conditional.per_class.pseudopapilledema.average_precision_ovr,0.485,0.22045439381896312,0.824017043493424,0.17276122839169933,0.95,bca,bca,False,,5000,5000,whole_patient_cluster,True,three_class_patient_label,50018
emcad,17,standardized_resnet18,eye,calibrated,conditional.per_class.pseudopapilledema.f1,0.5,0.0,0.8421052631578947,0.19963367435978685,0.95,bca,bca,False,,5000,5000,whole_patient_cluster,True,three_class_patient_label,50018
emcad,17,standardized_resnet18,eye,calibrated,conditional.per_class.pseudopapilledema.precision,0.5,0.0,0.8,0.17663309370494018,0.95,bca,bca,False,,5000,5000,whole_patient_cluster,True,three_class_patient_label,50018
emcad,17,standardized_resnet18,eye,calibrated,conditional.per_class.pseudopapilledema.recall,0.5,0.0,1.0,0.24798838107344764,0.95,bca,bca,False,,5000,5000,whole_patient_cluster,True,three_class_patient_label,50018
emcad,17,standardized_resnet18,eye,calibrated,conditional.top_label_ece,0.10407180682919136,0.037162754437316176,0.13862449604981816,0.04825776065834353,0.95,bca,bca,False,,5000,5000,whole_patient_cluster,True,three_class_patient_label,50018
emcad,17,standardized_resnet18,eye,calibrated,conditional_aurc,0.15248785764344838,0.054750168905414995,0.33266274794470896,0.06786698522973672,0.95,bca,bca,False,,5000,5000,whole_patient_cluster,True,three_class_patient_label,50018
emcad,17,standardized_resnet18,eye,calibrated,coverage,1.0,1.0,1.0,0.0,0.95,bca,bca,False,,5000,5000,whole_patient_cluster,True,three_class_patient_label,50018
emcad,17,standardized_resnet18,eye,calibrated,failure_aware.accuracy,0.75,0.5833333333333334,0.8888888888888888,0.07325946992161844,0.95,bca,bca,False,,5000,5000,whole_patient_cluster,True,three_class_patient_label,50018
emcad,17,standardized_resnet18,eye,calibrated,failure_aware.balanced_accuracy,0.65,0.44166666666666665,0.8583333333333334,0.10401201643945593,0.95,bca,bca,False,,5000,5000,whole_patient_cluster,True,three_class_patient_label,50018
emcad,17,standardized_resnet18,eye,calibrated,failure_aware.macro_f1,0.6587301587301587,0.4428164428164427,0.8704453441295547,0.10823293010767582,0.95,bca,bca,False,,5000,5000,whole_patient_cluster,True,three_class_patient_label,50018
emcad,17,standardized_resnet18,eye,calibrated,failure_aware.multiclass_mcc,0.567974298160389,0.2765399457749686,0.8113918545148414,0.13408926882394342,0.95,bca,bca,False,,5000,5000,whole_patient_cluster,True,three_class_patient_label,50018
emcad,17,standardized_resnet18,eye,calibrated,failure_aware.per_class.normal.f1,0.9047619047619048,0.7727272727272727,0.975609756097561,0.048872562688519944,0.95,bca,bca,False,,5000,5000,whole_patient_cluster,True,three_class_patient_label,50018
emcad,17,standardized_resnet18,eye,calibrated,failure_aware.per_class.normal.precision,0.8636363636363636,0.6666666666666666,1.0,0.0765013302008062,0.95,bca,bca,False,,5000,5000,whole_patient_cluster,True,three_class_patient_label,50018
emcad,17,standardized_resnet18,eye,calibrated,failure_aware.per_class.normal.recall,0.95,0.8,1.0,0.04720332118300725,0.95,bca,bca,False,,5000,5000,whole_patient_cluster,True,three_class_patient_label,50018
emcad,17,standardized_resnet18,eye,calibrated,failure_aware.per_class.papilledema.f1,0.5714285714285714,0.25,0.8571428571428571,0.1668791073385726,0.95,bca,bca,False,,5000,5000,whole_patient_cluster,True,three_class_patient_label,50018
emcad,17,standardized_resnet18,eye,calibrated,failure_aware.per_class.papilledema.precision,0.6666666666666666,0.0,1.0,0.23007857762120335,0.95,bca,bca,False,,5000,5000,whole_patient_cluster,True,three_class_patient_label,50018
emcad,17,standardized_resnet18,eye,calibrated,failure_aware.per_class.papilledema.recall,0.5,0.125,0.875,0.1781409448000174,0.95,bca,bca,False,,5000,5000,whole_patient_cluster,True,three_class_patient_label,50018
emcad,17,standardized_resnet18,eye,calibrated,failure_aware.per_class.pseudopapilledema.f1,0.5,0.0,0.8421052631578947,0.19963367435978685,0.95,bca,bca,False,,5000,5000,whole_patient_cluster,True,three_class_patient_label,50018
emcad,17,standardized_resnet18,eye,calibrated,failure_aware.per_class.pseudopapilledema.precision,0.5,0.0,0.8,0.17663309370494018,0.95,bca,bca,False,,5000,5000,whole_patient_cluster,True,three_class_patient_label,50018
emcad,17,standardized_resnet18,eye,calibrated,failure_aware.per_class.pseudopapilledema.recall,0.5,0.0,1.0,0.24798838107344764,0.95,bca,bca,False,,5000,5000,whole_patient_cluster,True,three_class_patient_label,50018
emcad,17,standardized_resnet18,eye,calibrated,failure_aware_aurc,0.15248785764344838,0.054750168905414995,0.33266274794470896,0.06786698522973672,0.95,bca,bca,False,,5000,5000,whole_patient_cluster,True,three_class_patient_label,50018
emcad,17,standardized_resnet18,eye,calibrated,localized_diagnostic_success.rate,0.75,0.5833333333333334,0.8888888888888888,0.07325946992161844,0.95,bca,bca,False,,5000,5000,whole_patient_cluster,True,three_class_patient_label,50018
emcad,17,standardized_resnet18,eye,calibrated,selective_risk,0.25,0.1111111111111111,0.4166666666666667,0.07325946992161843,0.95,bca,bca,False,,5000,5000,whole_patient_cluster,True,three_class_patient_label,50018
emcad,42,model_specific,patient,calibrated,class_conditional_coverage.normal,1.0,1.0,1.0,0.0,0.95,bca,bca,False,,5000,5000,whole_patient_cluster,True,three_class_patient_label,50042
emcad,42,model_specific,patient,calibrated,class_conditional_coverage.papilledema,1.0,1.0,1.0,0.0,0.95,bca,bca,False,,5000,5000,whole_patient_cluster,True,three_class_patient_label,50042
emcad,42,model_specific,patient,calibrated,class_conditional_coverage.pseudopapilledema,1.0,1.0,1.0,0.0,0.95,bca,bca,False,,5000,5000,whole_patient_cluster,True,three_class_patient_label,50042
emcad,42,model_specific,patient,calibrated,conditional.accuracy,0.7777777777777778,0.7777777777777778,0.7777777777777778,0.0,0.95,bca,bca,False,,5000,5000,whole_patient_cluster,True,three_class_patient_label,50042
emcad,42,model_specific,patient,calibrated,conditional.balanced_accuracy,0.6666666666666666,0.6666666666666666,0.6666666666666666,1.1103340635837404e-16,0.95,bca,bca,False,,5000,5000,whole_patient_cluster,True,three_class_patient_label,50042
emcad,42,model_specific,patient,calibrated,conditional.derived_discrimination.normal_vs_abnormal.auroc,0.8875,0.6499999999999999,1.0,0.07449484073584729,0.95,bca,bca,False,,5000,5000,whole_patient_cluster,True,three_class_patient_label,50042
emcad,42,model_specific,patient,calibrated,conditional.derived_discrimination.normal_vs_abnormal.average_precision,0.9089285714285714,0.778125,1.0,0.053597673310646084,0.95,bca,bca,False,,5000,5000,whole_patient_cluster,True,three_class_patient_label,50042
emcad,42,model_specific,patient,calibrated,conditional.derived_discrimination.papilledema_vs_pseudopapilledema.auroc,0.75,0.25,1.0,0.19033882985095238,0.95,bca,bca,False,,5000,5000,whole_patient_cluster,True,three_class_patient_label,50042
emcad,42,model_specific,patient,calibrated,conditional.derived_discrimination.papilledema_vs_pseudopapilledema.average_precision,0.8166666666666667,0.49107142857142855,1.0,0.12031156335133589,0.95,bca,bca,False,,5000,5000,whole_patient_cluster,True,three_class_patient_label,50042
emcad,42,model_specific,patient,calibrated,conditional.macro_auroc,0.8136904761904762,0.652790294471178,0.9202380952380952,0.06582316473213735,0.95,bca,bca,False,,5000,5000,whole_patient_cluster,True,three_class_patient_label,50042
emcad,42,model_specific,patient,calibrated,conditional.macro_average_precision,0.6910425685425685,0.5741899728909081,0.8165501165501166,0.07038026697800936,0.95,bca,bca,False,,5000,5000,whole_patient_cluster,True,three_class_patient_label,50042
emcad,42,model_specific,patient,calibrated,conditional.macro_classwise_ece,0.13638881217782747,0.09512051554677126,0.16822234939070457,0.02237814430784813,0.95,bca,bca,False,,5000,5000,whole_patient_cluster,True,three_class_patient_label,50042
emcad,42,model_specific,patient,calibrated,conditional.macro_f1,0.5696969696969697,0.5555555555555555,0.6111111111111112,0.014313154051809164,0.95,bca,bca,False,,5000,5000,whole_patient_cluster,True,three_class_patient_label,50042
emcad,42,model_specific,patient,calibrated,conditional.multiclass_brier,0.38783919237713843,0.32046722667686994,0.4736230173783605,0.03973541147975479,0.95,bca,bca,False,,5000,5000,whole_patient_cluster,True,three_class_patient_label,50042
emcad,42,model_specific,patient,calibrated,conditional.multiclass_mcc,0.649519052838329,0.6456213465158375,0.6846531968814576,0.01044086998523951,0.95,bca,bca,False,,5000,5000,whole_patient_cluster,True,three_class_patient_label,50042
emcad,42,model_specific,patient,calibrated,conditional.multiclass_nll,0.6189497829351975,0.48254904108177676,0.8203979878369898,0.08625672870918379,0.95,bca,bca,False,,5000,5000,whole_patient_cluster,True,three_class_patient_label,50042
emcad,42,model_specific,patient,calibrated,conditional.per_class.normal.auroc_ovr,0.8875,0.6584192836690492,1.0,0.07449484073584728,0.95,bca,bca,False,,5000,5000,whole_patient_cluster,True,three_class_patient_label,50042
emcad,42,model_specific,patient,calibrated,conditional.per_class.normal.average_precision_ovr,0.9016991341991341,0.694910397875945,0.990909090909091,0.061633172267716405,0.95,bca,bca,False,,5000,5000,whole_patient_cluster,True,three_class_patient_label,50042
emcad,42,model_specific,patient,calibrated,conditional.per_class.normal.f1,0.9090909090909091,0.8333333333333334,1.0,0.04232613838080843,0.95,bca,bca,False,,5000,5000,whole_patient_cluster,True,three_class_patient_label,50042
emcad,42,model_specific,patient,calibrated,conditional.per_class.normal.precision,0.8333333333333334,0.7142857142857143,1.0,0.07237654093833654,0.95,bca,bca,False,,5000,5000,whole_patient_cluster,True,three_class_patient_label,50042
emcad,42,model_specific,patient,calibrated,conditional.per_class.normal.recall,1.0,1.0,1.0,0.0,0.95,bca,bca,False,,5000,5000,whole_patient_cluster,True,three_class_patient_label,50042
emcad,42,model_specific,patient,calibrated,conditional.per_class.papilledema.auroc_ovr,0.9285714285714286,0.7857142857142857,1.0,0.05438252281455783,0.95,bca,bca,False,,5000,5000,whole_patient_cluster,True,three_class_patient_label,50042
emcad,42,model_specific,patient,calibrated,conditional.per_class.papilledema.average_precision_ovr,0.8166666666666667,0.49107142857142855,1.0,0.1194407855854991,0.95,bca,bca,False,,5000,5000,whole_patient_cluster,True,three_class_patient_label,50042
emcad,42,model_specific,patient,calibrated,conditional.per_class.papilledema.f1,0.8,0.6666666666666666,1.0,0.08390001494627225,0.95,bca,bca,False,,5000,5000,whole_patient_cluster,True,three_class_patient_label,50042
emcad,42,model_specific,patient,calibrated,conditional.per_class.papilledema.precision,0.6666666666666666,0.5,1.0,0.12411562913276421,0.95,bca,bca,False,,5000,5000,whole_patient_cluster,True,three_class_patient_label,50042
emcad,42,model_specific,patient,calibrated,conditional.per_class.papilledema.recall,1.0,1.0,1.0,0.0,0.95,bca,bca,False,,5000,5000,whole_patient_cluster,True,three_class_patient_label,50042
emcad,42,model_specific,patient,calibrated,conditional.per_class.pseudopapilledema.auroc_ovr,0.625,0.3214285714285714,0.8571428571428571,0.14223178699344358,0.95,bca,bca,False,,5000,5000,whole_patient_cluster,True,three_class_patient_label,50042
emcad,42,model_specific,patient,calibrated,conditional.per_class.pseudopapilledema.average_precision_ovr,0.3547619047619048,0.22424242424242424,0.6339285714285714,0.13247013261590054,0.95,bca,bca,False,,5000,5000,whole_patient_cluster,True,three_class_patient_label,50042
emcad,42,model_specific,patient,calibrated,conditional.per_class.pseudopapilledema.f1,0.0,0.0,0.0,0.0,0.95,bca,bca,False,,5000,5000,whole_patient_cluster,True,three_class_patient_label,50042
emcad,42,model_specific,patient,calibrated,conditional.per_class.pseudopapilledema.precision,0.0,0.0,0.0,0.0,0.95,bca,bca,False,,5000,5000,whole_patient_cluster,True,three_class_patient_label,50042
emcad,42,model_specific,patient,calibrated,conditional.per_class.pseudopapilledema.recall,0.0,0.0,0.0,0.0,0.95,bca,bca,False,,5000,5000,whole_patient_cluster,True,three_class_patient_label,50042
emcad,42,model_specific,patient,calibrated,conditional.top_label_ece,0.17791638858045966,0.09512439853135744,0.2326638507620724,0.04777573452226045,0.95,bca,bca,False,,5000,5000,whole_patient_cluster,True,three_class_patient_label,50042
emcad,42,model_specific,patient,calibrated,conditional_aurc,0.14496947315574768,0.06671909698870485,0.31305597896460163,0.05546270184724122,0.95,bca,bca,False,,5000,5000,whole_patient_cluster,True,three_class_patient_label,50042
emcad,42,model_specific,patient,calibrated,coverage,1.0,1.0,1.0,0.0,0.95,bca,bca,False,,5000,5000,whole_patient_cluster,True,three_class_patient_label,50042
emcad,42,model_specific,patient,calibrated,failure_aware.accuracy,0.7777777777777778,0.7777777777777778,0.7777777777777778,0.0,0.95,bca,bca,False,,5000,5000,whole_patient_cluster,True,three_class_patient_label,50042
emcad,42,model_specific,patient,calibrated,failure_aware.balanced_accuracy,0.6666666666666666,0.6666666666666666,0.6666666666666666,1.1103340635837404e-16,0.95,bca,bca,False,,5000,5000,whole_patient_cluster,True,three_class_patient_label,50042
emcad,42,model_specific,patient,calibrated,failure_aware.macro_f1,0.5696969696969697,0.5555555555555555,0.6111111111111112,0.014313154051809164,0.95,bca,bca,False,,5000,5000,whole_patient_cluster,True,three_class_patient_label,50042
emcad,42,model_specific,patient,calibrated,failure_aware.multiclass_mcc,0.649519052838329,0.6456213465158375,0.6846531968814576,0.01044086998523951,0.95,bca,bca,False,,5000,5000,whole_patient_cluster,True,three_class_patient_label,50042
emcad,42,model_specific,patient,calibrated,failure_aware.per_class.normal.f1,0.9090909090909091,0.8333333333333334,1.0,0.04232613838080843,0.95,bca,bca,False,,5000,5000,whole_patient_cluster,True,three_class_patient_label,50042
emcad,42,model_specific,patient,calibrated,failure_aware.per_class.normal.precision,0.8333333333333334,0.7142857142857143,1.0,0.07237654093833654,0.95,bca,bca,False,,5000,5000,whole_patient_cluster,True,three_class_patient_label,50042
emcad,42,model_specific,patient,calibrated,failure_aware.per_class.normal.recall,1.0,1.0,1.0,0.0,0.95,bca,bca,False,,5000,5000,whole_patient_cluster,True,three_class_patient_label,50042
emcad,42,model_specific,patient,calibrated,failure_aware.per_class.papilledema.f1,0.8,0.6666666666666666,1.0,0.08390001494627225,0.95,bca,bca,False,,5000,5000,whole_patient_cluster,True,three_class_patient_label,50042
emcad,42,model_specific,patient,calibrated,failure_aware.per_class.papilledema.precision,0.6666666666666666,0.5,1.0,0.12411562913276421,0.95,bca,bca,False,,5000,5000,whole_patient_cluster,True,three_class_patient_label,50042
emcad,42,model_specific,patient,calibrated,failure_aware.per_class.papilledema.recall,1.0,1.0,1.0,0.0,0.95,bca,bca,False,,5000,5000,whole_patient_cluster,True,three_class_patient_label,50042
emcad,42,model_specific,patient,calibrated,failure_aware.per_class.pseudopapilledema.f1,0.0,0.0,0.0,0.0,0.95,bca,bca,False,,5000,5000,whole_patient_cluster,True,three_class_patient_label,50042
emcad,42,model_specific,patient,calibrated,failure_aware.per_class.pseudopapilledema.precision,0.0,0.0,0.0,0.0,0.95,bca,bca,False,,5000,5000,whole_patient_cluster,True,three_class_patient_label,50042
emcad,42,model_specific,patient,calibrated,failure_aware.per_class.pseudopapilledema.recall,0.0,0.0,0.0,0.0,0.95,bca,bca,False,,5000,5000,whole_patient_cluster,True,three_class_patient_label,50042
emcad,42,model_specific,patient,calibrated,failure_aware_aurc,0.14496947315574768,0.06671909698870485,0.31305597896460163,0.05546270184724122,0.95,bca,bca,False,,5000,5000,whole_patient_cluster,True,three_class_patient_label,50042
emcad,42,model_specific,patient,calibrated,localized_diagnostic_success.rate,0.7777777777777778,0.7777777777777778,0.7777777777777778,0.0,0.95,bca,bca,False,,5000,5000,whole_patient_cluster,True,three_class_patient_label,50042
emcad,42,model_specific,patient,calibrated,selective_risk,0.2222222222222222,0.2222222222222222,0.2222222222222222,5.551670317918702e-17,0.95,bca,bca,False,,5000,5000,whole_patient_cluster,True,three_class_patient_label,50042
emcad,42,model_specific,eye,calibrated,class_conditional_coverage.normal,1.0,1.0,1.0,0.0,0.95,bca,bca,False,,5000,5000,whole_patient_cluster,True,three_class_patient_label,50043
emcad,42,model_specific,eye,calibrated,class_conditional_coverage.papilledema,1.0,1.0,1.0,0.0,0.95,bca,bca,False,,5000,5000,whole_patient_cluster,True,three_class_patient_label,50043
emcad,42,model_specific,eye,calibrated,class_conditional_coverage.pseudopapilledema,1.0,1.0,1.0,0.0,0.95,bca,bca,False,,5000,5000,whole_patient_cluster,True,three_class_patient_label,50043
emcad,42,model_specific,eye,calibrated,conditional.accuracy,0.7222222222222222,0.6666666666666666,0.7777777777777778,0.027679988346628565,0.95,bca,bca,False,,5000,5000,whole_patient_cluster,True,three_class_patient_label,50043
emcad,42,model_specific,eye,calibrated,conditional.balanced_accuracy,0.5833333333333334,0.5,0.6666666666666666,0.04151998251994283,0.95,bca,bca,False,,5000,5000,whole_patient_cluster,True,three_class_patient_label,50043
emcad,42,model_specific,eye,calibrated,conditional.derived_discrimination.normal_vs_abnormal.auroc,0.875,0.6521258426215992,0.9999999999999999,0.07595407476004105,0.95,bca,bca,False,,5000,5000,whole_patient_cluster,True,three_class_patient_label,50043
emcad,42,model_specific,eye,calibrated,conditional.derived_discrimination.normal_vs_abnormal.average_precision,0.9022193084693084,0.7678427940753395,1.0,0.05603360860228721,0.95,bca,bca,False,,5000,5000,whole_patient_cluster,True,three_class_patient_label,50043
emcad,42,model_specific,eye,calibrated,conditional.derived_discrimination.papilledema_vs_pseudopapilledema.auroc,0.6875,0.375,1.0,0.16064564750114524,0.95,bca,bca,False,,5000,5000,whole_patient_cluster,True,three_class_patient_label,50043
emcad,42,model_specific,eye,calibrated,conditional.derived_discrimination.papilledema_vs_pseudopapilledema.average_precision,0.7940934065934065,0.5,1.0,0.12143495258288065,0.95,bca,bca,False,,5000,5000,whole_patient_cluster,True,three_class_patient_label,50043
emcad,42,model_specific,eye,calibrated,conditional.macro_auroc,0.7827380952380952,0.631544773239003,0.8541666666666666,0.05121536394817452,0.95,bca,bca,False,,5000,5000,whole_patient_cluster,True,three_class_patient_label,50043
emcad,42,model_specific,eye,calibrated,conditional.macro_average_precision,0.5953536911473152,0.5256018845214241,0.6351848992569754,0.03875146731377344,0.95,bca,bca,False,,5000,5000,whole_patient_cluster,True,three_class_patient_label,50043
emcad,42,model_specific,eye,calibrated,conditional.macro_classwise_ece,0.10319116162081034,0.06427012318508449,0.13277600470203157,0.02482017478731948,0.95,bca,bca,False,,5000,5000,whole_patient_cluster,True,three_class_patient_label,50043
emcad,42,model_specific,eye,calibrated,conditional.macro_f1,0.5252525252525252,0.4696969696969697,0.5861513687600644,0.02754239723814544,0.95,bca,bca,False,,5000,5000,whole_patient_cluster,True,three_class_patient_label,50043
emcad,42,model_specific,eye,calibrated,conditional.multiclass_brier,0.38121553283482734,0.3194931443068301,0.46689665751272963,0.03718865199421812,0.95,bca,bca,False,,5000,5000,whole_patient_cluster,True,three_class_patient_label,50043
emcad,42,model_specific,eye,calibrated,conditional.multiclass_mcc,0.5233973683491399,0.41079191812887456,0.649519052838329,0.06103355897853724,0.95,bca,bca,False,,5000,5000,whole_patient_cluster,True,three_class_patient_label,50043
emcad,42,model_specific,eye,calibrated,conditional.multiclass_nll,0.6055360457635046,0.5102917268512143,0.7418488209187049,0.058132350481737434,0.95,bca,bca,False,,5000,5000,whole_patient_cluster,True,three_class_patient_label,50043
emcad,42,model_specific,eye,calibrated,conditional.per_class.normal.auroc_ovr,0.875,0.6522595444069436,1.0,0.07595407476004105,0.95,bca,bca,False,,5000,5000,whole_patient_cluster,True,three_class_patient_label,50043
emcad,42,model_specific,eye,calibrated,conditional.per_class.normal.average_precision_ovr,0.8723741889326928,0.6648726713306276,0.9825055061897168,0.07435922383157717,0.95,bca,bca,False,,5000,5000,whole_patient_cluster,True,three_class_patient_label,50043
emcad,42,model_specific,eye,calibrated,conditional.per_class.normal.f1,0.9090909090909091,0.8333333333333334,1.0,0.04182723868356236,0.95,bca,bca,False,,5000,5000,whole_patient_cluster,True,three_class_patient_label,50043
emcad,42,model_specific,eye,calibrated,conditional.per_class.normal.precision,0.8333333333333334,0.7142857142857143,1.0,0.07156925023591082,0.95,bca,bca,False,,5000,5000,whole_patient_cluster,True,three_class_patient_label,50043
emcad,42,model_specific,eye,calibrated,conditional.per_class.normal.recall,1.0,1.0,1.0,0.0,0.95,bca,bca,False,,5000,5000,whole_patient_cluster,True,three_class_patient_label,50043
emcad,42,model_specific,eye,calibrated,conditional.per_class.papilledema.auroc_ovr,0.9107142857142858,0.8214285714285714,1.0,0.045898756428898645,0.95,bca,bca,False,,5000,5000,whole_patient_cluster,True,three_class_patient_label,50043
emcad,42,model_specific,eye,calibrated,conditional.per_class.papilledema.average_precision_ovr,0.6285037878787879,0.43898809523809523,0.8284722222222223,0.13121393086183356,0.95,bca,bca,False,,5000,5000,whole_patient_cluster,True,three_class_patient_label,50043
emcad,42,model_specific,eye,calibrated,conditional.per_class.papilledema.f1,0.6666666666666666,0.47619047619047616,0.8888888888888888,0.10638049083691116,0.95,bca,bca,False,,5000,5000,whole_patient_cluster,True,three_class_patient_label,50043
emcad,42,model_specific,eye,calibrated,conditional.per_class.papilledema.precision,0.6,0.38461538461538464,1.0,0.1435291228530776,0.95,bca,bca,False,,5000,5000,whole_patient_cluster,True,three_class_patient_label,50043
emcad,42,model_specific,eye,calibrated,conditional.per_class.papilledema.recall,0.75,0.5,1.0,0.12455994755982848,0.95,bca,bca,False,,5000,5000,whole_patient_cluster,True,three_class_patient_label,50043
emcad,42,model_specific,eye,calibrated,conditional.per_class.pseudopapilledema.auroc_ovr,0.5625,0.29017857142857145,0.7410714285714286,0.11159540540686248,0.95,bca,bca,False,,5000,5000,whole_patient_cluster,True,three_class_patient_label,50043
emcad,42,model_specific,eye,calibrated,conditional.per_class.pseudopapilledema.average_precision_ovr,0.28518309663046504,0.19220741916825546,0.43077783713234824,0.07550487368932231,0.95,bca,bca,False,,5000,5000,whole_patient_cluster,True,three_class_patient_label,50043
emcad,42,model_specific,eye,calibrated,conditional.per_class.pseudopapilledema.f1,0.0,0.0,0.0,0.0,0.95,bca,bca,False,,5000,5000,whole_patient_cluster,True,three_class_patient_label,50043
emcad,42,model_specific,eye,calibrated,conditional.per_class.pseudopapilledema.precision,0.0,0.0,0.0,0.0,0.95,bca,bca,False,,5000,5000,whole_patient_cluster,True,three_class_patient_label,50043
emcad,42,model_specific,eye,calibrated,conditional.per_class.pseudopapilledema.recall,0.0,0.0,0.0,0.0,0.95,bca,bca,False,,5000,5000,whole_patient_cluster,True,three_class_patient_label,50043
emcad,42,model_specific,eye,calibrated,conditional.top_label_ece,0.10855724096448305,0.04230273624459377,0.17693829181348772,0.04555428906545794,0.95,bca,bca,False,,5000,5000,whole_patient_cluster,True,three_class_patient_label,50043
emcad,42,model_specific,eye,calibrated,conditional_aurc,0.17848070350074138,0.09914504199730982,0.34428895048053054,0.05694852710534811,0.95,bca,bca,False,,5000,5000,whole_patient_cluster,True,three_class_patient_label,50043
emcad,42,model_specific,eye,calibrated,coverage,1.0,1.0,1.0,0.0,0.95,bca,bca,False,,5000,5000,whole_patient_cluster,True,three_class_patient_label,50043
emcad,42,model_specific,eye,calibrated,failure_aware.accuracy,0.7222222222222222,0.6666666666666666,0.7777777777777778,0.027679988346628565,0.95,bca,bca,False,,5000,5000,whole_patient_cluster,True,three_class_patient_label,50043
emcad,42,model_specific,eye,calibrated,failure_aware.balanced_accuracy,0.5833333333333334,0.5,0.6666666666666666,0.04151998251994283,0.95,bca,bca,False,,5000,5000,whole_patient_cluster,True,three_class_patient_label,50043
emcad,42,model_specific,eye,calibrated,failure_aware.macro_f1,0.5252525252525252,0.4696969696969697,0.5861513687600644,0.02754239723814544,0.95,bca,bca,False,,5000,5000,whole_patient_cluster,True,three_class_patient_label,50043
emcad,42,model_specific,eye,calibrated,failure_aware.multiclass_mcc,0.5233973683491399,0.41079191812887456,0.649519052838329,0.06103355897853724,0.95,bca,bca,False,,5000,5000,whole_patient_cluster,True,three_class_patient_label,50043
emcad,42,model_specific,eye,calibrated,failure_aware.per_class.normal.f1,0.9090909090909091,0.8333333333333334,1.0,0.04182723868356236,0.95,bca,bca,False,,5000,5000,whole_patient_cluster,True,three_class_patient_label,50043
emcad,42,model_specific,eye,calibrated,failure_aware.per_class.normal.precision,0.8333333333333334,0.7142857142857143,1.0,0.07156925023591082,0.95,bca,bca,False,,5000,5000,whole_patient_cluster,True,three_class_patient_label,50043
emcad,42,model_specific,eye,calibrated,failure_aware.per_class.normal.recall,1.0,1.0,1.0,0.0,0.95,bca,bca,False,,5000,5000,whole_patient_cluster,True,three_class_patient_label,50043
emcad,42,model_specific,eye,calibrated,failure_aware.per_class.papilledema.f1,0.6666666666666666,0.47619047619047616,0.8888888888888888,0.10638049083691116,0.95,bca,bca,False,,5000,5000,whole_patient_cluster,True,three_class_patient_label,50043
emcad,42,model_specific,eye,calibrated,failure_aware.per_class.papilledema.precision,0.6,0.38461538461538464,1.0,0.1435291228530776,0.95,bca,bca,False,,5000,5000,whole_patient_cluster,True,three_class_patient_label,50043
emcad,42,model_specific,eye,calibrated,failure_aware.per_class.papilledema.recall,0.75,0.5,1.0,0.12455994755982848,0.95,bca,bca,False,,5000,5000,whole_patient_cluster,True,three_class_patient_label,50043
emcad,42,model_specific,eye,calibrated,failure_aware.per_class.pseudopapilledema.f1,0.0,0.0,0.0,0.0,0.95,bca,bca,False,,5000,5000,whole_patient_cluster,True,three_class_patient_label,50043
emcad,42,model_specific,eye,calibrated,failure_aware.per_class.pseudopapilledema.precision,0.0,0.0,0.0,0.0,0.95,bca,bca,False,,5000,5000,whole_patient_cluster,True,three_class_patient_label,50043
emcad,42,model_specific,eye,calibrated,failure_aware.per_class.pseudopapilledema.recall,0.0,0.0,0.0,0.0,0.95,bca,bca,False,,5000,5000,whole_patient_cluster,True,three_class_patient_label,50043
emcad,42,model_specific,eye,calibrated,failure_aware_aurc,0.17848070350074138,0.09914504199730982,0.34428895048053054,0.05694852710534811,0.95,bca,bca,False,,5000,5000,whole_patient_cluster,True,three_class_patient_label,50043
emcad,42,model_specific,eye,calibrated,localized_diagnostic_success.rate,0.7222222222222222,0.6666666666666666,0.7777777777777778,0.027679988346628565,0.95,bca,bca,False,,5000,5000,whole_patient_cluster,True,three_class_patient_label,50043
emcad,42,model_specific,eye,calibrated,selective_risk,0.2777777777777778,0.2222222222222222,0.3333333333333333,0.027679988346628555,0.95,bca,bca,False,,5000,5000,whole_patient_cluster,True,three_class_patient_label,50043
emcad,42,standardized_resnet18,patient,calibrated,class_conditional_coverage.normal,1.0,1.0,1.0,0.0,0.95,bca,bca,False,,5000,5000,whole_patient_cluster,True,three_class_patient_label,50042
emcad,42,standardized_resnet18,patient,calibrated,class_conditional_coverage.papilledema,1.0,1.0,1.0,0.0,0.95,bca,bca,False,,5000,5000,whole_patient_cluster,True,three_class_patient_label,50042
emcad,42,standardized_resnet18,patient,calibrated,class_conditional_coverage.pseudopapilledema,1.0,1.0,1.0,0.0,0.95,bca,bca,False,,5000,5000,whole_patient_cluster,True,three_class_patient_label,50042
emcad,42,standardized_resnet18,patient,calibrated,conditional.accuracy,0.7777777777777778,0.6111111111111112,0.8888888888888888,0.06811586029127466,0.95,bca,bca,False,,5000,5000,whole_patient_cluster,True,three_class_patient_label,50042
emcad,42,standardized_resnet18,patient,calibrated,conditional.balanced_accuracy,0.6666666666666666,0.5,0.8333333333333334,0.10217379043691197,0.95,bca,bca,False,,5000,5000,whole_patient_cluster,True,three_class_patient_label,50042
emcad,42,standardized_resnet18,patient,calibrated,conditional.derived_discrimination.normal_vs_abnormal.auroc,0.9,0.625,1.0,0.08809346849703652,0.95,bca,bca,False,,5000,5000,whole_patient_cluster,True,three_class_patient_label,50042
emcad,42,standardized_resnet18,patient,calibrated,conditional.derived_discrimination.normal_vs_abnormal.average_precision,0.9375,0.7916666666666666,1.0,0.05360504503477585,0.95,bca,bca,False,,5000,5000,whole_patient_cluster,True,three_class_patient_label,50042
emcad,42,standardized_resnet18,patient,calibrated,conditional.derived_discrimination.papilledema_vs_pseudopapilledema.auroc,0.625,0.0,1.0,0.2253277033340063,0.95,bca,bca,False,,5000,5000,whole_patient_cluster,True,three_class_patient_label,50042
emcad,42,standardized_resnet18,patient,calibrated,conditional.derived_discrimination.papilledema_vs_pseudopapilledema.average_precision,0.7678571428571428,0.4857142857142857,1.0,0.13154606101207053,0.95,bca,bca,False,,5000,5000,whole_patient_cluster,True,three_class_patient_label,50042
emcad,42,standardized_resnet18,patient,calibrated,conditional.macro_auroc,0.7880952380952381,0.6287166477087351,0.9285714285714287,0.0780294595163715,0.95,bca,bca,False,,5000,5000,whole_patient_cluster,True,three_class_patient_label,50042
emcad,42,standardized_resnet18,patient,calibrated,conditional.macro_average_precision,0.676123136123136,0.5145245504537282,0.8708333333333332,0.09494685785370773,0.95,bca,bca,False,,5000,5000,whole_patient_cluster,True,three_class_patient_label,50042
emcad,42,standardized_resnet18,patient,calibrated,conditional.macro_classwise_ece,0.16947582902043168,0.086002638492069,0.23836849513482283,0.041938524157011124,0.95,bca,bca,False,,5000,5000,whole_patient_cluster,True,three_class_patient_label,50042
emcad,42,standardized_resnet18,patient,calibrated,conditional.macro_f1,0.6507936507936508,0.4666666666666666,0.9153439153439153,0.11488145967865987,0.95,bca,bca,False,,5000,5000,whole_patient_cluster,True,three_class_patient_label,50042
emcad,42,standardized_resnet18,patient,calibrated,conditional.multiclass_brier,0.381676116667147,0.24269687986092636,0.5395964181626536,0.07692747292467317,0.95,bca,bca,False,,5000,5000,whole_patient_cluster,True,three_class_patient_label,50042
emcad,42,standardized_resnet18,patient,calibrated,conditional.multiclass_mcc,0.6237055560836822,0.3061862178478973,0.8206652053732659,0.12380341104942369,0.95,bca,bca,False,,5000,5000,whole_patient_cluster,True,three_class_patient_label,50042
emcad,42,standardized_resnet18,patient,calibrated,conditional.multiclass_nll,0.6014192110073914,0.4099799813190129,0.8341140746292341,0.10831254518182741,0.95,bca,bca,False,,5000,5000,whole_patient_cluster,True,three_class_patient_label,50042
emcad,42,standardized_resnet18,patient,calibrated,conditional.per_class.normal.auroc_ovr,0.9,0.625,1.0,0.08809346849703652,0.95,bca,bca,False,,5000,5000,whole_patient_cluster,True,three_class_patient_label,50042
emcad,42,standardized_resnet18,patient,calibrated,conditional.per_class.normal.average_precision_ovr,0.8813455988455987,0.6138993734210972,1.0,0.08860503951411695,0.95,bca,bca,False,,5000,5000,whole_patient_cluster,True,three_class_patient_label,50042
emcad,42,standardized_resnet18,patient,calibrated,conditional.per_class.normal.f1,0.9523809523809523,0.8333333333333334,1.0,0.03825250104926788,0.95,bca,bca,False,,5000,5000,whole_patient_cluster,True,three_class_patient_label,50042
emcad,42,standardized_resnet18,patient,calibrated,conditional.per_class.normal.precision,0.9090909090909091,0.7142857142857143,1.0,0.06925547441844357,0.95,bca,bca,False,,5000,5000,whole_patient_cluster,True,three_class_patient_label,50042
emcad,42,standardized_resnet18,patient,calibrated,conditional.per_class.normal.recall,1.0,1.0,1.0,0.0,0.95,bca,bca,False,,5000,5000,whole_patient_cluster,True,three_class_patient_label,50042
emcad,42,standardized_resnet18,patient,calibrated,conditional.per_class.papilledema.auroc_ovr,0.8928571428571429,0.7857142857142857,1.0,0.06437934380971608,0.95,bca,bca,False,,5000,5000,whole_patient_cluster,True,three_class_patient_label,50042
emcad,42,standardized_resnet18,patient,calibrated,conditional.per_class.papilledema.average_precision_ovr,0.6916666666666667,0.41666666666666663,1.0,0.1444729268954198,0.95,bca,bca,False,,5000,5000,whole_patient_cluster,True,three_class_patient_label,50042
emcad,42,standardized_resnet18,patient,calibrated,conditional.per_class.papilledema.f1,0.6666666666666666,0.2857142857142857,0.8888888888888888,0.16375088448011085,0.95,bca,bca,False,,5000,5000,whole_patient_cluster,True,three_class_patient_label,50042
emcad,42,standardized_resnet18,patient,calibrated,conditional.per_class.papilledema.precision,0.6,0.25,1.0,0.16727023390146212,0.95,bca,bca,False,,5000,5000,whole_patient_cluster,True,three_class_patient_label,50042
emcad,42,standardized_resnet18,patient,calibrated,conditional.per_class.papilledema.recall,0.75,0.25,1.0,0.22049073275910377,0.95,bca,bca,False,,5000,5000,whole_patient_cluster,True,three_class_patient_label,50042
emcad,42,standardized_resnet18,patient,calibrated,conditional.per_class.pseudopapilledema.auroc_ovr,0.5714285714285714,0.25,0.8928571428571428,0.1624086889769958,0.95,bca,bca,False,,5000,5000,whole_patient_cluster,True,three_class_patient_label,50042
emcad,42,standardized_resnet18,patient,calibrated,conditional.per_class.pseudopapilledema.average_precision_ovr,0.45535714285714285,0.22045454545454543,0.875,0.1711099496014363,0.95,bca,bca,False,,5000,5000,whole_patient_cluster,True,three_class_patient_label,50042
emcad,42,standardized_resnet18,patient,calibrated,conditional.per_class.pseudopapilledema.f1,0.3333333333333333,0.0,0.8571428571428571,0.23916228914690463,0.95,bca,bca,False,,5000,5000,whole_patient_cluster,True,three_class_patient_label,50042
emcad,42,standardized_resnet18,patient,calibrated,conditional.per_class.pseudopapilledema.precision,0.5,0.0,1.0,0.3700686884047012,0.95,bca,bca,False,,5000,5000,whole_patient_cluster,True,three_class_patient_label,50042
emcad,42,standardized_resnet18,patient,calibrated,conditional.per_class.pseudopapilledema.recall,0.25,0.0,0.75,0.21367960079136913,0.95,bca,bca,False,,5000,5000,whole_patient_cluster,True,three_class_patient_label,50042
emcad,42,standardized_resnet18,patient,calibrated,conditional.top_label_ece,0.19144342676198925,0.08322442798985846,0.3001326284084255,0.06449830884103748,0.95,bca,bca,False,,5000,5000,whole_patient_cluster,True,three_class_patient_label,50042
emcad,42,standardized_resnet18,patient,calibrated,conditional_aurc,0.18776810970438423,0.05785391986372379,0.40648025675286936,0.08341682172283908,0.95,bca,bca,False,,5000,5000,whole_patient_cluster,True,three_class_patient_label,50042
emcad,42,standardized_resnet18,patient,calibrated,coverage,1.0,1.0,1.0,0.0,0.95,bca,bca,False,,5000,5000,whole_patient_cluster,True,three_class_patient_label,50042
emcad,42,standardized_resnet18,patient,calibrated,failure_aware.accuracy,0.7777777777777778,0.6111111111111112,0.8888888888888888,0.06811586029127466,0.95,bca,bca,False,,5000,5000,whole_patient_cluster,True,three_class_patient_label,50042
emcad,42,standardized_resnet18,patient,calibrated,failure_aware.balanced_accuracy,0.6666666666666666,0.5,0.8333333333333334,0.10217379043691197,0.95,bca,bca,False,,5000,5000,whole_patient_cluster,True,three_class_patient_label,50042
emcad,42,standardized_resnet18,patient,calibrated,failure_aware.macro_f1,0.6507936507936508,0.4666666666666666,0.9153439153439153,0.11488145967865987,0.95,bca,bca,False,,5000,5000,whole_patient_cluster,True,three_class_patient_label,50042
emcad,42,standardized_resnet18,patient,calibrated,failure_aware.multiclass_mcc,0.6237055560836822,0.3061862178478973,0.8206652053732659,0.12380341104942369,0.95,bca,bca,False,,5000,5000,whole_patient_cluster,True,three_class_patient_label,50042
emcad,42,standardized_resnet18,patient,calibrated,failure_aware.per_class.normal.f1,0.9523809523809523,0.8333333333333334,1.0,0.03825250104926788,0.95,bca,bca,False,,5000,5000,whole_patient_cluster,True,three_class_patient_label,50042
emcad,42,standardized_resnet18,patient,calibrated,failure_aware.per_class.normal.precision,0.9090909090909091,0.7142857142857143,1.0,0.06925547441844357,0.95,bca,bca,False,,5000,5000,whole_patient_cluster,True,three_class_patient_label,50042
emcad,42,standardized_resnet18,patient,calibrated,failure_aware.per_class.normal.recall,1.0,1.0,1.0,0.0,0.95,bca,bca,False,,5000,5000,whole_patient_cluster,True,three_class_patient_label,50042
emcad,42,standardized_resnet18,patient,calibrated,failure_aware.per_class.papilledema.f1,0.6666666666666666,0.2857142857142857,0.8888888888888888,0.16375088448011085,0.95,bca,bca,False,,5000,5000,whole_patient_cluster,True,three_class_patient_label,50042
emcad,42,standardized_resnet18,patient,calibrated,failure_aware.per_class.papilledema.precision,0.6,0.25,1.0,0.16727023390146212,0.95,bca,bca,False,,5000,5000,whole_patient_cluster,True,three_class_patient_label,50042
emcad,42,standardized_resnet18,patient,calibrated,failure_aware.per_class.papilledema.recall,0.75,0.25,1.0,0.22049073275910377,0.95,bca,bca,False,,5000,5000,whole_patient_cluster,True,three_class_patient_label,50042
emcad,42,standardized_resnet18,patient,calibrated,failure_aware.per_class.pseudopapilledema.f1,0.3333333333333333,0.0,0.8571428571428571,0.23916228914690463,0.95,bca,bca,False,,5000,5000,whole_patient_cluster,True,three_class_patient_label,50042
emcad,42,standardized_resnet18,patient,calibrated,failure_aware.per_class.pseudopapilledema.precision,0.5,0.0,1.0,0.3700686884047012,0.95,bca,bca,False,,5000,5000,whole_patient_cluster,True,three_class_patient_label,50042
emcad,42,standardized_resnet18,patient,calibrated,failure_aware.per_class.pseudopapilledema.recall,0.25,0.0,0.75,0.21367960079136913,0.95,bca,bca,False,,5000,5000,whole_patient_cluster,True,three_class_patient_label,50042
emcad,42,standardized_resnet18,patient,calibrated,failure_aware_aurc,0.18776810970438423,0.05785391986372379,0.40648025675286936,0.08341682172283908,0.95,bca,bca,False,,5000,5000,whole_patient_cluster,True,three_class_patient_label,50042
emcad,42,standardized_resnet18,patient,calibrated,localized_diagnostic_success.rate,0.7777777777777778,0.6111111111111112,0.8888888888888888,0.06811586029127466,0.95,bca,bca,False,,5000,5000,whole_patient_cluster,True,three_class_patient_label,50042
emcad,42,standardized_resnet18,patient,calibrated,selective_risk,0.2222222222222222,0.1111111111111111,0.3888888888888889,0.06811586029127466,0.95,bca,bca,False,,5000,5000,whole_patient_cluster,True,three_class_patient_label,50042
emcad,42,standardized_resnet18,eye,calibrated,class_conditional_coverage.normal,1.0,1.0,1.0,0.0,0.95,bca,bca,False,,5000,5000,whole_patient_cluster,True,three_class_patient_label,50043
emcad,42,standardized_resnet18,eye,calibrated,class_conditional_coverage.papilledema,1.0,1.0,1.0,0.0,0.95,bca,bca,False,,5000,5000,whole_patient_cluster,True,three_class_patient_label,50043
emcad,42,standardized_resnet18,eye,calibrated,class_conditional_coverage.pseudopapilledema,1.0,1.0,1.0,0.0,0.95,bca,bca,False,,5000,5000,whole_patient_cluster,True,three_class_patient_label,50043
emcad,42,standardized_resnet18,eye,calibrated,conditional.accuracy,0.6944444444444444,0.5833333333333334,0.8185976923907169,0.06345456029451595,0.95,bca,bca,False,,5000,5000,whole_patient_cluster,True,three_class_patient_label,50043
emcad,42,standardized_resnet18,eye,calibrated,conditional.balanced_accuracy,0.5916666666666667,0.4666666666666666,0.8166666666666668,0.08182144334699153,0.95,bca,bca,False,,5000,5000,whole_patient_cluster,True,three_class_patient_label,50043
emcad,42,standardized_resnet18,eye,calibrated,conditional.derived_discrimination.normal_vs_abnormal.auroc,0.909375,0.671875,1.0,0.07627851142817771,0.95,bca,bca,False,,5000,5000,whole_patient_cluster,True,three_class_patient_label,50043
emcad,42,standardized_resnet18,eye,calibrated,conditional.derived_discrimination.normal_vs_abnormal.average_precision,0.9384672619047619,0.7721123078546678,1.0,0.050795112551823764,0.95,bca,bca,False,,5000,5000,whole_patient_cluster,True,three_class_patient_label,50043
emcad,42,standardized_resnet18,eye,calibrated,conditional.derived_discrimination.papilledema_vs_pseudopapilledema.auroc,0.71875,0.3125,1.0,0.16601025749048134,0.95,bca,bca,False,,5000,5000,whole_patient_cluster,True,three_class_patient_label,50043
emcad,42,standardized_resnet18,eye,calibrated,conditional.derived_discrimination.papilledema_vs_pseudopapilledema.average_precision,0.7993371212121212,0.5128968253968254,1.0,0.12359318554136661,0.95,bca,bca,False,,5000,5000,whole_patient_cluster,True,three_class_patient_label,50043
emcad,42,standardized_resnet18,eye,calibrated,conditional.macro_auroc,0.8001488095238095,0.6624498424259625,0.9235119047619048,0.06729884796035569,0.95,bca,bca,False,,5000,5000,whole_patient_cluster,True,three_class_patient_label,50043
emcad,42,standardized_resnet18,eye,calibrated,conditional.macro_average_precision,0.6363422328154501,0.5045890736277229,0.7984899199931291,0.08897303198699523,0.95,bca,bca,False,,5000,5000,whole_patient_cluster,True,three_class_patient_label,50043
emcad,42,standardized_resnet18,eye,calibrated,conditional.macro_classwise_ece,0.18216520849493045,0.12709326051215822,0.23196193133894086,0.02981382638467063,0.95,bca,bca,False,,5000,5000,whole_patient_cluster,True,three_class_patient_label,50043
emcad,42,standardized_resnet18,eye,calibrated,conditional.macro_f1,0.5849673202614379,0.4523809523809524,0.8079365079365078,0.08857013331947539,0.95,bca,bca,False,,5000,5000,whole_patient_cluster,True,three_class_patient_label,50043
emcad,42,standardized_resnet18,eye,calibrated,conditional.multiclass_brier,0.41299669606284006,0.289830978873206,0.5522386385315878,0.0671980918085065,0.95,bca,bca,False,,5000,5000,whole_patient_cluster,True,three_class_patient_label,50043
emcad,42,standardized_resnet18,eye,calibrated,conditional.multiclass_mcc,0.4850069311232551,0.28695799433183405,0.7140248319730604,0.106723578583356,0.95,bca,bca,False,,5000,5000,whole_patient_cluster,True,three_class_patient_label,50043
emcad,42,standardized_resnet18,eye,calibrated,conditional.multiclass_nll,0.659396741865728,0.4845985027721029,0.8754099338287678,0.09980190474858987,0.95,bca,bca,False,,5000,5000,whole_patient_cluster,True,three_class_patient_label,50043
emcad,42,standardized_resnet18,eye,calibrated,conditional.per_class.normal.auroc_ovr,0.9093749999999999,0.65,1.0,0.07627851142817772,0.95,bca,bca,False,,5000,5000,whole_patient_cluster,True,three_class_patient_label,50043
emcad,42,standardized_resnet18,eye,calibrated,conditional.per_class.normal.average_precision_ovr,0.8667952319961338,0.6241762735438257,1.0,0.0927884747495568,0.95,bca,bca,False,,5000,5000,whole_patient_cluster,True,three_class_patient_label,50043
emcad,42,standardized_resnet18,eye,calibrated,conditional.per_class.normal.f1,0.9,0.7619047619047619,0.9743589743589743,0.052472317972252165,0.95,bca,bca,False,,5000,5000,whole_patient_cluster,True,three_class_patient_label,50043
emcad,42,standardized_resnet18,eye,calibrated,conditional.per_class.normal.precision,0.9,0.6923076923076923,1.0,0.07703187567478569,0.95,bca,bca,False,,5000,5000,whole_patient_cluster,True,three_class_patient_label,50043
emcad,42,standardized_resnet18,eye,calibrated,conditional.per_class.normal.recall,0.9,0.75,1.0,0.06304987674366601,0.95,bca,bca,False,,5000,5000,whole_patient_cluster,True,three_class_patient_label,50043
emcad,42,standardized_resnet18,eye,calibrated,conditional.per_class.papilledema.auroc_ovr,0.9151785714285715,0.7857142857142857,1.0,0.04874336929836765,0.95,bca,bca,False,,5000,5000,whole_patient_cluster,True,three_class_patient_label,50043
emcad,42,standardized_resnet18,eye,calibrated,conditional.per_class.papilledema.average_precision_ovr,0.6555871212121213,0.3989172749106262,0.9194444444444445,0.14649076832237634,0.95,bca,bca,False,,5000,5000,whole_patient_cluster,True,three_class_patient_label,50043
emcad,42,standardized_resnet18,eye,calibrated,conditional.per_class.papilledema.f1,0.5882352941176471,0.4444444444444444,0.8571428571428571,0.09975883485014256,0.95,bca,bca,False,,5000,5000,whole_patient_cluster,True,three_class_patient_label,50043
emcad,42,standardized_resnet18,eye,calibrated,conditional.per_class.papilledema.precision,0.5555555555555556,0.38461538461538464,1.0,0.1527604584125441,0.95,bca,bca,False,,5000,5000,whole_patient_cluster,True,three_class_patient_label,50043
emcad,42,standardized_resnet18,eye,calibrated,conditional.per_class.papilledema.recall,0.625,0.5,0.875,0.1077563068192849,0.95,bca,bca,False,,5000,5000,whole_patient_cluster,True,three_class_patient_label,50043
emcad,42,standardized_resnet18,eye,calibrated,conditional.per_class.pseudopapilledema.auroc_ovr,0.5758928571428571,0.3035714285714286,0.8660714285714286,0.14114339115914779,0.95,bca,bca,False,,5000,5000,whole_patient_cluster,True,three_class_patient_label,50043
emcad,42,standardized_resnet18,eye,calibrated,conditional.per_class.pseudopapilledema.average_precision_ovr,0.3866443452380952,0.20587059099059382,0.814511081109273,0.1439402198506011,0.95,bca,bca,False,,5000,5000,whole_patient_cluster,True,three_class_patient_label,50043
emcad,42,standardized_resnet18,eye,calibrated,conditional.per_class.pseudopapilledema.f1,0.26666666666666666,0.0,0.75,0.19656523787036986,0.95,bca,bca,False,,5000,5000,whole_patient_cluster,True,three_class_patient_label,50043
emcad,42,standardized_resnet18,eye,calibrated,conditional.per_class.pseudopapilledema.precision,0.2857142857142857,0.0,0.75,0.19643432634259367,0.95,bca,bca,False,,5000,5000,whole_patient_cluster,True,three_class_patient_label,50043
emcad,42,standardized_resnet18,eye,calibrated,conditional.per_class.pseudopapilledema.recall,0.25,0.0,0.8209334834532456,0.21475083488595997,0.95,bca,bca,False,,5000,5000,whole_patient_cluster,True,three_class_patient_label,50043
emcad,42,standardized_resnet18,eye,calibrated,conditional.top_label_ece,0.13134672281319418,0.06438338349287462,0.1931810729761951,0.040457777398961635,0.95,bca,bca,False,,5000,5000,whole_patient_cluster,True,three_class_patient_label,50043
emcad,42,standardized_resnet18,eye,calibrated,conditional_aurc,0.2763745673054939,0.10733990585173736,0.4604057414965746,0.08940243138461046,0.95,bca,bca,False,,5000,5000,whole_patient_cluster,True,three_class_patient_label,50043
emcad,42,standardized_resnet18,eye,calibrated,coverage,1.0,1.0,1.0,0.0,0.95,bca,bca,False,,5000,5000,whole_patient_cluster,True,three_class_patient_label,50043
emcad,42,standardized_resnet18,eye,calibrated,failure_aware.accuracy,0.6944444444444444,0.5833333333333334,0.8185976923907169,0.06345456029451595,0.95,bca,bca,False,,5000,5000,whole_patient_cluster,True,three_class_patient_label,50043
emcad,42,standardized_resnet18,eye,calibrated,failure_aware.balanced_accuracy,0.5916666666666667,0.4666666666666666,0.8166666666666668,0.08182144334699153,0.95,bca,bca,False,,5000,5000,whole_patient_cluster,True,three_class_patient_label,50043
emcad,42,standardized_resnet18,eye,calibrated,failure_aware.macro_f1,0.5849673202614379,0.4523809523809524,0.8079365079365078,0.08857013331947539,0.95,bca,bca,False,,5000,5000,whole_patient_cluster,True,three_class_patient_label,50043
emcad,42,standardized_resnet18,eye,calibrated,failure_aware.multiclass_mcc,0.4850069311232551,0.28695799433183405,0.7140248319730604,0.106723578583356,0.95,bca,bca,False,,5000,5000,whole_patient_cluster,True,three_class_patient_label,50043
emcad,42,standardized_resnet18,eye,calibrated,failure_aware.per_class.normal.f1,0.9,0.7619047619047619,0.9743589743589743,0.052472317972252165,0.95,bca,bca,False,,5000,5000,whole_patient_cluster,True,three_class_patient_label,50043
emcad,42,standardized_resnet18,eye,calibrated,failure_aware.per_class.normal.precision,0.9,0.6923076923076923,1.0,0.07703187567478569,0.95,bca,bca,False,,5000,5000,whole_patient_cluster,True,three_class_patient_label,50043
emcad,42,standardized_resnet18,eye,calibrated,failure_aware.per_class.normal.recall,0.9,0.75,1.0,0.06304987674366601,0.95,bca,bca,False,,5000,5000,whole_patient_cluster,True,three_class_patient_label,50043
emcad,42,standardized_resnet18,eye,calibrated,failure_aware.per_class.papilledema.f1,0.5882352941176471,0.4444444444444444,0.8571428571428571,0.09975883485014256,0.95,bca,bca,False,,5000,5000,whole_patient_cluster,True,three_class_patient_label,50043
emcad,42,standardized_resnet18,eye,calibrated,failure_aware.per_class.papilledema.precision,0.5555555555555556,0.38461538461538464,1.0,0.1527604584125441,0.95,bca,bca,False,,5000,5000,whole_patient_cluster,True,three_class_patient_label,50043
emcad,42,standardized_resnet18,eye,calibrated,failure_aware.per_class.papilledema.recall,0.625,0.5,0.875,0.1077563068192849,0.95,bca,bca,False,,5000,5000,whole_patient_cluster,True,three_class_patient_label,50043
emcad,42,standardized_resnet18,eye,calibrated,failure_aware.per_class.pseudopapilledema.f1,0.26666666666666666,0.0,0.75,0.19656523787036986,0.95,bca,bca,False,,5000,5000,whole_patient_cluster,True,three_class_patient_label,50043
emcad,42,standardized_resnet18,eye,calibrated,failure_aware.per_class.pseudopapilledema.precision,0.2857142857142857,0.0,0.75,0.19643432634259367,0.95,bca,bca,False,,5000,5000,whole_patient_cluster,True,three_class_patient_label,50043
emcad,42,standardized_resnet18,eye,calibrated,failure_aware.per_class.pseudopapilledema.recall,0.25,0.0,0.8209334834532456,0.21475083488595997,0.95,bca,bca,False,,5000,5000,whole_patient_cluster,True,three_class_patient_label,50043
emcad,42,standardized_resnet18,eye,calibrated,failure_aware_aurc,0.2763745673054939,0.10733990585173736,0.4604057414965746,0.08940243138461046,0.95,bca,bca,False,,5000,5000,whole_patient_cluster,True,three_class_patient_label,50043
emcad,42,standardized_resnet18,eye,calibrated,localized_diagnostic_success.rate,0.6944444444444444,0.5833333333333334,0.8185976923907169,0.06345456029451595,0.95,bca,bca,False,,5000,5000,whole_patient_cluster,True,three_class_patient_label,50043
emcad,42,standardized_resnet18,eye,calibrated,selective_risk,0.3055555555555556,0.18140230760927917,0.4166666666666667,0.06345456029451595,0.95,bca,bca,False,,5000,5000,whole_patient_cluster,True,three_class_patient_label,50043
emcad,2026,model_specific,patient,calibrated,class_conditional_coverage.normal,0.8,0.5,1.0,0.12610771202034474,0.95,bca,bca,False,,5000,5000,whole_patient_cluster,True,three_class_patient_label,52026
emcad,2026,model_specific,patient,calibrated,class_conditional_coverage.papilledema,1.0,1.0,1.0,0.0,0.95,bca,bca,False,,5000,5000,whole_patient_cluster,True,three_class_patient_label,52026
emcad,2026,model_specific,patient,calibrated,class_conditional_coverage.pseudopapilledema,1.0,1.0,1.0,0.0,0.95,bca,bca,False,,5000,5000,whole_patient_cluster,True,three_class_patient_label,52026
emcad,2026,model_specific,patient,calibrated,conditional.accuracy,0.6875,0.5,0.8333333333333334,0.08661875257209073,0.95,bca,bca,False,,5000,5000,whole_patient_cluster,True,three_class_patient_label,52026
emcad,2026,model_specific,patient,calibrated,conditional.balanced_accuracy,0.5833333333333334,0.4166666666666667,0.8333333333333334,0.10870059080550606,0.95,bca,bca,False,,5000,5000,whole_patient_cluster,True,three_class_patient_label,52026
emcad,2026,model_specific,patient,calibrated,conditional.derived_discrimination.normal_vs_abnormal.auroc,0.890625,0.6233407920619978,1.0,0.09620258412661378,0.95,bca,bca,False,,5000,5000,whole_patient_cluster,True,three_class_patient_label,52026
emcad,2026,model_specific,patient,calibrated,conditional.derived_discrimination.normal_vs_abnormal.average_precision,0.9416666666666667,0.8014705882352942,1.0,0.05044698547669781,0.95,bca,bca,False,,5000,5000,whole_patient_cluster,True,three_class_patient_label,52026
emcad,2026,model_specific,patient,calibrated,conditional.derived_discrimination.papilledema_vs_pseudopapilledema.auroc,0.5,0.0625,0.9375,0.22590715307037462,0.95,bca,bca,False,,5000,5000,whole_patient_cluster,True,three_class_patient_label,52026
emcad,2026,model_specific,patient,calibrated,conditional.derived_discrimination.papilledema_vs_pseudopapilledema.average_precision,0.6666666666666666,0.425,0.95,0.141156682368053,0.95,bca,bca,False,,5000,5000,whole_patient_cluster,True,three_class_patient_label,52026
emcad,2026,model_specific,patient,calibrated,conditional.macro_auroc,0.796875,0.576388888888889,0.9038461538461539,0.076005158673619,0.95,bca,bca,False,,5000,5000,whole_patient_cluster,True,three_class_patient_label,52026
emcad,2026,model_specific,patient,calibrated,conditional.macro_average_precision,0.648991402116402,0.48150322106403326,0.7756005374864693,0.08698245962844699,0.95,bca,bca,False,,5000,5000,whole_patient_cluster,True,three_class_patient_label,52026
emcad,2026,model_specific,patient,calibrated,conditional.macro_classwise_ece,0.1389867970156923,0.10340274566055302,0.14616038472942672,0.02998077973402565,0.95,bca,bca,False,,5000,5000,whole_patient_cluster,True,three_class_patient_label,52026
emcad,2026,model_specific,patient,calibrated,conditional.macro_f1,0.5756302521008404,0.38779956427015244,0.8341345848718639,0.11609937732223444,0.95,bca,bca,False,,5000,5000,whole_patient_cluster,True,three_class_patient_label,52026
emcad,2026,model_specific,patient,calibrated,conditional.multiclass_brier,0.4270417768548283,0.3508116965863054,0.5484013542319311,0.04855470888139342,0.95,bca,bca,False,,5000,5000,whole_patient_cluster,True,three_class_patient_label,52026
emcad,2026,model_specific,patient,calibrated,conditional.multiclass_mcc,0.49057789051960615,0.1853123291652753,0.7336739820667777,0.14234338660500923,0.95,bca,bca,False,,5000,5000,whole_patient_cluster,True,three_class_patient_label,52026
emcad,2026,model_specific,patient,calibrated,conditional.multiclass_nll,0.730805993576839,0.6287629564351447,0.8852154058359187,0.06364040049951111,0.95,bca,bca,False,,5000,5000,whole_patient_cluster,True,three_class_patient_label,52026
emcad,2026,model_specific,patient,calibrated,conditional.per_class.normal.auroc_ovr,0.890625,0.623340792061996,1.0,0.09620258412661377,0.95,bca,bca,False,,5000,5000,whole_patient_cluster,True,three_class_patient_label,52026
emcad,2026,model_specific,patient,calibrated,conditional.per_class.normal.average_precision_ovr,0.8338789682539682,0.4988733510315761,1.0,0.1170835405917575,0.95,bca,bca,False,,5000,5000,whole_patient_cluster,True,three_class_patient_label,52026
emcad,2026,model_specific,patient,calibrated,conditional.per_class.normal.f1,0.9411764705882353,0.7692307692307693,1.0,0.04933446375089677,0.95,bca,bca,False,,5000,5000,whole_patient_cluster,True,three_class_patient_label,52026
emcad,2026,model_specific,patient,calibrated,conditional.per_class.normal.precision,0.8888888888888888,0.625,1.0,0.08680550678737928,0.95,bca,bca,False,,5000,5000,whole_patient_cluster,True,three_class_patient_label,52026
emcad,2026,model_specific,patient,calibrated,conditional.per_class.normal.recall,1.0,1.0,1.0,0.0,0.95,bca,bca,False,,5000,5000,whole_patient_cluster,True,three_class_patient_label,52026
emcad,2026,model_specific,patient,calibrated,conditional.per_class.papilledema.auroc_ovr,0.7916666666666667,0.6,0.9539170921359816,0.08852991320539284,0.95,bca,bca,False,,5000,5000,whole_patient_cluster,True,three_class_patient_label,52026
emcad,2026,model_specific,patient,calibrated,conditional.per_class.papilledema.average_precision_ovr,0.5,0.32765151515151514,0.75,0.13800891133090476,0.95,bca,bca,False,,5000,5000,whole_patient_cluster,True,three_class_patient_label,52026
emcad,2026,model_specific,patient,calibrated,conditional.per_class.papilledema.f1,0.5,0.0,0.8888888888888888,0.2061572740878987,0.95,bca,bca,False,,5000,5000,whole_patient_cluster,True,three_class_patient_label,52026
emcad,2026,model_specific,patient,calibrated,conditional.per_class.papilledema.precision,0.5,0.0,1.0,0.2202922471117597,0.95,bca,bca,False,,5000,5000,whole_patient_cluster,True,three_class_patient_label,52026
emcad,2026,model_specific,patient,calibrated,conditional.per_class.papilledema.recall,0.5,0.0,1.0,0.2441475355268219,0.95,bca,bca,False,,5000,5000,whole_patient_cluster,True,three_class_patient_label,52026
emcad,2026,model_specific,patient,calibrated,conditional.per_class.pseudopapilledema.auroc_ovr,0.7083333333333333,0.22916666666666669,0.9423076923076924,0.1705037138058574,0.95,bca,bca,False,,5000,5000,whole_patient_cluster,True,three_class_patient_label,52026
emcad,2026,model_specific,patient,calibrated,conditional.per_class.pseudopapilledema.average_precision_ovr,0.613095238095238,0.2976190476190476,0.9166666666666666,0.16875751809923478,0.95,bca,bca,False,,5000,5000,whole_patient_cluster,True,three_class_patient_label,52026
emcad,2026,model_specific,patient,calibrated,conditional.per_class.pseudopapilledema.f1,0.2857142857142857,0.0,0.8888888888888888,0.2139699864591489,0.95,bca,bca,False,,5000,5000,whole_patient_cluster,True,three_class_patient_label,52026
emcad,2026,model_specific,patient,calibrated,conditional.per_class.pseudopapilledema.precision,0.3333333333333333,0.0,1.0,0.2578209576316313,0.95,bca,bca,False,,5000,5000,whole_patient_cluster,True,three_class_patient_label,52026
emcad,2026,model_specific,patient,calibrated,conditional.per_class.pseudopapilledema.recall,0.25,0.0,0.8330060354962825,0.21704704993244409,0.95,bca,bca,False,,5000,5000,whole_patient_cluster,True,three_class_patient_label,52026
emcad,2026,model_specific,patient,calibrated,conditional.top_label_ece,0.12782375758755327,0.025787780592028783,0.16252675666874636,0.0609171485459264,0.95,bca,bca,False,,5000,5000,whole_patient_cluster,True,three_class_patient_label,52026
emcad,2026,model_specific,patient,calibrated,conditional_aurc,0.2292217331279831,0.06539822535214787,0.5251675299574464,0.11304964360831464,0.95,bca,bca,False,,5000,5000,whole_patient_cluster,True,three_class_patient_label,52026
emcad,2026,model_specific,patient,calibrated,coverage,0.8888888888888888,0.6666666666666666,1.0,0.07005984001130262,0.95,bca,bca,False,,5000,5000,whole_patient_cluster,True,three_class_patient_label,52026
emcad,2026,model_specific,patient,calibrated,failure_aware.accuracy,0.6111111111111112,0.3888888888888889,0.7777777777777778,0.10136337502100064,0.95,bca,bca,False,,5000,5000,whole_patient_cluster,True,three_class_patient_label,52026
emcad,2026,model_specific,patient,calibrated,failure_aware.balanced_accuracy,0.5166666666666667,0.31666666666666665,0.7666666666666666,0.11698737385915552,0.95,bca,bca,False,,5000,5000,whole_patient_cluster,True,three_class_patient_label,52026
emcad,2026,model_specific,patient,calibrated,failure_aware.macro_f1,0.5426065162907268,0.3640350877192982,0.8489645769749918,0.11871032535521535,0.95,bca,bca,False,,5000,5000,whole_patient_cluster,True,three_class_patient_label,52026
emcad,2026,model_specific,patient,calibrated,failure_aware.multiclass_mcc,0.3946685189819292,0.1473139127471974,0.6874649261535879,0.1410936437367253,0.95,bca,bca,False,,5000,5000,whole_patient_cluster,True,three_class_patient_label,52026
emcad,2026,model_specific,patient,calibrated,failure_aware.per_class.normal.f1,0.8421052631578947,0.5882352941176471,0.9523809523809523,0.0893306973218281,0.95,bca,bca,False,,5000,5000,whole_patient_cluster,True,three_class_patient_label,52026
emcad,2026,model_specific,patient,calibrated,failure_aware.per_class.normal.precision,0.8888888888888888,0.625,1.0,0.08680550678737928,0.95,bca,bca,False,,5000,5000,whole_patient_cluster,True,three_class_patient_label,52026
emcad,2026,model_specific,patient,calibrated,failure_aware.per_class.normal.recall,0.8,0.5,1.0,0.12610771202034474,0.95,bca,bca,False,,5000,5000,whole_patient_cluster,True,three_class_patient_label,52026
emcad,2026,model_specific,patient,calibrated,failure_aware.per_class.papilledema.f1,0.5,0.0,0.8888888888888888,0.2061572740878987,0.95,bca,bca,False,,5000,5000,whole_patient_cluster,True,three_class_patient_label,52026
emcad,2026,model_specific,patient,calibrated,failure_aware.per_class.papilledema.precision,0.5,0.0,1.0,0.2202922471117597,0.95,bca,bca,False,,5000,5000,whole_patient_cluster,True,three_class_patient_label,52026
emcad,2026,model_specific,patient,calibrated,failure_aware.per_class.papilledema.recall,0.5,0.0,1.0,0.2441475355268219,0.95,bca,bca,False,,5000,5000,whole_patient_cluster,True,three_class_patient_label,52026
emcad,2026,model_specific,patient,calibrated,failure_aware.per_class.pseudopapilledema.f1,0.2857142857142857,0.0,0.8888888888888888,0.2139699864591489,0.95,bca,bca,False,,5000,5000,whole_patient_cluster,True,three_class_patient_label,52026
emcad,2026,model_specific,patient,calibrated,failure_aware.per_class.pseudopapilledema.precision,0.3333333333333333,0.0,1.0,0.2578209576316313,0.95,bca,bca,False,,5000,5000,whole_patient_cluster,True,three_class_patient_label,52026
emcad,2026,model_specific,patient,calibrated,failure_aware.per_class.pseudopapilledema.recall,0.25,0.0,0.8330060354962825,0.21704704993244409,0.95,bca,bca,False,,5000,5000,whole_patient_cluster,True,three_class_patient_label,52026
emcad,2026,model_specific,patient,calibrated,failure_aware_aurc,0.24496543307817817,0.07597835624796409,0.5077157697518224,0.10891548477764365,0.95,bca,bca,False,,5000,5000,whole_patient_cluster,True,three_class_patient_label,52026
emcad,2026,model_specific,patient,calibrated,localized_diagnostic_success.rate,0.6111111111111112,0.3888888888888889,0.7777777777777778,0.10136337502100064,0.95,bca,bca,False,,5000,5000,whole_patient_cluster,True,three_class_patient_label,52026
emcad,2026,model_specific,patient,calibrated,selective_risk,0.3125,0.16666666666666666,0.5,0.08661875257209074,0.95,bca,bca,False,,5000,5000,whole_patient_cluster,True,three_class_patient_label,52026
emcad,2026,model_specific,eye,calibrated,class_conditional_coverage.normal,0.9,0.7,1.0,0.0637297748061247,0.95,bca,bca,False,,5000,5000,whole_patient_cluster,True,three_class_patient_label,52027
emcad,2026,model_specific,eye,calibrated,class_conditional_coverage.papilledema,1.0,1.0,1.0,0.0,0.95,bca,bca,False,,5000,5000,whole_patient_cluster,True,three_class_patient_label,52027
emcad,2026,model_specific,eye,calibrated,class_conditional_coverage.pseudopapilledema,1.0,1.0,1.0,0.0,0.95,bca,bca,False,,5000,5000,whole_patient_cluster,True,three_class_patient_label,52027
emcad,2026,model_specific,eye,calibrated,conditional.accuracy,0.6470588235294118,0.5,0.7960561836494087,0.07622307089815092,0.95,bca,bca,False,,5000,5000,whole_patient_cluster,True,three_class_patient_label,52027
emcad,2026,model_specific,eye,calibrated,conditional.balanced_accuracy,0.5231481481481481,0.35648148148148145,0.75,0.10086395986566062,0.95,bca,bca,False,,5000,5000,whole_patient_cluster,True,three_class_patient_label,52027
emcad,2026,model_specific,eye,calibrated,conditional.derived_discrimination.normal_vs_abnormal.auroc,0.9027777777777777,0.6479372370808646,1.0,0.07184865382622481,0.95,bca,bca,False,,5000,5000,whole_patient_cluster,True,three_class_patient_label,52027
emcad,2026,model_specific,eye,calibrated,conditional.derived_discrimination.normal_vs_abnormal.average_precision,0.9179664624168935,0.7432514519219352,1.0,0.06012058430368098,0.95,bca,bca,False,,5000,5000,whole_patient_cluster,True,three_class_patient_label,52027
emcad,2026,model_specific,eye,calibrated,conditional.derived_discrimination.papilledema_vs_pseudopapilledema.auroc,0.53125,0.125,0.9375,0.21193895714096145,0.95,bca,bca,False,,5000,5000,whole_patient_cluster,True,three_class_patient_label,52027
emcad,2026,model_specific,eye,calibrated,conditional.derived_discrimination.papilledema_vs_pseudopapilledema.average_precision,0.6576923076923077,0.40212703962703966,1.0,0.1551009789310241,0.95,bca,bca,False,,5000,5000,whole_patient_cluster,True,three_class_patient_label,52027
emcad,2026,model_specific,eye,calibrated,conditional.macro_auroc,0.8249643874643876,0.6555794680677477,0.9127636448874678,0.060993381369062814,0.95,bca,bca,False,,5000,5000,whole_patient_cluster,True,three_class_patient_label,52027
emcad,2026,model_specific,eye,calibrated,conditional.macro_average_precision,0.6809403469114942,0.527242948369245,0.8215261266999039,0.07923576024244629,0.95,bca,bca,False,,5000,5000,whole_patient_cluster,True,three_class_patient_label,52027
emcad,2026,model_specific,eye,calibrated,conditional.macro_classwise_ece,0.1344774625034769,0.08892276046788646,0.16889861319735203,0.03356973152759248,0.95,bca,bca,False,,5000,5000,whole_patient_cluster,True,three_class_patient_label,52027
emcad,2026,model_specific,eye,calibrated,conditional.macro_f1,0.5201951951951952,0.36111111111111116,0.7908496732026143,0.10426150592401966,0.95,bca,bca,False,,5000,5000,whole_patient_cluster,True,three_class_patient_label,52027
emcad,2026,model_specific,eye,calibrated,conditional.multiclass_brier,0.4198670890358462,0.35572013338136,0.5175082264415173,0.04004731499762557,0.95,bca,bca,False,,5000,5000,whole_patient_cluster,True,three_class_patient_label,52027
emcad,2026,model_specific,eye,calibrated,conditional.multiclass_mcc,0.41275041275061913,0.16742824579135088,0.671743290109466,0.12925868334316876,0.95,bca,bca,False,,5000,5000,whole_patient_cluster,True,three_class_patient_label,52027
emcad,2026,model_specific,eye,calibrated,conditional.multiclass_nll,0.7303413905440491,0.6406788724737205,0.8654523472099925,0.055488306419797566,0.95,bca,bca,False,,5000,5000,whole_patient_cluster,True,three_class_patient_label,52027
emcad,2026,model_specific,eye,calibrated,conditional.per_class.normal.auroc_ovr,0.9027777777777777,0.6481581345671468,1.0,0.07184865382622481,0.95,bca,bca,False,,5000,5000,whole_patient_cluster,True,three_class_patient_label,52027
emcad,2026,model_specific,eye,calibrated,conditional.per_class.normal.average_precision_ovr,0.8976452674337092,0.6770517844948781,1.0,0.06905854234599551,0.95,bca,bca,False,,5000,5000,whole_patient_cluster,True,three_class_patient_label,52027
emcad,2026,model_specific,eye,calibrated,conditional.per_class.normal.f1,0.918918918918919,0.776759227386485,1.0,0.05121155869993473,0.95,bca,bca,False,,5000,5000,whole_patient_cluster,True,three_class_patient_label,52027
emcad,2026,model_specific,eye,calibrated,conditional.per_class.normal.precision,0.8947368421052632,0.68,1.0,0.08150855472786779,0.95,bca,bca,False,,5000,5000,whole_patient_cluster,True,three_class_patient_label,52027
emcad,2026,model_specific,eye,calibrated,conditional.per_class.normal.recall,0.9444444444444444,0.7637100010596694,1.0,0.051917875000699,0.95,bca,bca,False,,5000,5000,whole_patient_cluster,True,three_class_patient_label,52027
emcad,2026,model_specific,eye,calibrated,conditional.per_class.papilledema.auroc_ovr,0.8173076923076924,0.6517857142857143,0.9423076923076923,0.07424485146771219,0.95,bca,bca,False,,5000,5000,whole_patient_cluster,True,three_class_patient_label,52027
emcad,2026,model_specific,eye,calibrated,conditional.per_class.papilledema.average_precision_ovr,0.5334859584859585,0.3370934580437415,0.834659090909091,0.13458260963102545,0.95,bca,bca,False,,5000,5000,whole_patient_cluster,True,three_class_patient_label,52027
emcad,2026,model_specific,eye,calibrated,conditional.per_class.papilledema.f1,0.375,0.0,0.8,0.1816109787355433,0.95,bca,bca,False,,5000,5000,whole_patient_cluster,True,three_class_patient_label,52027
emcad,2026,model_specific,eye,calibrated,conditional.per_class.papilledema.precision,0.375,0.0,1.0,0.19908899492352894,0.95,bca,bca,False,,5000,5000,whole_patient_cluster,True,three_class_patient_label,52027
emcad,2026,model_specific,eye,calibrated,conditional.per_class.papilledema.recall,0.375,0.0,0.875,0.2080148514185517,0.95,bca,bca,False,,5000,5000,whole_patient_cluster,True,three_class_patient_label,52027
emcad,2026,model_specific,eye,calibrated,conditional.per_class.pseudopapilledema.auroc_ovr,0.7548076923076923,0.38392857142857145,0.9479166666666666,0.13900346614440706,0.95,bca,bca,False,,5000,5000,whole_patient_cluster,True,three_class_patient_label,52027
emcad,2026,model_specific,eye,calibrated,conditional.per_class.pseudopapilledema.average_precision_ovr,0.6116898148148149,0.2909788800031403,0.9427083333333333,0.1696392334648129,0.95,bca,bca,False,,5000,5000,whole_patient_cluster,True,three_class_patient_label,52027
emcad,2026,model_specific,eye,calibrated,conditional.per_class.pseudopapilledema.f1,0.26666666666666666,0.0,0.7619047619047619,0.19596483536175316,0.95,bca,bca,False,,5000,5000,whole_patient_cluster,True,three_class_patient_label,52027
emcad,2026,model_specific,eye,calibrated,conditional.per_class.pseudopapilledema.precision,0.2857142857142857,0.0,0.8,0.20203278316179896,0.95,bca,bca,False,,5000,5000,whole_patient_cluster,True,three_class_patient_label,52027
emcad,2026,model_specific,eye,calibrated,conditional.per_class.pseudopapilledema.recall,0.25,0.0,0.75,0.21252955385605185,0.95,bca,bca,False,,5000,5000,whole_patient_cluster,True,three_class_patient_label,52027
emcad,2026,model_specific,eye,calibrated,conditional.top_label_ece,0.16438734683931883,0.04960687562334821,0.2229157949602625,0.05433149248535632,0.95,bca,bca,False,,5000,5000,whole_patient_cluster,True,three_class_patient_label,52027
emcad,2026,model_specific,eye,calibrated,conditional_aurc,0.1599411154141178,0.06639804960348993,0.3194100411738053,0.061682145505804115,0.95,bca,bca,False,,5000,5000,whole_patient_cluster,True,three_class_patient_label,52027
emcad,2026,model_specific,eye,calibrated,coverage,0.9444444444444444,0.8333333333333334,1.0,0.03540543044784707,0.95,bca,bca,False,,5000,5000,whole_patient_cluster,True,three_class_patient_label,52027
emcad,2026,model_specific,eye,calibrated,failure_aware.accuracy,0.6111111111111112,0.4722222222222222,0.75,0.07764706225104853,0.95,bca,bca,False,,5000,5000,whole_patient_cluster,True,three_class_patient_label,52027
emcad,2026,model_specific,eye,calibrated,failure_aware.balanced_accuracy,0.4916666666666667,0.325,0.7333333333333334,0.10217965442309086,0.95,bca,bca,False,,5000,5000,whole_patient_cluster,True,three_class_patient_label,52027
emcad,2026,model_specific,eye,calibrated,failure_aware.macro_f1,0.5044871794871795,0.34529914529914535,0.7703608664435884,0.10426422227296922,0.95,bca,bca,False,,5000,5000,whole_patient_cluster,True,three_class_patient_label,52027
emcad,2026,model_specific,eye,calibrated,failure_aware.multiclass_mcc,0.3684050625853957,0.13761189054348688,0.6213968683154508,0.1239613339933512,0.95,bca,bca,False,,5000,5000,whole_patient_cluster,True,three_class_patient_label,52027
emcad,2026,model_specific,eye,calibrated,failure_aware.per_class.normal.f1,0.8717948717948718,0.7317073170731707,0.9743589743589743,0.057330947661923384,0.95,bca,bca,False,,5000,5000,whole_patient_cluster,True,three_class_patient_label,52027
emcad,2026,model_specific,eye,calibrated,failure_aware.per_class.normal.precision,0.8947368421052632,0.68,1.0,0.08150855472786779,0.95,bca,bca,False,,5000,5000,whole_patient_cluster,True,three_class_patient_label,52027
emcad,2026,model_specific,eye,calibrated,failure_aware.per_class.normal.recall,0.85,0.7,0.95,0.07274019952767152,0.95,bca,bca,False,,5000,5000,whole_patient_cluster,True,three_class_patient_label,52027
emcad,2026,model_specific,eye,calibrated,failure_aware.per_class.papilledema.f1,0.375,0.0,0.8,0.1816109787355433,0.95,bca,bca,False,,5000,5000,whole_patient_cluster,True,three_class_patient_label,52027
emcad,2026,model_specific,eye,calibrated,failure_aware.per_class.papilledema.precision,0.375,0.0,1.0,0.19908899492352894,0.95,bca,bca,False,,5000,5000,whole_patient_cluster,True,three_class_patient_label,52027
emcad,2026,model_specific,eye,calibrated,failure_aware.per_class.papilledema.recall,0.375,0.0,0.875,0.2080148514185517,0.95,bca,bca,False,,5000,5000,whole_patient_cluster,True,three_class_patient_label,52027
emcad,2026,model_specific,eye,calibrated,failure_aware.per_class.pseudopapilledema.f1,0.26666666666666666,0.0,0.7619047619047619,0.19596483536175316,0.95,bca,bca,False,,5000,5000,whole_patient_cluster,True,three_class_patient_label,52027
emcad,2026,model_specific,eye,calibrated,failure_aware.per_class.pseudopapilledema.precision,0.2857142857142857,0.0,0.8,0.20203278316179896,0.95,bca,bca,False,,5000,5000,whole_patient_cluster,True,three_class_patient_label,52027
emcad,2026,model_specific,eye,calibrated,failure_aware.per_class.pseudopapilledema.recall,0.25,0.0,0.75,0.21252955385605185,0.95,bca,bca,False,,5000,5000,whole_patient_cluster,True,three_class_patient_label,52027
emcad,2026,model_specific,eye,calibrated,failure_aware_aurc,0.17217542734437405,0.07437662684273182,0.3269912413327118,0.06230615061850036,0.95,bca,bca,False,,5000,5000,whole_patient_cluster,True,three_class_patient_label,52027
emcad,2026,model_specific,eye,calibrated,localized_diagnostic_success.rate,0.6111111111111112,0.4722222222222222,0.75,0.07764706225104853,0.95,bca,bca,False,,5000,5000,whole_patient_cluster,True,three_class_patient_label,52027
emcad,2026,model_specific,eye,calibrated,selective_risk,0.35294117647058826,0.2039438163505948,0.5,0.0762230708981509,0.95,bca,bca,False,,5000,5000,whole_patient_cluster,True,three_class_patient_label,52027
emcad,2026,standardized_resnet18,patient,calibrated,class_conditional_coverage.normal,0.8,0.5,1.0,0.12610771202034474,0.95,bca,bca,False,,5000,5000,whole_patient_cluster,True,three_class_patient_label,52026
emcad,2026,standardized_resnet18,patient,calibrated,class_conditional_coverage.papilledema,1.0,1.0,1.0,0.0,0.95,bca,bca,False,,5000,5000,whole_patient_cluster,True,three_class_patient_label,52026
emcad,2026,standardized_resnet18,patient,calibrated,class_conditional_coverage.pseudopapilledema,1.0,1.0,1.0,0.0,0.95,bca,bca,False,,5000,5000,whole_patient_cluster,True,three_class_patient_label,52026
emcad,2026,standardized_resnet18,patient,calibrated,conditional.accuracy,0.75,0.6923076923076923,0.7777777777777778,0.021073571448844128,0.95,bca,bca,False,,5000,5000,whole_patient_cluster,True,three_class_patient_label,52026
emcad,2026,standardized_resnet18,patient,calibrated,conditional.balanced_accuracy,0.6666666666666666,0.6666666666666666,0.6666666666666666,1.1103340635837404e-16,0.95,bca,bca,False,,5000,5000,whole_patient_cluster,True,three_class_patient_label,52026
emcad,2026,standardized_resnet18,patient,calibrated,conditional.derived_discrimination.normal_vs_abnormal.auroc,0.9375,0.7039988801297984,1.0,0.059807557840840804,0.95,bca,bca,False,,5000,5000,whole_patient_cluster,True,three_class_patient_label,52026
emcad,2026,standardized_resnet18,patient,calibrated,conditional.derived_discrimination.normal_vs_abnormal.average_precision,0.9583333333333333,0.825,1.0,0.0371147183139664,0.95,bca,bca,False,,5000,5000,whole_patient_cluster,True,three_class_patient_label,52026
emcad,2026,standardized_resnet18,patient,calibrated,conditional.derived_discrimination.papilledema_vs_pseudopapilledema.auroc,0.6875,0.125,1.0,0.2061569395642458,0.95,bca,bca,False,,5000,5000,whole_patient_cluster,True,three_class_patient_label,52026
emcad,2026,standardized_resnet18,patient,calibrated,conditional.derived_discrimination.papilledema_vs_pseudopapilledema.average_precision,0.7470238095238095,0.45,1.0,0.1410463978256423,0.95,bca,bca,False,,5000,5000,whole_patient_cluster,True,three_class_patient_label,52026
emcad,2026,standardized_resnet18,patient,calibrated,conditional.macro_auroc,0.8680555555555557,0.6583618656918279,0.9652777777777777,0.06678920057521745,0.95,bca,bca,False,,5000,5000,whole_patient_cluster,True,three_class_patient_label,52026
emcad,2026,standardized_resnet18,patient,calibrated,conditional.macro_average_precision,0.7681840150590151,0.6118242430676916,0.8888888888888888,0.076524311821492,0.95,bca,bca,False,,5000,5000,whole_patient_cluster,True,three_class_patient_label,52026
emcad,2026,standardized_resnet18,patient,calibrated,conditional.macro_classwise_ece,0.15111697900916624,0.09985836710160731,0.19104446995100302,0.03546766110673499,0.95,bca,bca,False,,5000,5000,whole_patient_cluster,True,three_class_patient_label,52026
emcad,2026,standardized_resnet18,patient,calibrated,conditional.macro_f1,0.5561497326203209,0.5501165501165501,0.582010582010582,0.006540834083108699,0.95,bca,bca,False,,5000,5000,whole_patient_cluster,True,three_class_patient_label,52026
emcad,2026,standardized_resnet18,patient,calibrated,conditional.multiclass_brier,0.3871057188619259,0.32744151562955304,0.49881538685245586,0.041319367863707636,0.95,bca,bca,False,,5000,5000,whole_patient_cluster,True,three_class_patient_label,52026
emcad,2026,standardized_resnet18,patient,calibrated,conditional.multiclass_mcc,0.6479515952918626,0.5979699216606839,0.6784005252999682,0.019094402780989284,0.95,bca,bca,False,,5000,5000,whole_patient_cluster,True,three_class_patient_label,52026
emcad,2026,standardized_resnet18,patient,calibrated,conditional.multiclass_nll,0.6992468531363146,0.6123996277172893,0.8642801026708962,0.06018975832921355,0.95,bca,bca,False,,5000,5000,whole_patient_cluster,True,three_class_patient_label,52026
emcad,2026,standardized_resnet18,patient,calibrated,conditional.per_class.normal.auroc_ovr,0.9375,0.7050346516632686,1.0,0.05980755784084081,0.95,bca,bca,False,,5000,5000,whole_patient_cluster,True,three_class_patient_label,52026
emcad,2026,standardized_resnet18,patient,calibrated,conditional.per_class.normal.average_precision_ovr,0.931795634920635,0.685960939576065,1.0,0.05962785570748347,0.95,bca,bca,False,,5000,5000,whole_patient_cluster,True,three_class_patient_label,52026
emcad,2026,standardized_resnet18,patient,calibrated,conditional.per_class.normal.f1,0.9411764705882353,0.7692307692307693,1.0,0.04933446375089677,0.95,bca,bca,False,,5000,5000,whole_patient_cluster,True,three_class_patient_label,52026
emcad,2026,standardized_resnet18,patient,calibrated,conditional.per_class.normal.precision,0.8888888888888888,0.625,1.0,0.08680550678737928,0.95,bca,bca,False,,5000,5000,whole_patient_cluster,True,three_class_patient_label,52026
emcad,2026,standardized_resnet18,patient,calibrated,conditional.per_class.normal.recall,1.0,1.0,1.0,0.0,0.95,bca,bca,False,,5000,5000,whole_patient_cluster,True,three_class_patient_label,52026
emcad,2026,standardized_resnet18,patient,calibrated,conditional.per_class.papilledema.auroc_ovr,0.9375,0.7307692307692307,1.0,0.05656986774377852,0.95,bca,bca,False,,5000,5000,whole_patient_cluster,True,three_class_patient_label,52026
emcad,2026,standardized_resnet18,patient,calibrated,conditional.per_class.papilledema.average_precision_ovr,0.8541666666666666,0.5833333333333334,1.0,0.10805289009621194,0.95,bca,bca,False,,5000,5000,whole_patient_cluster,True,three_class_patient_label,52026
emcad,2026,standardized_resnet18,patient,calibrated,conditional.per_class.papilledema.f1,0.7272727272727273,0.6666666666666666,0.8888888888888888,0.060724987515856664,0.95,bca,bca,False,,5000,5000,whole_patient_cluster,True,three_class_patient_label,52026
emcad,2026,standardized_resnet18,patient,calibrated,conditional.per_class.papilledema.precision,0.5714285714285714,0.5,0.8,0.07998998773394969,0.95,bca,bca,False,,5000,5000,whole_patient_cluster,True,three_class_patient_label,52026
emcad,2026,standardized_resnet18,patient,calibrated,conditional.per_class.papilledema.recall,1.0,1.0,1.0,0.0,0.95,bca,bca,False,,5000,5000,whole_patient_cluster,True,three_class_patient_label,52026
emcad,2026,standardized_resnet18,patient,calibrated,conditional.per_class.pseudopapilledema.auroc_ovr,0.7291666666666667,0.3,0.9615384615384616,0.15402299503508984,0.95,bca,bca,False,,5000,5000,whole_patient_cluster,True,three_class_patient_label,52026
emcad,2026,standardized_resnet18,patient,calibrated,conditional.per_class.pseudopapilledema.average_precision_ovr,0.5185897435897435,0.2625,0.8269230769230769,0.1739708814448052,0.95,bca,bca,False,,5000,5000,whole_patient_cluster,True,three_class_patient_label,52026
emcad,2026,standardized_resnet18,patient,calibrated,conditional.per_class.pseudopapilledema.f1,0.0,0.0,0.0,0.0,0.95,bca,bca,False,,5000,5000,whole_patient_cluster,True,three_class_patient_label,52026
emcad,2026,standardized_resnet18,patient,calibrated,conditional.per_class.pseudopapilledema.precision,0.0,0.0,0.0,0.0,0.95,bca,bca,False,,5000,5000,whole_patient_cluster,True,three_class_patient_label,52026
emcad,2026,standardized_resnet18,patient,calibrated,conditional.per_class.pseudopapilledema.recall,0.0,0.0,0.0,0.0,0.95,bca,bca,False,,5000,5000,whole_patient_cluster,True,three_class_patient_label,52026
emcad,2026,standardized_resnet18,patient,calibrated,conditional.top_label_ece,0.18972299384413616,0.08403856929560073,0.2792872141318056,0.05534623211455938,0.95,bca,bca,False,,5000,5000,whole_patient_cluster,True,three_class_patient_label,52026
emcad,2026,standardized_resnet18,patient,calibrated,conditional_aurc,0.12008390914640915,0.047069597069597076,0.31181917591221814,0.058189185801233334,0.95,bca,bca,False,,5000,5000,whole_patient_cluster,True,three_class_patient_label,52026
emcad,2026,standardized_resnet18,patient,calibrated,coverage,0.8888888888888888,0.6666666666666666,1.0,0.07005984001130262,0.95,bca,bca,False,,5000,5000,whole_patient_cluster,True,three_class_patient_label,52026
emcad,2026,standardized_resnet18,patient,calibrated,failure_aware.accuracy,0.6666666666666666,0.5,0.7777777777777778,0.07005984001130262,0.95,bca,bca,False,,5000,5000,whole_patient_cluster,True,three_class_patient_label,52026
emcad,2026,standardized_resnet18,patient,calibrated,failure_aware.balanced_accuracy,0.6,0.5,0.6666666666666666,0.04203590400678157,0.95,bca,bca,False,,5000,5000,whole_patient_cluster,True,three_class_patient_label,52026
emcad,2026,standardized_resnet18,patient,calibrated,failure_aware.macro_f1,0.5231259968102073,0.4444444444444444,0.5598845598845599,0.02817291314807788,0.95,bca,bca,False,,5000,5000,whole_patient_cluster,True,three_class_patient_label,52026
emcad,2026,standardized_resnet18,patient,calibrated,failure_aware.multiclass_mcc,0.5130960376573269,0.35544445286979454,0.6629699999089105,0.08021782209560255,0.95,bca,bca,False,,5000,5000,whole_patient_cluster,True,three_class_patient_label,52026
emcad,2026,standardized_resnet18,patient,calibrated,failure_aware.per_class.normal.f1,0.8421052631578947,0.5882352941176471,0.9523809523809523,0.0893306973218281,0.95,bca,bca,False,,5000,5000,whole_patient_cluster,True,three_class_patient_label,52026
emcad,2026,standardized_resnet18,patient,calibrated,failure_aware.per_class.normal.precision,0.8888888888888888,0.625,1.0,0.08680550678737928,0.95,bca,bca,False,,5000,5000,whole_patient_cluster,True,three_class_patient_label,52026
emcad,2026,standardized_resnet18,patient,calibrated,failure_aware.per_class.normal.recall,0.8,0.5,1.0,0.12610771202034474,0.95,bca,bca,False,,5000,5000,whole_patient_cluster,True,three_class_patient_label,52026
emcad,2026,standardized_resnet18,patient,calibrated,failure_aware.per_class.papilledema.f1,0.7272727272727273,0.6666666666666666,0.8888888888888888,0.060724987515856664,0.95,bca,bca,False,,5000,5000,whole_patient_cluster,True,three_class_patient_label,52026
emcad,2026,standardized_resnet18,patient,calibrated,failure_aware.per_class.papilledema.precision,0.5714285714285714,0.5,0.8,0.07998998773394969,0.95,bca,bca,False,,5000,5000,whole_patient_cluster,True,three_class_patient_label,52026
emcad,2026,standardized_resnet18,patient,calibrated,failure_aware.per_class.papilledema.recall,1.0,1.0,1.0,0.0,0.95,bca,bca,False,,5000,5000,whole_patient_cluster,True,three_class_patient_label,52026
emcad,2026,standardized_resnet18,patient,calibrated,failure_aware.per_class.pseudopapilledema.f1,0.0,0.0,0.0,0.0,0.95,bca,bca,False,,5000,5000,whole_patient_cluster,True,three_class_patient_label,52026
emcad,2026,standardized_resnet18,patient,calibrated,failure_aware.per_class.pseudopapilledema.precision,0.0,0.0,0.0,0.0,0.95,bca,bca,False,,5000,5000,whole_patient_cluster,True,three_class_patient_label,52026
emcad,2026,standardized_resnet18,patient,calibrated,failure_aware.per_class.pseudopapilledema.recall,0.0,0.0,0.0,0.0,0.95,bca,bca,False,,5000,5000,whole_patient_cluster,True,three_class_patient_label,52026
emcad,2026,standardized_resnet18,patient,calibrated,failure_aware_aurc,0.14159964037415018,0.058538080474354985,0.3178661015861635,0.06067340901953155,0.95,bca,bca,False,,5000,5000,whole_patient_cluster,True,three_class_patient_label,52026
emcad,2026,standardized_resnet18,patient,calibrated,localized_diagnostic_success.rate,0.6666666666666666,0.5,0.7777777777777778,0.07005984001130262,0.95,bca,bca,False,,5000,5000,whole_patient_cluster,True,three_class_patient_label,52026
emcad,2026,standardized_resnet18,patient,calibrated,selective_risk,0.25,0.2222222222222222,0.3076923076923077,0.02107357144884413,0.95,bca,bca,False,,5000,5000,whole_patient_cluster,True,three_class_patient_label,52026
emcad,2026,standardized_resnet18,eye,calibrated,class_conditional_coverage.normal,0.9,0.7,1.0,0.0637297748061247,0.95,bca,bca,False,,5000,5000,whole_patient_cluster,True,three_class_patient_label,52027
emcad,2026,standardized_resnet18,eye,calibrated,class_conditional_coverage.papilledema,1.0,1.0,1.0,0.0,0.95,bca,bca,False,,5000,5000,whole_patient_cluster,True,three_class_patient_label,52027
emcad,2026,standardized_resnet18,eye,calibrated,class_conditional_coverage.pseudopapilledema,1.0,1.0,1.0,0.0,0.95,bca,bca,False,,5000,5000,whole_patient_cluster,True,three_class_patient_label,52027
emcad,2026,standardized_resnet18,eye,calibrated,conditional.accuracy,0.7941176470588235,0.75,0.8529411764705882,0.02689841646709643,0.95,bca,bca,False,,5000,5000,whole_patient_cluster,True,three_class_patient_label,52027
emcad,2026,standardized_resnet18,eye,calibrated,conditional.balanced_accuracy,0.7083333333333334,0.6666666666666666,0.7916666666666666,0.03617297221691942,0.95,bca,bca,False,,5000,5000,whole_patient_cluster,True,three_class_patient_label,52027
emcad,2026,standardized_resnet18,eye,calibrated,conditional.derived_discrimination.normal_vs_abnormal.auroc,0.9340277777777778,0.6875,1.0,0.06340976360726644,0.95,bca,bca,False,,5000,5000,whole_patient_cluster,True,three_class_patient_label,52027
emcad,2026,standardized_resnet18,eye,calibrated,conditional.derived_discrimination.normal_vs_abnormal.average_precision,0.9525240384615384,0.8152777777777778,1.0,0.04397261987888888,0.95,bca,bca,False,,5000,5000,whole_patient_cluster,True,three_class_patient_label,52027
emcad,2026,standardized_resnet18,eye,calibrated,conditional.derived_discrimination.papilledema_vs_pseudopapilledema.auroc,0.6875,0.28750550639082983,0.921875,0.15526702757256688,0.95,bca,bca,False,,5000,5000,whole_patient_cluster,True,three_class_patient_label,52027
emcad,2026,standardized_resnet18,eye,calibrated,conditional.derived_discrimination.papilledema_vs_pseudopapilledema.average_precision,0.7548347485847486,0.515530303030303,0.9519230769230769,0.10943904613246573,0.95,bca,bca,False,,5000,5000,whole_patient_cluster,True,three_class_patient_label,52027
emcad,2026,standardized_resnet18,eye,calibrated,conditional.macro_auroc,0.864227207977208,0.6914947953082773,0.9392361111111112,0.05479880859624936,0.95,bca,bca,False,,5000,5000,whole_patient_cluster,True,three_class_patient_label,52027
emcad,2026,standardized_resnet18,eye,calibrated,conditional.macro_average_precision,0.7049239507562092,0.5754965448743343,0.8105585386835387,0.06498830577524499,0.95,bca,bca,False,,5000,5000,whole_patient_cluster,True,three_class_patient_label,52027
emcad,2026,standardized_resnet18,eye,calibrated,conditional.macro_classwise_ece,0.16696558939638018,0.1175163991677745,0.22144670056294322,0.031253808760942664,0.95,bca,bca,False,,5000,5000,whole_patient_cluster,True,three_class_patient_label,52027
emcad,2026,standardized_resnet18,eye,calibrated,conditional.macro_f1,0.6438318017265385,0.5555555555555555,0.7714384722791819,0.06374200743343136,0.95,bca,bca,False,,5000,5000,whole_patient_cluster,True,three_class_patient_label,52027
emcad,2026,standardized_resnet18,eye,calibrated,conditional.multiclass_brier,0.3903552402468265,0.3448597833922228,0.4649084873737684,0.029651091927479563,0.95,bca,bca,False,,5000,5000,whole_patient_cluster,True,three_class_patient_label,52027
emcad,2026,standardized_resnet18,eye,calibrated,conditional.multiclass_mcc,0.6943840253649081,0.6367071247700306,0.7811334658849433,0.03917410390361387,0.95,bca,bca,False,,5000,5000,whole_patient_cluster,True,three_class_patient_label,52027
emcad,2026,standardized_resnet18,eye,calibrated,conditional.multiclass_nll,0.708053941974608,0.6436247479544321,0.8167760323282133,0.042513758454513016,0.95,bca,bca,False,,5000,5000,whole_patient_cluster,True,three_class_patient_label,52027
emcad,2026,standardized_resnet18,eye,calibrated,conditional.per_class.normal.auroc_ovr,0.9340277777777778,0.6875,1.0,0.06340976360726644,0.95,bca,bca,False,,5000,5000,whole_patient_cluster,True,three_class_patient_label,52027
emcad,2026,standardized_resnet18,eye,calibrated,conditional.per_class.normal.average_precision_ovr,0.9302375208592959,0.6940231026437792,1.0,0.06197757766772157,0.95,bca,bca,False,,5000,5000,whole_patient_cluster,True,three_class_patient_label,52027
emcad,2026,standardized_resnet18,eye,calibrated,conditional.per_class.normal.f1,0.9473684210526315,0.8181818181818182,1.0,0.04333899686048378,0.95,bca,bca,False,,5000,5000,whole_patient_cluster,True,three_class_patient_label,52027
emcad,2026,standardized_resnet18,eye,calibrated,conditional.per_class.normal.precision,0.9,0.6923076923076923,1.0,0.07756289834550523,0.95,bca,bca,False,,5000,5000,whole_patient_cluster,True,three_class_patient_label,52027
emcad,2026,standardized_resnet18,eye,calibrated,conditional.per_class.normal.recall,1.0,1.0,1.0,0.0,0.95,bca,bca,False,,5000,5000,whole_patient_cluster,True,three_class_patient_label,52027
emcad,2026,standardized_resnet18,eye,calibrated,conditional.per_class.papilledema.auroc_ovr,0.9086538461538461,0.76,0.9807692307692307,0.050241045906348314,0.95,bca,bca,False,,5000,5000,whole_patient_cluster,True,three_class_patient_label,52027
emcad,2026,standardized_resnet18,eye,calibrated,conditional.per_class.papilledema.average_precision_ovr,0.716220238095238,0.45575522510177463,0.8998511904761904,0.11742215948887678,0.95,bca,bca,False,,5000,5000,whole_patient_cluster,True,three_class_patient_label,52027
emcad,2026,standardized_resnet18,eye,calibrated,conditional.per_class.papilledema.f1,0.7619047619047619,0.6666666666666666,0.8888888888888888,0.06318663999444367,0.95,bca,bca,False,,5000,5000,whole_patient_cluster,True,three_class_patient_label,52027
emcad,2026,standardized_resnet18,eye,calibrated,conditional.per_class.papilledema.precision,0.6153846153846154,0.5,0.8,0.08698286425547579,0.95,bca,bca,False,,5000,5000,whole_patient_cluster,True,three_class_patient_label,52027
emcad,2026,standardized_resnet18,eye,calibrated,conditional.per_class.papilledema.recall,1.0,1.0,1.0,0.0,0.95,bca,bca,False,,5000,5000,whole_patient_cluster,True,three_class_patient_label,52027
emcad,2026,standardized_resnet18,eye,calibrated,conditional.per_class.pseudopapilledema.auroc_ovr,0.75,0.39903846153846156,0.9199999999999999,0.12147933038653438,0.95,bca,bca,False,,5000,5000,whole_patient_cluster,True,three_class_patient_label,52027
emcad,2026,standardized_resnet18,eye,calibrated,conditional.per_class.pseudopapilledema.average_precision_ovr,0.46831409331409324,0.2479164169539482,0.7268469081089455,0.14023814267725254,0.95,bca,bca,False,,5000,5000,whole_patient_cluster,True,three_class_patient_label,52027
emcad,2026,standardized_resnet18,eye,calibrated,conditional.per_class.pseudopapilledema.f1,0.2222222222222222,0.0,0.5942734105146056,0.1667437046728983,0.95,bca,bca,False,,5000,5000,whole_patient_cluster,True,three_class_patient_label,52027
emcad,2026,standardized_resnet18,eye,calibrated,conditional.per_class.pseudopapilledema.precision,1.0,0.0,1.0,0.46400226251595367,0.95,bca,bca,False,,5000,5000,whole_patient_cluster,True,three_class_patient_label,52027
emcad,2026,standardized_resnet18,eye,calibrated,conditional.per_class.pseudopapilledema.recall,0.125,0.0,0.375,0.10851891665075823,0.95,bca,bca,False,,5000,5000,whole_patient_cluster,True,three_class_patient_label,52027
emcad,2026,standardized_resnet18,eye,calibrated,conditional.top_label_ece,0.21015703821192866,0.13328593673328074,0.2687790766679295,0.04379856030337541,0.95,bca,bca,False,,5000,5000,whole_patient_cluster,True,three_class_patient_label,52027
emcad,2026,standardized_resnet18,eye,calibrated,conditional_aurc,0.1159191407655769,0.04989650019406531,0.285849262569841,0.052903551290934506,0.95,bca,bca,False,,5000,5000,whole_patient_cluster,True,three_class_patient_label,52027
emcad,2026,standardized_resnet18,eye,calibrated,coverage,0.9444444444444444,0.8333333333333334,1.0,0.03540543044784707,0.95,bca,bca,False,,5000,5000,whole_patient_cluster,True,three_class_patient_label,52027
emcad,2026,standardized_resnet18,eye,calibrated,failure_aware.accuracy,0.75,0.6388888888888888,0.8333333333333334,0.04315650098145478,0.95,bca,bca,False,,5000,5000,whole_patient_cluster,True,three_class_patient_label,52027
emcad,2026,standardized_resnet18,eye,calibrated,failure_aware.balanced_accuracy,0.6749999999999999,0.6166666666666667,0.7833333333333333,0.04224229560361426,0.95,bca,bca,False,,5000,5000,whole_patient_cluster,True,three_class_patient_label,52027
emcad,2026,standardized_resnet18,eye,calibrated,failure_aware.macro_f1,0.6280423280423281,0.5231259968102073,0.7531182268024373,0.06468275003209016,0.95,bca,bca,False,,5000,5000,whole_patient_cluster,True,three_class_patient_label,52027
emcad,2026,standardized_resnet18,eye,calibrated,failure_aware.multiclass_mcc,0.6177441237282137,0.48394494951858547,0.7193358255020712,0.06296530367649271,0.95,bca,bca,False,,5000,5000,whole_patient_cluster,True,three_class_patient_label,52027
emcad,2026,standardized_resnet18,eye,calibrated,failure_aware.per_class.normal.f1,0.9,0.7619047619047619,0.9743589743589743,0.05253173062133855,0.95,bca,bca,False,,5000,5000,whole_patient_cluster,True,three_class_patient_label,52027
emcad,2026,standardized_resnet18,eye,calibrated,failure_aware.per_class.normal.precision,0.9,0.6923076923076923,1.0,0.07756289834550523,0.95,bca,bca,False,,5000,5000,whole_patient_cluster,True,three_class_patient_label,52027
emcad,2026,standardized_resnet18,eye,calibrated,failure_aware.per_class.normal.recall,0.9,0.7,1.0,0.0637297748061247,0.95,bca,bca,False,,5000,5000,whole_patient_cluster,True,three_class_patient_label,52027
emcad,2026,standardized_resnet18,eye,calibrated,failure_aware.per_class.papilledema.f1,0.7619047619047619,0.6666666666666666,0.8888888888888888,0.06318663999444367,0.95,bca,bca,False,,5000,5000,whole_patient_cluster,True,three_class_patient_label,52027
emcad,2026,standardized_resnet18,eye,calibrated,failure_aware.per_class.papilledema.precision,0.6153846153846154,0.5,0.8,0.08698286425547579,0.95,bca,bca,False,,5000,5000,whole_patient_cluster,True,three_class_patient_label,52027
emcad,2026,standardized_resnet18,eye,calibrated,failure_aware.per_class.papilledema.recall,1.0,1.0,1.0,0.0,0.95,bca,bca,False,,5000,5000,whole_patient_cluster,True,three_class_patient_label,52027
emcad,2026,standardized_resnet18,eye,calibrated,failure_aware.per_class.pseudopapilledema.f1,0.2222222222222222,0.0,0.5942734105146056,0.1667437046728983,0.95,bca,bca,False,,5000,5000,whole_patient_cluster,True,three_class_patient_label,52027
emcad,2026,standardized_resnet18,eye,calibrated,failure_aware.per_class.pseudopapilledema.precision,1.0,0.0,1.0,0.46400226251595367,0.95,bca,bca,False,,5000,5000,whole_patient_cluster,True,three_class_patient_label,52027
emcad,2026,standardized_resnet18,eye,calibrated,failure_aware.per_class.pseudopapilledema.recall,0.125,0.0,0.375,0.10851891665075823,0.95,bca,bca,False,,5000,5000,whole_patient_cluster,True,three_class_patient_label,52027
emcad,2026,standardized_resnet18,eye,calibrated,failure_aware_aurc,0.12277283929447341,0.056164678908681966,0.28050936536968535,0.05144404266904577,0.95,bca,bca,False,,5000,5000,whole_patient_cluster,True,three_class_patient_label,52027
emcad,2026,standardized_resnet18,eye,calibrated,localized_diagnostic_success.rate,0.75,0.6388888888888888,0.8333333333333334,0.04315650098145478,0.95,bca,bca,False,,5000,5000,whole_patient_cluster,True,three_class_patient_label,52027
emcad,2026,standardized_resnet18,eye,calibrated,selective_risk,0.20588235294117646,0.14705882352941177,0.25,0.02689841646709642,0.95,bca,bca,False,,5000,5000,whole_patient_cluster,True,three_class_patient_label,52027
emcad,3407,model_specific,patient,calibrated,class_conditional_coverage.normal,1.0,1.0,1.0,0.0,0.95,bca,bca,False,,5000,5000,whole_patient_cluster,True,three_class_patient_label,53407
emcad,3407,model_specific,patient,calibrated,class_conditional_coverage.papilledema,1.0,1.0,1.0,0.0,0.95,bca,bca,False,,5000,5000,whole_patient_cluster,True,three_class_patient_label,53407
emcad,3407,model_specific,patient,calibrated,class_conditional_coverage.pseudopapilledema,0.75,0.25,1.0,0.21683727465714042,0.95,bca,bca,False,,5000,5000,whole_patient_cluster,True,three_class_patient_label,53407
emcad,3407,model_specific,patient,calibrated,conditional.accuracy,0.4117647058823529,0.2222222222222222,0.625,0.10525308707837751,0.95,bca,bca,False,,5000,5000,whole_patient_cluster,True,three_class_patient_label,53407
emcad,3407,model_specific,patient,calibrated,conditional.balanced_accuracy,0.2833333333333333,0.13333333333333333,0.5166666666666667,0.08926834321725415,0.95,bca,bca,False,,5000,5000,whole_patient_cluster,True,three_class_patient_label,53407
emcad,3407,model_specific,patient,calibrated,conditional.derived_discrimination.normal_vs_abnormal.auroc,0.8,0.580374499532671,1.0,0.10001371766064687,0.95,bca,bca,False,,5000,5000,whole_patient_cluster,True,three_class_patient_label,53407
emcad,3407,model_specific,patient,calibrated,conditional.derived_discrimination.normal_vs_abnormal.average_precision,0.8523809523809522,0.7395833333333334,1.0,0.06608930774243606,0.95,bca,bca,False,,5000,5000,whole_patient_cluster,True,three_class_patient_label,53407
emcad,3407,model_specific,patient,calibrated,conditional.derived_discrimination.papilledema_vs_pseudopapilledema.auroc,0.0,0.0,0.0,0.0,0.95,bca,bca,False,,4977,5000,whole_patient_cluster,True,three_class_patient_label,53407
emcad,3407,model_specific,patient,calibrated,conditional.derived_discrimination.papilledema_vs_pseudopapilledema.average_precision,0.3206349206349206,0.2,0.3892857142857143,0.06283349541058962,0.95,bca,bca,False,,4977,5000,whole_patient_cluster,True,three_class_patient_label,53407
emcad,3407,model_specific,patient,calibrated,conditional.macro_auroc,0.6677655677655677,0.5106529388181901,0.8214285714285715,0.0780517464573202,0.95,bca,bca,False,,5000,5000,whole_patient_cluster,True,three_class_patient_label,53407
emcad,3407,model_specific,patient,calibrated,conditional.macro_average_precision,0.5172767972767972,0.40665858195224164,0.5693730932070414,0.05697000154719003,0.95,bca,bca,False,,5000,5000,whole_patient_cluster,True,three_class_patient_label,53407
emcad,3407,model_specific,patient,calibrated,conditional.macro_classwise_ece,0.2578162617373578,0.17475444674247084,0.34180040563587055,0.043035469132489824,0.95,bca,bca,False,,5000,5000,whole_patient_cluster,True,three_class_patient_label,53407
emcad,3407,model_specific,patient,calibrated,conditional.macro_f1,0.2888888888888889,0.18396545437413386,0.48038546601662224,0.07201820846190624,0.95,bca,bca,False,,5000,5000,whole_patient_cluster,True,three_class_patient_label,53407
emcad,3407,model_specific,patient,calibrated,conditional.multiclass_brier,0.5654383193158455,0.3874146493482655,0.7569256792007665,0.09294783254704865,0.95,bca,bca,False,,5000,5000,whole_patient_cluster,True,three_class_patient_label,53407
emcad,3407,model_specific,patient,calibrated,conditional.multiclass_mcc,0.03492151478847891,-0.192068331336634,0.3412949553781162,0.13812385091543172,0.95,bca,bca,False,,5000,5000,whole_patient_cluster,True,three_class_patient_label,53407
emcad,3407,model_specific,patient,calibrated,conditional.multiclass_nll,0.9320406583931402,0.649109764674374,1.2563446470970623,0.1544882927784195,0.95,bca,bca,False,,5000,5000,whole_patient_cluster,True,three_class_patient_label,53407
emcad,3407,model_specific,patient,calibrated,conditional.per_class.normal.auroc_ovr,0.8,0.575,1.0,0.10001371766064684,0.95,bca,bca,False,,5000,5000,whole_patient_cluster,True,three_class_patient_label,53407
emcad,3407,model_specific,patient,calibrated,conditional.per_class.normal.average_precision_ovr,0.8243578643578643,0.6083875969960411,0.9572979797979799,0.08663751541522584,0.95,bca,bca,False,,5000,5000,whole_patient_cluster,True,three_class_patient_label,53407
emcad,3407,model_specific,patient,calibrated,conditional.per_class.normal.f1,0.6666666666666666,0.375,0.8628235049761558,0.12251729630492522,0.95,bca,bca,False,,5000,5000,whole_patient_cluster,True,three_class_patient_label,53407
emcad,3407,model_specific,patient,calibrated,conditional.per_class.normal.precision,0.75,0.5,1.0,0.11462511322653236,0.95,bca,bca,False,,5000,5000,whole_patient_cluster,True,three_class_patient_label,53407
emcad,3407,model_specific,patient,calibrated,conditional.per_class.normal.recall,0.6,0.3,0.9,0.15223420328733656,0.95,bca,bca,False,,5000,5000,whole_patient_cluster,True,three_class_patient_label,53407
emcad,3407,model_specific,patient,calibrated,conditional.per_class.papilledema.auroc_ovr,0.846153846153846,0.5454545454545454,0.9791666666666666,0.09235614426659505,0.95,bca,bca,False,,5000,5000,whole_patient_cluster,True,three_class_patient_label,53407
emcad,3407,model_specific,patient,calibrated,conditional.per_class.papilledema.average_precision_ovr,0.5428571428571429,0.28784517248123065,0.8333333333333333,0.17395087233720613,0.95,bca,bca,False,,5000,5000,whole_patient_cluster,True,three_class_patient_label,53407
emcad,3407,model_specific,patient,calibrated,conditional.per_class.papilledema.f1,0.2,0.0,0.7312811985465777,0.1628291585497009,0.95,bca,bca,False,,5000,5000,whole_patient_cluster,True,three_class_patient_label,53407
emcad,3407,model_specific,patient,calibrated,conditional.per_class.papilledema.precision,0.16666666666666666,0.0,0.6666666666666666,0.14528992899140114,0.95,bca,bca,False,,5000,5000,whole_patient_cluster,True,three_class_patient_label,53407
emcad,3407,model_specific,patient,calibrated,conditional.per_class.papilledema.recall,0.25,0.0,0.75,0.2182120546627982,0.95,bca,bca,False,,5000,5000,whole_patient_cluster,True,three_class_patient_label,53407
emcad,3407,model_specific,patient,calibrated,conditional.per_class.pseudopapilledema.auroc_ovr,0.35714285714285715,0.0714285714285714,0.7142857142857143,0.16977812167903972,0.95,bca,bca,False,,4977,5000,whole_patient_cluster,True,three_class_patient_label,53407
emcad,3407,model_specific,patient,calibrated,conditional.per_class.pseudopapilledema.average_precision_ovr,0.18461538461538463,0.07692307692307693,0.3333333333333333,0.07336725050815968,0.95,bca,bca,False,,4977,5000,whole_patient_cluster,True,three_class_patient_label,53407
emcad,3407,model_specific,patient,calibrated,conditional.per_class.pseudopapilledema.f1,0.0,0.0,0.0,0.0,0.95,bca,bca,False,,5000,5000,whole_patient_cluster,True,three_class_patient_label,53407
emcad,3407,model_specific,patient,calibrated,conditional.per_class.pseudopapilledema.precision,0.0,0.0,0.0,0.0,0.95,bca,bca,False,,5000,5000,whole_patient_cluster,True,three_class_patient_label,53407
emcad,3407,model_specific,patient,calibrated,conditional.per_class.pseudopapilledema.recall,0.0,0.0,0.0,0.0,0.95,bca,bca,False,,4977,5000,whole_patient_cluster,True,three_class_patient_label,53407
emcad,3407,model_specific,patient,calibrated,conditional.top_label_ece,0.3207107891483856,0.1793469153496024,0.4249084879863283,0.06146428884163413,0.95,bca,bca,False,,5000,5000,whole_patient_cluster,True,three_class_patient_label,53407
emcad,3407,model_specific,patient,calibrated,conditional_aurc,0.3472078527009323,0.1609336176966098,0.6000157220994894,0.11386695977395682,0.95,bca,bca,False,,5000,5000,whole_patient_cluster,True,three_class_patient_label,53407
emcad,3407,model_specific,patient,calibrated,coverage,0.9444444444444444,0.7777777777777778,1.0,0.048186061034920104,0.95,bca,bca,False,,5000,5000,whole_patient_cluster,True,three_class_patient_label,53407
emcad,3407,model_specific,patient,calibrated,failure_aware.accuracy,0.3888888888888889,0.2222222222222222,0.6111111111111112,0.09738164310926732,0.95,bca,bca,False,,5000,5000,whole_patient_cluster,True,three_class_patient_label,53407
emcad,3407,model_specific,patient,calibrated,failure_aware.balanced_accuracy,0.2833333333333333,0.13333333333333333,0.5166666666666667,0.08858192395432767,0.95,bca,bca,False,,5000,5000,whole_patient_cluster,True,three_class_patient_label,53407
emcad,3407,model_specific,patient,calibrated,failure_aware.macro_f1,0.2888888888888889,0.18396545437413386,0.48038546601662224,0.07201820846190624,0.95,bca,bca,False,,5000,5000,whole_patient_cluster,True,three_class_patient_label,53407
emcad,3407,model_specific,patient,calibrated,failure_aware.multiclass_mcc,0.04933356487274115,-0.18405876134438054,0.3316106689158713,0.12942226539142818,0.95,bca,bca,False,,5000,5000,whole_patient_cluster,True,three_class_patient_label,53407
emcad,3407,model_specific,patient,calibrated,failure_aware.per_class.normal.f1,0.6666666666666666,0.375,0.8628235049761558,0.12251729630492522,0.95,bca,bca,False,,5000,5000,whole_patient_cluster,True,three_class_patient_label,53407
emcad,3407,model_specific,patient,calibrated,failure_aware.per_class.normal.precision,0.75,0.5,1.0,0.11462511322653236,0.95,bca,bca,False,,5000,5000,whole_patient_cluster,True,three_class_patient_label,53407
emcad,3407,model_specific,patient,calibrated,failure_aware.per_class.normal.recall,0.6,0.3,0.9,0.15223420328733656,0.95,bca,bca,False,,5000,5000,whole_patient_cluster,True,three_class_patient_label,53407
emcad,3407,model_specific,patient,calibrated,failure_aware.per_class.papilledema.f1,0.2,0.0,0.7312811985465777,0.1628291585497009,0.95,bca,bca,False,,5000,5000,whole_patient_cluster,True,three_class_patient_label,53407
emcad,3407,model_specific,patient,calibrated,failure_aware.per_class.papilledema.precision,0.16666666666666666,0.0,0.6666666666666666,0.14528992899140114,0.95,bca,bca,False,,5000,5000,whole_patient_cluster,True,three_class_patient_label,53407
emcad,3407,model_specific,patient,calibrated,failure_aware.per_class.papilledema.recall,0.25,0.0,0.75,0.2182120546627982,0.95,bca,bca,False,,5000,5000,whole_patient_cluster,True,three_class_patient_label,53407
emcad,3407,model_specific,patient,calibrated,failure_aware.per_class.pseudopapilledema.f1,0.0,0.0,0.0,0.0,0.95,bca,bca,False,,5000,5000,whole_patient_cluster,True,three_class_patient_label,53407
emcad,3407,model_specific,patient,calibrated,failure_aware.per_class.pseudopapilledema.precision,0.0,0.0,0.0,0.0,0.95,bca,bca,False,,5000,5000,whole_patient_cluster,True,three_class_patient_label,53407
emcad,3407,model_specific,patient,calibrated,failure_aware.per_class.pseudopapilledema.recall,0.0,0.0,0.0,0.0,0.95,bca,bca,False,,5000,5000,whole_patient_cluster,True,three_class_patient_label,53407
emcad,3407,model_specific,patient,calibrated,failure_aware_aurc,0.36186914483483107,0.18833861762783333,0.6091779226583149,0.10874523427867804,0.95,bca,bca,False,,5000,5000,whole_patient_cluster,True,three_class_patient_label,53407
emcad,3407,model_specific,patient,calibrated,localized_diagnostic_success.rate,0.3888888888888889,0.2222222222222222,0.6111111111111112,0.09738164310926732,0.95,bca,bca,False,,5000,5000,whole_patient_cluster,True,three_class_patient_label,53407
emcad,3407,model_specific,patient,calibrated,selective_risk,0.5882352941176471,0.375,0.7777777777777778,0.10525308707837751,0.95,bca,bca,False,,5000,5000,whole_patient_cluster,True,three_class_patient_label,53407
emcad,3407,model_specific,eye,calibrated,class_conditional_coverage.normal,1.0,1.0,1.0,0.0,0.95,bca,bca,False,,5000,5000,whole_patient_cluster,True,three_class_patient_label,53408
emcad,3407,model_specific,eye,calibrated,class_conditional_coverage.papilledema,1.0,1.0,1.0,0.0,0.95,bca,bca,False,,5000,5000,whole_patient_cluster,True,three_class_patient_label,53408
emcad,3407,model_specific,eye,calibrated,class_conditional_coverage.pseudopapilledema,0.875,0.625,1.0,0.10845066474824794,0.95,bca,bca,False,,5000,5000,whole_patient_cluster,True,three_class_patient_label,53408
emcad,3407,model_specific,eye,calibrated,conditional.accuracy,0.5142857142857142,0.3611111111111111,0.6397695802043641,0.07156422198210988,0.95,bca,bca,False,,5000,5000,whole_patient_cluster,True,three_class_patient_label,53408
emcad,3407,model_specific,eye,calibrated,conditional.balanced_accuracy,0.38095238095238093,0.25595238095238093,0.5179032256032813,0.0672457265723618,0.95,bca,bca,False,,5000,5000,whole_patient_cluster,True,three_class_patient_label,53408
emcad,3407,model_specific,eye,calibrated,conditional.derived_discrimination.normal_vs_abnormal.auroc,0.7966666666666666,0.5593090034287791,0.9692307692307691,0.09816766953150885,0.95,bca,bca,False,,5000,5000,whole_patient_cluster,True,three_class_patient_label,53408
emcad,3407,model_specific,eye,calibrated,conditional.derived_discrimination.normal_vs_abnormal.average_precision,0.8318983694780795,0.6534960876275373,0.9602232204787983,0.07738056826036377,0.95,bca,bca,False,,5000,5000,whole_patient_cluster,True,three_class_patient_label,53408
emcad,3407,model_specific,eye,calibrated,conditional.derived_discrimination.papilledema_vs_pseudopapilledema.auroc,0.10714285714285714,0.0,0.3214285714285714,0.0754039662532483,0.95,bca,bca,False,,5000,5000,whole_patient_cluster,True,three_class_patient_label,53408
emcad,3407,model_specific,eye,calibrated,conditional.derived_discrimination.papilledema_vs_pseudopapilledema.average_precision,0.3337638551924267,0.29849409849409847,0.37797619047619047,0.034209160720896234,0.95,bca,bca,False,,5000,5000,whole_patient_cluster,True,three_class_patient_label,53408
emcad,3407,model_specific,eye,calibrated,conditional.macro_auroc,0.6744746787603931,0.5015642776427702,0.8010093081335167,0.07375624677681487,0.95,bca,bca,False,,5000,5000,whole_patient_cluster,True,three_class_patient_label,53408
emcad,3407,model_specific,eye,calibrated,conditional.macro_average_precision,0.46135657193251767,0.35423317329996473,0.5132135368743085,0.04719657740586002,0.95,bca,bca,False,,5000,5000,whole_patient_cluster,True,three_class_patient_label,53408
emcad,3407,model_specific,eye,calibrated,conditional.macro_classwise_ece,0.20450430355249297,0.12795042297450837,0.2622726811917676,0.040427513866639495,0.95,bca,bca,False,,5000,5000,whole_patient_cluster,True,three_class_patient_label,53408
emcad,3407,model_specific,eye,calibrated,conditional.macro_f1,0.3824606765783236,0.2648648648648649,0.5263196751568845,0.06602233912275693,0.95,bca,bca,False,,5000,5000,whole_patient_cluster,True,three_class_patient_label,53408
emcad,3407,model_specific,eye,calibrated,conditional.multiclass_brier,0.5574357268804644,0.4107784046973237,0.7225796121401724,0.07963780371153543,0.95,bca,bca,False,,5000,5000,whole_patient_cluster,True,three_class_patient_label,53408
emcad,3407,model_specific,eye,calibrated,conditional.multiclass_mcc,0.17844389058231308,-0.04646543421318315,0.38256733777769486,0.10894710485067272,0.95,bca,bca,False,,5000,5000,whole_patient_cluster,True,three_class_patient_label,53408
emcad,3407,model_specific,eye,calibrated,conditional.multiclass_nll,0.9604955364018944,0.7083342856557897,1.2796016112862982,0.14435797849398774,0.95,bca,bca,False,,5000,5000,whole_patient_cluster,True,three_class_patient_label,53408
emcad,3407,model_specific,eye,calibrated,conditional.per_class.normal.auroc_ovr,0.7966666666666666,0.5599592352976922,0.9692307692307692,0.09816766953150885,0.95,bca,bca,False,,5000,5000,whole_patient_cluster,True,three_class_patient_label,53408
emcad,3407,model_specific,eye,calibrated,conditional.per_class.normal.average_precision_ovr,0.7652583502872154,0.5491579382869781,0.9338539599970979,0.10098246568862317,0.95,bca,bca,False,,5000,5000,whole_patient_cluster,True,three_class_patient_label,53408
emcad,3407,model_specific,eye,calibrated,conditional.per_class.normal.f1,0.7692307692307693,0.5882352941176471,0.9,0.08044047697320887,0.95,bca,bca,False,,5000,5000,whole_patient_cluster,True,three_class_patient_label,53408
emcad,3407,model_specific,eye,calibrated,conditional.per_class.normal.precision,0.7894736842105263,0.6,1.0,0.09170448942289909,0.95,bca,bca,False,,5000,5000,whole_patient_cluster,True,three_class_patient_label,53408
emcad,3407,model_specific,eye,calibrated,conditional.per_class.normal.recall,0.75,0.5,0.9,0.10703645622213077,0.95,bca,bca,False,,5000,5000,whole_patient_cluster,True,three_class_patient_label,53408
emcad,3407,model_specific,eye,calibrated,conditional.per_class.papilledema.auroc_ovr,0.7777777777777777,0.5925925925925926,0.9074074074074074,0.07902664445632757,0.95,bca,bca,False,,5000,5000,whole_patient_cluster,True,three_class_patient_label,53408
emcad,3407,model_specific,eye,calibrated,conditional.per_class.papilledema.average_precision_ovr,0.40352564102564104,0.26725300579498806,0.5814936455957737,0.10346658616560878,0.95,bca,bca,False,,5000,5000,whole_patient_cluster,True,three_class_patient_label,53408
emcad,3407,model_specific,eye,calibrated,conditional.per_class.papilledema.f1,0.23529411764705882,0.0,0.47058823529411764,0.11186619132965306,0.95,bca,bca,False,,5000,5000,whole_patient_cluster,True,three_class_patient_label,53408
emcad,3407,model_specific,eye,calibrated,conditional.per_class.papilledema.precision,0.2222222222222222,0.0,0.5,0.11770419185948834,0.95,bca,bca,False,,5000,5000,whole_patient_cluster,True,three_class_patient_label,53408
emcad,3407,model_specific,eye,calibrated,conditional.per_class.papilledema.recall,0.25,0.0,0.5,0.12463063049993674,0.95,bca,bca,False,,5000,5000,whole_patient_cluster,True,three_class_patient_label,53408
emcad,3407,model_specific,eye,calibrated,conditional.per_class.pseudopapilledema.auroc_ovr,0.44897959183673475,0.16071428571428575,0.7857142857142857,0.1593906864764421,0.95,bca,bca,False,,5000,5000,whole_patient_cluster,True,three_class_patient_label,53408
emcad,3407,model_specific,eye,calibrated,conditional.per_class.pseudopapilledema.average_precision_ovr,0.2152857244846964,0.1577283420479202,0.3978021978021978,0.06842669736115302,0.95,bca,bca,False,,5000,5000,whole_patient_cluster,True,three_class_patient_label,53408
emcad,3407,model_specific,eye,calibrated,conditional.per_class.pseudopapilledema.f1,0.14285714285714285,0.0,0.4444444444444444,0.1106032776008267,0.95,bca,bca,False,,5000,5000,whole_patient_cluster,True,three_class_patient_label,53408
emcad,3407,model_specific,eye,calibrated,conditional.per_class.pseudopapilledema.precision,0.14285714285714285,0.0,0.39366604688239026,0.10693646844005887,0.95,bca,bca,False,,5000,5000,whole_patient_cluster,True,three_class_patient_label,53408
emcad,3407,model_specific,eye,calibrated,conditional.per_class.pseudopapilledema.recall,0.14285714285714285,0.0,0.42857142857142855,0.11845666544800919,0.95,bca,bca,False,,5000,5000,whole_patient_cluster,True,three_class_patient_label,53408
emcad,3407,model_specific,eye,calibrated,conditional.top_label_ece,0.15811281542598565,0.05698155835183766,0.2337528668304064,0.05275988351328506,0.95,bca,bca,False,,5000,5000,whole_patient_cluster,True,three_class_patient_label,53408
emcad,3407,model_specific,eye,calibrated,conditional_aurc,0.3847642642228013,0.20515493590588205,0.6221211027861986,0.10418695707846054,0.95,bca,bca,False,,5000,5000,whole_patient_cluster,True,three_class_patient_label,53408
emcad,3407,model_specific,eye,calibrated,coverage,0.9722222222222222,0.8888888888888888,1.0,0.024100147721832884,0.95,bca,bca,False,,5000,5000,whole_patient_cluster,True,three_class_patient_label,53408
emcad,3407,model_specific,eye,calibrated,failure_aware.accuracy,0.5,0.3611111111111111,0.6388888888888888,0.06968302131442577,0.95,bca,bca,False,,5000,5000,whole_patient_cluster,True,three_class_patient_label,53408
emcad,3407,model_specific,eye,calibrated,failure_aware.balanced_accuracy,0.375,0.25,0.5083333333333333,0.06528456062835955,0.95,bca,bca,False,,5000,5000,whole_patient_cluster,True,three_class_patient_label,53408
emcad,3407,model_specific,eye,calibrated,failure_aware.macro_f1,0.37928607340372045,0.2648648648648649,0.5233500548844289,0.06468274330595815,0.95,bca,bca,False,,5000,5000,whole_patient_cluster,True,three_class_patient_label,53408
emcad,3407,model_specific,eye,calibrated,failure_aware.multiclass_mcc,0.17816377301961178,-0.047689189132420956,0.3668629583009063,0.10380092763683081,0.95,bca,bca,False,,5000,5000,whole_patient_cluster,True,three_class_patient_label,53408
emcad,3407,model_specific,eye,calibrated,failure_aware.per_class.normal.f1,0.7692307692307693,0.5882352941176471,0.9,0.08044047697320887,0.95,bca,bca,False,,5000,5000,whole_patient_cluster,True,three_class_patient_label,53408
emcad,3407,model_specific,eye,calibrated,failure_aware.per_class.normal.precision,0.7894736842105263,0.6,1.0,0.09170448942289909,0.95,bca,bca,False,,5000,5000,whole_patient_cluster,True,three_class_patient_label,53408
emcad,3407,model_specific,eye,calibrated,failure_aware.per_class.normal.recall,0.75,0.5,0.9,0.10703645622213077,0.95,bca,bca,False,,5000,5000,whole_patient_cluster,True,three_class_patient_label,53408
emcad,3407,model_specific,eye,calibrated,failure_aware.per_class.papilledema.f1,0.23529411764705882,0.0,0.47058823529411764,0.11186619132965306,0.95,bca,bca,False,,5000,5000,whole_patient_cluster,True,three_class_patient_label,53408
emcad,3407,model_specific,eye,calibrated,failure_aware.per_class.papilledema.precision,0.2222222222222222,0.0,0.5,0.11770419185948834,0.95,bca,bca,False,,5000,5000,whole_patient_cluster,True,three_class_patient_label,53408
emcad,3407,model_specific,eye,calibrated,failure_aware.per_class.papilledema.recall,0.25,0.0,0.5,0.12463063049993674,0.95,bca,bca,False,,5000,5000,whole_patient_cluster,True,three_class_patient_label,53408
emcad,3407,model_specific,eye,calibrated,failure_aware.per_class.pseudopapilledema.f1,0.13333333333333333,0.0,0.4444444444444444,0.10614480573271624,0.95,bca,bca,False,,5000,5000,whole_patient_cluster,True,three_class_patient_label,53408
emcad,3407,model_specific,eye,calibrated,failure_aware.per_class.pseudopapilledema.precision,0.14285714285714285,0.0,0.39366604688239026,0.10693646844005887,0.95,bca,bca,False,,5000,5000,whole_patient_cluster,True,three_class_patient_label,53408
emcad,3407,model_specific,eye,calibrated,failure_aware.per_class.pseudopapilledema.recall,0.125,0.0,0.375,0.10836186060402761,0.95,bca,bca,False,,5000,5000,whole_patient_cluster,True,three_class_patient_label,53408
emcad,3407,model_specific,eye,calibrated,failure_aware_aurc,0.38796525688327904,0.21402253922963485,0.6221929927092179,0.10168998802001081,0.95,bca,bca,False,,5000,5000,whole_patient_cluster,True,three_class_patient_label,53408
emcad,3407,model_specific,eye,calibrated,localized_diagnostic_success.rate,0.4722222222222222,0.3055555555555556,0.6111111111111112,0.07989907337827098,0.95,bca,bca,False,,5000,5000,whole_patient_cluster,True,three_class_patient_label,53408
emcad,3407,model_specific,eye,calibrated,selective_risk,0.4857142857142857,0.36023041979563586,0.6388888888888888,0.07156422198210988,0.95,bca,bca,False,,5000,5000,whole_patient_cluster,True,three_class_patient_label,53408
emcad,3407,standardized_resnet18,patient,calibrated,class_conditional_coverage.normal,1.0,1.0,1.0,0.0,0.95,bca,bca,False,,5000,5000,whole_patient_cluster,True,three_class_patient_label,53407
emcad,3407,standardized_resnet18,patient,calibrated,class_conditional_coverage.papilledema,1.0,1.0,1.0,0.0,0.95,bca,bca,False,,5000,5000,whole_patient_cluster,True,three_class_patient_label,53407
emcad,3407,standardized_resnet18,patient,calibrated,class_conditional_coverage.pseudopapilledema,0.75,0.25,1.0,0.21683727465714042,0.95,bca,bca,False,,5000,5000,whole_patient_cluster,True,three_class_patient_label,53407
emcad,3407,standardized_resnet18,patient,calibrated,conditional.accuracy,0.5294117647058824,0.29411764705882354,0.7647058823529411,0.11855981005050943,0.95,bca,bca,False,,5000,5000,whole_patient_cluster,True,three_class_patient_label,53407
emcad,3407,standardized_resnet18,patient,calibrated,conditional.balanced_accuracy,0.4777777777777778,0.25,0.7833333333333333,0.13743407205029579,0.95,bca,bca,False,,5000,5000,whole_patient_cluster,True,three_class_patient_label,53407
emcad,3407,standardized_resnet18,patient,calibrated,conditional.derived_discrimination.normal_vs_abnormal.auroc,0.8428571428571429,0.627066627895416,1.0,0.08423896503204627,0.95,bca,bca,False,,5000,5000,whole_patient_cluster,True,three_class_patient_label,53407
emcad,3407,standardized_resnet18,patient,calibrated,conditional.derived_discrimination.normal_vs_abnormal.average_precision,0.869130869130869,0.7568181818181818,1.0,0.06006841086015941,0.95,bca,bca,False,,5000,5000,whole_patient_cluster,True,three_class_patient_label,53407
emcad,3407,standardized_resnet18,patient,calibrated,conditional.derived_discrimination.papilledema_vs_pseudopapilledema.auroc,0.6666666666666666,0.0625,1.0,0.22698955592552145,0.95,bca,bca,False,,4977,5000,whole_patient_cluster,True,three_class_patient_label,53407
emcad,3407,standardized_resnet18,patient,calibrated,conditional.derived_discrimination.papilledema_vs_pseudopapilledema.average_precision,0.5888888888888889,0.25,1.0,0.1949047117739107,0.95,bca,bca,False,,4977,5000,whole_patient_cluster,True,three_class_patient_label,53407
emcad,3407,standardized_resnet18,patient,calibrated,conditional.macro_auroc,0.6860195360195359,0.48329630538062995,0.8787878787878788,0.10224712527898787,0.95,bca,bca,False,,5000,5000,whole_patient_cluster,True,three_class_patient_label,53407
emcad,3407,standardized_resnet18,patient,calibrated,conditional.macro_average_precision,0.5187999962999963,0.3957715294413037,0.6942159069842172,0.09617445969748539,0.95,bca,bca,False,,5000,5000,whole_patient_cluster,True,three_class_patient_label,53407
emcad,3407,standardized_resnet18,patient,calibrated,conditional.macro_classwise_ece,0.25794240445882705,0.14858524711344517,0.36199392777070294,0.05659510139250369,0.95,bca,bca,False,,5000,5000,whole_patient_cluster,True,three_class_patient_label,53407
emcad,3407,standardized_resnet18,patient,calibrated,conditional.macro_f1,0.4666666666666666,0.27272727272727276,0.8042328042328042,0.12820367734900606,0.95,bca,bca,False,,5000,5000,whole_patient_cluster,True,three_class_patient_label,53407
emcad,3407,standardized_resnet18,patient,calibrated,conditional.multiclass_brier,0.6654070413494365,0.3778266848962564,0.9913393783559528,0.1575690496698315,0.95,bca,bca,False,,5000,5000,whole_patient_cluster,True,three_class_patient_label,53407
emcad,3407,standardized_resnet18,patient,calibrated,conditional.multiclass_mcc,0.2328100985898594,-0.09417632186960222,0.6038146190651598,0.1822457541708948,0.95,bca,bca,False,,5000,5000,whole_patient_cluster,True,three_class_patient_label,53407
emcad,3407,standardized_resnet18,patient,calibrated,conditional.multiclass_nll,1.1703767827201832,0.6626715521614575,1.897681425451714,0.306207797251496,0.95,bca,bca,False,,5000,5000,whole_patient_cluster,True,three_class_patient_label,53407
emcad,3407,standardized_resnet18,patient,calibrated,conditional.per_class.normal.auroc_ovr,0.8428571428571429,0.6285714285714286,1.0,0.08423896503204624,0.95,bca,bca,False,,5000,5000,whole_patient_cluster,True,three_class_patient_label,53407
emcad,3407,standardized_resnet18,patient,calibrated,conditional.per_class.normal.average_precision_ovr,0.8812626262626262,0.6935585955517614,0.9709090909090909,0.06510225583998905,0.95,bca,bca,False,,5000,5000,whole_patient_cluster,True,three_class_patient_label,53407
emcad,3407,standardized_resnet18,patient,calibrated,conditional.per_class.normal.f1,0.6666666666666666,0.375,0.8628235049761558,0.12251729630492522,0.95,bca,bca,False,,5000,5000,whole_patient_cluster,True,three_class_patient_label,53407
emcad,3407,standardized_resnet18,patient,calibrated,conditional.per_class.normal.precision,0.75,0.5,1.0,0.11462511322653236,0.95,bca,bca,False,,5000,5000,whole_patient_cluster,True,three_class_patient_label,53407
emcad,3407,standardized_resnet18,patient,calibrated,conditional.per_class.normal.recall,0.6,0.3,0.9,0.15223420328733656,0.95,bca,bca,False,,5000,5000,whole_patient_cluster,True,three_class_patient_label,53407
emcad,3407,standardized_resnet18,patient,calibrated,conditional.per_class.papilledema.auroc_ovr,0.5961538461538461,0.21153846153846154,0.8571428571428572,0.163061367163033,0.95,bca,bca,False,,5000,5000,whole_patient_cluster,True,three_class_patient_label,53407
emcad,3407,standardized_resnet18,patient,calibrated,conditional.per_class.papilledema.average_precision_ovr,0.33630952380952384,0.21553474494798844,0.5769230769230769,0.1278708420732913,0.95,bca,bca,False,,5000,5000,whole_patient_cluster,True,three_class_patient_label,53407
emcad,3407,standardized_resnet18,patient,calibrated,conditional.per_class.papilledema.f1,0.4,0.0,0.8,0.18036343062661583,0.95,bca,bca,False,,5000,5000,whole_patient_cluster,True,three_class_patient_label,53407
emcad,3407,standardized_resnet18,patient,calibrated,conditional.per_class.papilledema.precision,0.3333333333333333,0.0,0.75,0.16408428810237563,0.95,bca,bca,False,,5000,5000,whole_patient_cluster,True,three_class_patient_label,53407
emcad,3407,standardized_resnet18,patient,calibrated,conditional.per_class.papilledema.recall,0.5,0.0,1.0,0.25010321933966545,0.95,bca,bca,False,,5000,5000,whole_patient_cluster,True,three_class_patient_label,53407
emcad,3407,standardized_resnet18,patient,calibrated,conditional.per_class.pseudopapilledema.auroc_ovr,0.6190476190476191,0.2142857142857143,0.9285714285714285,0.17689383630593586,0.95,bca,bca,False,,4977,5000,whole_patient_cluster,True,three_class_patient_label,53407
emcad,3407,standardized_resnet18,patient,calibrated,conditional.per_class.pseudopapilledema.average_precision_ovr,0.33882783882783885,0.1111111111111111,0.7575757575757576,0.18937855599866246,0.95,bca,bca,False,,4977,5000,whole_patient_cluster,True,three_class_patient_label,53407
emcad,3407,standardized_resnet18,patient,calibrated,conditional.per_class.pseudopapilledema.f1,0.3333333333333333,0.0,1.0,0.2428587243675464,0.95,bca,bca,False,,5000,5000,whole_patient_cluster,True,three_class_patient_label,53407
emcad,3407,standardized_resnet18,patient,calibrated,conditional.per_class.pseudopapilledema.precision,0.3333333333333333,0.0,1.0,0.26358575950380625,0.95,bca,bca,False,,5000,5000,whole_patient_cluster,True,three_class_patient_label,53407
emcad,3407,standardized_resnet18,patient,calibrated,conditional.per_class.pseudopapilledema.recall,0.3333333333333333,0.0,1.0,0.28913688388868186,0.95,bca,bca,False,,4977,5000,whole_patient_cluster,True,three_class_patient_label,53407
emcad,3407,standardized_resnet18,patient,calibrated,conditional.top_label_ece,0.32024384969881514,0.13380651651429917,0.4799856327951427,0.09205206977988532,0.95,bca,bca,False,,5000,5000,whole_patient_cluster,True,three_class_patient_label,53407
emcad,3407,standardized_resnet18,patient,calibrated,conditional_aurc,0.40524796714243083,0.1453260042024263,0.7132372588020591,0.14449712296493492,0.95,bca,bca,False,,5000,5000,whole_patient_cluster,True,three_class_patient_label,53407
emcad,3407,standardized_resnet18,patient,calibrated,coverage,0.9444444444444444,0.7777777777777778,1.0,0.048186061034920104,0.95,bca,bca,False,,5000,5000,whole_patient_cluster,True,three_class_patient_label,53407
emcad,3407,standardized_resnet18,patient,calibrated,failure_aware.accuracy,0.5,0.2777777777777778,0.7222222222222222,0.11274653321150045,0.95,bca,bca,False,,5000,5000,whole_patient_cluster,True,three_class_patient_label,53407
emcad,3407,standardized_resnet18,patient,calibrated,failure_aware.balanced_accuracy,0.45,0.25,0.7333333333333334,0.12200513857890094,0.95,bca,bca,False,,5000,5000,whole_patient_cluster,True,three_class_patient_label,53407
emcad,3407,standardized_resnet18,patient,calibrated,failure_aware.macro_f1,0.4507936507936508,0.2679738562091503,0.7558321520381315,0.11959536056514157,0.95,bca,bca,False,,5000,5000,whole_patient_cluster,True,three_class_patient_label,53407
emcad,3407,standardized_resnet18,patient,calibrated,failure_aware.multiclass_mcc,0.2269343984146093,-0.07108889057395891,0.5654527761937889,0.1653608764008705,0.95,bca,bca,False,,5000,5000,whole_patient_cluster,True,three_class_patient_label,53407
emcad,3407,standardized_resnet18,patient,calibrated,failure_aware.per_class.normal.f1,0.6666666666666666,0.375,0.8628235049761558,0.12251729630492522,0.95,bca,bca,False,,5000,5000,whole_patient_cluster,True,three_class_patient_label,53407
emcad,3407,standardized_resnet18,patient,calibrated,failure_aware.per_class.normal.precision,0.75,0.5,1.0,0.11462511322653236,0.95,bca,bca,False,,5000,5000,whole_patient_cluster,True,three_class_patient_label,53407
emcad,3407,standardized_resnet18,patient,calibrated,failure_aware.per_class.normal.recall,0.6,0.3,0.9,0.15223420328733656,0.95,bca,bca,False,,5000,5000,whole_patient_cluster,True,three_class_patient_label,53407
emcad,3407,standardized_resnet18,patient,calibrated,failure_aware.per_class.papilledema.f1,0.4,0.0,0.8,0.18036343062661583,0.95,bca,bca,False,,5000,5000,whole_patient_cluster,True,three_class_patient_label,53407
emcad,3407,standardized_resnet18,patient,calibrated,failure_aware.per_class.papilledema.precision,0.3333333333333333,0.0,0.75,0.16408428810237563,0.95,bca,bca,False,,5000,5000,whole_patient_cluster,True,three_class_patient_label,53407
emcad,3407,standardized_resnet18,patient,calibrated,failure_aware.per_class.papilledema.recall,0.5,0.0,1.0,0.25010321933966545,0.95,bca,bca,False,,5000,5000,whole_patient_cluster,True,three_class_patient_label,53407
emcad,3407,standardized_resnet18,patient,calibrated,failure_aware.per_class.pseudopapilledema.f1,0.2857142857142857,0.0,0.8571428571428571,0.21495314704800955,0.95,bca,bca,False,,5000,5000,whole_patient_cluster,True,three_class_patient_label,53407
emcad,3407,standardized_resnet18,patient,calibrated,failure_aware.per_class.pseudopapilledema.precision,0.3333333333333333,0.0,1.0,0.26358575950380625,0.95,bca,bca,False,,5000,5000,whole_patient_cluster,True,three_class_patient_label,53407
emcad,3407,standardized_resnet18,patient,calibrated,failure_aware.per_class.pseudopapilledema.recall,0.25,0.0,1.0,0.21735575954007075,0.95,bca,bca,False,,5000,5000,whole_patient_cluster,True,three_class_patient_label,53407
emcad,3407,standardized_resnet18,patient,calibrated,failure_aware_aurc,0.41051196896785136,0.1569549867343985,0.7064946259407592,0.14027379734405881,0.95,bca,bca,False,,5000,5000,whole_patient_cluster,True,three_class_patient_label,53407
emcad,3407,standardized_resnet18,patient,calibrated,localized_diagnostic_success.rate,0.5,0.2777777777777778,0.7222222222222222,0.11274653321150045,0.95,bca,bca,False,,5000,5000,whole_patient_cluster,True,three_class_patient_label,53407
emcad,3407,standardized_resnet18,patient,calibrated,selective_risk,0.47058823529411764,0.23529411764705882,0.7058823529411765,0.11855981005050943,0.95,bca,bca,False,,5000,5000,whole_patient_cluster,True,three_class_patient_label,53407
emcad,3407,standardized_resnet18,eye,calibrated,class_conditional_coverage.normal,1.0,1.0,1.0,0.0,0.95,bca,bca,False,,5000,5000,whole_patient_cluster,True,three_class_patient_label,53408
emcad,3407,standardized_resnet18,eye,calibrated,class_conditional_coverage.papilledema,1.0,1.0,1.0,0.0,0.95,bca,bca,False,,5000,5000,whole_patient_cluster,True,three_class_patient_label,53408
emcad,3407,standardized_resnet18,eye,calibrated,class_conditional_coverage.pseudopapilledema,0.875,0.625,1.0,0.10845066474824794,0.95,bca,bca,False,,5000,5000,whole_patient_cluster,True,three_class_patient_label,53408
emcad,3407,standardized_resnet18,eye,calibrated,conditional.accuracy,0.5142857142857142,0.3055555555555556,0.6944444444444444,0.09795511234633464,0.95,bca,bca,False,,5000,5000,whole_patient_cluster,True,three_class_patient_label,53408
emcad,3407,standardized_resnet18,eye,calibrated,conditional.balanced_accuracy,0.43690476190476185,0.27499999999999997,0.667019632479419,0.09916703024519796,0.95,bca,bca,False,,5000,5000,whole_patient_cluster,True,three_class_patient_label,53408
emcad,3407,standardized_resnet18,eye,calibrated,conditional.derived_discrimination.normal_vs_abnormal.auroc,0.77,0.5366666666666666,0.925,0.09622277607355324,0.95,bca,bca,False,,5000,5000,whole_patient_cluster,True,three_class_patient_label,53408
emcad,3407,standardized_resnet18,eye,calibrated,conditional.derived_discrimination.normal_vs_abnormal.average_precision,0.7616218019595766,0.5764944440627741,0.9175378688299388,0.08862864509991059,0.95,bca,bca,False,,5000,5000,whole_patient_cluster,True,three_class_patient_label,53408
emcad,3407,standardized_resnet18,eye,calibrated,conditional.derived_discrimination.papilledema_vs_pseudopapilledema.auroc,0.4821428571428571,0.140625,0.828125,0.18291761145954022,0.95,bca,bca,False,,5000,5000,whole_patient_cluster,True,three_class_patient_label,53408
emcad,3407,standardized_resnet18,eye,calibrated,conditional.derived_discrimination.papilledema_vs_pseudopapilledema.average_precision,0.47384044526901675,0.30934065934065935,0.7476190476190476,0.14183055683816156,0.95,bca,bca,False,,5000,5000,whole_patient_cluster,True,three_class_patient_label,53408
emcad,3407,standardized_resnet18,eye,calibrated,conditional.macro_auroc,0.6701524313429076,0.511328644614013,0.836474754220286,0.08240334380352768,0.95,bca,bca,False,,5000,5000,whole_patient_cluster,True,three_class_patient_label,53408
emcad,3407,standardized_resnet18,eye,calibrated,conditional.macro_average_precision,0.48029911209702086,0.363325079887912,0.6347983794419356,0.08470638009767449,0.95,bca,bca,False,,5000,5000,whole_patient_cluster,True,three_class_patient_label,53408
emcad,3407,standardized_resnet18,eye,calibrated,conditional.macro_classwise_ece,0.22042552116710756,0.15262406943187662,0.27428061767155304,0.04020968693033498,0.95,bca,bca,False,,5000,5000,whole_patient_cluster,True,three_class_patient_label,53408
emcad,3407,standardized_resnet18,eye,calibrated,conditional.macro_f1,0.43423423423423424,0.2807017543859649,0.6631880001685017,0.09578759691701268,0.95,bca,bca,False,,5000,5000,whole_patient_cluster,True,three_class_patient_label,53408
emcad,3407,standardized_resnet18,eye,calibrated,conditional.multiclass_brier,0.642983888230878,0.4265368811368179,0.8876216020370991,0.11668187551965163,0.95,bca,bca,False,,5000,5000,whole_patient_cluster,True,three_class_patient_label,53408
emcad,3407,standardized_resnet18,eye,calibrated,conditional.multiclass_mcc,0.20771701543842983,-0.06861513212479427,0.5126040439378771,0.14623102223428838,0.95,bca,bca,False,,5000,5000,whole_patient_cluster,True,three_class_patient_label,53408
emcad,3407,standardized_resnet18,eye,calibrated,conditional.multiclass_nll,1.0845327555145732,0.7414945425724087,1.488097087952464,0.1894631799732057,0.95,bca,bca,False,,5000,5000,whole_patient_cluster,True,three_class_patient_label,53408
emcad,3407,standardized_resnet18,eye,calibrated,conditional.per_class.normal.auroc_ovr,0.77,0.5366666666666666,0.925,0.09622277607355324,0.95,bca,bca,False,,5000,5000,whole_patient_cluster,True,three_class_patient_label,53408
emcad,3407,standardized_resnet18,eye,calibrated,conditional.per_class.normal.average_precision_ovr,0.8127703396721435,0.6151396767571613,0.9403916913653937,0.07909991316847838,0.95,bca,bca,False,,5000,5000,whole_patient_cluster,True,three_class_patient_label,53408
emcad,3407,standardized_resnet18,eye,calibrated,conditional.per_class.normal.f1,0.7027027027027027,0.4494220238023671,0.8837209302325582,0.11182953837829958,0.95,bca,bca,False,,5000,5000,whole_patient_cluster,True,three_class_patient_label,53408
emcad,3407,standardized_resnet18,eye,calibrated,conditional.per_class.normal.precision,0.7647058823529411,0.5,1.0,0.1079049389827762,0.95,bca,bca,False,,5000,5000,whole_patient_cluster,True,three_class_patient_label,53408
emcad,3407,standardized_resnet18,eye,calibrated,conditional.per_class.normal.recall,0.65,0.35,0.9,0.1436584252615548,0.95,bca,bca,False,,5000,5000,whole_patient_cluster,True,three_class_patient_label,53408
emcad,3407,standardized_resnet18,eye,calibrated,conditional.per_class.papilledema.auroc_ovr,0.6435185185185185,0.335,0.8482142857142856,0.12682429738437906,0.95,bca,bca,False,,5000,5000,whole_patient_cluster,True,three_class_patient_label,53408
emcad,3407,standardized_resnet18,eye,calibrated,conditional.per_class.papilledema.average_precision_ovr,0.3319128787878788,0.2125100046581044,0.5486563041892195,0.10699111844355608,0.95,bca,bca,False,,5000,5000,whole_patient_cluster,True,three_class_patient_label,53408
emcad,3407,standardized_resnet18,eye,calibrated,conditional.per_class.papilledema.f1,0.3333333333333333,0.125,0.5333333333333333,0.09816366983045571,0.95,bca,bca,False,,5000,5000,whole_patient_cluster,True,three_class_patient_label,53408
emcad,3407,standardized_resnet18,eye,calibrated,conditional.per_class.papilledema.precision,0.3,0.125,0.6,0.1197177064784458,0.95,bca,bca,False,,5000,5000,whole_patient_cluster,True,three_class_patient_label,53408
emcad,3407,standardized_resnet18,eye,calibrated,conditional.per_class.papilledema.recall,0.375,0.125,0.5,0.10686905164190319,0.95,bca,bca,False,,5000,5000,whole_patient_cluster,True,three_class_patient_label,53408
emcad,3407,standardized_resnet18,eye,calibrated,conditional.per_class.pseudopapilledema.auroc_ovr,0.596938775510204,0.35267857142857145,0.8775510204081632,0.1325184908631815,0.95,bca,bca,False,,5000,5000,whole_patient_cluster,True,three_class_patient_label,53408
emcad,3407,standardized_resnet18,eye,calibrated,conditional.per_class.pseudopapilledema.average_precision_ovr,0.29621411783104046,0.1715279178393467,0.6973819830962689,0.15844343615975096,0.95,bca,bca,False,,5000,5000,whole_patient_cluster,True,three_class_patient_label,53408
emcad,3407,standardized_resnet18,eye,calibrated,conditional.per_class.pseudopapilledema.f1,0.26666666666666666,0.0,0.7272727272727273,0.1942071232194573,0.95,bca,bca,False,,5000,5000,whole_patient_cluster,True,three_class_patient_label,53408
emcad,3407,standardized_resnet18,eye,calibrated,conditional.per_class.pseudopapilledema.precision,0.25,0.0,0.6,0.17049366270556218,0.95,bca,bca,False,,5000,5000,whole_patient_cluster,True,three_class_patient_label,53408
emcad,3407,standardized_resnet18,eye,calibrated,conditional.per_class.pseudopapilledema.recall,0.2857142857142857,0.0,0.8571428571428571,0.23691333089601838,0.95,bca,bca,False,,5000,5000,whole_patient_cluster,True,three_class_patient_label,53408
emcad,3407,standardized_resnet18,eye,calibrated,conditional.top_label_ece,0.22091390726417803,0.09501636373295627,0.34076524298274796,0.0728338846008241,0.95,bca,bca,False,,5000,5000,whole_patient_cluster,True,three_class_patient_label,53408
emcad,3407,standardized_resnet18,eye,calibrated,conditional_aurc,0.4226529987425693,0.18197164236367583,0.6831171960235057,0.12890400239808955,0.95,bca,bca,False,,5000,5000,whole_patient_cluster,True,three_class_patient_label,53408
emcad,3407,standardized_resnet18,eye,calibrated,coverage,0.9722222222222222,0.8888888888888888,1.0,0.024100147721832884,0.95,bca,bca,False,,5000,5000,whole_patient_cluster,True,three_class_patient_label,53408
emcad,3407,standardized_resnet18,eye,calibrated,failure_aware.accuracy,0.5,0.3055555555555556,0.6666666666666666,0.09645759548695827,0.95,bca,bca,False,,5000,5000,whole_patient_cluster,True,three_class_patient_label,53408
emcad,3407,standardized_resnet18,eye,calibrated,failure_aware.balanced_accuracy,0.425,0.26666666666666666,0.6416666666666667,0.09395479918421856,0.95,bca,bca,False,,5000,5000,whole_patient_cluster,True,three_class_patient_label,53408
emcad,3407,standardized_resnet18,eye,calibrated,failure_aware.macro_f1,0.4286786786786787,0.28066637739297107,0.6493552375905317,0.09358118487704523,0.95,bca,bca,False,,5000,5000,whole_patient_cluster,True,three_class_patient_label,53408
emcad,3407,standardized_resnet18,eye,calibrated,failure_aware.multiclass_mcc,0.20394224338808062,-0.06116632848742999,0.4887886793786094,0.13944118269374542,0.95,bca,bca,False,,5000,5000,whole_patient_cluster,True,three_class_patient_label,53408
emcad,3407,standardized_resnet18,eye,calibrated,failure_aware.per_class.normal.f1,0.7027027027027027,0.4494220238023671,0.8837209302325582,0.11182953837829958,0.95,bca,bca,False,,5000,5000,whole_patient_cluster,True,three_class_patient_label,53408
emcad,3407,standardized_resnet18,eye,calibrated,failure_aware.per_class.normal.precision,0.7647058823529411,0.5,1.0,0.1079049389827762,0.95,bca,bca,False,,5000,5000,whole_patient_cluster,True,three_class_patient_label,53408
emcad,3407,standardized_resnet18,eye,calibrated,failure_aware.per_class.normal.recall,0.65,0.35,0.9,0.1436584252615548,0.95,bca,bca,False,,5000,5000,whole_patient_cluster,True,three_class_patient_label,53408
emcad,3407,standardized_resnet18,eye,calibrated,failure_aware.per_class.papilledema.f1,0.3333333333333333,0.125,0.5333333333333333,0.09816366983045571,0.95,bca,bca,False,,5000,5000,whole_patient_cluster,True,three_class_patient_label,53408
emcad,3407,standardized_resnet18,eye,calibrated,failure_aware.per_class.papilledema.precision,0.3,0.125,0.6,0.1197177064784458,0.95,bca,bca,False,,5000,5000,whole_patient_cluster,True,three_class_patient_label,53408
emcad,3407,standardized_resnet18,eye,calibrated,failure_aware.per_class.papilledema.recall,0.375,0.125,0.5,0.10686905164190319,0.95,bca,bca,False,,5000,5000,whole_patient_cluster,True,three_class_patient_label,53408
emcad,3407,standardized_resnet18,eye,calibrated,failure_aware.per_class.pseudopapilledema.f1,0.25,0.0,0.6956521739130435,0.18691292418065877,0.95,bca,bca,False,,5000,5000,whole_patient_cluster,True,three_class_patient_label,53408
emcad,3407,standardized_resnet18,eye,calibrated,failure_aware.per_class.pseudopapilledema.precision,0.25,0.0,0.6,0.17049366270556218,0.95,bca,bca,False,,5000,5000,whole_patient_cluster,True,three_class_patient_label,53408
emcad,3407,standardized_resnet18,eye,calibrated,failure_aware.per_class.pseudopapilledema.recall,0.25,0.0,0.75,0.21672372120805522,0.95,bca,bca,False,,5000,5000,whole_patient_cluster,True,three_class_patient_label,53408
emcad,3407,standardized_resnet18,eye,calibrated,failure_aware_aurc,0.4248015265552757,0.18520187356990436,0.6819723293228834,0.12732085105669427,0.95,bca,bca,False,,5000,5000,whole_patient_cluster,True,three_class_patient_label,53408
emcad,3407,standardized_resnet18,eye,calibrated,localized_diagnostic_success.rate,0.4444444444444444,0.25,0.6388888888888888,0.10358839682546683,0.95,bca,bca,False,,5000,5000,whole_patient_cluster,True,three_class_patient_label,53408
emcad,3407,standardized_resnet18,eye,calibrated,selective_risk,0.4857142857142857,0.3055555555555556,0.6944444444444444,0.09795511234633464,0.95,bca,bca,False,,5000,5000,whole_patient_cluster,True,three_class_patient_label,53408
emcad,9103,model_specific,patient,calibrated,class_conditional_coverage.normal,1.0,1.0,1.0,0.0,0.95,bca,bca,False,,5000,5000,whole_patient_cluster,True,three_class_patient_label,59103
emcad,9103,model_specific,patient,calibrated,class_conditional_coverage.papilledema,0.5,0.0,1.0,0.2515304971930911,0.95,bca,bca,False,,5000,5000,whole_patient_cluster,True,three_class_patient_label,59103
emcad,9103,model_specific,patient,calibrated,class_conditional_coverage.pseudopapilledema,1.0,1.0,1.0,0.0,0.95,bca,bca,False,,5000,5000,whole_patient_cluster,True,three_class_patient_label,59103
emcad,9103,model_specific,patient,calibrated,conditional.accuracy,0.6875,0.5882352941176471,0.7647058823529411,0.04518359298591705,0.95,bca,bca,False,,5000,5000,whole_patient_cluster,True,three_class_patient_label,59103
emcad,9103,model_specific,patient,calibrated,conditional.balanced_accuracy,0.5,0.3333333333333333,0.6666666666666666,0.12233230780351391,0.95,bca,bca,False,,5000,5000,whole_patient_cluster,True,three_class_patient_label,59103
emcad,9103,model_specific,patient,calibrated,conditional.derived_discrimination.normal_vs_abnormal.auroc,0.9166666666666667,0.7,1.0,0.07215769941846147,0.95,bca,bca,False,,5000,5000,whole_patient_cluster,True,three_class_patient_label,59103
emcad,9103,model_specific,patient,calibrated,conditional.derived_discrimination.normal_vs_abnormal.average_precision,0.9242424242424243,0.7857142857142857,1.0,0.05686539483697691,0.95,bca,bca,False,,5000,5000,whole_patient_cluster,True,three_class_patient_label,59103
emcad,9103,model_specific,patient,calibrated,conditional.derived_discrimination.papilledema_vs_pseudopapilledema.auroc,0.125,0.0,0.75,0.16234312588812638,0.95,bca,bca,False,,4687,5000,whole_patient_cluster,True,three_class_patient_label,59103
emcad,9103,model_specific,patient,calibrated,conditional.derived_discrimination.papilledema_vs_pseudopapilledema.average_precision,0.5666666666666667,0.37797619047619047,0.8166666666666667,0.15331524666764643,0.95,bca,bca,False,,5000,5000,whole_patient_cluster,True,three_class_patient_label,59103
emcad,9103,model_specific,patient,calibrated,conditional.macro_auroc,0.8204365079365079,0.6603174603174603,1.0,0.07639161365063454,0.95,bca,bca,False,,5000,5000,whole_patient_cluster,True,three_class_patient_label,59103
emcad,9103,model_specific,patient,calibrated,conditional.macro_average_precision,0.6573929773929774,0.5750030912257769,0.7200093158127403,0.08912040907331002,0.95,bca,bca,False,,5000,5000,whole_patient_cluster,True,three_class_patient_label,59103
emcad,9103,model_specific,patient,calibrated,conditional.macro_classwise_ece,0.13128299537106516,0.06420639469316973,0.17433814117225746,0.031014922047990383,0.95,bca,bca,False,,5000,5000,whole_patient_cluster,True,three_class_patient_label,59103
emcad,9103,model_specific,patient,calibrated,conditional.macro_f1,0.41269841269841273,0.30303030303030304,0.5555555555555555,0.0706811406407737,0.95,bca,bca,False,,5000,5000,whole_patient_cluster,True,three_class_patient_label,59103
emcad,9103,model_specific,patient,calibrated,conditional.multiclass_brier,0.3224951424341441,0.2041026188489137,0.5116560631209426,0.08199879400077142,0.95,bca,bca,False,,5000,5000,whole_patient_cluster,True,three_class_patient_label,59103
emcad,9103,model_specific,patient,calibrated,conditional.multiclass_mcc,0.45784895811741,0.21439736214109106,0.6262242910851495,0.11830612441935363,0.95,bca,bca,False,,5000,5000,whole_patient_cluster,True,three_class_patient_label,59103
emcad,9103,model_specific,patient,calibrated,conditional.multiclass_nll,0.5898191604315111,0.33251210016564153,1.1244656079948083,0.1932185985003337,0.95,bca,bca,False,,5000,5000,whole_patient_cluster,True,three_class_patient_label,59103
emcad,9103,model_specific,patient,calibrated,conditional.per_class.normal.auroc_ovr,0.9166666666666667,0.7,1.0,0.07215769941846145,0.95,bca,bca,False,,5000,5000,whole_patient_cluster,True,three_class_patient_label,59103
emcad,9103,model_specific,patient,calibrated,conditional.per_class.normal.average_precision_ovr,0.9430122655122655,0.7094638892292546,1.0,0.050565026668687806,0.95,bca,bca,False,,5000,5000,whole_patient_cluster,True,three_class_patient_label,59103
emcad,9103,model_specific,patient,calibrated,conditional.per_class.normal.f1,0.9523809523809523,0.8333333333333334,1.0,0.039007775781128434,0.95,bca,bca,False,,5000,5000,whole_patient_cluster,True,three_class_patient_label,59103
emcad,9103,model_specific,patient,calibrated,conditional.per_class.normal.precision,0.9090909090909091,0.7142857142857143,1.0,0.07041909052342007,0.95,bca,bca,False,,5000,5000,whole_patient_cluster,True,three_class_patient_label,59103
emcad,9103,model_specific,patient,calibrated,conditional.per_class.normal.recall,1.0,1.0,1.0,0.0,0.95,bca,bca,False,,5000,5000,whole_patient_cluster,True,three_class_patient_label,59103
emcad,9103,model_specific,patient,calibrated,conditional.per_class.papilledema.auroc_ovr,0.6071428571428572,0.2857142857142857,0.8571428571428572,0.15607579991067044,0.95,bca,bca,False,,4687,5000,whole_patient_cluster,True,three_class_patient_label,59103
emcad,9103,model_specific,patient,calibrated,conditional.per_class.papilledema.average_precision_ovr,0.225,0.09090909090909091,0.5,0.11625986240059075,0.95,bca,bca,False,,4687,5000,whole_patient_cluster,True,three_class_patient_label,59103
emcad,9103,model_specific,patient,calibrated,conditional.per_class.papilledema.f1,0.2857142857142857,0.0,0.6666666666666666,0.19246376912955995,0.95,bca,bca,False,,5000,5000,whole_patient_cluster,True,three_class_patient_label,59103
emcad,9103,model_specific,patient,calibrated,conditional.per_class.papilledema.precision,0.2,0.0,0.5,0.13736029746591205,0.95,bca,bca,False,,5000,5000,whole_patient_cluster,True,three_class_patient_label,59103
emcad,9103,model_specific,patient,calibrated,conditional.per_class.papilledema.recall,0.5,0.0,1.0,0.3790475857806918,0.95,bca,bca,False,,4687,5000,whole_patient_cluster,True,three_class_patient_label,59103
emcad,9103,model_specific,patient,calibrated,conditional.per_class.pseudopapilledema.auroc_ovr,0.9375,0.7692307692307692,1.0,0.05527671363684481,0.95,bca,bca,False,,5000,5000,whole_patient_cluster,True,three_class_patient_label,59103
emcad,9103,model_specific,patient,calibrated,conditional.per_class.pseudopapilledema.average_precision_ovr,0.8041666666666667,0.4482142857142857,1.0,0.14072338047880179,0.95,bca,bca,False,,5000,5000,whole_patient_cluster,True,three_class_patient_label,59103
emcad,9103,model_specific,patient,calibrated,conditional.per_class.pseudopapilledema.f1,0.0,0.0,0.0,0.0,0.95,bca,bca,False,,5000,5000,whole_patient_cluster,True,three_class_patient_label,59103
emcad,9103,model_specific,patient,calibrated,conditional.per_class.pseudopapilledema.precision,0.0,0.0,0.0,0.0,0.95,bca,bca,False,,5000,5000,whole_patient_cluster,True,three_class_patient_label,59103
emcad,9103,model_specific,patient,calibrated,conditional.per_class.pseudopapilledema.recall,0.0,0.0,0.0,0.0,0.95,bca,bca,False,,5000,5000,whole_patient_cluster,True,three_class_patient_label,59103
emcad,9103,model_specific,patient,calibrated,conditional.top_label_ece,0.16493235953602323,0.05221542108223372,0.21376122271649253,0.046062836733077414,0.95,bca,bca,False,,5000,5000,whole_patient_cluster,True,three_class_patient_label,59103
emcad,9103,model_specific,patient,calibrated,conditional_aurc,0.12492880383505384,0.055289948147091,0.2791890347253669,0.053597309749378805,0.95,bca,bca,False,,5000,5000,whole_patient_cluster,True,three_class_patient_label,59103
emcad,9103,model_specific,patient,calibrated,coverage,0.8888888888888888,0.7777777777777778,1.0,0.055895666042909124,0.95,bca,bca,False,,5000,5000,whole_patient_cluster,True,three_class_patient_label,59103
emcad,9103,model_specific,patient,calibrated,failure_aware.accuracy,0.6111111111111112,0.5555555555555556,0.7222222222222222,0.04853434070384207,0.95,bca,bca,False,,5000,5000,whole_patient_cluster,True,three_class_patient_label,59103
emcad,9103,model_specific,patient,calibrated,failure_aware.balanced_accuracy,0.4166666666666667,0.3333333333333333,0.6666666666666666,0.07280151105576314,0.95,bca,bca,False,,5000,5000,whole_patient_cluster,True,three_class_patient_label,59103
emcad,9103,model_specific,patient,calibrated,failure_aware.macro_f1,0.39153439153439146,0.30303030303030304,0.5555555555555555,0.061437934618912664,0.95,bca,bca,False,,5000,5000,whole_patient_cluster,True,three_class_patient_label,59103
emcad,9103,model_specific,patient,calibrated,failure_aware.multiclass_mcc,0.3720348931025472,0.20887610455277095,0.5799367451304412,0.09051526362544264,0.95,bca,bca,False,,5000,5000,whole_patient_cluster,True,three_class_patient_label,59103
emcad,9103,model_specific,patient,calibrated,failure_aware.per_class.normal.f1,0.9523809523809523,0.8333333333333334,1.0,0.039007775781128434,0.95,bca,bca,False,,5000,5000,whole_patient_cluster,True,three_class_patient_label,59103
emcad,9103,model_specific,patient,calibrated,failure_aware.per_class.normal.precision,0.9090909090909091,0.7142857142857143,1.0,0.07041909052342007,0.95,bca,bca,False,,5000,5000,whole_patient_cluster,True,three_class_patient_label,59103
emcad,9103,model_specific,patient,calibrated,failure_aware.per_class.normal.recall,1.0,1.0,1.0,0.0,0.95,bca,bca,False,,5000,5000,whole_patient_cluster,True,three_class_patient_label,59103
emcad,9103,model_specific,patient,calibrated,failure_aware.per_class.papilledema.f1,0.2222222222222222,0.0,0.6666666666666666,0.16750305094773896,0.95,bca,bca,False,,5000,5000,whole_patient_cluster,True,three_class_patient_label,59103
emcad,9103,model_specific,patient,calibrated,failure_aware.per_class.papilledema.precision,0.2,0.0,0.5,0.13736029746591205,0.95,bca,bca,False,,5000,5000,whole_patient_cluster,True,three_class_patient_label,59103
emcad,9103,model_specific,patient,calibrated,failure_aware.per_class.papilledema.recall,0.25,0.0,1.0,0.21840453316728936,0.95,bca,bca,False,,5000,5000,whole_patient_cluster,True,three_class_patient_label,59103
emcad,9103,model_specific,patient,calibrated,failure_aware.per_class.pseudopapilledema.f1,0.0,0.0,0.0,0.0,0.95,bca,bca,False,,5000,5000,whole_patient_cluster,True,three_class_patient_label,59103
emcad,9103,model_specific,patient,calibrated,failure_aware.per_class.pseudopapilledema.precision,0.0,0.0,0.0,0.0,0.95,bca,bca,False,,5000,5000,whole_patient_cluster,True,three_class_patient_label,59103
emcad,9103,model_specific,patient,calibrated,failure_aware.per_class.pseudopapilledema.recall,0.0,0.0,0.0,0.0,0.95,bca,bca,False,,5000,5000,whole_patient_cluster,True,three_class_patient_label,59103
emcad,9103,model_specific,patient,calibrated,failure_aware_aurc,0.1522606070400188,0.09065166859284507,0.2752285568462039,0.04433592329127863,0.95,bca,bca,False,,5000,5000,whole_patient_cluster,True,three_class_patient_label,59103
emcad,9103,model_specific,patient,calibrated,localized_diagnostic_success.rate,0.5555555555555556,0.3888888888888889,0.6666666666666666,0.07192930479599033,0.95,bca,bca,False,,5000,5000,whole_patient_cluster,True,three_class_patient_label,59103
emcad,9103,model_specific,patient,calibrated,selective_risk,0.3125,0.23529411764705882,0.4117647058823529,0.04518359298591706,0.95,bca,bca,False,,5000,5000,whole_patient_cluster,True,three_class_patient_label,59103
emcad,9103,model_specific,eye,calibrated,class_conditional_coverage.normal,1.0,1.0,1.0,0.0,0.95,bca,bca,False,,5000,5000,whole_patient_cluster,True,three_class_patient_label,59104
emcad,9103,model_specific,eye,calibrated,class_conditional_coverage.papilledema,0.75,0.5,1.0,0.12452424967752888,0.95,bca,bca,False,,5000,5000,whole_patient_cluster,True,three_class_patient_label,59104
emcad,9103,model_specific,eye,calibrated,class_conditional_coverage.pseudopapilledema,1.0,1.0,1.0,0.0,0.95,bca,bca,False,,5000,5000,whole_patient_cluster,True,three_class_patient_label,59104
emcad,9103,model_specific,eye,calibrated,conditional.accuracy,0.6764705882352942,0.6,0.7575757575757576,0.043333704338769305,0.95,bca,bca,False,,5000,5000,whole_patient_cluster,True,three_class_patient_label,59104
emcad,9103,model_specific,eye,calibrated,conditional.balanced_accuracy,0.4861111111111111,0.375,0.6388888888888888,0.07052503468947507,0.95,bca,bca,False,,5000,5000,whole_patient_cluster,True,three_class_patient_label,59104
emcad,9103,model_specific,eye,calibrated,conditional.derived_discrimination.normal_vs_abnormal.auroc,0.9178571428571428,0.7,1.0,0.06904827997287548,0.95,bca,bca,False,,5000,5000,whole_patient_cluster,True,three_class_patient_label,59104
emcad,9103,model_specific,eye,calibrated,conditional.derived_discrimination.normal_vs_abnormal.average_precision,0.9350649350649349,0.7958257713248639,1.0,0.052517739271673906,0.95,bca,bca,False,,5000,5000,whole_patient_cluster,True,three_class_patient_label,59104
emcad,9103,model_specific,eye,calibrated,conditional.derived_discrimination.papilledema_vs_pseudopapilledema.auroc,0.20833333333333334,0.0,0.46875,0.121608748691376,0.95,bca,bca,False,,5000,5000,whole_patient_cluster,True,three_class_patient_label,59104
emcad,9103,model_specific,eye,calibrated,conditional.derived_discrimination.papilledema_vs_pseudopapilledema.average_precision,0.45215617715617723,0.34946581196581195,0.5524506743256743,0.06933042806838653,0.95,bca,bca,False,,5000,5000,whole_patient_cluster,True,three_class_patient_label,59104
emcad,9103,model_specific,eye,calibrated,conditional.macro_auroc,0.8219017094017095,0.6730964978584026,0.8892704517704518,0.049694470163187426,0.95,bca,bca,False,,5000,5000,whole_patient_cluster,True,three_class_patient_label,59104
emcad,9103,model_specific,eye,calibrated,conditional.macro_average_precision,0.5946355078274751,0.5362221291470873,0.6258812427855215,0.03836488618621281,0.95,bca,bca,False,,5000,5000,whole_patient_cluster,True,three_class_patient_label,59104
emcad,9103,model_specific,eye,calibrated,conditional.macro_classwise_ece,0.14355730660103658,0.10929362303977674,0.19845700681615247,0.025831506105607888,0.95,bca,bca,False,,5000,5000,whole_patient_cluster,True,three_class_patient_label,59104
emcad,9103,model_specific,eye,calibrated,conditional.macro_f1,0.46695526695526696,0.3474747474747475,0.6323232323232323,0.07072291511431797,0.95,bca,bca,False,,5000,5000,whole_patient_cluster,True,three_class_patient_label,59104
emcad,9103,model_specific,eye,calibrated,conditional.multiclass_brier,0.33619031445258946,0.23680711687691142,0.5131821371172227,0.07235673679212734,0.95,bca,bca,False,,5000,5000,whole_patient_cluster,True,three_class_patient_label,59104
emcad,9103,model_specific,eye,calibrated,conditional.multiclass_mcc,0.42725830658765646,0.24269054139945045,0.5841018887830226,0.08834411130484368,0.95,bca,bca,False,,5000,5000,whole_patient_cluster,True,three_class_patient_label,59104
emcad,9103,model_specific,eye,calibrated,conditional.multiclass_nll,0.6038788661529928,0.3791023093456848,1.1683824793665833,0.17583025571758826,0.95,bca,bca,False,,5000,5000,whole_patient_cluster,True,three_class_patient_label,59104
emcad,9103,model_specific,eye,calibrated,conditional.per_class.normal.auroc_ovr,0.9178571428571429,0.7,1.0,0.06904827997287548,0.95,bca,bca,False,,5000,5000,whole_patient_cluster,True,three_class_patient_label,59104
emcad,9103,model_specific,eye,calibrated,conditional.per_class.normal.average_precision_ovr,0.9234143737239713,0.7227943798184809,1.0,0.061243799289547596,0.95,bca,bca,False,,5000,5000,whole_patient_cluster,True,three_class_patient_label,59104
emcad,9103,model_specific,eye,calibrated,conditional.per_class.normal.f1,0.9523809523809523,0.8333333333333334,1.0,0.03836107801198594,0.95,bca,bca,False,,5000,5000,whole_patient_cluster,True,three_class_patient_label,59104
emcad,9103,model_specific,eye,calibrated,conditional.per_class.normal.precision,0.9090909090909091,0.7142857142857143,1.0,0.0693277772402624,0.95,bca,bca,False,,5000,5000,whole_patient_cluster,True,three_class_patient_label,59104
emcad,9103,model_specific,eye,calibrated,conditional.per_class.normal.recall,1.0,1.0,1.0,0.0,0.95,bca,bca,False,,5000,5000,whole_patient_cluster,True,three_class_patient_label,59104
emcad,9103,model_specific,eye,calibrated,conditional.per_class.papilledema.auroc_ovr,0.6488095238095238,0.37755102040816324,0.8061224489795918,0.1086296122288896,0.95,bca,bca,False,,5000,5000,whole_patient_cluster,True,three_class_patient_label,59104
emcad,9103,model_specific,eye,calibrated,conditional.per_class.papilledema.average_precision_ovr,0.26570048309178745,0.18433048433048435,0.42063492063492064,0.08590472939380894,0.95,bca,bca,False,,5000,5000,whole_patient_cluster,True,three_class_patient_label,59104
emcad,9103,model_specific,eye,calibrated,conditional.per_class.papilledema.f1,0.26666666666666666,0.0,0.5,0.12007381268660244,0.95,bca,bca,False,,5000,5000,whole_patient_cluster,True,three_class_patient_label,59104
emcad,9103,model_specific,eye,calibrated,conditional.per_class.papilledema.precision,0.2222222222222222,0.0,0.375,0.0937009080361453,0.95,bca,bca,False,,5000,5000,whole_patient_cluster,True,three_class_patient_label,59104
emcad,9103,model_specific,eye,calibrated,conditional.per_class.papilledema.recall,0.3333333333333333,0.0,0.6666666666666666,0.18235513779418516,0.95,bca,bca,False,,5000,5000,whole_patient_cluster,True,three_class_patient_label,59104
emcad,9103,model_specific,eye,calibrated,conditional.per_class.pseudopapilledema.auroc_ovr,0.8990384615384616,0.8269230769230769,0.962962962962963,0.03711397330968781,0.95,bca,bca,False,,5000,5000,whole_patient_cluster,True,three_class_patient_label,59104
emcad,9103,model_specific,eye,calibrated,conditional.per_class.pseudopapilledema.average_precision_ovr,0.5947916666666666,0.4660714285714286,0.7694940476190476,0.10225305654560377,0.95,bca,bca,False,,5000,5000,whole_patient_cluster,True,three_class_patient_label,59104
emcad,9103,model_specific,eye,calibrated,conditional.per_class.pseudopapilledema.f1,0.18181818181818182,0.0,0.5454545454545454,0.14058352424843537,0.95,bca,bca,False,,5000,5000,whole_patient_cluster,True,three_class_patient_label,59104
emcad,9103,model_specific,eye,calibrated,conditional.per_class.pseudopapilledema.precision,0.3333333333333333,0.0,1.0,0.2642909224965545,0.95,bca,bca,False,,5000,5000,whole_patient_cluster,True,three_class_patient_label,59104
emcad,9103,model_specific,eye,calibrated,conditional.per_class.pseudopapilledema.recall,0.125,0.0,0.375,0.1076982783466466,0.95,bca,bca,False,,5000,5000,whole_patient_cluster,True,three_class_patient_label,59104
emcad,9103,model_specific,eye,calibrated,conditional.top_label_ece,0.1993458904123669,0.1398498482972109,0.2751987404357732,0.038101154350605224,0.95,bca,bca,False,,5000,5000,whole_patient_cluster,True,three_class_patient_label,59104
emcad,9103,model_specific,eye,calibrated,conditional_aurc,0.14287801897805869,0.0737011011762245,0.29418181656108877,0.05364562222674896,0.95,bca,bca,False,,5000,5000,whole_patient_cluster,True,three_class_patient_label,59104
emcad,9103,model_specific,eye,calibrated,coverage,0.9444444444444444,0.8888888888888888,1.0,0.027672055483895317,0.95,bca,bca,False,,5000,5000,whole_patient_cluster,True,three_class_patient_label,59104
emcad,9103,model_specific,eye,calibrated,failure_aware.accuracy,0.6388888888888888,0.5833333333333334,0.7222222222222222,0.036642943390499096,0.95,bca,bca,False,,5000,5000,whole_patient_cluster,True,three_class_patient_label,59104
emcad,9103,model_specific,eye,calibrated,failure_aware.balanced_accuracy,0.4583333333333333,0.375,0.5833333333333334,0.054964415085748675,0.95,bca,bca,False,,5000,5000,whole_patient_cluster,True,three_class_patient_label,59104
emcad,9103,model_specific,eye,calibrated,failure_aware.macro_f1,0.4564977506153977,0.3422459893048128,0.6091269841269841,0.06636978431263434,0.95,bca,bca,False,,5000,5000,whole_patient_cluster,True,three_class_patient_label,59104
emcad,9103,model_specific,eye,calibrated,failure_aware.multiclass_mcc,0.39322400239957167,0.24269054139945045,0.5176510392389808,0.072114991379191,0.95,bca,bca,False,,5000,5000,whole_patient_cluster,True,three_class_patient_label,59104
emcad,9103,model_specific,eye,calibrated,failure_aware.per_class.normal.f1,0.9523809523809523,0.8333333333333334,1.0,0.03836107801198594,0.95,bca,bca,False,,5000,5000,whole_patient_cluster,True,three_class_patient_label,59104
emcad,9103,model_specific,eye,calibrated,failure_aware.per_class.normal.precision,0.9090909090909091,0.7142857142857143,1.0,0.0693277772402624,0.95,bca,bca,False,,5000,5000,whole_patient_cluster,True,three_class_patient_label,59104
emcad,9103,model_specific,eye,calibrated,failure_aware.per_class.normal.recall,1.0,1.0,1.0,0.0,0.95,bca,bca,False,,5000,5000,whole_patient_cluster,True,three_class_patient_label,59104
emcad,9103,model_specific,eye,calibrated,failure_aware.per_class.papilledema.f1,0.23529411764705882,0.0,0.4444444444444444,0.1060325211168012,0.95,bca,bca,False,,5000,5000,whole_patient_cluster,True,three_class_patient_label,59104
emcad,9103,model_specific,eye,calibrated,failure_aware.per_class.papilledema.precision,0.2222222222222222,0.0,0.375,0.0937009080361453,0.95,bca,bca,False,,5000,5000,whole_patient_cluster,True,three_class_patient_label,59104
emcad,9103,model_specific,eye,calibrated,failure_aware.per_class.papilledema.recall,0.25,0.0,0.5,0.12483539872710414,0.95,bca,bca,False,,5000,5000,whole_patient_cluster,True,three_class_patient_label,59104
emcad,9103,model_specific,eye,calibrated,failure_aware.per_class.pseudopapilledema.f1,0.18181818181818182,0.0,0.5454545454545454,0.14058352424843537,0.95,bca,bca,False,,5000,5000,whole_patient_cluster,True,three_class_patient_label,59104
emcad,9103,model_specific,eye,calibrated,failure_aware.per_class.pseudopapilledema.precision,0.3333333333333333,0.0,1.0,0.2642909224965545,0.95,bca,bca,False,,5000,5000,whole_patient_cluster,True,three_class_patient_label,59104
emcad,9103,model_specific,eye,calibrated,failure_aware.per_class.pseudopapilledema.recall,0.125,0.0,0.375,0.1076982783466466,0.95,bca,bca,False,,5000,5000,whole_patient_cluster,True,three_class_patient_label,59104
emcad,9103,model_specific,eye,calibrated,failure_aware_aurc,0.1544950249783958,0.08819111657181128,0.2906161858200586,0.049404211523065934,0.95,bca,bca,False,,5000,5000,whole_patient_cluster,True,three_class_patient_label,59104
emcad,9103,model_specific,eye,calibrated,localized_diagnostic_success.rate,0.6111111111111112,0.5277777777777778,0.6944444444444444,0.04492546040645413,0.95,bca,bca,False,,5000,5000,whole_patient_cluster,True,three_class_patient_label,59104
emcad,9103,model_specific,eye,calibrated,selective_risk,0.3235294117647059,0.24242424242424243,0.4,0.043333704338769305,0.95,bca,bca,False,,5000,5000,whole_patient_cluster,True,three_class_patient_label,59104
emcad,9103,standardized_resnet18,patient,calibrated,class_conditional_coverage.normal,1.0,1.0,1.0,0.0,0.95,bca,bca,False,,5000,5000,whole_patient_cluster,True,three_class_patient_label,59103
emcad,9103,standardized_resnet18,patient,calibrated,class_conditional_coverage.papilledema,0.5,0.0,1.0,0.2515304971930911,0.95,bca,bca,False,,5000,5000,whole_patient_cluster,True,three_class_patient_label,59103
emcad,9103,standardized_resnet18,patient,calibrated,class_conditional_coverage.pseudopapilledema,1.0,1.0,1.0,0.0,0.95,bca,bca,False,,5000,5000,whole_patient_cluster,True,three_class_patient_label,59103
emcad,9103,standardized_resnet18,patient,calibrated,conditional.accuracy,0.625,0.4375,0.75,0.07417168992248535,0.95,bca,bca,False,,5000,5000,whole_patient_cluster,True,three_class_patient_label,59103
emcad,9103,standardized_resnet18,patient,calibrated,conditional.balanced_accuracy,0.4666666666666666,0.26666666666666666,0.6666666666666666,0.1266995440980275,0.95,bca,bca,False,,5000,5000,whole_patient_cluster,True,three_class_patient_label,59103
emcad,9103,standardized_resnet18,patient,calibrated,conditional.derived_discrimination.normal_vs_abnormal.auroc,0.9666666666666668,0.8285714285714285,1.0,0.03584429066521271,0.95,bca,bca,False,,5000,5000,whole_patient_cluster,True,three_class_patient_label,59103
emcad,9103,standardized_resnet18,patient,calibrated,conditional.derived_discrimination.normal_vs_abnormal.average_precision,0.9583333333333334,0.8484848484848484,1.0,0.03639111119840468,0.95,bca,bca,False,,5000,5000,whole_patient_cluster,True,three_class_patient_label,59103
emcad,9103,standardized_resnet18,patient,calibrated,conditional.derived_discrimination.papilledema_vs_pseudopapilledema.auroc,0.375,0.0,1.0,0.31433072064862927,0.95,bca,bca,False,,4687,5000,whole_patient_cluster,True,three_class_patient_label,59103
emcad,9103,standardized_resnet18,patient,calibrated,conditional.derived_discrimination.papilledema_vs_pseudopapilledema.average_precision,0.6458333333333333,0.38110273482466944,0.95,0.1700615440273115,0.95,bca,bca,False,,5000,5000,whole_patient_cluster,True,three_class_patient_label,59103
emcad,9103,standardized_resnet18,patient,calibrated,conditional.macro_auroc,0.8390873015873016,0.6751500499801764,0.9652777777777777,0.07225836214310678,0.95,bca,bca,False,,5000,5000,whole_patient_cluster,True,three_class_patient_label,59103
emcad,9103,standardized_resnet18,patient,calibrated,conditional.macro_average_precision,0.626969696969697,0.4794755722864266,0.8104166666666667,0.11201321555119484,0.95,bca,bca,False,,5000,5000,whole_patient_cluster,True,three_class_patient_label,59103
emcad,9103,standardized_resnet18,patient,calibrated,conditional.macro_classwise_ece,0.19166970507887812,0.13891694169496122,0.2532335565587449,0.035187192453635205,0.95,bca,bca,False,,5000,5000,whole_patient_cluster,True,three_class_patient_label,59103
emcad,9103,standardized_resnet18,patient,calibrated,conditional.macro_f1,0.3952380952380952,0.2807017543859649,0.5380116959064327,0.07297711653019726,0.95,bca,bca,False,,5000,5000,whole_patient_cluster,True,three_class_patient_label,59103
emcad,9103,standardized_resnet18,patient,calibrated,conditional.multiclass_brier,0.44000607186849633,0.27117706872002173,0.6630195044948115,0.09848634317005243,0.95,bca,bca,False,,5000,5000,whole_patient_cluster,True,three_class_patient_label,59103
emcad,9103,standardized_resnet18,patient,calibrated,conditional.multiclass_mcc,0.34595268161780746,0.0140028008402801,0.5773502691896257,0.14718361923544024,0.95,bca,bca,False,,5000,5000,whole_patient_cluster,True,three_class_patient_label,59103
emcad,9103,standardized_resnet18,patient,calibrated,conditional.multiclass_nll,0.7207928525924227,0.4279802456238269,1.2111847542667638,0.19119012076952246,0.95,bca,bca,False,,5000,5000,whole_patient_cluster,True,three_class_patient_label,59103
emcad,9103,standardized_resnet18,patient,calibrated,conditional.per_class.normal.auroc_ovr,0.9666666666666667,0.8,1.0,0.035844290665212705,0.95,bca,bca,False,,5000,5000,whole_patient_cluster,True,three_class_patient_label,59103
emcad,9103,standardized_resnet18,patient,calibrated,conditional.per_class.normal.average_precision_ovr,0.980909090909091,0.8802831189295593,1.0,0.020876542584871455,0.95,bca,bca,False,,5000,5000,whole_patient_cluster,True,three_class_patient_label,59103
emcad,9103,standardized_resnet18,patient,calibrated,conditional.per_class.normal.f1,0.9,0.7,1.0,0.0668203194794889,0.95,bca,bca,False,,5000,5000,whole_patient_cluster,True,three_class_patient_label,59103
emcad,9103,standardized_resnet18,patient,calibrated,conditional.per_class.normal.precision,0.9,0.6666666666666666,1.0,0.07799428076266786,0.95,bca,bca,False,,5000,5000,whole_patient_cluster,True,three_class_patient_label,59103
emcad,9103,standardized_resnet18,patient,calibrated,conditional.per_class.normal.recall,0.9,0.526796682090775,1.0,0.09486073851674563,0.95,bca,bca,False,,5000,5000,whole_patient_cluster,True,three_class_patient_label,59103
emcad,9103,standardized_resnet18,patient,calibrated,conditional.per_class.papilledema.auroc_ovr,0.8214285714285714,0.7142857142857142,1.0,0.08980877732817978,0.95,bca,bca,False,,4687,5000,whole_patient_cluster,True,three_class_patient_label,59103
emcad,9103,standardized_resnet18,patient,calibrated,conditional.per_class.papilledema.average_precision_ovr,0.41666666666666663,0.2,1.0,0.22313906425348204,0.95,bca,bca,False,,4687,5000,whole_patient_cluster,True,three_class_patient_label,59103
emcad,9103,standardized_resnet18,patient,calibrated,conditional.per_class.papilledema.f1,0.2857142857142857,0.0,0.6666666666666666,0.19246376912955995,0.95,bca,bca,False,,5000,5000,whole_patient_cluster,True,three_class_patient_label,59103
emcad,9103,standardized_resnet18,patient,calibrated,conditional.per_class.papilledema.precision,0.2,0.0,0.5,0.13736029746591205,0.95,bca,bca,False,,5000,5000,whole_patient_cluster,True,three_class_patient_label,59103
emcad,9103,standardized_resnet18,patient,calibrated,conditional.per_class.papilledema.recall,0.5,0.0,1.0,0.3790475857806918,0.95,bca,bca,False,,4687,5000,whole_patient_cluster,True,three_class_patient_label,59103
emcad,9103,standardized_resnet18,patient,calibrated,conditional.per_class.pseudopapilledema.auroc_ovr,0.7291666666666667,0.32692307692307687,0.9583333333333333,0.15124413969643483,0.95,bca,bca,False,,5000,5000,whole_patient_cluster,True,three_class_patient_label,59103
emcad,9103,standardized_resnet18,patient,calibrated,conditional.per_class.pseudopapilledema.average_precision_ovr,0.4833333333333333,0.2501662462140585,0.825,0.17983056417689267,0.95,bca,bca,False,,5000,5000,whole_patient_cluster,True,three_class_patient_label,59103
emcad,9103,standardized_resnet18,patient,calibrated,conditional.per_class.pseudopapilledema.f1,0.0,0.0,0.0,0.0,0.95,bca,bca,False,,5000,5000,whole_patient_cluster,True,three_class_patient_label,59103
emcad,9103,standardized_resnet18,patient,calibrated,conditional.per_class.pseudopapilledema.precision,0.0,0.0,0.0,0.0,0.95,bca,bca,False,,5000,5000,whole_patient_cluster,True,three_class_patient_label,59103
emcad,9103,standardized_resnet18,patient,calibrated,conditional.per_class.pseudopapilledema.recall,0.0,0.0,0.0,0.0,0.95,bca,bca,False,,5000,5000,whole_patient_cluster,True,three_class_patient_label,59103
emcad,9103,standardized_resnet18,patient,calibrated,conditional.top_label_ece,0.18351084511070434,0.0766303348342034,0.23742660654796155,0.05263608852360076,0.95,bca,bca,False,,5000,5000,whole_patient_cluster,True,three_class_patient_label,59103
emcad,9103,standardized_resnet18,patient,calibrated,conditional_aurc,0.16566385003885004,0.0703284028543544,0.38036621790729946,0.07221583643612428,0.95,bca,bca,False,,5000,5000,whole_patient_cluster,True,three_class_patient_label,59103
emcad,9103,standardized_resnet18,patient,calibrated,coverage,0.8888888888888888,0.7777777777777778,1.0,0.055895666042909124,0.95,bca,bca,False,,5000,5000,whole_patient_cluster,True,three_class_patient_label,59103
emcad,9103,standardized_resnet18,patient,calibrated,failure_aware.accuracy,0.5555555555555556,0.3888888888888889,0.6666666666666666,0.07180000643961083,0.95,bca,bca,False,,5000,5000,whole_patient_cluster,True,three_class_patient_label,59103
emcad,9103,standardized_resnet18,patient,calibrated,failure_aware.balanced_accuracy,0.3833333333333333,0.26666666666666666,0.5833333333333334,0.079498382923594,0.95,bca,bca,False,,5000,5000,whole_patient_cluster,True,three_class_patient_label,59103
emcad,9103,standardized_resnet18,patient,calibrated,failure_aware.macro_f1,0.37407407407407406,0.2745098039215686,0.5163060263711201,0.0640661716819705,0.95,bca,bca,False,,5000,5000,whole_patient_cluster,True,three_class_patient_label,59103
emcad,9103,standardized_resnet18,patient,calibrated,failure_aware.multiclass_mcc,0.2901593353013874,0.05349506156386411,0.48947250518628044,0.11309628423823136,0.95,bca,bca,False,,5000,5000,whole_patient_cluster,True,three_class_patient_label,59103
emcad,9103,standardized_resnet18,patient,calibrated,failure_aware.per_class.normal.f1,0.9,0.7,1.0,0.0668203194794889,0.95,bca,bca,False,,5000,5000,whole_patient_cluster,True,three_class_patient_label,59103
emcad,9103,standardized_resnet18,patient,calibrated,failure_aware.per_class.normal.precision,0.9,0.6666666666666666,1.0,0.07799428076266786,0.95,bca,bca,False,,5000,5000,whole_patient_cluster,True,three_class_patient_label,59103
emcad,9103,standardized_resnet18,patient,calibrated,failure_aware.per_class.normal.recall,0.9,0.526796682090775,1.0,0.09486073851674563,0.95,bca,bca,False,,5000,5000,whole_patient_cluster,True,three_class_patient_label,59103
emcad,9103,standardized_resnet18,patient,calibrated,failure_aware.per_class.papilledema.f1,0.2222222222222222,0.0,0.6666666666666666,0.16750305094773896,0.95,bca,bca,False,,5000,5000,whole_patient_cluster,True,three_class_patient_label,59103
emcad,9103,standardized_resnet18,patient,calibrated,failure_aware.per_class.papilledema.precision,0.2,0.0,0.5,0.13736029746591205,0.95,bca,bca,False,,5000,5000,whole_patient_cluster,True,three_class_patient_label,59103
emcad,9103,standardized_resnet18,patient,calibrated,failure_aware.per_class.papilledema.recall,0.25,0.0,1.0,0.21840453316728936,0.95,bca,bca,False,,5000,5000,whole_patient_cluster,True,three_class_patient_label,59103
emcad,9103,standardized_resnet18,patient,calibrated,failure_aware.per_class.pseudopapilledema.f1,0.0,0.0,0.0,0.0,0.95,bca,bca,False,,5000,5000,whole_patient_cluster,True,three_class_patient_label,59103
emcad,9103,standardized_resnet18,patient,calibrated,failure_aware.per_class.pseudopapilledema.precision,0.0,0.0,0.0,0.0,0.95,bca,bca,False,,5000,5000,whole_patient_cluster,True,three_class_patient_label,59103
emcad,9103,standardized_resnet18,patient,calibrated,failure_aware.per_class.pseudopapilledema.recall,0.0,0.0,0.0,0.0,0.95,bca,bca,False,,5000,5000,whole_patient_cluster,True,three_class_patient_label,59103
emcad,9103,standardized_resnet18,patient,calibrated,failure_aware_aurc,0.19482393060824432,0.09538368766309942,0.37937877300622397,0.06993053249204537,0.95,bca,bca,False,,5000,5000,whole_patient_cluster,True,three_class_patient_label,59103
emcad,9103,standardized_resnet18,patient,calibrated,localized_diagnostic_success.rate,0.5,0.3333333333333333,0.6666666666666666,0.0854253857839946,0.95,bca,bca,False,,5000,5000,whole_patient_cluster,True,three_class_patient_label,59103
emcad,9103,standardized_resnet18,patient,calibrated,selective_risk,0.375,0.25,0.5625,0.07417168992248536,0.95,bca,bca,False,,5000,5000,whole_patient_cluster,True,three_class_patient_label,59103
emcad,9103,standardized_resnet18,eye,calibrated,class_conditional_coverage.normal,1.0,1.0,1.0,0.0,0.95,bca,bca,False,,5000,5000,whole_patient_cluster,True,three_class_patient_label,59104
emcad,9103,standardized_resnet18,eye,calibrated,class_conditional_coverage.papilledema,0.75,0.5,1.0,0.12452424967752888,0.95,bca,bca,False,,5000,5000,whole_patient_cluster,True,three_class_patient_label,59104
emcad,9103,standardized_resnet18,eye,calibrated,class_conditional_coverage.pseudopapilledema,1.0,1.0,1.0,0.0,0.95,bca,bca,False,,5000,5000,whole_patient_cluster,True,three_class_patient_label,59104
emcad,9103,standardized_resnet18,eye,calibrated,conditional.accuracy,0.6470588235294118,0.5142857142857142,0.7647058823529411,0.06477198254135748,0.95,bca,bca,False,,5000,5000,whole_patient_cluster,True,three_class_patient_label,59104
emcad,9103,standardized_resnet18,eye,calibrated,conditional.balanced_accuracy,0.5083333333333333,0.325,0.6916666666666668,0.09649053072383745,0.95,bca,bca,False,,5000,5000,whole_patient_cluster,True,three_class_patient_label,59104
emcad,9103,standardized_resnet18,eye,calibrated,conditional.derived_discrimination.normal_vs_abnormal.auroc,0.9178571428571428,0.7,1.0,0.0669576671002542,0.95,bca,bca,False,,5000,5000,whole_patient_cluster,True,three_class_patient_label,59104
emcad,9103,standardized_resnet18,eye,calibrated,conditional.derived_discrimination.normal_vs_abnormal.average_precision,0.9445903361344538,0.8253968253968254,1.0,0.04458575389237999,0.95,bca,bca,False,,5000,5000,whole_patient_cluster,True,three_class_patient_label,59104
emcad,9103,standardized_resnet18,eye,calibrated,conditional.derived_discrimination.papilledema_vs_pseudopapilledema.auroc,0.3333333333333333,0.0,0.7708333333333334,0.1963179427689657,0.95,bca,bca,False,,5000,5000,whole_patient_cluster,True,three_class_patient_label,59104
emcad,9103,standardized_resnet18,eye,calibrated,conditional.derived_discrimination.papilledema_vs_pseudopapilledema.average_precision,0.49570013320013323,0.34770507270507267,0.6618686868686868,0.10636324786932433,0.95,bca,bca,False,,5000,5000,whole_patient_cluster,True,three_class_patient_label,59104
emcad,9103,standardized_resnet18,eye,calibrated,conditional.macro_auroc,0.774053724053724,0.6043817200209222,0.9005723507467465,0.0754074766248026,0.95,bca,bca,False,,5000,5000,whole_patient_cluster,True,three_class_patient_label,59104
emcad,9103,standardized_resnet18,eye,calibrated,conditional.macro_average_precision,0.5647774243730126,0.4196268467132709,0.7340490820420236,0.09203929171404192,0.95,bca,bca,False,,5000,5000,whole_patient_cluster,True,three_class_patient_label,59104
emcad,9103,standardized_resnet18,eye,calibrated,conditional.macro_classwise_ece,0.14670927117147087,0.08193183796720754,0.20053931923827276,0.03648313186937508,0.95,bca,bca,False,,5000,5000,whole_patient_cluster,True,three_class_patient_label,59104
emcad,9103,standardized_resnet18,eye,calibrated,conditional.macro_f1,0.48055555555555557,0.33699633699633696,0.6755514590943683,0.0842770533986664,0.95,bca,bca,False,,5000,5000,whole_patient_cluster,True,three_class_patient_label,59104
emcad,9103,standardized_resnet18,eye,calibrated,conditional.multiclass_brier,0.4638041337886457,0.30602401969992876,0.6689576734058139,0.09087472002557782,0.95,bca,bca,False,,5000,5000,whole_patient_cluster,True,three_class_patient_label,59104
emcad,9103,standardized_resnet18,eye,calibrated,conditional.multiclass_mcc,0.3950918386598358,0.1372164647881413,0.6215635901936332,0.12501182985659606,0.95,bca,bca,False,,5000,5000,whole_patient_cluster,True,three_class_patient_label,59104
emcad,9103,standardized_resnet18,eye,calibrated,conditional.multiclass_nll,0.8469903514143402,0.5019726299842725,1.5391839682618564,0.24227970621268766,0.95,bca,bca,False,,5000,5000,whole_patient_cluster,True,three_class_patient_label,59104
emcad,9103,standardized_resnet18,eye,calibrated,conditional.per_class.normal.auroc_ovr,0.9178571428571429,0.725,1.0,0.06695766710025419,0.95,bca,bca,False,,5000,5000,whole_patient_cluster,True,three_class_patient_label,59104
emcad,9103,standardized_resnet18,eye,calibrated,conditional.per_class.normal.average_precision_ovr,0.8609372367828251,0.6199165374659875,1.0,0.0897169342025379,0.95,bca,bca,False,,5000,5000,whole_patient_cluster,True,three_class_patient_label,59104
emcad,9103,standardized_resnet18,eye,calibrated,conditional.per_class.normal.f1,0.9,0.7692307692307693,0.9743589743589743,0.05121899614980339,0.95,bca,bca,False,,5000,5000,whole_patient_cluster,True,three_class_patient_label,59104
emcad,9103,standardized_resnet18,eye,calibrated,conditional.per_class.normal.precision,0.9,0.68,1.0,0.07592067475342185,0.95,bca,bca,False,,5000,5000,whole_patient_cluster,True,three_class_patient_label,59104
emcad,9103,standardized_resnet18,eye,calibrated,conditional.per_class.normal.recall,0.9,0.75,1.0,0.062439488610554685,0.95,bca,bca,False,,5000,5000,whole_patient_cluster,True,three_class_patient_label,59104
emcad,9103,standardized_resnet18,eye,calibrated,conditional.per_class.papilledema.auroc_ovr,0.7023809523809524,0.423469387755102,0.9142857142857144,0.13315333083493686,0.95,bca,bca,False,,5000,5000,whole_patient_cluster,True,three_class_patient_label,59104
emcad,9103,standardized_resnet18,eye,calibrated,conditional.per_class.papilledema.average_precision_ovr,0.45472305472305474,0.23838383838383836,0.8333333333333333,0.15967029025058932,0.95,bca,bca,False,,5000,5000,whole_patient_cluster,True,three_class_patient_label,59104
emcad,9103,standardized_resnet18,eye,calibrated,conditional.per_class.papilledema.f1,0.375,0.0,0.6666666666666666,0.16742753605180408,0.95,bca,bca,False,,5000,5000,whole_patient_cluster,True,three_class_patient_label,59104
emcad,9103,standardized_resnet18,eye,calibrated,conditional.per_class.papilledema.precision,0.3,0.0,0.5344361660039282,0.1265853118514102,0.95,bca,bca,False,,5000,5000,whole_patient_cluster,True,three_class_patient_label,59104
emcad,9103,standardized_resnet18,eye,calibrated,conditional.per_class.papilledema.recall,0.5,0.0,1.0,0.2603612176025873,0.95,bca,bca,False,,5000,5000,whole_patient_cluster,True,three_class_patient_label,59104
emcad,9103,standardized_resnet18,eye,calibrated,conditional.per_class.pseudopapilledema.auroc_ovr,0.7019230769230769,0.4426153155244403,0.8888778416247033,0.11134237578247339,0.95,bca,bca,False,,5000,5000,whole_patient_cluster,True,three_class_patient_label,59104
emcad,9103,standardized_resnet18,eye,calibrated,conditional.per_class.pseudopapilledema.average_precision_ovr,0.37867198161315807,0.2363126739193886,0.6499165782495101,0.13030787742928643,0.95,bca,bca,False,,5000,5000,whole_patient_cluster,True,three_class_patient_label,59104
emcad,9103,standardized_resnet18,eye,calibrated,conditional.per_class.pseudopapilledema.f1,0.16666666666666666,0.0,0.5454545454545454,0.13245046968567334,0.95,bca,bca,False,,5000,5000,whole_patient_cluster,True,three_class_patient_label,59104
emcad,9103,standardized_resnet18,eye,calibrated,conditional.per_class.pseudopapilledema.precision,0.25,0.0,1.0,0.22852232274530265,0.95,bca,bca,False,,5000,5000,whole_patient_cluster,True,three_class_patient_label,59104
emcad,9103,standardized_resnet18,eye,calibrated,conditional.per_class.pseudopapilledema.recall,0.125,0.0,0.375,0.1076982783466466,0.95,bca,bca,False,,5000,5000,whole_patient_cluster,True,three_class_patient_label,59104
emcad,9103,standardized_resnet18,eye,calibrated,conditional.top_label_ece,0.14531008105957677,0.05290996295204688,0.23423319181030391,0.05628746322695478,0.95,bca,bca,False,,5000,5000,whole_patient_cluster,True,three_class_patient_label,59104
emcad,9103,standardized_resnet18,eye,calibrated,conditional_aurc,0.2637941611442085,0.10312485243545165,0.4858593978600395,0.0965360501521059,0.95,bca,bca,False,,5000,5000,whole_patient_cluster,True,three_class_patient_label,59104
emcad,9103,standardized_resnet18,eye,calibrated,coverage,0.9444444444444444,0.8888888888888888,1.0,0.027672055483895317,0.95,bca,bca,False,,5000,5000,whole_patient_cluster,True,three_class_patient_label,59104
emcad,9103,standardized_resnet18,eye,calibrated,failure_aware.accuracy,0.6111111111111112,0.5,0.7222222222222222,0.0635414677270531,0.95,bca,bca,False,,5000,5000,whole_patient_cluster,True,three_class_patient_label,59104
emcad,9103,standardized_resnet18,eye,calibrated,failure_aware.balanced_accuracy,0.4666666666666666,0.3333333333333333,0.65,0.08177544762124889,0.95,bca,bca,False,,5000,5000,whole_patient_cluster,True,three_class_patient_label,59104
emcad,9103,standardized_resnet18,eye,calibrated,failure_aware.macro_f1,0.46666666666666673,0.3337893296853625,0.6607949412827462,0.08048542859603362,0.95,bca,bca,False,,5000,5000,whole_patient_cluster,True,three_class_patient_label,59104
emcad,9103,standardized_resnet18,eye,calibrated,failure_aware.multiclass_mcc,0.3626991691267342,0.1544296033697982,0.5736641120812694,0.11063269167236732,0.95,bca,bca,False,,5000,5000,whole_patient_cluster,True,three_class_patient_label,59104
emcad,9103,standardized_resnet18,eye,calibrated,failure_aware.per_class.normal.f1,0.9,0.7692307692307693,0.9743589743589743,0.05121899614980339,0.95,bca,bca,False,,5000,5000,whole_patient_cluster,True,three_class_patient_label,59104
emcad,9103,standardized_resnet18,eye,calibrated,failure_aware.per_class.normal.precision,0.9,0.68,1.0,0.07592067475342185,0.95,bca,bca,False,,5000,5000,whole_patient_cluster,True,three_class_patient_label,59104
emcad,9103,standardized_resnet18,eye,calibrated,failure_aware.per_class.normal.recall,0.9,0.75,1.0,0.062439488610554685,0.95,bca,bca,False,,5000,5000,whole_patient_cluster,True,three_class_patient_label,59104
emcad,9103,standardized_resnet18,eye,calibrated,failure_aware.per_class.papilledema.f1,0.3333333333333333,0.0,0.6666666666666666,0.15701616061632193,0.95,bca,bca,False,,5000,5000,whole_patient_cluster,True,three_class_patient_label,59104
emcad,9103,standardized_resnet18,eye,calibrated,failure_aware.per_class.papilledema.precision,0.3,0.0,0.5344361660039282,0.1265853118514102,0.95,bca,bca,False,,5000,5000,whole_patient_cluster,True,three_class_patient_label,59104
emcad,9103,standardized_resnet18,eye,calibrated,failure_aware.per_class.papilledema.recall,0.375,0.0,0.875,0.2092677542613642,0.95,bca,bca,False,,5000,5000,whole_patient_cluster,True,three_class_patient_label,59104
emcad,9103,standardized_resnet18,eye,calibrated,failure_aware.per_class.pseudopapilledema.f1,0.16666666666666666,0.0,0.5454545454545454,0.13245046968567334,0.95,bca,bca,False,,5000,5000,whole_patient_cluster,True,three_class_patient_label,59104
emcad,9103,standardized_resnet18,eye,calibrated,failure_aware.per_class.pseudopapilledema.precision,0.25,0.0,1.0,0.22852232274530265,0.95,bca,bca,False,,5000,5000,whole_patient_cluster,True,three_class_patient_label,59104
emcad,9103,standardized_resnet18,eye,calibrated,failure_aware.per_class.pseudopapilledema.recall,0.125,0.0,0.375,0.1076982783466466,0.95,bca,bca,False,,5000,5000,whole_patient_cluster,True,three_class_patient_label,59104
emcad,9103,standardized_resnet18,eye,calibrated,failure_aware_aurc,0.2702588594227931,0.11309103081448298,0.4837191011195821,0.09300243161139374,0.95,bca,bca,False,,5000,5000,whole_patient_cluster,True,three_class_patient_label,59104
emcad,9103,standardized_resnet18,eye,calibrated,localized_diagnostic_success.rate,0.5833333333333334,0.4444444444444444,0.7222222222222222,0.0662002921979612,0.95,bca,bca,False,,5000,5000,whole_patient_cluster,True,three_class_patient_label,59104
emcad,9103,standardized_resnet18,eye,calibrated,selective_risk,0.35294117647058826,0.23529411764705882,0.4857142857142857,0.06477198254135746,0.95,bca,bca,False,,5000,5000,whole_patient_cluster,True,three_class_patient_label,59104
sam2_unet,17,model_specific,patient,calibrated,class_conditional_coverage.normal,1.0,1.0,1.0,0.0,0.95,bca,bca,False,,5000,5000,whole_patient_cluster,True,three_class_patient_label,50017
sam2_unet,17,model_specific,patient,calibrated,class_conditional_coverage.papilledema,1.0,1.0,1.0,0.0,0.95,bca,bca,False,,5000,5000,whole_patient_cluster,True,three_class_patient_label,50017
sam2_unet,17,model_specific,patient,calibrated,class_conditional_coverage.pseudopapilledema,1.0,1.0,1.0,0.0,0.95,bca,bca,False,,5000,5000,whole_patient_cluster,True,three_class_patient_label,50017
sam2_unet,17,model_specific,patient,calibrated,conditional.accuracy,0.7222222222222222,0.6111111111111112,0.8888888888888888,0.07401520177952187,0.95,bca,bca,False,,5000,5000,whole_patient_cluster,True,three_class_patient_label,50017
sam2_unet,17,model_specific,patient,calibrated,conditional.balanced_accuracy,0.5833333333333334,0.4166666666666667,0.8333333333333334,0.1110228026692828,0.95,bca,bca,False,,5000,5000,whole_patient_cluster,True,three_class_patient_label,50017
sam2_unet,17,model_specific,patient,calibrated,conditional.derived_discrimination.normal_vs_abnormal.auroc,0.8625,0.55,1.0,0.09518121209764706,0.95,bca,bca,False,,5000,5000,whole_patient_cluster,True,three_class_patient_label,50017
sam2_unet,17,model_specific,patient,calibrated,conditional.derived_discrimination.normal_vs_abnormal.average_precision,0.8962121212121212,0.7128787878787879,1.0,0.06813601163007511,0.95,bca,bca,False,,5000,5000,whole_patient_cluster,True,three_class_patient_label,50017
sam2_unet,17,model_specific,patient,calibrated,conditional.derived_discrimination.papilledema_vs_pseudopapilledema.auroc,0.4375,0.0,0.875,0.22083053621531834,0.95,bca,bca,False,,5000,5000,whole_patient_cluster,True,three_class_patient_label,50017
sam2_unet,17,model_specific,patient,calibrated,conditional.derived_discrimination.papilledema_vs_pseudopapilledema.average_precision,0.625,0.41666666666666663,0.9166666666666666,0.13802831279357522,0.95,bca,bca,False,,5000,5000,whole_patient_cluster,True,three_class_patient_label,50017
sam2_unet,17,model_specific,patient,calibrated,conditional.macro_auroc,0.781547619047619,0.5625,0.8809523809523809,0.07328067092082553,0.95,bca,bca,False,,5000,5000,whole_patient_cluster,True,three_class_patient_label,50017
sam2_unet,17,model_specific,patient,calibrated,conditional.macro_average_precision,0.5962145262145262,0.46744769782570467,0.6942171717171717,0.07786405933390607,0.95,bca,bca,False,,5000,5000,whole_patient_cluster,True,three_class_patient_label,50017
sam2_unet,17,model_specific,patient,calibrated,conditional.macro_classwise_ece,0.169211855157943,0.08398600088966504,0.22222471607238353,0.036889919292327246,0.95,bca,bca,False,,5000,5000,whole_patient_cluster,True,three_class_patient_label,50017
sam2_unet,17,model_specific,patient,calibrated,conditional.macro_f1,0.5808080808080808,0.37420163356943875,0.8531746031746031,0.12529667594556307,0.95,bca,bca,False,,5000,5000,whole_patient_cluster,True,three_class_patient_label,50017
sam2_unet,17,model_specific,patient,calibrated,conditional.multiclass_brier,0.4540047244903268,0.29969501411948735,0.6748398089500545,0.0925758269273412,0.95,bca,bca,False,,5000,5000,whole_patient_cluster,True,three_class_patient_label,50017
sam2_unet,17,model_specific,patient,calibrated,conditional.multiclass_mcc,0.5134898976610932,0.18168809366681596,0.7393826796645644,0.1427093226852825,0.95,bca,bca,False,,5000,5000,whole_patient_cluster,True,three_class_patient_label,50017
sam2_unet,17,model_specific,patient,calibrated,conditional.multiclass_nll,0.8329929141345319,0.47814763061975146,1.4448685491362194,0.2303847757687853,0.95,bca,bca,False,,5000,5000,whole_patient_cluster,True,three_class_patient_label,50017
sam2_unet,17,model_specific,patient,calibrated,conditional.per_class.normal.auroc_ovr,0.8625,0.55,1.0,0.09518121209764706,0.95,bca,bca,False,,5000,5000,whole_patient_cluster,True,three_class_patient_label,50017
sam2_unet,17,model_specific,patient,calibrated,conditional.per_class.normal.average_precision_ovr,0.8719769119769119,0.633252035541179,0.9999999999999999,0.07885002386758061,0.95,bca,bca,False,,5000,5000,whole_patient_cluster,True,three_class_patient_label,50017
sam2_unet,17,model_specific,patient,calibrated,conditional.per_class.normal.f1,0.9090909090909091,0.8,1.0,0.049805597896979484,0.95,bca,bca,False,,5000,5000,whole_patient_cluster,True,three_class_patient_label,50017
sam2_unet,17,model_specific,patient,calibrated,conditional.per_class.normal.precision,0.8333333333333334,0.6666666666666666,1.0,0.08428724894975761,0.95,bca,bca,False,,5000,5000,whole_patient_cluster,True,three_class_patient_label,50017
sam2_unet,17,model_specific,patient,calibrated,conditional.per_class.normal.recall,1.0,1.0,1.0,0.0,0.95,bca,bca,False,,5000,5000,whole_patient_cluster,True,three_class_patient_label,50017
sam2_unet,17,model_specific,patient,calibrated,conditional.per_class.papilledema.auroc_ovr,0.7857142857142856,0.5,0.9107142857142857,0.09292112702050696,0.95,bca,bca,False,,5000,5000,whole_patient_cluster,True,three_class_patient_label,50017
sam2_unet,17,model_specific,patient,calibrated,conditional.per_class.papilledema.average_precision_ovr,0.475,0.29300161405286446,0.7291666666666666,0.1432990554723539,0.95,bca,bca,False,,5000,5000,whole_patient_cluster,True,three_class_patient_label,50017
sam2_unet,17,model_specific,patient,calibrated,conditional.per_class.papilledema.f1,0.3333333333333333,0.0,0.8763054287380024,0.24390261557929,0.95,bca,bca,False,,5000,5000,whole_patient_cluster,True,three_class_patient_label,50017
sam2_unet,17,model_specific,patient,calibrated,conditional.per_class.papilledema.precision,0.5,0.0,1.0,0.3684427611241074,0.95,bca,bca,False,,5000,5000,whole_patient_cluster,True,three_class_patient_label,50017
sam2_unet,17,model_specific,patient,calibrated,conditional.per_class.papilledema.recall,0.25,0.0,0.75,0.2185469058349031,0.95,bca,bca,False,,5000,5000,whole_patient_cluster,True,three_class_patient_label,50017
sam2_unet,17,model_specific,patient,calibrated,conditional.per_class.pseudopapilledema.auroc_ovr,0.6964285714285714,0.28571428571428575,0.9285714285714285,0.15236532604018604,0.95,bca,bca,False,,5000,5000,whole_patient_cluster,True,three_class_patient_label,50017
sam2_unet,17,model_specific,patient,calibrated,conditional.per_class.pseudopapilledema.average_precision_ovr,0.44166666666666665,0.2375,0.7166666666666667,0.15728756237103972,0.95,bca,bca,False,,5000,5000,whole_patient_cluster,True,three_class_patient_label,50017
sam2_unet,17,model_specific,patient,calibrated,conditional.per_class.pseudopapilledema.f1,0.5,0.0,0.8888888888888888,0.21019423874747462,0.95,bca,bca,False,,5000,5000,whole_patient_cluster,True,three_class_patient_label,50017
sam2_unet,17,model_specific,patient,calibrated,conditional.per_class.pseudopapilledema.precision,0.5,0.0,1.0,0.22399204674364598,0.95,bca,bca,False,,5000,5000,whole_patient_cluster,True,three_class_patient_label,50017
sam2_unet,17,model_specific,patient,calibrated,conditional.per_class.pseudopapilledema.recall,0.5,0.0,1.0,0.2513982502247047,0.95,bca,bca,False,,5000,5000,whole_patient_cluster,True,three_class_patient_label,50017
sam2_unet,17,model_specific,patient,calibrated,conditional.top_label_ece,0.19202691805058836,0.07856552978011526,0.27101480058631755,0.06016547267213782,0.95,bca,bca,False,,5000,5000,whole_patient_cluster,True,three_class_patient_label,50017
sam2_unet,17,model_specific,patient,calibrated,conditional_aurc,0.20122327291444936,0.08902929405380385,0.42406967336348417,0.07788326161634213,0.95,bca,bca,False,,5000,5000,whole_patient_cluster,True,three_class_patient_label,50017
sam2_unet,17,model_specific,patient,calibrated,coverage,1.0,1.0,1.0,0.0,0.95,bca,bca,False,,5000,5000,whole_patient_cluster,True,three_class_patient_label,50017
sam2_unet,17,model_specific,patient,calibrated,failure_aware.accuracy,0.7222222222222222,0.6111111111111112,0.8888888888888888,0.07401520177952187,0.95,bca,bca,False,,5000,5000,whole_patient_cluster,True,three_class_patient_label,50017
sam2_unet,17,model_specific,patient,calibrated,failure_aware.balanced_accuracy,0.5833333333333334,0.4166666666666667,0.8333333333333334,0.1110228026692828,0.95,bca,bca,False,,5000,5000,whole_patient_cluster,True,three_class_patient_label,50017
sam2_unet,17,model_specific,patient,calibrated,failure_aware.macro_f1,0.5808080808080808,0.37420163356943875,0.8531746031746031,0.12529667594556307,0.95,bca,bca,False,,5000,5000,whole_patient_cluster,True,three_class_patient_label,50017
sam2_unet,17,model_specific,patient,calibrated,failure_aware.multiclass_mcc,0.5134898976610932,0.18168809366681596,0.7393826796645644,0.1427093226852825,0.95,bca,bca,False,,5000,5000,whole_patient_cluster,True,three_class_patient_label,50017
sam2_unet,17,model_specific,patient,calibrated,failure_aware.per_class.normal.f1,0.9090909090909091,0.8,1.0,0.049805597896979484,0.95,bca,bca,False,,5000,5000,whole_patient_cluster,True,three_class_patient_label,50017
sam2_unet,17,model_specific,patient,calibrated,failure_aware.per_class.normal.precision,0.8333333333333334,0.6666666666666666,1.0,0.08428724894975761,0.95,bca,bca,False,,5000,5000,whole_patient_cluster,True,three_class_patient_label,50017
sam2_unet,17,model_specific,patient,calibrated,failure_aware.per_class.normal.recall,1.0,1.0,1.0,0.0,0.95,bca,bca,False,,5000,5000,whole_patient_cluster,True,three_class_patient_label,50017
sam2_unet,17,model_specific,patient,calibrated,failure_aware.per_class.papilledema.f1,0.3333333333333333,0.0,0.8763054287380024,0.24390261557929,0.95,bca,bca,False,,5000,5000,whole_patient_cluster,True,three_class_patient_label,50017
sam2_unet,17,model_specific,patient,calibrated,failure_aware.per_class.papilledema.precision,0.5,0.0,1.0,0.3684427611241074,0.95,bca,bca,False,,5000,5000,whole_patient_cluster,True,three_class_patient_label,50017
sam2_unet,17,model_specific,patient,calibrated,failure_aware.per_class.papilledema.recall,0.25,0.0,0.75,0.2185469058349031,0.95,bca,bca,False,,5000,5000,whole_patient_cluster,True,three_class_patient_label,50017
sam2_unet,17,model_specific,patient,calibrated,failure_aware.per_class.pseudopapilledema.f1,0.5,0.0,0.8888888888888888,0.21019423874747462,0.95,bca,bca,False,,5000,5000,whole_patient_cluster,True,three_class_patient_label,50017
sam2_unet,17,model_specific,patient,calibrated,failure_aware.per_class.pseudopapilledema.precision,0.5,0.0,1.0,0.22399204674364598,0.95,bca,bca,False,,5000,5000,whole_patient_cluster,True,three_class_patient_label,50017
sam2_unet,17,model_specific,patient,calibrated,failure_aware.per_class.pseudopapilledema.recall,0.5,0.0,1.0,0.2513982502247047,0.95,bca,bca,False,,5000,5000,whole_patient_cluster,True,three_class_patient_label,50017
sam2_unet,17,model_specific,patient,calibrated,failure_aware_aurc,0.20122327291444936,0.08902929405380385,0.42406967336348417,0.07788326161634213,0.95,bca,bca,False,,5000,5000,whole_patient_cluster,True,three_class_patient_label,50017
sam2_unet,17,model_specific,patient,calibrated,localized_diagnostic_success.rate,0.7222222222222222,0.6111111111111112,0.8888888888888888,0.07401520177952187,0.95,bca,bca,False,,5000,5000,whole_patient_cluster,True,three_class_patient_label,50017
sam2_unet,17,model_specific,patient,calibrated,selective_risk,0.2777777777777778,0.1111111111111111,0.3888888888888889,0.07401520177952187,0.95,bca,bca,False,,5000,5000,whole_patient_cluster,True,three_class_patient_label,50017
sam2_unet,17,model_specific,eye,calibrated,class_conditional_coverage.normal,1.0,1.0,1.0,0.0,0.95,bca,bca,False,,5000,5000,whole_patient_cluster,True,three_class_patient_label,50018
sam2_unet,17,model_specific,eye,calibrated,class_conditional_coverage.papilledema,1.0,1.0,1.0,0.0,0.95,bca,bca,False,,5000,5000,whole_patient_cluster,True,three_class_patient_label,50018
sam2_unet,17,model_specific,eye,calibrated,class_conditional_coverage.pseudopapilledema,1.0,1.0,1.0,0.0,0.95,bca,bca,False,,5000,5000,whole_patient_cluster,True,three_class_patient_label,50018
sam2_unet,17,model_specific,eye,calibrated,conditional.accuracy,0.6388888888888888,0.5,0.75,0.06318716640986856,0.95,bca,bca,False,,5000,5000,whole_patient_cluster,True,three_class_patient_label,50018
sam2_unet,17,model_specific,eye,calibrated,conditional.balanced_accuracy,0.5333333333333333,0.375,0.6749999999999999,0.07678118377016169,0.95,bca,bca,False,,5000,5000,whole_patient_cluster,True,three_class_patient_label,50018
sam2_unet,17,model_specific,eye,calibrated,conditional.derived_discrimination.normal_vs_abnormal.auroc,0.88125,0.625,1.0,0.08050717887194896,0.95,bca,bca,False,,5000,5000,whole_patient_cluster,True,three_class_patient_label,50018
sam2_unet,17,model_specific,eye,calibrated,conditional.derived_discrimination.normal_vs_abnormal.average_precision,0.905228621548954,0.7191181868951527,1.0,0.06612298860709818,0.95,bca,bca,False,,5000,5000,whole_patient_cluster,True,three_class_patient_label,50018
sam2_unet,17,model_specific,eye,calibrated,conditional.derived_discrimination.papilledema_vs_pseudopapilledema.auroc,0.453125,0.15625,0.828125,0.1684616984288046,0.95,bca,bca,False,,5000,5000,whole_patient_cluster,True,three_class_patient_label,50018
sam2_unet,17,model_specific,eye,calibrated,conditional.derived_discrimination.papilledema_vs_pseudopapilledema.average_precision,0.5203643578643578,0.3769968274380094,0.7916666666666666,0.12541251198782438,0.95,bca,bca,False,,5000,5000,whole_patient_cluster,True,three_class_patient_label,50018
sam2_unet,17,model_specific,eye,calibrated,conditional.macro_auroc,0.781845238095238,0.5877932618486528,0.8685740265834339,0.06386139419397777,0.95,bca,bca,False,,5000,5000,whole_patient_cluster,True,three_class_patient_label,50018
sam2_unet,17,model_specific,eye,calibrated,conditional.macro_average_precision,0.5814195258672701,0.45040437278138784,0.6563854910679489,0.05825170485935847,0.95,bca,bca,False,,5000,5000,whole_patient_cluster,True,three_class_patient_label,50018
sam2_unet,17,model_specific,eye,calibrated,conditional.macro_classwise_ece,0.14493475707175887,0.09471847102333518,0.15578822415645718,0.027938228748790747,0.95,bca,bca,False,,5000,5000,whole_patient_cluster,True,three_class_patient_label,50018
sam2_unet,17,model_specific,eye,calibrated,conditional.macro_f1,0.5278847525317358,0.36723827421501837,0.6727085228703951,0.07812574453932086,0.95,bca,bca,False,,5000,5000,whole_patient_cluster,True,three_class_patient_label,50018
sam2_unet,17,model_specific,eye,calibrated,conditional.multiclass_brier,0.460204561316494,0.3437307703844548,0.637632729958962,0.07286944883158712,0.95,bca,bca,False,,5000,5000,whole_patient_cluster,True,three_class_patient_label,50018
sam2_unet,17,model_specific,eye,calibrated,conditional.multiclass_mcc,0.3878373722297145,0.1121552448498659,0.5837593998643495,0.11919564623877685,0.95,bca,bca,False,,5000,5000,whole_patient_cluster,True,three_class_patient_label,50018
sam2_unet,17,model_specific,eye,calibrated,conditional.multiclass_nll,0.7638003102890226,0.5404333641454887,1.210141004704911,0.15463213852516883,0.95,bca,bca,False,,5000,5000,whole_patient_cluster,True,three_class_patient_label,50018
sam2_unet,17,model_specific,eye,calibrated,conditional.per_class.normal.auroc_ovr,0.88125,0.625,1.0,0.08050717887194896,0.95,bca,bca,False,,5000,5000,whole_patient_cluster,True,three_class_patient_label,50018
sam2_unet,17,model_specific,eye,calibrated,conditional.per_class.normal.average_precision_ovr,0.8870984997096352,0.6689843295906944,1.0,0.06710157688461836,0.95,bca,bca,False,,5000,5000,whole_patient_cluster,True,three_class_patient_label,50018
sam2_unet,17,model_specific,eye,calibrated,conditional.per_class.normal.f1,0.8292682926829268,0.6938775510204082,0.9473684210526315,0.06514003671763605,0.95,bca,bca,False,,5000,5000,whole_patient_cluster,True,three_class_patient_label,50018
sam2_unet,17,model_specific,eye,calibrated,conditional.per_class.normal.precision,0.8095238095238095,0.5862068965517241,1.0,0.09741814872402649,0.95,bca,bca,False,,5000,5000,whole_patient_cluster,True,three_class_patient_label,50018
sam2_unet,17,model_specific,eye,calibrated,conditional.per_class.normal.recall,0.85,0.7,0.95,0.07319732966313705,0.95,bca,bca,False,,5000,5000,whole_patient_cluster,True,three_class_patient_label,50018
sam2_unet,17,model_specific,eye,calibrated,conditional.per_class.papilledema.auroc_ovr,0.7678571428571428,0.493019395293868,0.9017857142857143,0.09578548765797917,0.95,bca,bca,False,,5000,5000,whole_patient_cluster,True,three_class_patient_label,50018
sam2_unet,17,model_specific,eye,calibrated,conditional.per_class.papilledema.average_precision_ovr,0.4488785043932103,0.2664599706338602,0.6714285714285714,0.11994355493863365,0.95,bca,bca,False,,5000,5000,whole_patient_cluster,True,three_class_patient_label,50018
sam2_unet,17,model_specific,eye,calibrated,conditional.per_class.papilledema.f1,0.3333333333333333,0.0,0.6153846153846154,0.14644776372414914,0.95,bca,bca,False,,5000,5000,whole_patient_cluster,True,three_class_patient_label,50018
sam2_unet,17,model_specific,eye,calibrated,conditional.per_class.papilledema.precision,0.5,0.0,1.0,0.21961813198156885,0.95,bca,bca,False,,5000,5000,whole_patient_cluster,True,three_class_patient_label,50018
sam2_unet,17,model_specific,eye,calibrated,conditional.per_class.papilledema.recall,0.25,0.0,0.5,0.1265204958185528,0.95,bca,bca,False,,5000,5000,whole_patient_cluster,True,three_class_patient_label,50018
sam2_unet,17,model_specific,eye,calibrated,conditional.per_class.pseudopapilledema.auroc_ovr,0.6964285714285714,0.36879573268371,0.875,0.12077986147120184,0.95,bca,bca,False,,5000,5000,whole_patient_cluster,True,three_class_patient_label,50018
sam2_unet,17,model_specific,eye,calibrated,conditional.per_class.pseudopapilledema.average_precision_ovr,0.4082815734989649,0.23227813662817923,0.6546664522213171,0.12592584160450268,0.95,bca,bca,False,,5000,5000,whole_patient_cluster,True,three_class_patient_label,50018
sam2_unet,17,model_specific,eye,calibrated,conditional.per_class.pseudopapilledema.f1,0.42105263157894735,0.2,0.7058823529411765,0.12956234643598447,0.95,bca,bca,False,,5000,5000,whole_patient_cluster,True,three_class_patient_label,50018
sam2_unet,17,model_specific,eye,calibrated,conditional.per_class.pseudopapilledema.precision,0.36363636363636365,0.16666666666666666,0.625,0.11429374404687578,0.95,bca,bca,False,,5000,5000,whole_patient_cluster,True,three_class_patient_label,50018
sam2_unet,17,model_specific,eye,calibrated,conditional.per_class.pseudopapilledema.recall,0.5,0.125,0.875,0.17779859910406684,0.95,bca,bca,False,,5000,5000,whole_patient_cluster,True,three_class_patient_label,50018
sam2_unet,17,model_specific,eye,calibrated,conditional.top_label_ece,0.17201337887752113,0.07176317407064214,0.24585599717663628,0.047843285113548885,0.95,bca,bca,False,,5000,5000,whole_patient_cluster,True,three_class_patient_label,50018
sam2_unet,17,model_specific,eye,calibrated,conditional_aurc,0.2091769448823548,0.11864830089024121,0.3670038445158594,0.06034701696960663,0.95,bca,bca,False,,5000,5000,whole_patient_cluster,True,three_class_patient_label,50018
sam2_unet,17,model_specific,eye,calibrated,coverage,1.0,1.0,1.0,0.0,0.95,bca,bca,False,,5000,5000,whole_patient_cluster,True,three_class_patient_label,50018
sam2_unet,17,model_specific,eye,calibrated,failure_aware.accuracy,0.6388888888888888,0.5,0.75,0.06318716640986856,0.95,bca,bca,False,,5000,5000,whole_patient_cluster,True,three_class_patient_label,50018
sam2_unet,17,model_specific,eye,calibrated,failure_aware.balanced_accuracy,0.5333333333333333,0.375,0.6749999999999999,0.07678118377016169,0.95,bca,bca,False,,5000,5000,whole_patient_cluster,True,three_class_patient_label,50018
sam2_unet,17,model_specific,eye,calibrated,failure_aware.macro_f1,0.5278847525317358,0.36723827421501837,0.6727085228703951,0.07812574453932086,0.95,bca,bca,False,,5000,5000,whole_patient_cluster,True,three_class_patient_label,50018
sam2_unet,17,model_specific,eye,calibrated,failure_aware.multiclass_mcc,0.3878373722297145,0.1121552448498659,0.5837593998643495,0.11919564623877685,0.95,bca,bca,False,,5000,5000,whole_patient_cluster,True,three_class_patient_label,50018
sam2_unet,17,model_specific,eye,calibrated,failure_aware.per_class.normal.f1,0.8292682926829268,0.6938775510204082,0.9473684210526315,0.06514003671763605,0.95,bca,bca,False,,5000,5000,whole_patient_cluster,True,three_class_patient_label,50018
sam2_unet,17,model_specific,eye,calibrated,failure_aware.per_class.normal.precision,0.8095238095238095,0.5862068965517241,1.0,0.09741814872402649,0.95,bca,bca,False,,5000,5000,whole_patient_cluster,True,three_class_patient_label,50018
sam2_unet,17,model_specific,eye,calibrated,failure_aware.per_class.normal.recall,0.85,0.7,0.95,0.07319732966313705,0.95,bca,bca,False,,5000,5000,whole_patient_cluster,True,three_class_patient_label,50018
sam2_unet,17,model_specific,eye,calibrated,failure_aware.per_class.papilledema.f1,0.3333333333333333,0.0,0.6153846153846154,0.14644776372414914,0.95,bca,bca,False,,5000,5000,whole_patient_cluster,True,three_class_patient_label,50018
sam2_unet,17,model_specific,eye,calibrated,failure_aware.per_class.papilledema.precision,0.5,0.0,1.0,0.21961813198156885,0.95,bca,bca,False,,5000,5000,whole_patient_cluster,True,three_class_patient_label,50018
sam2_unet,17,model_specific,eye,calibrated,failure_aware.per_class.papilledema.recall,0.25,0.0,0.5,0.1265204958185528,0.95,bca,bca,False,,5000,5000,whole_patient_cluster,True,three_class_patient_label,50018
sam2_unet,17,model_specific,eye,calibrated,failure_aware.per_class.pseudopapilledema.f1,0.42105263157894735,0.2,0.7058823529411765,0.12956234643598447,0.95,bca,bca,False,,5000,5000,whole_patient_cluster,True,three_class_patient_label,50018
sam2_unet,17,model_specific,eye,calibrated,failure_aware.per_class.pseudopapilledema.precision,0.36363636363636365,0.16666666666666666,0.625,0.11429374404687578,0.95,bca,bca,False,,5000,5000,whole_patient_cluster,True,three_class_patient_label,50018
sam2_unet,17,model_specific,eye,calibrated,failure_aware.per_class.pseudopapilledema.recall,0.5,0.125,0.875,0.17779859910406684,0.95,bca,bca,False,,5000,5000,whole_patient_cluster,True,three_class_patient_label,50018
sam2_unet,17,model_specific,eye,calibrated,failure_aware_aurc,0.2091769448823548,0.11864830089024121,0.3670038445158594,0.06034701696960663,0.95,bca,bca,False,,5000,5000,whole_patient_cluster,True,three_class_patient_label,50018
sam2_unet,17,model_specific,eye,calibrated,localized_diagnostic_success.rate,0.6388888888888888,0.5,0.75,0.06318716640986856,0.95,bca,bca,False,,5000,5000,whole_patient_cluster,True,three_class_patient_label,50018
sam2_unet,17,model_specific,eye,calibrated,selective_risk,0.3611111111111111,0.25,0.5,0.06318716640986857,0.95,bca,bca,False,,5000,5000,whole_patient_cluster,True,three_class_patient_label,50018
sam2_unet,17,standardized_resnet18,patient,calibrated,class_conditional_coverage.normal,1.0,1.0,1.0,0.0,0.95,bca,bca,False,,5000,5000,whole_patient_cluster,True,three_class_patient_label,50017
sam2_unet,17,standardized_resnet18,patient,calibrated,class_conditional_coverage.papilledema,1.0,1.0,1.0,0.0,0.95,bca,bca,False,,5000,5000,whole_patient_cluster,True,three_class_patient_label,50017
sam2_unet,17,standardized_resnet18,patient,calibrated,class_conditional_coverage.pseudopapilledema,1.0,1.0,1.0,0.0,0.95,bca,bca,False,,5000,5000,whole_patient_cluster,True,three_class_patient_label,50017
sam2_unet,17,standardized_resnet18,patient,calibrated,conditional.accuracy,0.7222222222222222,0.6111111111111112,0.8888888888888888,0.07401520177952187,0.95,bca,bca,False,,5000,5000,whole_patient_cluster,True,three_class_patient_label,50017
sam2_unet,17,standardized_resnet18,patient,calibrated,conditional.balanced_accuracy,0.5833333333333334,0.4166666666666667,0.8333333333333334,0.1110228026692828,0.95,bca,bca,False,,5000,5000,whole_patient_cluster,True,three_class_patient_label,50017
sam2_unet,17,standardized_resnet18,patient,calibrated,conditional.derived_discrimination.normal_vs_abnormal.auroc,0.875,0.575,1.0,0.08868616459689856,0.95,bca,bca,False,,5000,5000,whole_patient_cluster,True,three_class_patient_label,50017
sam2_unet,17,standardized_resnet18,patient,calibrated,conditional.derived_discrimination.normal_vs_abnormal.average_precision,0.900974025974026,0.7140585520432322,1.0,0.0657069111411718,0.95,bca,bca,False,,5000,5000,whole_patient_cluster,True,three_class_patient_label,50017
sam2_unet,17,standardized_resnet18,patient,calibrated,conditional.derived_discrimination.papilledema_vs_pseudopapilledema.auroc,0.4375,0.057616126935652545,0.875,0.22304835683971713,0.95,bca,bca,False,,5000,5000,whole_patient_cluster,True,three_class_patient_label,50017
sam2_unet,17,standardized_resnet18,patient,calibrated,conditional.derived_discrimination.papilledema_vs_pseudopapilledema.average_precision,0.625,0.41666666666666663,0.95,0.13983002347644652,0.95,bca,bca,False,,5000,5000,whole_patient_cluster,True,three_class_patient_label,50017
sam2_unet,17,standardized_resnet18,patient,calibrated,conditional.macro_auroc,0.8035714285714285,0.6141215471739694,0.9285714285714285,0.07817412009082614,0.95,bca,bca,False,,5000,5000,whole_patient_cluster,True,three_class_patient_label,50017
sam2_unet,17,standardized_resnet18,patient,calibrated,conditional.macro_average_precision,0.6739129389129389,0.4915382007809581,0.8452380952380952,0.09864257896697212,0.95,bca,bca,False,,5000,5000,whole_patient_cluster,True,three_class_patient_label,50017
sam2_unet,17,standardized_resnet18,patient,calibrated,conditional.macro_classwise_ece,0.20385258214899457,0.1008305893998613,0.264125408369267,0.04163193853486167,0.95,bca,bca,False,,5000,5000,whole_patient_cluster,True,three_class_patient_label,50017
sam2_unet,17,standardized_resnet18,patient,calibrated,conditional.macro_f1,0.5808080808080808,0.37420163356943875,0.8531746031746031,0.12529667594556307,0.95,bca,bca,False,,5000,5000,whole_patient_cluster,True,three_class_patient_label,50017
sam2_unet,17,standardized_resnet18,patient,calibrated,conditional.multiclass_brier,0.4344506463736138,0.318052855566911,0.5847328781752219,0.06759841764560082,0.95,bca,bca,False,,5000,5000,whole_patient_cluster,True,three_class_patient_label,50017
sam2_unet,17,standardized_resnet18,patient,calibrated,conditional.multiclass_mcc,0.5134898976610932,0.18168809366681596,0.7393826796645644,0.1427093226852825,0.95,bca,bca,False,,5000,5000,whole_patient_cluster,True,three_class_patient_label,50017
sam2_unet,17,standardized_resnet18,patient,calibrated,conditional.multiclass_nll,0.666225528981681,0.4956617566320252,0.913378259642429,0.10607674387403666,0.95,bca,bca,False,,5000,5000,whole_patient_cluster,True,three_class_patient_label,50017
sam2_unet,17,standardized_resnet18,patient,calibrated,conditional.per_class.normal.auroc_ovr,0.875,0.575,1.0,0.08868616459689856,0.95,bca,bca,False,,5000,5000,whole_patient_cluster,True,three_class_patient_label,50017
sam2_unet,17,standardized_resnet18,patient,calibrated,conditional.per_class.normal.average_precision_ovr,0.8919769119769119,0.6629166001591053,0.9999999999999999,0.06872220856290982,0.95,bca,bca,False,,5000,5000,whole_patient_cluster,True,three_class_patient_label,50017
sam2_unet,17,standardized_resnet18,patient,calibrated,conditional.per_class.normal.f1,0.9090909090909091,0.8,1.0,0.049805597896979484,0.95,bca,bca,False,,5000,5000,whole_patient_cluster,True,three_class_patient_label,50017
sam2_unet,17,standardized_resnet18,patient,calibrated,conditional.per_class.normal.precision,0.8333333333333334,0.6666666666666666,1.0,0.08428724894975761,0.95,bca,bca,False,,5000,5000,whole_patient_cluster,True,three_class_patient_label,50017
sam2_unet,17,standardized_resnet18,patient,calibrated,conditional.per_class.normal.recall,1.0,1.0,1.0,0.0,0.95,bca,bca,False,,5000,5000,whole_patient_cluster,True,three_class_patient_label,50017
sam2_unet,17,standardized_resnet18,patient,calibrated,conditional.per_class.papilledema.auroc_ovr,0.8571428571428572,0.6964285714285714,1.0,0.07462852284180369,0.95,bca,bca,False,,5000,5000,whole_patient_cluster,True,three_class_patient_label,50017
sam2_unet,17,standardized_resnet18,patient,calibrated,conditional.per_class.papilledema.average_precision_ovr,0.5666666666666667,0.3347971758609586,0.85,0.1578369060478809,0.95,bca,bca,False,,5000,5000,whole_patient_cluster,True,three_class_patient_label,50017
sam2_unet,17,standardized_resnet18,patient,calibrated,conditional.per_class.papilledema.f1,0.3333333333333333,0.0,0.8763054287380024,0.24390261557929,0.95,bca,bca,False,,5000,5000,whole_patient_cluster,True,three_class_patient_label,50017
sam2_unet,17,standardized_resnet18,patient,calibrated,conditional.per_class.papilledema.precision,0.5,0.0,1.0,0.3684427611241074,0.95,bca,bca,False,,5000,5000,whole_patient_cluster,True,three_class_patient_label,50017
sam2_unet,17,standardized_resnet18,patient,calibrated,conditional.per_class.papilledema.recall,0.25,0.0,0.75,0.2185469058349031,0.95,bca,bca,False,,5000,5000,whole_patient_cluster,True,three_class_patient_label,50017
sam2_unet,17,standardized_resnet18,patient,calibrated,conditional.per_class.pseudopapilledema.auroc_ovr,0.6785714285714286,0.32142857142857145,0.9642857142857143,0.16424968445729166,0.95,bca,bca,False,,5000,5000,whole_patient_cluster,True,three_class_patient_label,50017
sam2_unet,17,standardized_resnet18,patient,calibrated,conditional.per_class.pseudopapilledema.average_precision_ovr,0.5630952380952381,0.2589285714285714,1.0,0.18275189851131837,0.95,bca,bca,False,,5000,5000,whole_patient_cluster,True,three_class_patient_label,50017
sam2_unet,17,standardized_resnet18,patient,calibrated,conditional.per_class.pseudopapilledema.f1,0.5,0.0,0.8888888888888888,0.21019423874747462,0.95,bca,bca,False,,5000,5000,whole_patient_cluster,True,three_class_patient_label,50017
sam2_unet,17,standardized_resnet18,patient,calibrated,conditional.per_class.pseudopapilledema.precision,0.5,0.0,1.0,0.22399204674364598,0.95,bca,bca,False,,5000,5000,whole_patient_cluster,True,three_class_patient_label,50017
sam2_unet,17,standardized_resnet18,patient,calibrated,conditional.per_class.pseudopapilledema.recall,0.5,0.0,1.0,0.2513982502247047,0.95,bca,bca,False,,5000,5000,whole_patient_cluster,True,three_class_patient_label,50017
sam2_unet,17,standardized_resnet18,patient,calibrated,conditional.top_label_ece,0.16662700174520162,0.03949279696891812,0.2816428980410275,0.07215109209189327,0.95,bca,bca,False,,5000,5000,whole_patient_cluster,True,three_class_patient_label,50017
sam2_unet,17,standardized_resnet18,patient,calibrated,conditional_aurc,0.21243019870470847,0.08449513086527134,0.41308920007437555,0.08192936181672288,0.95,bca,bca,False,,5000,5000,whole_patient_cluster,True,three_class_patient_label,50017
sam2_unet,17,standardized_resnet18,patient,calibrated,coverage,1.0,1.0,1.0,0.0,0.95,bca,bca,False,,5000,5000,whole_patient_cluster,True,three_class_patient_label,50017
sam2_unet,17,standardized_resnet18,patient,calibrated,failure_aware.accuracy,0.7222222222222222,0.6111111111111112,0.8888888888888888,0.07401520177952187,0.95,bca,bca,False,,5000,5000,whole_patient_cluster,True,three_class_patient_label,50017
sam2_unet,17,standardized_resnet18,patient,calibrated,failure_aware.balanced_accuracy,0.5833333333333334,0.4166666666666667,0.8333333333333334,0.1110228026692828,0.95,bca,bca,False,,5000,5000,whole_patient_cluster,True,three_class_patient_label,50017
sam2_unet,17,standardized_resnet18,patient,calibrated,failure_aware.macro_f1,0.5808080808080808,0.37420163356943875,0.8531746031746031,0.12529667594556307,0.95,bca,bca,False,,5000,5000,whole_patient_cluster,True,three_class_patient_label,50017
sam2_unet,17,standardized_resnet18,patient,calibrated,failure_aware.multiclass_mcc,0.5134898976610932,0.18168809366681596,0.7393826796645644,0.1427093226852825,0.95,bca,bca,False,,5000,5000,whole_patient_cluster,True,three_class_patient_label,50017
sam2_unet,17,standardized_resnet18,patient,calibrated,failure_aware.per_class.normal.f1,0.9090909090909091,0.8,1.0,0.049805597896979484,0.95,bca,bca,False,,5000,5000,whole_patient_cluster,True,three_class_patient_label,50017
sam2_unet,17,standardized_resnet18,patient,calibrated,failure_aware.per_class.normal.precision,0.8333333333333334,0.6666666666666666,1.0,0.08428724894975761,0.95,bca,bca,False,,5000,5000,whole_patient_cluster,True,three_class_patient_label,50017
sam2_unet,17,standardized_resnet18,patient,calibrated,failure_aware.per_class.normal.recall,1.0,1.0,1.0,0.0,0.95,bca,bca,False,,5000,5000,whole_patient_cluster,True,three_class_patient_label,50017
sam2_unet,17,standardized_resnet18,patient,calibrated,failure_aware.per_class.papilledema.f1,0.3333333333333333,0.0,0.8763054287380024,0.24390261557929,0.95,bca,bca,False,,5000,5000,whole_patient_cluster,True,three_class_patient_label,50017
sam2_unet,17,standardized_resnet18,patient,calibrated,failure_aware.per_class.papilledema.precision,0.5,0.0,1.0,0.3684427611241074,0.95,bca,bca,False,,5000,5000,whole_patient_cluster,True,three_class_patient_label,50017
sam2_unet,17,standardized_resnet18,patient,calibrated,failure_aware.per_class.papilledema.recall,0.25,0.0,0.75,0.2185469058349031,0.95,bca,bca,False,,5000,5000,whole_patient_cluster,True,three_class_patient_label,50017
sam2_unet,17,standardized_resnet18,patient,calibrated,failure_aware.per_class.pseudopapilledema.f1,0.5,0.0,0.8888888888888888,0.21019423874747462,0.95,bca,bca,False,,5000,5000,whole_patient_cluster,True,three_class_patient_label,50017
sam2_unet,17,standardized_resnet18,patient,calibrated,failure_aware.per_class.pseudopapilledema.precision,0.5,0.0,1.0,0.22399204674364598,0.95,bca,bca,False,,5000,5000,whole_patient_cluster,True,three_class_patient_label,50017
sam2_unet,17,standardized_resnet18,patient,calibrated,failure_aware.per_class.pseudopapilledema.recall,0.5,0.0,1.0,0.2513982502247047,0.95,bca,bca,False,,5000,5000,whole_patient_cluster,True,three_class_patient_label,50017
sam2_unet,17,standardized_resnet18,patient,calibrated,failure_aware_aurc,0.21243019870470847,0.08449513086527134,0.41308920007437555,0.08192936181672288,0.95,bca,bca,False,,5000,5000,whole_patient_cluster,True,three_class_patient_label,50017
sam2_unet,17,standardized_resnet18,patient,calibrated,localized_diagnostic_success.rate,0.7222222222222222,0.6111111111111112,0.8888888888888888,0.07401520177952187,0.95,bca,bca,False,,5000,5000,whole_patient_cluster,True,three_class_patient_label,50017
sam2_unet,17,standardized_resnet18,patient,calibrated,selective_risk,0.2777777777777778,0.1111111111111111,0.3888888888888889,0.07401520177952187,0.95,bca,bca,False,,5000,5000,whole_patient_cluster,True,three_class_patient_label,50017
sam2_unet,17,standardized_resnet18,eye,calibrated,class_conditional_coverage.normal,1.0,1.0,1.0,0.0,0.95,bca,bca,False,,5000,5000,whole_patient_cluster,True,three_class_patient_label,50018
sam2_unet,17,standardized_resnet18,eye,calibrated,class_conditional_coverage.papilledema,1.0,1.0,1.0,0.0,0.95,bca,bca,False,,5000,5000,whole_patient_cluster,True,three_class_patient_label,50018
sam2_unet,17,standardized_resnet18,eye,calibrated,class_conditional_coverage.pseudopapilledema,1.0,1.0,1.0,0.0,0.95,bca,bca,False,,5000,5000,whole_patient_cluster,True,three_class_patient_label,50018
sam2_unet,17,standardized_resnet18,eye,calibrated,conditional.accuracy,0.6111111111111112,0.4722222222222222,0.7222222222222222,0.06510685497290979,0.95,bca,bca,False,,5000,5000,whole_patient_cluster,True,three_class_patient_label,50018
sam2_unet,17,standardized_resnet18,eye,calibrated,conditional.balanced_accuracy,0.5166666666666667,0.3666666666666667,0.6666666666666666,0.0773823881492942,0.95,bca,bca,False,,5000,5000,whole_patient_cluster,True,three_class_patient_label,50018
sam2_unet,17,standardized_resnet18,eye,calibrated,conditional.derived_discrimination.normal_vs_abnormal.auroc,0.88125,0.6429537699544293,1.0,0.08012897751036993,0.95,bca,bca,False,,5000,5000,whole_patient_cluster,True,three_class_patient_label,50018
sam2_unet,17,standardized_resnet18,eye,calibrated,conditional.derived_discrimination.normal_vs_abnormal.average_precision,0.9116830065359477,0.7334206489876763,1.0,0.06190144538170702,0.95,bca,bca,False,,5000,5000,whole_patient_cluster,True,three_class_patient_label,50018
sam2_unet,17,standardized_resnet18,eye,calibrated,conditional.derived_discrimination.papilledema_vs_pseudopapilledema.auroc,0.4375,0.171875,0.6875,0.13031915111555745,0.95,bca,bca,False,,5000,5000,whole_patient_cluster,True,three_class_patient_label,50018
sam2_unet,17,standardized_resnet18,eye,calibrated,conditional.derived_discrimination.papilledema_vs_pseudopapilledema.average_precision,0.4973748473748474,0.3786075036075036,0.6424221611721612,0.08440702797661546,0.95,bca,bca,False,,5000,5000,whole_patient_cluster,True,three_class_patient_label,50018
sam2_unet,17,standardized_resnet18,eye,calibrated,conditional.macro_auroc,0.781845238095238,0.602303488177987,0.8764880952380952,0.06526980389782398,0.95,bca,bca,False,,5000,5000,whole_patient_cluster,True,three_class_patient_label,50018
sam2_unet,17,standardized_resnet18,eye,calibrated,conditional.macro_average_precision,0.5847814653377313,0.43872387081452335,0.6809737980862608,0.06793817466757522,0.95,bca,bca,False,,5000,5000,whole_patient_cluster,True,three_class_patient_label,50018
sam2_unet,17,standardized_resnet18,eye,calibrated,conditional.macro_classwise_ece,0.13469822136540274,0.09172162593470726,0.15469217288951065,0.02813917582880419,0.95,bca,bca,False,,5000,5000,whole_patient_cluster,True,three_class_patient_label,50018
sam2_unet,17,standardized_resnet18,eye,calibrated,conditional.macro_f1,0.5124183006535947,0.36485257806765403,0.6533875338753387,0.07558357916641492,0.95,bca,bca,False,,5000,5000,whole_patient_cluster,True,three_class_patient_label,50018
sam2_unet,17,standardized_resnet18,eye,calibrated,conditional.multiclass_brier,0.46337525816684505,0.36847705677687115,0.60053796392007,0.05781746395513962,0.95,bca,bca,False,,5000,5000,whole_patient_cluster,True,three_class_patient_label,50018
sam2_unet,17,standardized_resnet18,eye,calibrated,conditional.multiclass_mcc,0.3441984672487617,0.07267523746672638,0.5486211855059939,0.11963946588111171,0.95,bca,bca,False,,5000,5000,whole_patient_cluster,True,three_class_patient_label,50018
sam2_unet,17,standardized_resnet18,eye,calibrated,conditional.multiclass_nll,0.7551350230887273,0.6067162058491076,1.0039182008393592,0.09688945837908391,0.95,bca,bca,False,,5000,5000,whole_patient_cluster,True,three_class_patient_label,50018
sam2_unet,17,standardized_resnet18,eye,calibrated,conditional.per_class.normal.auroc_ovr,0.88125,0.6437499999999999,1.0,0.08012897751036994,0.95,bca,bca,False,,5000,5000,whole_patient_cluster,True,three_class_patient_label,50018
sam2_unet,17,standardized_resnet18,eye,calibrated,conditional.per_class.normal.average_precision_ovr,0.8241726886356042,0.5870120420902443,0.9725206789254777,0.09435533065973914,0.95,bca,bca,False,,5000,5000,whole_patient_cluster,True,three_class_patient_label,50018
sam2_unet,17,standardized_resnet18,eye,calibrated,conditional.per_class.normal.f1,0.8,0.6382978723404256,0.918918918918919,0.06784429775133054,0.95,bca,bca,False,,5000,5000,whole_patient_cluster,True,three_class_patient_label,50018
sam2_unet,17,standardized_resnet18,eye,calibrated,conditional.per_class.normal.precision,0.8,0.5789473684210527,1.0,0.10155310146743382,0.95,bca,bca,False,,5000,5000,whole_patient_cluster,True,three_class_patient_label,50018
sam2_unet,17,standardized_resnet18,eye,calibrated,conditional.per_class.normal.recall,0.8,0.65,0.95,0.07789923721212967,0.95,bca,bca,False,,5000,5000,whole_patient_cluster,True,three_class_patient_label,50018
sam2_unet,17,standardized_resnet18,eye,calibrated,conditional.per_class.papilledema.auroc_ovr,0.8169642857142856,0.6428571428571429,0.9151785714285714,0.06224365076893275,0.95,bca,bca,False,,5000,5000,whole_patient_cluster,True,three_class_patient_label,50018
sam2_unet,17,standardized_resnet18,eye,calibrated,conditional.per_class.papilledema.average_precision_ovr,0.5389705882352941,0.3382470805649045,0.734313725490196,0.10905973754460642,0.95,bca,bca,False,,5000,5000,whole_patient_cluster,True,three_class_patient_label,50018
sam2_unet,17,standardized_resnet18,eye,calibrated,conditional.per_class.papilledema.f1,0.47058823529411764,0.23529411764705882,0.75,0.13941972563448066,0.95,bca,bca,False,,5000,5000,whole_patient_cluster,True,three_class_patient_label,50018
sam2_unet,17,standardized_resnet18,eye,calibrated,conditional.per_class.papilledema.precision,0.4444444444444444,0.2,0.7142857142857143,0.13206770685981042,0.95,bca,bca,False,,5000,5000,whole_patient_cluster,True,three_class_patient_label,50018
sam2_unet,17,standardized_resnet18,eye,calibrated,conditional.per_class.papilledema.recall,0.5,0.125,0.875,0.1781409448000174,0.95,bca,bca,False,,5000,5000,whole_patient_cluster,True,three_class_patient_label,50018
sam2_unet,17,standardized_resnet18,eye,calibrated,conditional.per_class.pseudopapilledema.auroc_ovr,0.6473214285714286,0.3125,0.8616071428571429,0.13728718306936713,0.95,bca,bca,False,,5000,5000,whole_patient_cluster,True,three_class_patient_label,50018
sam2_unet,17,standardized_resnet18,eye,calibrated,conditional.per_class.pseudopapilledema.average_precision_ovr,0.3912011191422956,0.20634920634920634,0.665921134493929,0.13094563222318775,0.95,bca,bca,False,,5000,5000,whole_patient_cluster,True,three_class_patient_label,50018
sam2_unet,17,standardized_resnet18,eye,calibrated,conditional.per_class.pseudopapilledema.f1,0.26666666666666666,0.0,0.5333333333333333,0.12460320887137935,0.95,bca,bca,False,,5000,5000,whole_patient_cluster,True,three_class_patient_label,50018
sam2_unet,17,standardized_resnet18,eye,calibrated,conditional.per_class.pseudopapilledema.precision,0.2857142857142857,0.0,0.6666666666666666,0.14538549722474253,0.95,bca,bca,False,,5000,5000,whole_patient_cluster,True,three_class_patient_label,50018
sam2_unet,17,standardized_resnet18,eye,calibrated,conditional.per_class.pseudopapilledema.recall,0.25,0.0,0.5,0.12660027606992094,0.95,bca,bca,False,,5000,5000,whole_patient_cluster,True,three_class_patient_label,50018
sam2_unet,17,standardized_resnet18,eye,calibrated,conditional.top_label_ece,0.11998489450264721,0.035577756550659916,0.17461191433809511,0.04439493443676751,0.95,bca,bca,False,,5000,5000,whole_patient_cluster,True,three_class_patient_label,50018
sam2_unet,17,standardized_resnet18,eye,calibrated,conditional_aurc,0.31420891726307976,0.16274921969258485,0.5030286013633025,0.08796911261878716,0.95,bca,bca,False,,5000,5000,whole_patient_cluster,True,three_class_patient_label,50018
sam2_unet,17,standardized_resnet18,eye,calibrated,coverage,1.0,1.0,1.0,0.0,0.95,bca,bca,False,,5000,5000,whole_patient_cluster,True,three_class_patient_label,50018
sam2_unet,17,standardized_resnet18,eye,calibrated,failure_aware.accuracy,0.6111111111111112,0.4722222222222222,0.7222222222222222,0.06510685497290979,0.95,bca,bca,False,,5000,5000,whole_patient_cluster,True,three_class_patient_label,50018
sam2_unet,17,standardized_resnet18,eye,calibrated,failure_aware.balanced_accuracy,0.5166666666666667,0.3666666666666667,0.6666666666666666,0.0773823881492942,0.95,bca,bca,False,,5000,5000,whole_patient_cluster,True,three_class_patient_label,50018
sam2_unet,17,standardized_resnet18,eye,calibrated,failure_aware.macro_f1,0.5124183006535947,0.36485257806765403,0.6533875338753387,0.07558357916641492,0.95,bca,bca,False,,5000,5000,whole_patient_cluster,True,three_class_patient_label,50018
sam2_unet,17,standardized_resnet18,eye,calibrated,failure_aware.multiclass_mcc,0.3441984672487617,0.07267523746672638,0.5486211855059939,0.11963946588111171,0.95,bca,bca,False,,5000,5000,whole_patient_cluster,True,three_class_patient_label,50018
sam2_unet,17,standardized_resnet18,eye,calibrated,failure_aware.per_class.normal.f1,0.8,0.6382978723404256,0.918918918918919,0.06784429775133054,0.95,bca,bca,False,,5000,5000,whole_patient_cluster,True,three_class_patient_label,50018
sam2_unet,17,standardized_resnet18,eye,calibrated,failure_aware.per_class.normal.precision,0.8,0.5789473684210527,1.0,0.10155310146743382,0.95,bca,bca,False,,5000,5000,whole_patient_cluster,True,three_class_patient_label,50018
sam2_unet,17,standardized_resnet18,eye,calibrated,failure_aware.per_class.normal.recall,0.8,0.65,0.95,0.07789923721212967,0.95,bca,bca,False,,5000,5000,whole_patient_cluster,True,three_class_patient_label,50018
sam2_unet,17,standardized_resnet18,eye,calibrated,failure_aware.per_class.papilledema.f1,0.47058823529411764,0.23529411764705882,0.75,0.13941972563448066,0.95,bca,bca,False,,5000,5000,whole_patient_cluster,True,three_class_patient_label,50018
sam2_unet,17,standardized_resnet18,eye,calibrated,failure_aware.per_class.papilledema.precision,0.4444444444444444,0.2,0.7142857142857143,0.13206770685981042,0.95,bca,bca,False,,5000,5000,whole_patient_cluster,True,three_class_patient_label,50018
sam2_unet,17,standardized_resnet18,eye,calibrated,failure_aware.per_class.papilledema.recall,0.5,0.125,0.875,0.1781409448000174,0.95,bca,bca,False,,5000,5000,whole_patient_cluster,True,three_class_patient_label,50018
sam2_unet,17,standardized_resnet18,eye,calibrated,failure_aware.per_class.pseudopapilledema.f1,0.26666666666666666,0.0,0.5333333333333333,0.12460320887137935,0.95,bca,bca,False,,5000,5000,whole_patient_cluster,True,three_class_patient_label,50018
sam2_unet,17,standardized_resnet18,eye,calibrated,failure_aware.per_class.pseudopapilledema.precision,0.2857142857142857,0.0,0.6666666666666666,0.14538549722474253,0.95,bca,bca,False,,5000,5000,whole_patient_cluster,True,three_class_patient_label,50018
sam2_unet,17,standardized_resnet18,eye,calibrated,failure_aware.per_class.pseudopapilledema.recall,0.25,0.0,0.5,0.12660027606992094,0.95,bca,bca,False,,5000,5000,whole_patient_cluster,True,three_class_patient_label,50018
sam2_unet,17,standardized_resnet18,eye,calibrated,failure_aware_aurc,0.31420891726307976,0.16274921969258485,0.5030286013633025,0.08796911261878716,0.95,bca,bca,False,,5000,5000,whole_patient_cluster,True,three_class_patient_label,50018
sam2_unet,17,standardized_resnet18,eye,calibrated,localized_diagnostic_success.rate,0.6111111111111112,0.4722222222222222,0.7222222222222222,0.06510685497290979,0.95,bca,bca,False,,5000,5000,whole_patient_cluster,True,three_class_patient_label,50018
sam2_unet,17,standardized_resnet18,eye,calibrated,selective_risk,0.3888888888888889,0.2777777777777778,0.5277777777777778,0.0651068549729098,0.95,bca,bca,False,,5000,5000,whole_patient_cluster,True,three_class_patient_label,50018
sam2_unet,42,model_specific,patient,calibrated,class_conditional_coverage.normal,1.0,1.0,1.0,0.0,0.95,bca,bca,False,,5000,5000,whole_patient_cluster,True,three_class_patient_label,50042
sam2_unet,42,model_specific,patient,calibrated,class_conditional_coverage.papilledema,1.0,1.0,1.0,0.0,0.95,bca,bca,False,,5000,5000,whole_patient_cluster,True,three_class_patient_label,50042
sam2_unet,42,model_specific,patient,calibrated,class_conditional_coverage.pseudopapilledema,1.0,1.0,1.0,0.0,0.95,bca,bca,False,,5000,5000,whole_patient_cluster,True,three_class_patient_label,50042
sam2_unet,42,model_specific,patient,calibrated,conditional.accuracy,0.7222222222222222,0.5555555555555556,0.8333333333333334,0.07409359244377375,0.95,bca,bca,False,,5000,5000,whole_patient_cluster,True,three_class_patient_label,50042
sam2_unet,42,model_specific,patient,calibrated,conditional.balanced_accuracy,0.5833333333333334,0.4166666666666667,0.8333333333333334,0.11114038866566063,0.95,bca,bca,False,,5000,5000,whole_patient_cluster,True,three_class_patient_label,50042
sam2_unet,42,model_specific,patient,calibrated,conditional.derived_discrimination.normal_vs_abnormal.auroc,0.8875,0.675,1.0,0.07263644822485571,0.95,bca,bca,False,,5000,5000,whole_patient_cluster,True,three_class_patient_label,50042
sam2_unet,42,model_specific,patient,calibrated,conditional.derived_discrimination.normal_vs_abnormal.average_precision,0.9064685314685315,0.7792207792207793,1.0,0.053679266650353746,0.95,bca,bca,False,,5000,5000,whole_patient_cluster,True,three_class_patient_label,50042
sam2_unet,42,model_specific,patient,calibrated,conditional.derived_discrimination.papilledema_vs_pseudopapilledema.auroc,0.6875,0.1940376686988916,1.0,0.20334870946118128,0.95,bca,bca,False,,5000,5000,whole_patient_cluster,True,three_class_patient_label,50042
sam2_unet,42,model_specific,patient,calibrated,conditional.derived_discrimination.papilledema_vs_pseudopapilledema.average_precision,0.7928571428571428,0.5357142857142857,1.0,0.12361360377157762,0.95,bca,bca,False,,5000,5000,whole_patient_cluster,True,three_class_patient_label,50042
sam2_unet,42,model_specific,patient,calibrated,conditional.macro_auroc,0.8196428571428571,0.6940476190476189,0.9047619047619048,0.05068788639670698,0.95,bca,bca,False,,5000,5000,whole_patient_cluster,True,three_class_patient_label,50042
sam2_unet,42,model_specific,patient,calibrated,conditional.macro_average_precision,0.6637397787397787,0.5730751318753543,0.753934937781577,0.06109982605234806,0.95,bca,bca,False,,5000,5000,whole_patient_cluster,True,three_class_patient_label,50042
sam2_unet,42,model_specific,patient,calibrated,conditional.macro_classwise_ece,0.10411477229447826,0.047844217545369896,0.201589193026282,0.04196002236332966,0.95,bca,bca,False,,5000,5000,whole_patient_cluster,True,three_class_patient_label,50042
sam2_unet,42,model_specific,patient,calibrated,conditional.macro_f1,0.5845117845117845,0.3639291465378422,0.8531746031746031,0.12899003456664734,0.95,bca,bca,False,,5000,5000,whole_patient_cluster,True,three_class_patient_label,50042
sam2_unet,42,model_specific,patient,calibrated,conditional.multiclass_brier,0.3795198056035037,0.24277390957758507,0.5257936330468943,0.07149185220819373,0.95,bca,bca,False,,5000,5000,whole_patient_cluster,True,three_class_patient_label,50042
sam2_unet,42,model_specific,patient,calibrated,conditional.multiclass_mcc,0.5233973683491399,0.1636634176769943,0.7550119889434047,0.14517257414705553,0.95,bca,bca,False,,5000,5000,whole_patient_cluster,True,three_class_patient_label,50042
sam2_unet,42,model_specific,patient,calibrated,conditional.multiclass_nll,0.6013432256195943,0.38051495417506165,0.8370088087375899,0.11503036597208414,0.95,bca,bca,False,,5000,5000,whole_patient_cluster,True,three_class_patient_label,50042
sam2_unet,42,model_specific,patient,calibrated,conditional.per_class.normal.auroc_ovr,0.8875,0.675,1.0,0.07263644822485571,0.95,bca,bca,False,,5000,5000,whole_patient_cluster,True,three_class_patient_label,50042
sam2_unet,42,model_specific,patient,calibrated,conditional.per_class.normal.average_precision_ovr,0.9086435786435786,0.7468236193446822,0.990909090909091,0.05539188607992614,0.95,bca,bca,False,,5000,5000,whole_patient_cluster,True,three_class_patient_label,50042
sam2_unet,42,model_specific,patient,calibrated,conditional.per_class.normal.f1,0.9090909090909091,0.8333333333333334,1.0,0.04232613838080843,0.95,bca,bca,False,,5000,5000,whole_patient_cluster,True,three_class_patient_label,50042
sam2_unet,42,model_specific,patient,calibrated,conditional.per_class.normal.precision,0.8333333333333334,0.7142857142857143,1.0,0.07237654093833654,0.95,bca,bca,False,,5000,5000,whole_patient_cluster,True,three_class_patient_label,50042
sam2_unet,42,model_specific,patient,calibrated,conditional.per_class.normal.recall,1.0,1.0,1.0,0.0,0.95,bca,bca,False,,5000,5000,whole_patient_cluster,True,three_class_patient_label,50042
sam2_unet,42,model_specific,patient,calibrated,conditional.per_class.papilledema.auroc_ovr,0.9107142857142858,0.75,1.0,0.05809963127462321,0.95,bca,bca,False,,5000,5000,whole_patient_cluster,True,three_class_patient_label,50042
sam2_unet,42,model_specific,patient,calibrated,conditional.per_class.papilledema.average_precision_ovr,0.7333333333333333,0.45247630292021446,1.0,0.13856667644882917,0.95,bca,bca,False,,5000,5000,whole_patient_cluster,True,three_class_patient_label,50042
sam2_unet,42,model_specific,patient,calibrated,conditional.per_class.papilledema.f1,0.4,0.0,0.8571428571428571,0.2715590820099863,0.95,bca,bca,False,,5000,5000,whole_patient_cluster,True,three_class_patient_label,50042
sam2_unet,42,model_specific,patient,calibrated,conditional.per_class.papilledema.precision,1.0,0.0,1.0,0.4664455748475474,0.95,bca,bca,False,,5000,5000,whole_patient_cluster,True,three_class_patient_label,50042
sam2_unet,42,model_specific,patient,calibrated,conditional.per_class.papilledema.recall,0.25,0.0,0.75,0.21396867532142122,0.95,bca,bca,False,,5000,5000,whole_patient_cluster,True,three_class_patient_label,50042
sam2_unet,42,model_specific,patient,calibrated,conditional.per_class.pseudopapilledema.auroc_ovr,0.6607142857142857,0.4107142857142857,0.8392857142857143,0.10691060371718106,0.95,bca,bca,False,,5000,5000,whole_patient_cluster,True,three_class_patient_label,50042
sam2_unet,42,model_specific,patient,calibrated,conditional.per_class.pseudopapilledema.average_precision_ovr,0.3492424242424243,0.2344865251109385,0.5083333333333333,0.10412037918905806,0.95,bca,bca,False,,5000,5000,whole_patient_cluster,True,three_class_patient_label,50042
sam2_unet,42,model_specific,patient,calibrated,conditional.per_class.pseudopapilledema.f1,0.4444444444444444,0.0,0.8,0.18903592074170916,0.95,bca,bca,False,,5000,5000,whole_patient_cluster,True,three_class_patient_label,50042
sam2_unet,42,model_specific,patient,calibrated,conditional.per_class.pseudopapilledema.precision,0.4,0.0,0.6666666666666666,0.16351346430303362,0.95,bca,bca,False,,5000,5000,whole_patient_cluster,True,three_class_patient_label,50042
sam2_unet,42,model_specific,patient,calibrated,conditional.per_class.pseudopapilledema.recall,0.5,0.0,1.0,0.25405862838591303,0.95,bca,bca,False,,5000,5000,whole_patient_cluster,True,three_class_patient_label,50042
sam2_unet,42,model_specific,patient,calibrated,conditional.top_label_ece,0.09995823234390729,0.019142842963947908,0.22421809721153185,0.06407454163339768,0.95,bca,bca,False,,5000,5000,whole_patient_cluster,True,three_class_patient_label,50042
sam2_unet,42,model_specific,patient,calibrated,conditional_aurc,0.16654313823431469,0.07962599764070352,0.3160836659281058,0.055471554853130496,0.95,bca,bca,False,,5000,5000,whole_patient_cluster,True,three_class_patient_label,50042
sam2_unet,42,model_specific,patient,calibrated,coverage,1.0,1.0,1.0,0.0,0.95,bca,bca,False,,5000,5000,whole_patient_cluster,True,three_class_patient_label,50042
sam2_unet,42,model_specific,patient,calibrated,failure_aware.accuracy,0.7222222222222222,0.5555555555555556,0.8333333333333334,0.07409359244377375,0.95,bca,bca,False,,5000,5000,whole_patient_cluster,True,three_class_patient_label,50042
sam2_unet,42,model_specific,patient,calibrated,failure_aware.balanced_accuracy,0.5833333333333334,0.4166666666666667,0.8333333333333334,0.11114038866566063,0.95,bca,bca,False,,5000,5000,whole_patient_cluster,True,three_class_patient_label,50042
sam2_unet,42,model_specific,patient,calibrated,failure_aware.macro_f1,0.5845117845117845,0.3639291465378422,0.8531746031746031,0.12899003456664734,0.95,bca,bca,False,,5000,5000,whole_patient_cluster,True,three_class_patient_label,50042
sam2_unet,42,model_specific,patient,calibrated,failure_aware.multiclass_mcc,0.5233973683491399,0.1636634176769943,0.7550119889434047,0.14517257414705553,0.95,bca,bca,False,,5000,5000,whole_patient_cluster,True,three_class_patient_label,50042
sam2_unet,42,model_specific,patient,calibrated,failure_aware.per_class.normal.f1,0.9090909090909091,0.8333333333333334,1.0,0.04232613838080843,0.95,bca,bca,False,,5000,5000,whole_patient_cluster,True,three_class_patient_label,50042
sam2_unet,42,model_specific,patient,calibrated,failure_aware.per_class.normal.precision,0.8333333333333334,0.7142857142857143,1.0,0.07237654093833654,0.95,bca,bca,False,,5000,5000,whole_patient_cluster,True,three_class_patient_label,50042
sam2_unet,42,model_specific,patient,calibrated,failure_aware.per_class.normal.recall,1.0,1.0,1.0,0.0,0.95,bca,bca,False,,5000,5000,whole_patient_cluster,True,three_class_patient_label,50042
sam2_unet,42,model_specific,patient,calibrated,failure_aware.per_class.papilledema.f1,0.4,0.0,0.8571428571428571,0.2715590820099863,0.95,bca,bca,False,,5000,5000,whole_patient_cluster,True,three_class_patient_label,50042
sam2_unet,42,model_specific,patient,calibrated,failure_aware.per_class.papilledema.precision,1.0,0.0,1.0,0.4664455748475474,0.95,bca,bca,False,,5000,5000,whole_patient_cluster,True,three_class_patient_label,50042
sam2_unet,42,model_specific,patient,calibrated,failure_aware.per_class.papilledema.recall,0.25,0.0,0.75,0.21396867532142122,0.95,bca,bca,False,,5000,5000,whole_patient_cluster,True,three_class_patient_label,50042
sam2_unet,42,model_specific,patient,calibrated,failure_aware.per_class.pseudopapilledema.f1,0.4444444444444444,0.0,0.8,0.18903592074170916,0.95,bca,bca,False,,5000,5000,whole_patient_cluster,True,three_class_patient_label,50042
sam2_unet,42,model_specific,patient,calibrated,failure_aware.per_class.pseudopapilledema.precision,0.4,0.0,0.6666666666666666,0.16351346430303362,0.95,bca,bca,False,,5000,5000,whole_patient_cluster,True,three_class_patient_label,50042
sam2_unet,42,model_specific,patient,calibrated,failure_aware.per_class.pseudopapilledema.recall,0.5,0.0,1.0,0.25405862838591303,0.95,bca,bca,False,,5000,5000,whole_patient_cluster,True,three_class_patient_label,50042
sam2_unet,42,model_specific,patient,calibrated,failure_aware_aurc,0.16654313823431469,0.07962599764070352,0.3160836659281058,0.055471554853130496,0.95,bca,bca,False,,5000,5000,whole_patient_cluster,True,three_class_patient_label,50042
sam2_unet,42,model_specific,patient,calibrated,localized_diagnostic_success.rate,0.7222222222222222,0.5555555555555556,0.8333333333333334,0.07409359244377375,0.95,bca,bca,False,,5000,5000,whole_patient_cluster,True,three_class_patient_label,50042
sam2_unet,42,model_specific,patient,calibrated,selective_risk,0.2777777777777778,0.16666666666666666,0.4444444444444444,0.07409359244377375,0.95,bca,bca,False,,5000,5000,whole_patient_cluster,True,three_class_patient_label,50042
sam2_unet,42,model_specific,eye,calibrated,class_conditional_coverage.normal,1.0,1.0,1.0,0.0,0.95,bca,bca,False,,5000,5000,whole_patient_cluster,True,three_class_patient_label,50043
sam2_unet,42,model_specific,eye,calibrated,class_conditional_coverage.papilledema,1.0,1.0,1.0,0.0,0.95,bca,bca,False,,5000,5000,whole_patient_cluster,True,three_class_patient_label,50043
sam2_unet,42,model_specific,eye,calibrated,class_conditional_coverage.pseudopapilledema,1.0,1.0,1.0,0.0,0.95,bca,bca,False,,5000,5000,whole_patient_cluster,True,three_class_patient_label,50043
sam2_unet,42,model_specific,eye,calibrated,conditional.accuracy,0.7222222222222222,0.5833333333333334,0.8333333333333334,0.062128781949206256,0.95,bca,bca,False,,5000,5000,whole_patient_cluster,True,three_class_patient_label,50043
sam2_unet,42,model_specific,eye,calibrated,conditional.balanced_accuracy,0.5833333333333334,0.4166666666666667,0.75,0.09319317292380937,0.95,bca,bca,False,,5000,5000,whole_patient_cluster,True,three_class_patient_label,50043
sam2_unet,42,model_specific,eye,calibrated,conditional.derived_discrimination.normal_vs_abnormal.auroc,0.8843749999999999,0.6937500000000001,1.0,0.06686740810918985,0.95,bca,bca,False,,5000,5000,whole_patient_cluster,True,three_class_patient_label,50043
sam2_unet,42,model_specific,eye,calibrated,conditional.derived_discrimination.normal_vs_abnormal.average_precision,0.9032055152979066,0.777965003391315,1.0,0.05357394178768092,0.95,bca,bca,False,,5000,5000,whole_patient_cluster,True,three_class_patient_label,50043
sam2_unet,42,model_specific,eye,calibrated,conditional.derived_discrimination.papilledema_vs_pseudopapilledema.auroc,0.765625,0.40625,1.0,0.1477338730520167,0.95,bca,bca,False,,5000,5000,whole_patient_cluster,True,three_class_patient_label,50043
sam2_unet,42,model_specific,eye,calibrated,conditional.derived_discrimination.papilledema_vs_pseudopapilledema.average_precision,0.8160037878787878,0.540719696969697,1.0,0.11745372234103052,0.95,bca,bca,False,,5000,5000,whole_patient_cluster,True,three_class_patient_label,50043
sam2_unet,42,model_specific,eye,calibrated,conditional.macro_auroc,0.8230654761904762,0.6927602239879015,0.9107142857142857,0.05322219923879091,0.95,bca,bca,False,,5000,5000,whole_patient_cluster,True,three_class_patient_label,50043
sam2_unet,42,model_specific,eye,calibrated,conditional.macro_average_precision,0.6837090380168184,0.5957981770306072,0.7686025076400594,0.05069263663991928,0.95,bca,bca,False,,5000,5000,whole_patient_cluster,True,three_class_patient_label,50043
sam2_unet,42,model_specific,eye,calibrated,conditional.macro_classwise_ece,0.09479528765359274,0.04171697478878391,0.14727861042551646,0.03677983009703255,0.95,bca,bca,False,,5000,5000,whole_patient_cluster,True,three_class_patient_label,50043
sam2_unet,42,model_specific,eye,calibrated,conditional.macro_f1,0.5845117845117845,0.41111111111111115,0.7691197691197691,0.09642678079961674,0.95,bca,bca,False,,5000,5000,whole_patient_cluster,True,three_class_patient_label,50043
sam2_unet,42,model_specific,eye,calibrated,conditional.multiclass_brier,0.3804666059302454,0.24591154146178562,0.5253747087529395,0.06988813166349292,0.95,bca,bca,False,,5000,5000,whole_patient_cluster,True,three_class_patient_label,50043
sam2_unet,42,model_specific,eye,calibrated,conditional.multiclass_mcc,0.5233973683491399,0.22160131510697959,0.7550119889434047,0.1268179380017032,0.95,bca,bca,False,,5000,5000,whole_patient_cluster,True,three_class_patient_label,50043
sam2_unet,42,model_specific,eye,calibrated,conditional.multiclass_nll,0.6032532473460165,0.3865504367401771,0.8357479954482727,0.11167795990386203,0.95,bca,bca,False,,5000,5000,whole_patient_cluster,True,three_class_patient_label,50043
sam2_unet,42,model_specific,eye,calibrated,conditional.per_class.normal.auroc_ovr,0.884375,0.6996924277350215,1.0,0.06686740810918985,0.95,bca,bca,False,,5000,5000,whole_patient_cluster,True,three_class_patient_label,50043
sam2_unet,42,model_specific,eye,calibrated,conditional.per_class.normal.average_precision_ovr,0.9011061067396882,0.7474613145982684,0.9797277284119389,0.05345840435505634,0.95,bca,bca,False,,5000,5000,whole_patient_cluster,True,three_class_patient_label,50043
sam2_unet,42,model_specific,eye,calibrated,conditional.per_class.normal.f1,0.9090909090909091,0.8333333333333334,1.0,0.04182723868356236,0.95,bca,bca,False,,5000,5000,whole_patient_cluster,True,three_class_patient_label,50043
sam2_unet,42,model_specific,eye,calibrated,conditional.per_class.normal.precision,0.8333333333333334,0.7142857142857143,1.0,0.07156925023591082,0.95,bca,bca,False,,5000,5000,whole_patient_cluster,True,three_class_patient_label,50043
sam2_unet,42,model_specific,eye,calibrated,conditional.per_class.normal.recall,1.0,1.0,1.0,0.0,0.95,bca,bca,False,,5000,5000,whole_patient_cluster,True,three_class_patient_label,50043
sam2_unet,42,model_specific,eye,calibrated,conditional.per_class.papilledema.auroc_ovr,0.9330357142857143,0.8125,1.0,0.04220967801486191,0.95,bca,bca,False,,5000,5000,whole_patient_cluster,True,three_class_patient_label,50043
sam2_unet,42,model_specific,eye,calibrated,conditional.per_class.papilledema.average_precision_ovr,0.8160037878787878,0.5821428571428572,1.0,0.09727537783557648,0.95,bca,bca,False,,5000,5000,whole_patient_cluster,True,three_class_patient_label,50043
sam2_unet,42,model_specific,eye,calibrated,conditional.per_class.papilledema.f1,0.4,0.0,0.6666666666666666,0.16384298564818553,0.95,bca,bca,False,,5000,5000,whole_patient_cluster,True,three_class_patient_label,50043
sam2_unet,42,model_specific,eye,calibrated,conditional.per_class.papilledema.precision,1.0,0.0,1.0,0.2386190013506073,0.95,bca,bca,False,,5000,5000,whole_patient_cluster,True,three_class_patient_label,50043
sam2_unet,42,model_specific,eye,calibrated,conditional.per_class.papilledema.recall,0.25,0.0,0.5,0.12373276176610158,0.95,bca,bca,False,,5000,5000,whole_patient_cluster,True,three_class_patient_label,50043
sam2_unet,42,model_specific,eye,calibrated,conditional.per_class.pseudopapilledema.auroc_ovr,0.6517857142857143,0.40178571428571425,0.8660714285714286,0.11872074725698288,0.95,bca,bca,False,,5000,5000,whole_patient_cluster,True,three_class_patient_label,50043
sam2_unet,42,model_specific,eye,calibrated,conditional.per_class.pseudopapilledema.average_precision_ovr,0.33401721943197915,0.21752769545998943,0.5653843959078518,0.10549798022050721,0.95,bca,bca,False,,5000,5000,whole_patient_cluster,True,three_class_patient_label,50043
sam2_unet,42,model_specific,eye,calibrated,conditional.per_class.pseudopapilledema.f1,0.4444444444444444,0.0,0.7619047619047619,0.18161080513684788,0.95,bca,bca,False,,5000,5000,whole_patient_cluster,True,three_class_patient_label,50043
sam2_unet,42,model_specific,eye,calibrated,conditional.per_class.pseudopapilledema.precision,0.4,0.0,0.6153846153846154,0.14320369334611224,0.95,bca,bca,False,,5000,5000,whole_patient_cluster,True,three_class_patient_label,50043
sam2_unet,42,model_specific,eye,calibrated,conditional.per_class.pseudopapilledema.recall,0.5,0.0,1.0,0.25084183128988863,0.95,bca,bca,False,,5000,5000,whole_patient_cluster,True,three_class_patient_label,50043
sam2_unet,42,model_specific,eye,calibrated,conditional.top_label_ece,0.10407813857669315,0.01992974992523144,0.17588142526437445,0.04913114162246252,0.95,bca,bca,False,,5000,5000,whole_patient_cluster,True,three_class_patient_label,50043
sam2_unet,42,model_specific,eye,calibrated,conditional_aurc,0.15826069723853675,0.06502538570245457,0.2843598451024128,0.05240496326684955,0.95,bca,bca,False,,5000,5000,whole_patient_cluster,True,three_class_patient_label,50043
sam2_unet,42,model_specific,eye,calibrated,coverage,1.0,1.0,1.0,0.0,0.95,bca,bca,False,,5000,5000,whole_patient_cluster,True,three_class_patient_label,50043
sam2_unet,42,model_specific,eye,calibrated,failure_aware.accuracy,0.7222222222222222,0.5833333333333334,0.8333333333333334,0.062128781949206256,0.95,bca,bca,False,,5000,5000,whole_patient_cluster,True,three_class_patient_label,50043
sam2_unet,42,model_specific,eye,calibrated,failure_aware.balanced_accuracy,0.5833333333333334,0.4166666666666667,0.75,0.09319317292380937,0.95,bca,bca,False,,5000,5000,whole_patient_cluster,True,three_class_patient_label,50043
sam2_unet,42,model_specific,eye,calibrated,failure_aware.macro_f1,0.5845117845117845,0.41111111111111115,0.7691197691197691,0.09642678079961674,0.95,bca,bca,False,,5000,5000,whole_patient_cluster,True,three_class_patient_label,50043
sam2_unet,42,model_specific,eye,calibrated,failure_aware.multiclass_mcc,0.5233973683491399,0.22160131510697959,0.7550119889434047,0.1268179380017032,0.95,bca,bca,False,,5000,5000,whole_patient_cluster,True,three_class_patient_label,50043
sam2_unet,42,model_specific,eye,calibrated,failure_aware.per_class.normal.f1,0.9090909090909091,0.8333333333333334,1.0,0.04182723868356236,0.95,bca,bca,False,,5000,5000,whole_patient_cluster,True,three_class_patient_label,50043
sam2_unet,42,model_specific,eye,calibrated,failure_aware.per_class.normal.precision,0.8333333333333334,0.7142857142857143,1.0,0.07156925023591082,0.95,bca,bca,False,,5000,5000,whole_patient_cluster,True,three_class_patient_label,50043
sam2_unet,42,model_specific,eye,calibrated,failure_aware.per_class.normal.recall,1.0,1.0,1.0,0.0,0.95,bca,bca,False,,5000,5000,whole_patient_cluster,True,three_class_patient_label,50043
sam2_unet,42,model_specific,eye,calibrated,failure_aware.per_class.papilledema.f1,0.4,0.0,0.6666666666666666,0.16384298564818553,0.95,bca,bca,False,,5000,5000,whole_patient_cluster,True,three_class_patient_label,50043
sam2_unet,42,model_specific,eye,calibrated,failure_aware.per_class.papilledema.precision,1.0,0.0,1.0,0.2386190013506073,0.95,bca,bca,False,,5000,5000,whole_patient_cluster,True,three_class_patient_label,50043
sam2_unet,42,model_specific,eye,calibrated,failure_aware.per_class.papilledema.recall,0.25,0.0,0.5,0.12373276176610158,0.95,bca,bca,False,,5000,5000,whole_patient_cluster,True,three_class_patient_label,50043
sam2_unet,42,model_specific,eye,calibrated,failure_aware.per_class.pseudopapilledema.f1,0.4444444444444444,0.0,0.7619047619047619,0.18161080513684788,0.95,bca,bca,False,,5000,5000,whole_patient_cluster,True,three_class_patient_label,50043
sam2_unet,42,model_specific,eye,calibrated,failure_aware.per_class.pseudopapilledema.precision,0.4,0.0,0.6153846153846154,0.14320369334611224,0.95,bca,bca,False,,5000,5000,whole_patient_cluster,True,three_class_patient_label,50043
sam2_unet,42,model_specific,eye,calibrated,failure_aware.per_class.pseudopapilledema.recall,0.5,0.0,1.0,0.25084183128988863,0.95,bca,bca,False,,5000,5000,whole_patient_cluster,True,three_class_patient_label,50043
sam2_unet,42,model_specific,eye,calibrated,failure_aware_aurc,0.15826069723853675,0.06502538570245457,0.2843598451024128,0.05240496326684955,0.95,bca,bca,False,,5000,5000,whole_patient_cluster,True,three_class_patient_label,50043
sam2_unet,42,model_specific,eye,calibrated,localized_diagnostic_success.rate,0.7222222222222222,0.5833333333333334,0.8333333333333334,0.062128781949206256,0.95,bca,bca,False,,5000,5000,whole_patient_cluster,True,three_class_patient_label,50043
sam2_unet,42,model_specific,eye,calibrated,selective_risk,0.2777777777777778,0.16666666666666666,0.4166666666666667,0.06212878194920624,0.95,bca,bca,False,,5000,5000,whole_patient_cluster,True,three_class_patient_label,50043
sam2_unet,42,standardized_resnet18,patient,calibrated,class_conditional_coverage.normal,1.0,1.0,1.0,0.0,0.95,bca,bca,False,,5000,5000,whole_patient_cluster,True,three_class_patient_label,50042
sam2_unet,42,standardized_resnet18,patient,calibrated,class_conditional_coverage.papilledema,1.0,1.0,1.0,0.0,0.95,bca,bca,False,,5000,5000,whole_patient_cluster,True,three_class_patient_label,50042
sam2_unet,42,standardized_resnet18,patient,calibrated,class_conditional_coverage.pseudopapilledema,1.0,1.0,1.0,0.0,0.95,bca,bca,False,,5000,5000,whole_patient_cluster,True,three_class_patient_label,50042
sam2_unet,42,standardized_resnet18,patient,calibrated,conditional.accuracy,0.7222222222222222,0.6111111111111112,0.7777777777777778,0.047693529040324145,0.95,bca,bca,False,,5000,5000,whole_patient_cluster,True,three_class_patient_label,50042
sam2_unet,42,standardized_resnet18,patient,calibrated,conditional.balanced_accuracy,0.5833333333333334,0.4166666666666667,0.6666666666666666,0.07154029356048619,0.95,bca,bca,False,,5000,5000,whole_patient_cluster,True,three_class_patient_label,50042
sam2_unet,42,standardized_resnet18,patient,calibrated,conditional.derived_discrimination.normal_vs_abnormal.auroc,0.875,0.5,1.0,0.10716830867507826,0.95,bca,bca,False,,5000,5000,whole_patient_cluster,True,three_class_patient_label,50042
sam2_unet,42,standardized_resnet18,patient,calibrated,conditional.derived_discrimination.normal_vs_abnormal.average_precision,0.9305555555555556,0.7916666666666666,1.0,0.05953794926393236,0.95,bca,bca,False,,5000,5000,whole_patient_cluster,True,three_class_patient_label,50042
sam2_unet,42,standardized_resnet18,patient,calibrated,conditional.derived_discrimination.papilledema_vs_pseudopapilledema.auroc,0.6875,0.1875,1.0,0.2024412853021808,0.95,bca,bca,False,,5000,5000,whole_patient_cluster,True,three_class_patient_label,50042
sam2_unet,42,standardized_resnet18,patient,calibrated,conditional.derived_discrimination.papilledema_vs_pseudopapilledema.average_precision,0.7470238095238095,0.45,1.0,0.13920788801531217,0.95,bca,bca,False,,5000,5000,whole_patient_cluster,True,three_class_patient_label,50042
sam2_unet,42,standardized_resnet18,patient,calibrated,conditional.macro_auroc,0.8214285714285715,0.5952380952380952,0.9404761904761906,0.0842064437068548,0.95,bca,bca,False,,5000,5000,whole_patient_cluster,True,three_class_patient_label,50042
sam2_unet,42,standardized_resnet18,patient,calibrated,conditional.macro_average_precision,0.6604485329485329,0.5102153419758576,0.8007936507936507,0.09227225082294935,0.95,bca,bca,False,,5000,5000,whole_patient_cluster,True,three_class_patient_label,50042
sam2_unet,42,standardized_resnet18,patient,calibrated,conditional.macro_classwise_ece,0.1726657963528669,0.09421116476407652,0.22221688200314596,0.03565876091590077,0.95,bca,bca,False,,5000,5000,whole_patient_cluster,True,three_class_patient_label,50042
sam2_unet,42,standardized_resnet18,patient,calibrated,conditional.macro_f1,0.5174603174603174,0.40079365079365076,0.5696969696969697,0.04364638160284269,0.95,bca,bca,False,,5000,5000,whole_patient_cluster,True,three_class_patient_label,50042
sam2_unet,42,standardized_resnet18,patient,calibrated,conditional.multiclass_brier,0.35756744846295363,0.2582763898338678,0.5160433942406609,0.06377181098182459,0.95,bca,bca,False,,5000,5000,whole_patient_cluster,True,three_class_patient_label,50042
sam2_unet,42,standardized_resnet18,patient,calibrated,conditional.multiclass_mcc,0.537732857937865,0.3061862178478973,0.6846531968814576,0.1012033469662008,0.95,bca,bca,False,,5000,5000,whole_patient_cluster,True,three_class_patient_label,50042
sam2_unet,42,standardized_resnet18,patient,calibrated,conditional.multiclass_nll,0.6144247982172948,0.4480809250521094,0.9408556866248247,0.11790612002054435,0.95,bca,bca,False,,5000,5000,whole_patient_cluster,True,three_class_patient_label,50042
sam2_unet,42,standardized_resnet18,patient,calibrated,conditional.per_class.normal.auroc_ovr,0.875,0.5059081800251264,1.0,0.10716830867507827,0.95,bca,bca,False,,5000,5000,whole_patient_cluster,True,three_class_patient_label,50042
sam2_unet,42,standardized_resnet18,patient,calibrated,conditional.per_class.normal.average_precision_ovr,0.7980122655122655,0.5486082281618515,0.8459090909090909,0.12148251410394745,0.95,bca,bca,False,,5000,5000,whole_patient_cluster,True,three_class_patient_label,50042
sam2_unet,42,standardized_resnet18,patient,calibrated,conditional.per_class.normal.f1,0.9523809523809523,0.8333333333333334,1.0,0.03825250104926788,0.95,bca,bca,False,,5000,5000,whole_patient_cluster,True,three_class_patient_label,50042
sam2_unet,42,standardized_resnet18,patient,calibrated,conditional.per_class.normal.precision,0.9090909090909091,0.7142857142857143,1.0,0.06925547441844357,0.95,bca,bca,False,,5000,5000,whole_patient_cluster,True,three_class_patient_label,50042
sam2_unet,42,standardized_resnet18,patient,calibrated,conditional.per_class.normal.recall,1.0,1.0,1.0,0.0,0.95,bca,bca,False,,5000,5000,whole_patient_cluster,True,three_class_patient_label,50042
sam2_unet,42,standardized_resnet18,patient,calibrated,conditional.per_class.papilledema.auroc_ovr,0.9285714285714286,0.7857142857142857,1.0,0.05403849099246355,0.95,bca,bca,False,,5000,5000,whole_patient_cluster,True,three_class_patient_label,50042
sam2_unet,42,standardized_resnet18,patient,calibrated,conditional.per_class.papilledema.average_precision_ovr,0.7708333333333333,0.45535714285714285,1.0,0.13868264724409593,0.95,bca,bca,False,,5000,5000,whole_patient_cluster,True,three_class_patient_label,50042
sam2_unet,42,standardized_resnet18,patient,calibrated,conditional.per_class.papilledema.f1,0.6,0.25,0.8,0.1407133507059999,0.95,bca,bca,False,,5000,5000,whole_patient_cluster,True,three_class_patient_label,50042
sam2_unet,42,standardized_resnet18,patient,calibrated,conditional.per_class.papilledema.precision,0.5,0.25,0.75,0.11720988496095497,0.95,bca,bca,False,,5000,5000,whole_patient_cluster,True,three_class_patient_label,50042
sam2_unet,42,standardized_resnet18,patient,calibrated,conditional.per_class.papilledema.recall,0.75,0.25,1.0,0.21462088068145863,0.95,bca,bca,False,,5000,5000,whole_patient_cluster,True,three_class_patient_label,50042
sam2_unet,42,standardized_resnet18,patient,calibrated,conditional.per_class.pseudopapilledema.auroc_ovr,0.6607142857142857,0.2321428571428571,0.8928571428571428,0.1602411945641069,0.95,bca,bca,False,,5000,5000,whole_patient_cluster,True,three_class_patient_label,50042
sam2_unet,42,standardized_resnet18,patient,calibrated,conditional.per_class.pseudopapilledema.average_precision_ovr,0.4125,0.2264705882352941,0.6838235294117647,0.1484334885369735,0.95,bca,bca,False,,5000,5000,whole_patient_cluster,True,three_class_patient_label,50042
sam2_unet,42,standardized_resnet18,patient,calibrated,conditional.per_class.pseudopapilledema.f1,0.0,0.0,0.0,0.0,0.95,bca,bca,False,,5000,5000,whole_patient_cluster,True,three_class_patient_label,50042
sam2_unet,42,standardized_resnet18,patient,calibrated,conditional.per_class.pseudopapilledema.precision,0.0,0.0,0.0,0.0,0.95,bca,bca,False,,5000,5000,whole_patient_cluster,True,three_class_patient_label,50042
sam2_unet,42,standardized_resnet18,patient,calibrated,conditional.per_class.pseudopapilledema.recall,0.0,0.0,0.0,0.0,0.95,bca,bca,False,,5000,5000,whole_patient_cluster,True,three_class_patient_label,50042
sam2_unet,42,standardized_resnet18,patient,calibrated,conditional.top_label_ece,0.1563295390315174,0.05906663692090869,0.20802067435750773,0.05735317418297108,0.95,bca,bca,False,,5000,5000,whole_patient_cluster,True,three_class_patient_label,50042
sam2_unet,42,standardized_resnet18,patient,calibrated,conditional_aurc,0.2581198258894337,0.06980551674179125,0.5390363630559709,0.11948121703554261,0.95,bca,bca,False,,5000,5000,whole_patient_cluster,True,three_class_patient_label,50042
sam2_unet,42,standardized_resnet18,patient,calibrated,coverage,1.0,1.0,1.0,0.0,0.95,bca,bca,False,,5000,5000,whole_patient_cluster,True,three_class_patient_label,50042
sam2_unet,42,standardized_resnet18,patient,calibrated,failure_aware.accuracy,0.7222222222222222,0.6111111111111112,0.7777777777777778,0.047693529040324145,0.95,bca,bca,False,,5000,5000,whole_patient_cluster,True,three_class_patient_label,50042
sam2_unet,42,standardized_resnet18,patient,calibrated,failure_aware.balanced_accuracy,0.5833333333333334,0.4166666666666667,0.6666666666666666,0.07154029356048619,0.95,bca,bca,False,,5000,5000,whole_patient_cluster,True,three_class_patient_label,50042
sam2_unet,42,standardized_resnet18,patient,calibrated,failure_aware.macro_f1,0.5174603174603174,0.40079365079365076,0.5696969696969697,0.04364638160284269,0.95,bca,bca,False,,5000,5000,whole_patient_cluster,True,three_class_patient_label,50042
sam2_unet,42,standardized_resnet18,patient,calibrated,failure_aware.multiclass_mcc,0.537732857937865,0.3061862178478973,0.6846531968814576,0.1012033469662008,0.95,bca,bca,False,,5000,5000,whole_patient_cluster,True,three_class_patient_label,50042
sam2_unet,42,standardized_resnet18,patient,calibrated,failure_aware.per_class.normal.f1,0.9523809523809523,0.8333333333333334,1.0,0.03825250104926788,0.95,bca,bca,False,,5000,5000,whole_patient_cluster,True,three_class_patient_label,50042
sam2_unet,42,standardized_resnet18,patient,calibrated,failure_aware.per_class.normal.precision,0.9090909090909091,0.7142857142857143,1.0,0.06925547441844357,0.95,bca,bca,False,,5000,5000,whole_patient_cluster,True,three_class_patient_label,50042
sam2_unet,42,standardized_resnet18,patient,calibrated,failure_aware.per_class.normal.recall,1.0,1.0,1.0,0.0,0.95,bca,bca,False,,5000,5000,whole_patient_cluster,True,three_class_patient_label,50042
sam2_unet,42,standardized_resnet18,patient,calibrated,failure_aware.per_class.papilledema.f1,0.6,0.25,0.8,0.1407133507059999,0.95,bca,bca,False,,5000,5000,whole_patient_cluster,True,three_class_patient_label,50042
sam2_unet,42,standardized_resnet18,patient,calibrated,failure_aware.per_class.papilledema.precision,0.5,0.25,0.75,0.11720988496095497,0.95,bca,bca,False,,5000,5000,whole_patient_cluster,True,three_class_patient_label,50042
sam2_unet,42,standardized_resnet18,patient,calibrated,failure_aware.per_class.papilledema.recall,0.75,0.25,1.0,0.21462088068145863,0.95,bca,bca,False,,5000,5000,whole_patient_cluster,True,three_class_patient_label,50042
sam2_unet,42,standardized_resnet18,patient,calibrated,failure_aware.per_class.pseudopapilledema.f1,0.0,0.0,0.0,0.0,0.95,bca,bca,False,,5000,5000,whole_patient_cluster,True,three_class_patient_label,50042
sam2_unet,42,standardized_resnet18,patient,calibrated,failure_aware.per_class.pseudopapilledema.precision,0.0,0.0,0.0,0.0,0.95,bca,bca,False,,5000,5000,whole_patient_cluster,True,three_class_patient_label,50042
sam2_unet,42,standardized_resnet18,patient,calibrated,failure_aware.per_class.pseudopapilledema.recall,0.0,0.0,0.0,0.0,0.95,bca,bca,False,,5000,5000,whole_patient_cluster,True,three_class_patient_label,50042
sam2_unet,42,standardized_resnet18,patient,calibrated,failure_aware_aurc,0.2581198258894337,0.06980551674179125,0.5390363630559709,0.11948121703554261,0.95,bca,bca,False,,5000,5000,whole_patient_cluster,True,three_class_patient_label,50042
sam2_unet,42,standardized_resnet18,patient,calibrated,localized_diagnostic_success.rate,0.7222222222222222,0.6111111111111112,0.7777777777777778,0.047693529040324145,0.95,bca,bca,False,,5000,5000,whole_patient_cluster,True,three_class_patient_label,50042
sam2_unet,42,standardized_resnet18,patient,calibrated,selective_risk,0.2777777777777778,0.2222222222222222,0.3888888888888889,0.04769352904032413,0.95,bca,bca,False,,5000,5000,whole_patient_cluster,True,three_class_patient_label,50042
sam2_unet,42,standardized_resnet18,eye,calibrated,class_conditional_coverage.normal,1.0,1.0,1.0,0.0,0.95,bca,bca,False,,5000,5000,whole_patient_cluster,True,three_class_patient_label,50043
sam2_unet,42,standardized_resnet18,eye,calibrated,class_conditional_coverage.papilledema,1.0,1.0,1.0,0.0,0.95,bca,bca,False,,5000,5000,whole_patient_cluster,True,three_class_patient_label,50043
sam2_unet,42,standardized_resnet18,eye,calibrated,class_conditional_coverage.pseudopapilledema,1.0,1.0,1.0,0.0,0.95,bca,bca,False,,5000,5000,whole_patient_cluster,True,three_class_patient_label,50043
sam2_unet,42,standardized_resnet18,eye,calibrated,conditional.accuracy,0.7222222222222222,0.6189184581032592,0.8055555555555556,0.04524044357219159,0.95,bca,bca,False,,5000,5000,whole_patient_cluster,True,three_class_patient_label,50043
sam2_unet,42,standardized_resnet18,eye,calibrated,conditional.balanced_accuracy,0.6083333333333333,0.5083333333333333,0.7333333333333334,0.05733236954235967,0.95,bca,bca,False,,5000,5000,whole_patient_cluster,True,three_class_patient_label,50043
sam2_unet,42,standardized_resnet18,eye,calibrated,conditional.derived_discrimination.normal_vs_abnormal.auroc,0.8999999999999999,0.5991376427509415,1.0,0.08434672647021192,0.95,bca,bca,False,,5000,5000,whole_patient_cluster,True,three_class_patient_label,50043
sam2_unet,42,standardized_resnet18,eye,calibrated,conditional.derived_discrimination.normal_vs_abnormal.average_precision,0.9334639498432602,0.7366479631030136,1.0,0.055251518375025725,0.95,bca,bca,False,,5000,5000,whole_patient_cluster,True,three_class_patient_label,50043
sam2_unet,42,standardized_resnet18,eye,calibrated,conditional.derived_discrimination.papilledema_vs_pseudopapilledema.auroc,0.640625,0.3125,0.90625,0.15343466822752996,0.95,bca,bca,False,,5000,5000,whole_patient_cluster,True,three_class_patient_label,50043
sam2_unet,42,standardized_resnet18,eye,calibrated,conditional.derived_discrimination.papilledema_vs_pseudopapilledema.average_precision,0.6760732323232322,0.4583333333333333,0.9142617650008472,0.11972481747113964,0.95,bca,bca,False,,5000,5000,whole_patient_cluster,True,three_class_patient_label,50043
sam2_unet,42,standardized_resnet18,eye,calibrated,conditional.macro_auroc,0.8148809523809524,0.634933840191791,0.9160714285714286,0.06708407247506232,0.95,bca,bca,False,,5000,5000,whole_patient_cluster,True,three_class_patient_label,50043
sam2_unet,42,standardized_resnet18,eye,calibrated,conditional.macro_average_precision,0.6457817535570541,0.516885871352525,0.7788545408146488,0.07565777480109748,0.95,bca,bca,False,,5000,5000,whole_patient_cluster,True,three_class_patient_label,50043
sam2_unet,42,standardized_resnet18,eye,calibrated,conditional.macro_classwise_ece,0.14136833281796635,0.10400285079708134,0.154586437714783,0.027268050219276162,0.95,bca,bca,False,,5000,5000,whole_patient_cluster,True,three_class_patient_label,50043
sam2_unet,42,standardized_resnet18,eye,calibrated,conditional.macro_f1,0.5966923771801821,0.47521367521367514,0.7071895424836602,0.06206826426175952,0.95,bca,bca,False,,5000,5000,whole_patient_cluster,True,three_class_patient_label,50043
sam2_unet,42,standardized_resnet18,eye,calibrated,conditional.multiclass_brier,0.3965765941608906,0.30274784071251504,0.533581180267686,0.05739429785655188,0.95,bca,bca,False,,5000,5000,whole_patient_cluster,True,three_class_patient_label,50043
sam2_unet,42,standardized_resnet18,eye,calibrated,conditional.multiclass_mcc,0.5288751309237266,0.3598438521237054,0.6787154014020004,0.07926396512395761,0.95,bca,bca,False,,5000,5000,whole_patient_cluster,True,three_class_patient_label,50043
sam2_unet,42,standardized_resnet18,eye,calibrated,conditional.multiclass_nll,0.6588003697177576,0.5223276246468036,0.8840039746287366,0.08800672145336648,0.95,bca,bca,False,,5000,5000,whole_patient_cluster,True,three_class_patient_label,50043
sam2_unet,42,standardized_resnet18,eye,calibrated,conditional.per_class.normal.auroc_ovr,0.9,0.6037405629136133,1.0,0.08434672647021192,0.95,bca,bca,False,,5000,5000,whole_patient_cluster,True,three_class_patient_label,50043
sam2_unet,42,standardized_resnet18,eye,calibrated,conditional.per_class.normal.average_precision_ovr,0.8752519142028161,0.6219308019198848,1.0,0.08898897974293221,0.95,bca,bca,False,,5000,5000,whole_patient_cluster,True,three_class_patient_label,50043
sam2_unet,42,standardized_resnet18,eye,calibrated,conditional.per_class.normal.f1,0.926829268292683,0.7906976744186046,1.0,0.0459445239155218,0.95,bca,bca,False,,5000,5000,whole_patient_cluster,True,three_class_patient_label,50043
sam2_unet,42,standardized_resnet18,eye,calibrated,conditional.per_class.normal.precision,0.9047619047619048,0.7037037037037037,1.0,0.07340002925705189,0.95,bca,bca,False,,5000,5000,whole_patient_cluster,True,three_class_patient_label,50043
sam2_unet,42,standardized_resnet18,eye,calibrated,conditional.per_class.normal.recall,0.95,0.75,1.0,0.04712680858298643,0.95,bca,bca,False,,5000,5000,whole_patient_cluster,True,three_class_patient_label,50043
sam2_unet,42,standardized_resnet18,eye,calibrated,conditional.per_class.papilledema.auroc_ovr,0.8928571428571428,0.7723214285714285,0.9642857142857143,0.0483335834413521,0.95,bca,bca,False,,5000,5000,whole_patient_cluster,True,three_class_patient_label,50043
sam2_unet,42,standardized_resnet18,eye,calibrated,conditional.per_class.papilledema.average_precision_ovr,0.6823645104895105,0.424991499620462,0.9029761904761905,0.12550511198924544,0.95,bca,bca,False,,5000,5000,whole_patient_cluster,True,three_class_patient_label,50043
sam2_unet,42,standardized_resnet18,eye,calibrated,conditional.per_class.papilledema.f1,0.5555555555555556,0.42105263157894735,0.8,0.0870150147372698,0.95,bca,bca,False,,5000,5000,whole_patient_cluster,True,three_class_patient_label,50043
sam2_unet,42,standardized_resnet18,eye,calibrated,conditional.per_class.papilledema.precision,0.5,0.3333333333333333,0.75,0.10322814775752122,0.95,bca,bca,False,,5000,5000,whole_patient_cluster,True,three_class_patient_label,50043
sam2_unet,42,standardized_resnet18,eye,calibrated,conditional.per_class.papilledema.recall,0.625,0.5,0.875,0.1075388786536498,0.95,bca,bca,False,,5000,5000,whole_patient_cluster,True,three_class_patient_label,50043
sam2_unet,42,standardized_resnet18,eye,calibrated,conditional.per_class.pseudopapilledema.auroc_ovr,0.6517857142857143,0.33482142857142855,0.8705357142857143,0.13576851208815244,0.95,bca,bca,False,,5000,5000,whole_patient_cluster,True,three_class_patient_label,50043
sam2_unet,42,standardized_resnet18,eye,calibrated,conditional.per_class.pseudopapilledema.average_precision_ovr,0.379728835978836,0.21233716099742847,0.6390151515151514,0.1250940714022721,0.95,bca,bca,False,,5000,5000,whole_patient_cluster,True,three_class_patient_label,50043
sam2_unet,42,standardized_resnet18,eye,calibrated,conditional.per_class.pseudopapilledema.f1,0.3076923076923077,0.0,0.5714285714285714,0.13503680603871243,0.95,bca,bca,False,,5000,5000,whole_patient_cluster,True,three_class_patient_label,50043
sam2_unet,42,standardized_resnet18,eye,calibrated,conditional.per_class.pseudopapilledema.precision,0.4,0.0,0.75,0.161791206431836,0.95,bca,bca,False,,5000,5000,whole_patient_cluster,True,three_class_patient_label,50043
sam2_unet,42,standardized_resnet18,eye,calibrated,conditional.per_class.pseudopapilledema.recall,0.25,0.0,0.5,0.12544467564759243,0.95,bca,bca,False,,5000,5000,whole_patient_cluster,True,three_class_patient_label,50043
sam2_unet,42,standardized_resnet18,eye,calibrated,conditional.top_label_ece,0.12155624052847447,0.036289325365463976,0.21257722467565987,0.056971793670037824,0.95,bca,bca,False,,5000,5000,whole_patient_cluster,True,three_class_patient_label,50043
sam2_unet,42,standardized_resnet18,eye,calibrated,conditional_aurc,0.20243424253896955,0.08892276924830317,0.38380746414856415,0.07142201311395881,0.95,bca,bca,False,,5000,5000,whole_patient_cluster,True,three_class_patient_label,50043
sam2_unet,42,standardized_resnet18,eye,calibrated,coverage,1.0,1.0,1.0,0.0,0.95,bca,bca,False,,5000,5000,whole_patient_cluster,True,three_class_patient_label,50043
sam2_unet,42,standardized_resnet18,eye,calibrated,failure_aware.accuracy,0.7222222222222222,0.6189184581032592,0.8055555555555556,0.04524044357219159,0.95,bca,bca,False,,5000,5000,whole_patient_cluster,True,three_class_patient_label,50043
sam2_unet,42,standardized_resnet18,eye,calibrated,failure_aware.balanced_accuracy,0.6083333333333333,0.5083333333333333,0.7333333333333334,0.05733236954235967,0.95,bca,bca,False,,5000,5000,whole_patient_cluster,True,three_class_patient_label,50043
sam2_unet,42,standardized_resnet18,eye,calibrated,failure_aware.macro_f1,0.5966923771801821,0.47521367521367514,0.7071895424836602,0.06206826426175952,0.95,bca,bca,False,,5000,5000,whole_patient_cluster,True,three_class_patient_label,50043
sam2_unet,42,standardized_resnet18,eye,calibrated,failure_aware.multiclass_mcc,0.5288751309237266,0.3598438521237054,0.6787154014020004,0.07926396512395761,0.95,bca,bca,False,,5000,5000,whole_patient_cluster,True,three_class_patient_label,50043
sam2_unet,42,standardized_resnet18,eye,calibrated,failure_aware.per_class.normal.f1,0.926829268292683,0.7906976744186046,1.0,0.0459445239155218,0.95,bca,bca,False,,5000,5000,whole_patient_cluster,True,three_class_patient_label,50043
sam2_unet,42,standardized_resnet18,eye,calibrated,failure_aware.per_class.normal.precision,0.9047619047619048,0.7037037037037037,1.0,0.07340002925705189,0.95,bca,bca,False,,5000,5000,whole_patient_cluster,True,three_class_patient_label,50043
sam2_unet,42,standardized_resnet18,eye,calibrated,failure_aware.per_class.normal.recall,0.95,0.75,1.0,0.04712680858298643,0.95,bca,bca,False,,5000,5000,whole_patient_cluster,True,three_class_patient_label,50043
sam2_unet,42,standardized_resnet18,eye,calibrated,failure_aware.per_class.papilledema.f1,0.5555555555555556,0.42105263157894735,0.8,0.0870150147372698,0.95,bca,bca,False,,5000,5000,whole_patient_cluster,True,three_class_patient_label,50043
sam2_unet,42,standardized_resnet18,eye,calibrated,failure_aware.per_class.papilledema.precision,0.5,0.3333333333333333,0.75,0.10322814775752122,0.95,bca,bca,False,,5000,5000,whole_patient_cluster,True,three_class_patient_label,50043
sam2_unet,42,standardized_resnet18,eye,calibrated,failure_aware.per_class.papilledema.recall,0.625,0.5,0.875,0.1075388786536498,0.95,bca,bca,False,,5000,5000,whole_patient_cluster,True,three_class_patient_label,50043
sam2_unet,42,standardized_resnet18,eye,calibrated,failure_aware.per_class.pseudopapilledema.f1,0.3076923076923077,0.0,0.5714285714285714,0.13503680603871243,0.95,bca,bca,False,,5000,5000,whole_patient_cluster,True,three_class_patient_label,50043
sam2_unet,42,standardized_resnet18,eye,calibrated,failure_aware.per_class.pseudopapilledema.precision,0.4,0.0,0.75,0.161791206431836,0.95,bca,bca,False,,5000,5000,whole_patient_cluster,True,three_class_patient_label,50043
sam2_unet,42,standardized_resnet18,eye,calibrated,failure_aware.per_class.pseudopapilledema.recall,0.25,0.0,0.5,0.12544467564759243,0.95,bca,bca,False,,5000,5000,whole_patient_cluster,True,three_class_patient_label,50043
sam2_unet,42,standardized_resnet18,eye,calibrated,failure_aware_aurc,0.20243424253896955,0.08892276924830317,0.38380746414856415,0.07142201311395881,0.95,bca,bca,False,,5000,5000,whole_patient_cluster,True,three_class_patient_label,50043
sam2_unet,42,standardized_resnet18,eye,calibrated,localized_diagnostic_success.rate,0.7222222222222222,0.6189184581032592,0.8055555555555556,0.04524044357219159,0.95,bca,bca,False,,5000,5000,whole_patient_cluster,True,three_class_patient_label,50043
sam2_unet,42,standardized_resnet18,eye,calibrated,selective_risk,0.2777777777777778,0.19444444444444445,0.38108154189677,0.04524044357219158,0.95,bca,bca,False,,5000,5000,whole_patient_cluster,True,three_class_patient_label,50043
sam2_unet,2026,model_specific,patient,calibrated,class_conditional_coverage.normal,1.0,1.0,1.0,0.0,0.95,bca,bca,False,,5000,5000,whole_patient_cluster,True,three_class_patient_label,52026
sam2_unet,2026,model_specific,patient,calibrated,class_conditional_coverage.papilledema,1.0,1.0,1.0,0.0,0.95,bca,bca,False,,5000,5000,whole_patient_cluster,True,three_class_patient_label,52026
sam2_unet,2026,model_specific,patient,calibrated,class_conditional_coverage.pseudopapilledema,1.0,1.0,1.0,0.0,0.95,bca,bca,False,,5000,5000,whole_patient_cluster,True,three_class_patient_label,52026
sam2_unet,2026,model_specific,patient,calibrated,conditional.accuracy,0.6666666666666666,0.5,0.7777777777777778,0.07067349327883933,0.95,bca,bca,False,,5000,5000,whole_patient_cluster,True,three_class_patient_label,52026
sam2_unet,2026,model_specific,patient,calibrated,conditional.balanced_accuracy,0.5499999999999999,0.31666666666666665,0.6666666666666666,0.0778537978699084,0.95,bca,bca,False,,5000,5000,whole_patient_cluster,True,three_class_patient_label,52026
sam2_unet,2026,model_specific,patient,calibrated,conditional.derived_discrimination.normal_vs_abnormal.auroc,0.9375,0.7,1.0,0.058956764020379804,0.95,bca,bca,False,,5000,5000,whole_patient_cluster,True,three_class_patient_label,52026
sam2_unet,2026,model_specific,patient,calibrated,conditional.derived_discrimination.normal_vs_abnormal.average_precision,0.9519230769230769,0.825,1.0,0.04210147688568937,0.95,bca,bca,False,,5000,5000,whole_patient_cluster,True,three_class_patient_label,52026
sam2_unet,2026,model_specific,patient,calibrated,conditional.derived_discrimination.papilledema_vs_pseudopapilledema.auroc,0.3125,0.0,0.75,0.1998192380361007,0.95,bca,bca,False,,5000,5000,whole_patient_cluster,True,three_class_patient_label,52026
sam2_unet,2026,model_specific,patient,calibrated,conditional.derived_discrimination.papilledema_vs_pseudopapilledema.average_precision,0.4583333333333333,0.36547619047619045,0.6428571428571428,0.10668869079219909,0.95,bca,bca,False,,5000,5000,whole_patient_cluster,True,three_class_patient_label,52026
sam2_unet,2026,model_specific,patient,calibrated,conditional.macro_auroc,0.8363095238095237,0.6922619047619047,0.9166666666666666,0.052373899897163144,0.95,bca,bca,False,,5000,5000,whole_patient_cluster,True,three_class_patient_label,52026
sam2_unet,2026,model_specific,patient,calibrated,conditional.macro_average_precision,0.6927562252562253,0.5723375537863475,0.7996068746068745,0.06551754898227725,0.95,bca,bca,False,,5000,5000,whole_patient_cluster,True,three_class_patient_label,52026
sam2_unet,2026,model_specific,patient,calibrated,conditional.macro_classwise_ece,0.20001327495160517,0.16484376124332878,0.21680481978580127,0.02828261739708818,0.95,bca,bca,False,,5000,5000,whole_patient_cluster,True,three_class_patient_label,52026
sam2_unet,2026,model_specific,patient,calibrated,conditional.macro_f1,0.4666666666666666,0.3393939393939394,0.5555555555555555,0.05874007881000729,0.95,bca,bca,False,,5000,5000,whole_patient_cluster,True,three_class_patient_label,52026
sam2_unet,2026,model_specific,patient,calibrated,conditional.multiclass_brier,0.46875010597384226,0.39145857463904804,0.5770694813823005,0.04592174539520655,0.95,bca,bca,False,,5000,5000,whole_patient_cluster,True,three_class_patient_label,52026
sam2_unet,2026,model_specific,patient,calibrated,conditional.multiclass_mcc,0.47925723781702034,0.13693063937629152,0.6846531968814576,0.1313263808977029,0.95,bca,bca,False,,5000,5000,whole_patient_cluster,True,three_class_patient_label,52026
sam2_unet,2026,model_specific,patient,calibrated,conditional.multiclass_nll,0.7769580614001241,0.6756851135907281,0.916391330160374,0.059685102413406056,0.95,bca,bca,False,,5000,5000,whole_patient_cluster,True,three_class_patient_label,52026
sam2_unet,2026,model_specific,patient,calibrated,conditional.per_class.normal.auroc_ovr,0.9375,0.7,1.0,0.058956764020379804,0.95,bca,bca,False,,5000,5000,whole_patient_cluster,True,three_class_patient_label,52026
sam2_unet,2026,model_specific,patient,calibrated,conditional.per_class.normal.average_precision_ovr,0.9430122655122655,0.743001549726062,1.0,0.04886517214727066,0.95,bca,bca,False,,5000,5000,whole_patient_cluster,True,three_class_patient_label,52026
sam2_unet,2026,model_specific,patient,calibrated,conditional.per_class.normal.f1,0.9,0.7,1.0,0.06655773308378068,0.95,bca,bca,False,,5000,5000,whole_patient_cluster,True,three_class_patient_label,52026
sam2_unet,2026,model_specific,patient,calibrated,conditional.per_class.normal.precision,0.9,0.6921356814074568,1.0,0.07709131527075092,0.95,bca,bca,False,,5000,5000,whole_patient_cluster,True,three_class_patient_label,52026
sam2_unet,2026,model_specific,patient,calibrated,conditional.per_class.normal.recall,0.9,0.5,1.0,0.09560486628875968,0.95,bca,bca,False,,5000,5000,whole_patient_cluster,True,three_class_patient_label,52026
sam2_unet,2026,model_specific,patient,calibrated,conditional.per_class.papilledema.auroc_ovr,0.8928571428571428,0.7142857142857143,1.0,0.0626931978511155,0.95,bca,bca,False,,5000,5000,whole_patient_cluster,True,three_class_patient_label,52026
sam2_unet,2026,model_specific,patient,calibrated,conditional.per_class.papilledema.average_precision_ovr,0.7678571428571428,0.49107142857142855,1.0,0.1267393073667397,0.95,bca,bca,False,,5000,5000,whole_patient_cluster,True,three_class_patient_label,52026
sam2_unet,2026,model_specific,patient,calibrated,conditional.per_class.papilledema.f1,0.0,0.0,0.0,0.0,0.95,bca,bca,False,,5000,5000,whole_patient_cluster,True,three_class_patient_label,52026
sam2_unet,2026,model_specific,patient,calibrated,conditional.per_class.papilledema.precision,0.0,0.0,0.0,0.0,0.95,bca,bca,False,,5000,5000,whole_patient_cluster,True,three_class_patient_label,52026
sam2_unet,2026,model_specific,patient,calibrated,conditional.per_class.papilledema.recall,0.0,0.0,0.0,0.0,0.95,bca,bca,False,,5000,5000,whole_patient_cluster,True,three_class_patient_label,52026
sam2_unet,2026,model_specific,patient,calibrated,conditional.per_class.pseudopapilledema.auroc_ovr,0.6785714285714286,0.39285714285714285,0.8392857142857143,0.1077286564794579,0.95,bca,bca,False,,5000,5000,whole_patient_cluster,True,three_class_patient_label,52026
sam2_unet,2026,model_specific,patient,calibrated,conditional.per_class.pseudopapilledema.average_precision_ovr,0.3673992673992674,0.25,0.5214285714285714,0.1030090326944986,0.95,bca,bca,False,,5000,5000,whole_patient_cluster,True,three_class_patient_label,52026
sam2_unet,2026,model_specific,patient,calibrated,conditional.per_class.pseudopapilledema.f1,0.5,0.2,0.6666666666666666,0.11960821816436373,0.95,bca,bca,False,,5000,5000,whole_patient_cluster,True,three_class_patient_label,52026
sam2_unet,2026,model_specific,patient,calibrated,conditional.per_class.pseudopapilledema.precision,0.375,0.16666666666666666,0.5,0.08478617692514342,0.95,bca,bca,False,,5000,5000,whole_patient_cluster,True,three_class_patient_label,52026
sam2_unet,2026,model_specific,patient,calibrated,conditional.per_class.pseudopapilledema.recall,0.75,0.25,1.0,0.2152670619988026,0.95,bca,bca,False,,5000,5000,whole_patient_cluster,True,three_class_patient_label,52026
sam2_unet,2026,model_specific,patient,calibrated,conditional.top_label_ece,0.17790732089569702,0.04809705351292328,0.30789312201149116,0.07425503810384107,0.95,bca,bca,False,,5000,5000,whole_patient_cluster,True,three_class_patient_label,52026
sam2_unet,2026,model_specific,patient,calibrated,conditional_aurc,0.23508611486552664,0.12682237859161738,0.4278039917026363,0.07386195205280163,0.95,bca,bca,False,,5000,5000,whole_patient_cluster,True,three_class_patient_label,52026
sam2_unet,2026,model_specific,patient,calibrated,coverage,1.0,1.0,1.0,0.0,0.95,bca,bca,False,,5000,5000,whole_patient_cluster,True,three_class_patient_label,52026
sam2_unet,2026,model_specific,patient,calibrated,failure_aware.accuracy,0.6666666666666666,0.5,0.7777777777777778,0.07067349327883933,0.95,bca,bca,False,,5000,5000,whole_patient_cluster,True,three_class_patient_label,52026
sam2_unet,2026,model_specific,patient,calibrated,failure_aware.balanced_accuracy,0.5499999999999999,0.31666666666666665,0.6666666666666666,0.0778537978699084,0.95,bca,bca,False,,5000,5000,whole_patient_cluster,True,three_class_patient_label,52026
sam2_unet,2026,model_specific,patient,calibrated,failure_aware.macro_f1,0.4666666666666666,0.3393939393939394,0.5555555555555555,0.05874007881000729,0.95,bca,bca,False,,5000,5000,whole_patient_cluster,True,three_class_patient_label,52026
sam2_unet,2026,model_specific,patient,calibrated,failure_aware.multiclass_mcc,0.47925723781702034,0.13693063937629152,0.6846531968814576,0.1313263808977029,0.95,bca,bca,False,,5000,5000,whole_patient_cluster,True,three_class_patient_label,52026
sam2_unet,2026,model_specific,patient,calibrated,failure_aware.per_class.normal.f1,0.9,0.7,1.0,0.06655773308378068,0.95,bca,bca,False,,5000,5000,whole_patient_cluster,True,three_class_patient_label,52026
sam2_unet,2026,model_specific,patient,calibrated,failure_aware.per_class.normal.precision,0.9,0.6921356814074568,1.0,0.07709131527075092,0.95,bca,bca,False,,5000,5000,whole_patient_cluster,True,three_class_patient_label,52026
sam2_unet,2026,model_specific,patient,calibrated,failure_aware.per_class.normal.recall,0.9,0.5,1.0,0.09560486628875968,0.95,bca,bca,False,,5000,5000,whole_patient_cluster,True,three_class_patient_label,52026
sam2_unet,2026,model_specific,patient,calibrated,failure_aware.per_class.papilledema.f1,0.0,0.0,0.0,0.0,0.95,bca,bca,False,,5000,5000,whole_patient_cluster,True,three_class_patient_label,52026
sam2_unet,2026,model_specific,patient,calibrated,failure_aware.per_class.papilledema.precision,0.0,0.0,0.0,0.0,0.95,bca,bca,False,,5000,5000,whole_patient_cluster,True,three_class_patient_label,52026
sam2_unet,2026,model_specific,patient,calibrated,failure_aware.per_class.papilledema.recall,0.0,0.0,0.0,0.0,0.95,bca,bca,False,,5000,5000,whole_patient_cluster,True,three_class_patient_label,52026
sam2_unet,2026,model_specific,patient,calibrated,failure_aware.per_class.pseudopapilledema.f1,0.5,0.2,0.6666666666666666,0.11960821816436373,0.95,bca,bca,False,,5000,5000,whole_patient_cluster,True,three_class_patient_label,52026
sam2_unet,2026,model_specific,patient,calibrated,failure_aware.per_class.pseudopapilledema.precision,0.375,0.16666666666666666,0.5,0.08478617692514342,0.95,bca,bca,False,,5000,5000,whole_patient_cluster,True,three_class_patient_label,52026
sam2_unet,2026,model_specific,patient,calibrated,failure_aware.per_class.pseudopapilledema.recall,0.75,0.25,1.0,0.2152670619988026,0.95,bca,bca,False,,5000,5000,whole_patient_cluster,True,three_class_patient_label,52026
sam2_unet,2026,model_specific,patient,calibrated,failure_aware_aurc,0.23508611486552664,0.12682237859161738,0.4278039917026363,0.07386195205280163,0.95,bca,bca,False,,5000,5000,whole_patient_cluster,True,three_class_patient_label,52026
sam2_unet,2026,model_specific,patient,calibrated,localized_diagnostic_success.rate,0.6666666666666666,0.5,0.7777777777777778,0.07067349327883933,0.95,bca,bca,False,,5000,5000,whole_patient_cluster,True,three_class_patient_label,52026
sam2_unet,2026,model_specific,patient,calibrated,selective_risk,0.3333333333333333,0.2222222222222222,0.5,0.07067349327883934,0.95,bca,bca,False,,5000,5000,whole_patient_cluster,True,three_class_patient_label,52026
sam2_unet,2026,model_specific,eye,calibrated,class_conditional_coverage.normal,1.0,1.0,1.0,0.0,0.95,bca,bca,False,,5000,5000,whole_patient_cluster,True,three_class_patient_label,52027
sam2_unet,2026,model_specific,eye,calibrated,class_conditional_coverage.papilledema,1.0,1.0,1.0,0.0,0.95,bca,bca,False,,5000,5000,whole_patient_cluster,True,three_class_patient_label,52027
sam2_unet,2026,model_specific,eye,calibrated,class_conditional_coverage.pseudopapilledema,1.0,1.0,1.0,0.0,0.95,bca,bca,False,,5000,5000,whole_patient_cluster,True,three_class_patient_label,52027
sam2_unet,2026,model_specific,eye,calibrated,conditional.accuracy,0.6111111111111112,0.4444444444444444,0.7222222222222222,0.0757786426248615,0.95,bca,bca,False,,5000,5000,whole_patient_cluster,True,three_class_patient_label,52027
sam2_unet,2026,model_specific,eye,calibrated,conditional.balanced_accuracy,0.5166666666666667,0.2833333333333333,0.6333333333333333,0.08105351079441406,0.95,bca,bca,False,,5000,5000,whole_patient_cluster,True,three_class_patient_label,52027
sam2_unet,2026,model_specific,eye,calibrated,conditional.derived_discrimination.normal_vs_abnormal.auroc,0.928125,0.7029236863887188,1.0,0.06154975032108004,0.95,bca,bca,False,,5000,5000,whole_patient_cluster,True,three_class_patient_label,52027
sam2_unet,2026,model_specific,eye,calibrated,conditional.derived_discrimination.normal_vs_abnormal.average_precision,0.9457050342130987,0.8106402161782914,1.0,0.045058847043804556,0.95,bca,bca,False,,5000,5000,whole_patient_cluster,True,three_class_patient_label,52027
sam2_unet,2026,model_specific,eye,calibrated,conditional.derived_discrimination.papilledema_vs_pseudopapilledema.auroc,0.296875,0.0,0.6875,0.17500304943935116,0.95,bca,bca,False,,5000,5000,whole_patient_cluster,True,three_class_patient_label,52027
sam2_unet,2026,model_specific,eye,calibrated,conditional.derived_discrimination.papilledema_vs_pseudopapilledema.average_precision,0.4180819180819181,0.33712814962814963,0.60625,0.10095249693193975,0.95,bca,bca,False,,5000,5000,whole_patient_cluster,True,three_class_patient_label,52027
sam2_unet,2026,model_specific,eye,calibrated,conditional.macro_auroc,0.8331845238095238,0.6967623316783175,0.921577380952381,0.05385551883108237,0.95,bca,bca,False,,5000,5000,whole_patient_cluster,True,three_class_patient_label,52027
sam2_unet,2026,model_specific,eye,calibrated,conditional.macro_average_precision,0.6648002191615414,0.5510758830371931,0.7944638811809037,0.06802652561428067,0.95,bca,bca,False,,5000,5000,whole_patient_cluster,True,three_class_patient_label,52027
sam2_unet,2026,model_specific,eye,calibrated,conditional.macro_classwise_ece,0.18286014279422613,0.16134611299106333,0.1893618072015448,0.021330812085437748,0.95,bca,bca,False,,5000,5000,whole_patient_cluster,True,three_class_patient_label,52027
sam2_unet,2026,model_specific,eye,calibrated,conditional.macro_f1,0.4345479082321188,0.30147783251231525,0.5381196581196581,0.05975541981838479,0.95,bca,bca,False,,5000,5000,whole_patient_cluster,True,three_class_patient_label,52027
sam2_unet,2026,model_specific,eye,calibrated,conditional.multiclass_brier,0.49434330735381304,0.42318815456046455,0.5812508494159346,0.040438886696352594,0.95,bca,bca,False,,5000,5000,whole_patient_cluster,True,three_class_patient_label,52027
sam2_unet,2026,model_specific,eye,calibrated,conditional.multiclass_mcc,0.408248290463863,0.034073313781819096,0.6123724356957946,0.13912495997914937,0.95,bca,bca,False,,5000,5000,whole_patient_cluster,True,three_class_patient_label,52027
sam2_unet,2026,model_specific,eye,calibrated,conditional.multiclass_nll,0.8221353767165457,0.7269804134918738,0.9360867606043387,0.05361543477869016,0.95,bca,bca,False,,5000,5000,whole_patient_cluster,True,three_class_patient_label,52027
sam2_unet,2026,model_specific,eye,calibrated,conditional.per_class.normal.auroc_ovr,0.928125,0.709375,1.0,0.06154975032108004,0.95,bca,bca,False,,5000,5000,whole_patient_cluster,True,three_class_patient_label,52027
sam2_unet,2026,model_specific,eye,calibrated,conditional.per_class.normal.average_precision_ovr,0.9206871733880755,0.7045199670833567,1.0,0.06087621117313085,0.95,bca,bca,False,,5000,5000,whole_patient_cluster,True,three_class_patient_label,52027
sam2_unet,2026,model_specific,eye,calibrated,conditional.per_class.normal.f1,0.8421052631578947,0.6285714285714286,0.9473684210526315,0.0762587333328061,0.95,bca,bca,False,,5000,5000,whole_patient_cluster,True,three_class_patient_label,52027
sam2_unet,2026,model_specific,eye,calibrated,conditional.per_class.normal.precision,0.8888888888888888,0.6507963359269238,1.0,0.08703607962646011,0.95,bca,bca,False,,5000,5000,whole_patient_cluster,True,three_class_patient_label,52027
sam2_unet,2026,model_specific,eye,calibrated,conditional.per_class.normal.recall,0.8,0.5,0.95,0.1045391949876109,0.95,bca,bca,False,,5000,5000,whole_patient_cluster,True,three_class_patient_label,52027
sam2_unet,2026,model_specific,eye,calibrated,conditional.per_class.papilledema.auroc_ovr,0.8973214285714286,0.7593741322230004,0.9821428571428571,0.05550158005973857,0.95,bca,bca,False,,5000,5000,whole_patient_cluster,True,three_class_patient_label,52027
sam2_unet,2026,model_specific,eye,calibrated,conditional.per_class.papilledema.average_precision_ovr,0.7231112637362638,0.44099025974025974,0.9413311089854106,0.13115833954000808,0.95,bca,bca,False,,5000,5000,whole_patient_cluster,True,three_class_patient_label,52027
sam2_unet,2026,model_specific,eye,calibrated,conditional.per_class.papilledema.f1,0.0,0.0,0.0,0.0,0.95,bca,bca,False,,5000,5000,whole_patient_cluster,True,three_class_patient_label,52027
sam2_unet,2026,model_specific,eye,calibrated,conditional.per_class.papilledema.precision,0.0,0.0,0.0,0.0,0.95,bca,bca,False,,5000,5000,whole_patient_cluster,True,three_class_patient_label,52027
sam2_unet,2026,model_specific,eye,calibrated,conditional.per_class.papilledema.recall,0.0,0.0,0.0,0.0,0.95,bca,bca,False,,5000,5000,whole_patient_cluster,True,three_class_patient_label,52027
sam2_unet,2026,model_specific,eye,calibrated,conditional.per_class.pseudopapilledema.auroc_ovr,0.6741071428571429,0.3846527832365938,0.8571428571428572,0.1179318584726444,0.95,bca,bca,False,,5000,5000,whole_patient_cluster,True,three_class_patient_label,52027
sam2_unet,2026,model_specific,eye,calibrated,conditional.per_class.pseudopapilledema.average_precision_ovr,0.3506022203602849,0.2160212783872298,0.5717191466068334,0.1161087241706174,0.95,bca,bca,False,,5000,5000,whole_patient_cluster,True,three_class_patient_label,52027
sam2_unet,2026,model_specific,eye,calibrated,conditional.per_class.pseudopapilledema.f1,0.46153846153846156,0.18181818181818182,0.64,0.11588214015382192,0.95,bca,bca,False,,5000,5000,whole_patient_cluster,True,three_class_patient_label,52027
sam2_unet,2026,model_specific,eye,calibrated,conditional.per_class.pseudopapilledema.precision,0.3333333333333333,0.14285714285714285,0.47058823529411764,0.0807475703627876,0.95,bca,bca,False,,5000,5000,whole_patient_cluster,True,three_class_patient_label,52027
sam2_unet,2026,model_specific,eye,calibrated,conditional.per_class.pseudopapilledema.recall,0.75,0.25,1.0,0.21987211339605997,0.95,bca,bca,False,,5000,5000,whole_patient_cluster,True,three_class_patient_label,52027
sam2_unet,2026,model_specific,eye,calibrated,conditional.top_label_ece,0.15166003427249083,0.03973802134552541,0.2250465893781997,0.05054258107210568,0.95,bca,bca,False,,5000,5000,whole_patient_cluster,True,three_class_patient_label,52027
sam2_unet,2026,model_specific,eye,calibrated,conditional_aurc,0.26876743530765784,0.15425314259759493,0.44162221357880355,0.07276625219804075,0.95,bca,bca,False,,5000,5000,whole_patient_cluster,True,three_class_patient_label,52027
sam2_unet,2026,model_specific,eye,calibrated,coverage,1.0,1.0,1.0,0.0,0.95,bca,bca,False,,5000,5000,whole_patient_cluster,True,three_class_patient_label,52027
sam2_unet,2026,model_specific,eye,calibrated,failure_aware.accuracy,0.6111111111111112,0.4444444444444444,0.7222222222222222,0.0757786426248615,0.95,bca,bca,False,,5000,5000,whole_patient_cluster,True,three_class_patient_label,52027
sam2_unet,2026,model_specific,eye,calibrated,failure_aware.balanced_accuracy,0.5166666666666667,0.2833333333333333,0.6333333333333333,0.08105351079441406,0.95,bca,bca,False,,5000,5000,whole_patient_cluster,True,three_class_patient_label,52027
sam2_unet,2026,model_specific,eye,calibrated,failure_aware.macro_f1,0.4345479082321188,0.30147783251231525,0.5381196581196581,0.05975541981838479,0.95,bca,bca,False,,5000,5000,whole_patient_cluster,True,three_class_patient_label,52027
sam2_unet,2026,model_specific,eye,calibrated,failure_aware.multiclass_mcc,0.408248290463863,0.034073313781819096,0.6123724356957946,0.13912495997914937,0.95,bca,bca,False,,5000,5000,whole_patient_cluster,True,three_class_patient_label,52027
sam2_unet,2026,model_specific,eye,calibrated,failure_aware.per_class.normal.f1,0.8421052631578947,0.6285714285714286,0.9473684210526315,0.0762587333328061,0.95,bca,bca,False,,5000,5000,whole_patient_cluster,True,three_class_patient_label,52027
sam2_unet,2026,model_specific,eye,calibrated,failure_aware.per_class.normal.precision,0.8888888888888888,0.6507963359269238,1.0,0.08703607962646011,0.95,bca,bca,False,,5000,5000,whole_patient_cluster,True,three_class_patient_label,52027
sam2_unet,2026,model_specific,eye,calibrated,failure_aware.per_class.normal.recall,0.8,0.5,0.95,0.1045391949876109,0.95,bca,bca,False,,5000,5000,whole_patient_cluster,True,three_class_patient_label,52027
sam2_unet,2026,model_specific,eye,calibrated,failure_aware.per_class.papilledema.f1,0.0,0.0,0.0,0.0,0.95,bca,bca,False,,5000,5000,whole_patient_cluster,True,three_class_patient_label,52027
sam2_unet,2026,model_specific,eye,calibrated,failure_aware.per_class.papilledema.precision,0.0,0.0,0.0,0.0,0.95,bca,bca,False,,5000,5000,whole_patient_cluster,True,three_class_patient_label,52027
sam2_unet,2026,model_specific,eye,calibrated,failure_aware.per_class.papilledema.recall,0.0,0.0,0.0,0.0,0.95,bca,bca,False,,5000,5000,whole_patient_cluster,True,three_class_patient_label,52027
sam2_unet,2026,model_specific,eye,calibrated,failure_aware.per_class.pseudopapilledema.f1,0.46153846153846156,0.18181818181818182,0.64,0.11588214015382192,0.95,bca,bca,False,,5000,5000,whole_patient_cluster,True,three_class_patient_label,52027
sam2_unet,2026,model_specific,eye,calibrated,failure_aware.per_class.pseudopapilledema.precision,0.3333333333333333,0.14285714285714285,0.47058823529411764,0.0807475703627876,0.95,bca,bca,False,,5000,5000,whole_patient_cluster,True,three_class_patient_label,52027
sam2_unet,2026,model_specific,eye,calibrated,failure_aware.per_class.pseudopapilledema.recall,0.75,0.25,1.0,0.21987211339605997,0.95,bca,bca,False,,5000,5000,whole_patient_cluster,True,three_class_patient_label,52027
sam2_unet,2026,model_specific,eye,calibrated,failure_aware_aurc,0.26876743530765784,0.15425314259759493,0.44162221357880355,0.07276625219804075,0.95,bca,bca,False,,5000,5000,whole_patient_cluster,True,three_class_patient_label,52027
sam2_unet,2026,model_specific,eye,calibrated,localized_diagnostic_success.rate,0.6111111111111112,0.4444444444444444,0.7222222222222222,0.0757786426248615,0.95,bca,bca,False,,5000,5000,whole_patient_cluster,True,three_class_patient_label,52027
sam2_unet,2026,model_specific,eye,calibrated,selective_risk,0.3888888888888889,0.2777777777777778,0.5555555555555556,0.0757786426248615,0.95,bca,bca,False,,5000,5000,whole_patient_cluster,True,three_class_patient_label,52027
sam2_unet,2026,standardized_resnet18,patient,calibrated,class_conditional_coverage.normal,1.0,1.0,1.0,0.0,0.95,bca,bca,False,,5000,5000,whole_patient_cluster,True,three_class_patient_label,52026
sam2_unet,2026,standardized_resnet18,patient,calibrated,class_conditional_coverage.papilledema,1.0,1.0,1.0,0.0,0.95,bca,bca,False,,5000,5000,whole_patient_cluster,True,three_class_patient_label,52026
sam2_unet,2026,standardized_resnet18,patient,calibrated,class_conditional_coverage.pseudopapilledema,1.0,1.0,1.0,0.0,0.95,bca,bca,False,,5000,5000,whole_patient_cluster,True,three_class_patient_label,52026
sam2_unet,2026,standardized_resnet18,patient,calibrated,conditional.accuracy,0.7777777777777778,0.6111111111111112,0.8888888888888888,0.06812388605902267,0.95,bca,bca,False,,5000,5000,whole_patient_cluster,True,three_class_patient_label,52026
sam2_unet,2026,standardized_resnet18,patient,calibrated,conditional.balanced_accuracy,0.6666666666666666,0.5,0.8333333333333334,0.10218582908853399,0.95,bca,bca,False,,5000,5000,whole_patient_cluster,True,three_class_patient_label,52026
sam2_unet,2026,standardized_resnet18,patient,calibrated,conditional.derived_discrimination.normal_vs_abnormal.auroc,0.95,0.7,1.0,0.04939372478371722,0.95,bca,bca,False,,5000,5000,whole_patient_cluster,True,three_class_patient_label,52026
sam2_unet,2026,standardized_resnet18,patient,calibrated,conditional.derived_discrimination.normal_vs_abnormal.average_precision,0.9583333333333333,0.8333333333333333,1.0,0.03742766651782292,0.95,bca,bca,False,,5000,5000,whole_patient_cluster,True,three_class_patient_label,52026
sam2_unet,2026,standardized_resnet18,patient,calibrated,conditional.derived_discrimination.papilledema_vs_pseudopapilledema.auroc,0.5,0.0625,0.9375,0.22590715307037462,0.95,bca,bca,False,,5000,5000,whole_patient_cluster,True,three_class_patient_label,52026
sam2_unet,2026,standardized_resnet18,patient,calibrated,conditional.derived_discrimination.papilledema_vs_pseudopapilledema.average_precision,0.6666666666666666,0.425,0.95,0.141156682368053,0.95,bca,bca,False,,5000,5000,whole_patient_cluster,True,three_class_patient_label,52026
sam2_unet,2026,standardized_resnet18,patient,calibrated,conditional.macro_auroc,0.769047619047619,0.6163444978403497,0.9101190476190477,0.07592228022272812,0.95,bca,bca,False,,5000,5000,whole_patient_cluster,True,three_class_patient_label,52026
sam2_unet,2026,standardized_resnet18,patient,calibrated,conditional.macro_average_precision,0.6060702260702261,0.5190562935970812,0.7546296296296297,0.08635484042209968,0.95,bca,bca,False,,5000,5000,whole_patient_cluster,True,three_class_patient_label,52026
sam2_unet,2026,standardized_resnet18,patient,calibrated,conditional.macro_classwise_ece,0.19539949795331735,0.13302174643663955,0.2338838521171063,0.03539686209479653,0.95,bca,bca,False,,5000,5000,whole_patient_cluster,True,three_class_patient_label,52026
sam2_unet,2026,standardized_resnet18,patient,calibrated,conditional.macro_f1,0.6507936507936508,0.4656084656084656,0.9153439153439153,0.1152310239269286,0.95,bca,bca,False,,5000,5000,whole_patient_cluster,True,three_class_patient_label,52026
sam2_unet,2026,standardized_resnet18,patient,calibrated,conditional.multiclass_brier,0.4326713157438303,0.34328377033890817,0.5428117530141731,0.050062388065487774,0.95,bca,bca,False,,5000,5000,whole_patient_cluster,True,three_class_patient_label,52026
sam2_unet,2026,standardized_resnet18,patient,calibrated,conditional.multiclass_mcc,0.6237055560836822,0.3061862178478973,0.8206652053732659,0.12348087176481172,0.95,bca,bca,False,,5000,5000,whole_patient_cluster,True,three_class_patient_label,52026
sam2_unet,2026,standardized_resnet18,patient,calibrated,conditional.multiclass_nll,0.7452297586854262,0.6208669838773955,0.9209543613317442,0.07431663952513942,0.95,bca,bca,False,,5000,5000,whole_patient_cluster,True,three_class_patient_label,52026
sam2_unet,2026,standardized_resnet18,patient,calibrated,conditional.per_class.normal.auroc_ovr,0.95,0.7375,1.0,0.04939372478371723,0.95,bca,bca,False,,5000,5000,whole_patient_cluster,True,three_class_patient_label,52026
sam2_unet,2026,standardized_resnet18,patient,calibrated,conditional.per_class.normal.average_precision_ovr,0.9572979797979797,0.7697507836295701,1.0,0.03862609593450264,0.95,bca,bca,False,,5000,5000,whole_patient_cluster,True,three_class_patient_label,52026
sam2_unet,2026,standardized_resnet18,patient,calibrated,conditional.per_class.normal.f1,0.9523809523809523,0.8333333333333334,1.0,0.03842284463623284,0.95,bca,bca,False,,5000,5000,whole_patient_cluster,True,three_class_patient_label,52026
sam2_unet,2026,standardized_resnet18,patient,calibrated,conditional.per_class.normal.precision,0.9090909090909091,0.7142857142857143,1.0,0.06957953683312999,0.95,bca,bca,False,,5000,5000,whole_patient_cluster,True,three_class_patient_label,52026
sam2_unet,2026,standardized_resnet18,patient,calibrated,conditional.per_class.normal.recall,1.0,1.0,1.0,0.0,0.95,bca,bca,False,,5000,5000,whole_patient_cluster,True,three_class_patient_label,52026
sam2_unet,2026,standardized_resnet18,patient,calibrated,conditional.per_class.papilledema.auroc_ovr,0.8571428571428571,0.7142857142857143,0.9642857142857143,0.06454490087724989,0.95,bca,bca,False,,5000,5000,whole_patient_cluster,True,three_class_patient_label,52026
sam2_unet,2026,standardized_resnet18,patient,calibrated,conditional.per_class.papilledema.average_precision_ovr,0.5428571428571429,0.37797619047619047,0.8166666666666667,0.1438150242809038,0.95,bca,bca,False,,5000,5000,whole_patient_cluster,True,three_class_patient_label,52026
sam2_unet,2026,standardized_resnet18,patient,calibrated,conditional.per_class.papilledema.f1,0.6666666666666666,0.2857142857142857,0.8888888888888888,0.15992606182918828,0.95,bca,bca,False,,5000,5000,whole_patient_cluster,True,three_class_patient_label,52026
sam2_unet,2026,standardized_resnet18,patient,calibrated,conditional.per_class.papilledema.precision,0.6,0.3333333333333333,1.0,0.16388116486424584,0.95,bca,bca,False,,5000,5000,whole_patient_cluster,True,three_class_patient_label,52026
sam2_unet,2026,standardized_resnet18,patient,calibrated,conditional.per_class.papilledema.recall,0.75,0.25,1.0,0.21625922202352907,0.95,bca,bca,False,,5000,5000,whole_patient_cluster,True,three_class_patient_label,52026
sam2_unet,2026,standardized_resnet18,patient,calibrated,conditional.per_class.pseudopapilledema.auroc_ovr,0.5,0.14285714285714285,0.8392857142857143,0.18068163959091904,0.95,bca,bca,False,,5000,5000,whole_patient_cluster,True,three_class_patient_label,52026
sam2_unet,2026,standardized_resnet18,patient,calibrated,conditional.per_class.pseudopapilledema.average_precision_ovr,0.31805555555555554,0.18888888888888888,0.6625,0.14592873067050136,0.95,bca,bca,False,,5000,5000,whole_patient_cluster,True,three_class_patient_label,52026
sam2_unet,2026,standardized_resnet18,patient,calibrated,conditional.per_class.pseudopapilledema.f1,0.3333333333333333,0.0,0.8571428571428571,0.24234539330627344,0.95,bca,bca,False,,5000,5000,whole_patient_cluster,True,three_class_patient_label,52026
sam2_unet,2026,standardized_resnet18,patient,calibrated,conditional.per_class.pseudopapilledema.precision,0.5,0.0,1.0,0.37257805439217195,0.95,bca,bca,False,,5000,5000,whole_patient_cluster,True,three_class_patient_label,52026
sam2_unet,2026,standardized_resnet18,patient,calibrated,conditional.per_class.pseudopapilledema.recall,0.25,0.0,0.8330060354962825,0.21704704993244409,0.95,bca,bca,False,,5000,5000,whole_patient_cluster,True,three_class_patient_label,52026
sam2_unet,2026,standardized_resnet18,patient,calibrated,conditional.top_label_ece,0.23667880928547927,0.0847489524683938,0.35919617032764084,0.07500017749898358,0.95,bca,bca,False,,5000,5000,whole_patient_cluster,True,three_class_patient_label,52026
sam2_unet,2026,standardized_resnet18,patient,calibrated,conditional_aurc,0.31041120734748184,0.10585113869427594,0.5351164294673654,0.11322783720159967,0.95,bca,bca,False,,5000,5000,whole_patient_cluster,True,three_class_patient_label,52026
sam2_unet,2026,standardized_resnet18,patient,calibrated,coverage,1.0,1.0,1.0,0.0,0.95,bca,bca,False,,5000,5000,whole_patient_cluster,True,three_class_patient_label,52026
sam2_unet,2026,standardized_resnet18,patient,calibrated,failure_aware.accuracy,0.7777777777777778,0.6111111111111112,0.8888888888888888,0.06812388605902267,0.95,bca,bca,False,,5000,5000,whole_patient_cluster,True,three_class_patient_label,52026
sam2_unet,2026,standardized_resnet18,patient,calibrated,failure_aware.balanced_accuracy,0.6666666666666666,0.5,0.8333333333333334,0.10218582908853399,0.95,bca,bca,False,,5000,5000,whole_patient_cluster,True,three_class_patient_label,52026
sam2_unet,2026,standardized_resnet18,patient,calibrated,failure_aware.macro_f1,0.6507936507936508,0.4656084656084656,0.9153439153439153,0.1152310239269286,0.95,bca,bca,False,,5000,5000,whole_patient_cluster,True,three_class_patient_label,52026
sam2_unet,2026,standardized_resnet18,patient,calibrated,failure_aware.multiclass_mcc,0.6237055560836822,0.3061862178478973,0.8206652053732659,0.12348087176481172,0.95,bca,bca,False,,5000,5000,whole_patient_cluster,True,three_class_patient_label,52026
sam2_unet,2026,standardized_resnet18,patient,calibrated,failure_aware.per_class.normal.f1,0.9523809523809523,0.8333333333333334,1.0,0.03842284463623284,0.95,bca,bca,False,,5000,5000,whole_patient_cluster,True,three_class_patient_label,52026
sam2_unet,2026,standardized_resnet18,patient,calibrated,failure_aware.per_class.normal.precision,0.9090909090909091,0.7142857142857143,1.0,0.06957953683312999,0.95,bca,bca,False,,5000,5000,whole_patient_cluster,True,three_class_patient_label,52026
sam2_unet,2026,standardized_resnet18,patient,calibrated,failure_aware.per_class.normal.recall,1.0,1.0,1.0,0.0,0.95,bca,bca,False,,5000,5000,whole_patient_cluster,True,three_class_patient_label,52026
sam2_unet,2026,standardized_resnet18,patient,calibrated,failure_aware.per_class.papilledema.f1,0.6666666666666666,0.2857142857142857,0.8888888888888888,0.15992606182918828,0.95,bca,bca,False,,5000,5000,whole_patient_cluster,True,three_class_patient_label,52026
sam2_unet,2026,standardized_resnet18,patient,calibrated,failure_aware.per_class.papilledema.precision,0.6,0.3333333333333333,1.0,0.16388116486424584,0.95,bca,bca,False,,5000,5000,whole_patient_cluster,True,three_class_patient_label,52026
sam2_unet,2026,standardized_resnet18,patient,calibrated,failure_aware.per_class.papilledema.recall,0.75,0.25,1.0,0.21625922202352907,0.95,bca,bca,False,,5000,5000,whole_patient_cluster,True,three_class_patient_label,52026
sam2_unet,2026,standardized_resnet18,patient,calibrated,failure_aware.per_class.pseudopapilledema.f1,0.3333333333333333,0.0,0.8571428571428571,0.24234539330627344,0.95,bca,bca,False,,5000,5000,whole_patient_cluster,True,three_class_patient_label,52026
sam2_unet,2026,standardized_resnet18,patient,calibrated,failure_aware.per_class.pseudopapilledema.precision,0.5,0.0,1.0,0.37257805439217195,0.95,bca,bca,False,,5000,5000,whole_patient_cluster,True,three_class_patient_label,52026
sam2_unet,2026,standardized_resnet18,patient,calibrated,failure_aware.per_class.pseudopapilledema.recall,0.25,0.0,0.8330060354962825,0.21704704993244409,0.95,bca,bca,False,,5000,5000,whole_patient_cluster,True,three_class_patient_label,52026
sam2_unet,2026,standardized_resnet18,patient,calibrated,failure_aware_aurc,0.31041120734748184,0.10585113869427594,0.5351164294673654,0.11322783720159967,0.95,bca,bca,False,,5000,5000,whole_patient_cluster,True,three_class_patient_label,52026
sam2_unet,2026,standardized_resnet18,patient,calibrated,localized_diagnostic_success.rate,0.7777777777777778,0.6111111111111112,0.8888888888888888,0.06812388605902267,0.95,bca,bca,False,,5000,5000,whole_patient_cluster,True,three_class_patient_label,52026
sam2_unet,2026,standardized_resnet18,patient,calibrated,selective_risk,0.2222222222222222,0.1111111111111111,0.3888888888888889,0.06812388605902266,0.95,bca,bca,False,,5000,5000,whole_patient_cluster,True,three_class_patient_label,52026
sam2_unet,2026,standardized_resnet18,eye,calibrated,class_conditional_coverage.normal,1.0,1.0,1.0,0.0,0.95,bca,bca,False,,5000,5000,whole_patient_cluster,True,three_class_patient_label,52027
sam2_unet,2026,standardized_resnet18,eye,calibrated,class_conditional_coverage.papilledema,1.0,1.0,1.0,0.0,0.95,bca,bca,False,,5000,5000,whole_patient_cluster,True,three_class_patient_label,52027
sam2_unet,2026,standardized_resnet18,eye,calibrated,class_conditional_coverage.pseudopapilledema,1.0,1.0,1.0,0.0,0.95,bca,bca,False,,5000,5000,whole_patient_cluster,True,three_class_patient_label,52027
sam2_unet,2026,standardized_resnet18,eye,calibrated,conditional.accuracy,0.75,0.6666666666666666,0.8055555555555556,0.036300413997046255,0.95,bca,bca,False,,5000,5000,whole_patient_cluster,True,three_class_patient_label,52027
sam2_unet,2026,standardized_resnet18,eye,calibrated,conditional.balanced_accuracy,0.625,0.5416666666666666,0.75,0.054450620995569354,0.95,bca,bca,False,,5000,5000,whole_patient_cluster,True,three_class_patient_label,52027
sam2_unet,2026,standardized_resnet18,eye,calibrated,conditional.derived_discrimination.normal_vs_abnormal.auroc,0.95625,0.8218749999999999,1.0,0.040576060759749163,0.95,bca,bca,False,,5000,5000,whole_patient_cluster,True,three_class_patient_label,52027
sam2_unet,2026,standardized_resnet18,eye,calibrated,conditional.derived_discrimination.normal_vs_abnormal.average_precision,0.9613095238095238,0.856456043956044,1.0,0.03572661728170217,0.95,bca,bca,False,,5000,5000,whole_patient_cluster,True,three_class_patient_label,52027
sam2_unet,2026,standardized_resnet18,eye,calibrated,conditional.derived_discrimination.papilledema_vs_pseudopapilledema.auroc,0.53125,0.125,0.875,0.19146591968854518,0.95,bca,bca,False,,5000,5000,whole_patient_cluster,True,three_class_patient_label,52027
sam2_unet,2026,standardized_resnet18,eye,calibrated,conditional.derived_discrimination.papilledema_vs_pseudopapilledema.average_precision,0.5694444444444444,0.3880140692640693,0.8113095238095238,0.13053073949010255,0.95,bca,bca,False,,5000,5000,whole_patient_cluster,True,three_class_patient_label,52027
sam2_unet,2026,standardized_resnet18,eye,calibrated,conditional.macro_auroc,0.8098214285714286,0.660996463969974,0.9165707368222213,0.06446659078398861,0.95,bca,bca,False,,5000,5000,whole_patient_cluster,True,three_class_patient_label,52027
sam2_unet,2026,standardized_resnet18,eye,calibrated,conditional.macro_average_precision,0.6026092922958249,0.5082614129508493,0.748777825497664,0.08356117023503724,0.95,bca,bca,False,,5000,5000,whole_patient_cluster,True,three_class_patient_label,52027
sam2_unet,2026,standardized_resnet18,eye,calibrated,conditional.macro_classwise_ece,0.18914803085323365,0.1364107287245754,0.2227900407121193,0.028009472927764602,0.95,bca,bca,False,,5000,5000,whole_patient_cluster,True,three_class_patient_label,52027
sam2_unet,2026,standardized_resnet18,eye,calibrated,conditional.macro_f1,0.5885926938558518,0.49289891395154556,0.7333333333333334,0.060628436402128984,0.95,bca,bca,False,,5000,5000,whole_patient_cluster,True,three_class_patient_label,52027
sam2_unet,2026,standardized_resnet18,eye,calibrated,conditional.multiclass_brier,0.4416167913768865,0.3668011899438306,0.5390694387300822,0.043600300572170486,0.95,bca,bca,False,,5000,5000,whole_patient_cluster,True,three_class_patient_label,52027
sam2_unet,2026,standardized_resnet18,eye,calibrated,conditional.multiclass_mcc,0.5803319658745637,0.4267459067940983,0.7006755752002798,0.07059511396283372,0.95,bca,bca,False,,5000,5000,whole_patient_cluster,True,three_class_patient_label,52027
sam2_unet,2026,standardized_resnet18,eye,calibrated,conditional.multiclass_nll,0.754708557669155,0.6524077956823608,0.8949616938649445,0.060815070328254214,0.95,bca,bca,False,,5000,5000,whole_patient_cluster,True,three_class_patient_label,52027
sam2_unet,2026,standardized_resnet18,eye,calibrated,conditional.per_class.normal.auroc_ovr,0.95625,0.8218749999999999,1.0,0.040576060759749163,0.95,bca,bca,False,,5000,5000,whole_patient_cluster,True,three_class_patient_label,52027
sam2_unet,2026,standardized_resnet18,eye,calibrated,conditional.per_class.normal.average_precision_ovr,0.9620868123964101,0.8599423737897627,1.0,0.03144946384705383,0.95,bca,bca,False,,5000,5000,whole_patient_cluster,True,three_class_patient_label,52027
sam2_unet,2026,standardized_resnet18,eye,calibrated,conditional.per_class.normal.f1,0.9523809523809523,0.8333333333333334,1.0,0.03916456505314984,0.95,bca,bca,False,,5000,5000,whole_patient_cluster,True,three_class_patient_label,52027
sam2_unet,2026,standardized_resnet18,eye,calibrated,conditional.per_class.normal.precision,0.9090909090909091,0.7142857142857143,1.0,0.07080469543076286,0.95,bca,bca,False,,5000,5000,whole_patient_cluster,True,three_class_patient_label,52027
sam2_unet,2026,standardized_resnet18,eye,calibrated,conditional.per_class.normal.recall,1.0,1.0,1.0,0.0,0.95,bca,bca,False,,5000,5000,whole_patient_cluster,True,three_class_patient_label,52027
sam2_unet,2026,standardized_resnet18,eye,calibrated,conditional.per_class.papilledema.auroc_ovr,0.8660714285714286,0.7142857142857143,0.9732142857142858,0.0647523599140542,0.95,bca,bca,False,,5000,5000,whole_patient_cluster,True,three_class_patient_label,52027
sam2_unet,2026,standardized_resnet18,eye,calibrated,conditional.per_class.papilledema.average_precision_ovr,0.5281565656565657,0.33658750145722405,0.8473214285714286,0.16430499108483076,0.95,bca,bca,False,,5000,5000,whole_patient_cluster,True,three_class_patient_label,52027
sam2_unet,2026,standardized_resnet18,eye,calibrated,conditional.per_class.papilledema.f1,0.631578947368421,0.47058823529411764,0.8235294117647058,0.09187920243501202,0.95,bca,bca,False,,5000,5000,whole_patient_cluster,True,three_class_patient_label,52027
sam2_unet,2026,standardized_resnet18,eye,calibrated,conditional.per_class.papilledema.precision,0.5454545454545454,0.4,0.8,0.10278997935123887,0.95,bca,bca,False,,5000,5000,whole_patient_cluster,True,three_class_patient_label,52027
sam2_unet,2026,standardized_resnet18,eye,calibrated,conditional.per_class.papilledema.recall,0.75,0.5,1.0,0.12466974777066744,0.95,bca,bca,False,,5000,5000,whole_patient_cluster,True,three_class_patient_label,52027
sam2_unet,2026,standardized_resnet18,eye,calibrated,conditional.per_class.pseudopapilledema.auroc_ovr,0.6071428571428572,0.2633928571428572,0.84375,0.14549728094849218,0.95,bca,bca,False,,5000,5000,whole_patient_cluster,True,three_class_patient_label,52027
sam2_unet,2026,standardized_resnet18,eye,calibrated,conditional.per_class.pseudopapilledema.average_precision_ovr,0.31758449883449885,0.19427652613508228,0.5926743614924408,0.1108289490432008,0.95,bca,bca,False,,5000,5000,whole_patient_cluster,True,three_class_patient_label,52027
sam2_unet,2026,standardized_resnet18,eye,calibrated,conditional.per_class.pseudopapilledema.f1,0.18181818181818182,0.0,0.5454545454545454,0.1388042639119608,0.95,bca,bca,False,,5000,5000,whole_patient_cluster,True,three_class_patient_label,52027
sam2_unet,2026,standardized_resnet18,eye,calibrated,conditional.per_class.pseudopapilledema.precision,0.3333333333333333,0.0,1.0,0.25950069863515385,0.95,bca,bca,False,,5000,5000,whole_patient_cluster,True,three_class_patient_label,52027
sam2_unet,2026,standardized_resnet18,eye,calibrated,conditional.per_class.pseudopapilledema.recall,0.125,0.0,0.375,0.10626477692802593,0.95,bca,bca,False,,5000,5000,whole_patient_cluster,True,three_class_patient_label,52027
sam2_unet,2026,standardized_resnet18,eye,calibrated,conditional.top_label_ece,0.1669199085138595,0.06004285080448847,0.21431841853203262,0.05627764860675729,0.95,bca,bca,False,,5000,5000,whole_patient_cluster,True,three_class_patient_label,52027
sam2_unet,2026,standardized_resnet18,eye,calibrated,conditional_aurc,0.2999123289535743,0.11390938132318247,0.541822888694029,0.11181717711485527,0.95,bca,bca,False,,5000,5000,whole_patient_cluster,True,three_class_patient_label,52027
sam2_unet,2026,standardized_resnet18,eye,calibrated,coverage,1.0,1.0,1.0,0.0,0.95,bca,bca,False,,5000,5000,whole_patient_cluster,True,three_class_patient_label,52027
sam2_unet,2026,standardized_resnet18,eye,calibrated,failure_aware.accuracy,0.75,0.6666666666666666,0.8055555555555556,0.036300413997046255,0.95,bca,bca,False,,5000,5000,whole_patient_cluster,True,three_class_patient_label,52027
sam2_unet,2026,standardized_resnet18,eye,calibrated,failure_aware.balanced_accuracy,0.625,0.5416666666666666,0.75,0.054450620995569354,0.95,bca,bca,False,,5000,5000,whole_patient_cluster,True,three_class_patient_label,52027
sam2_unet,2026,standardized_resnet18,eye,calibrated,failure_aware.macro_f1,0.5885926938558518,0.49289891395154556,0.7333333333333334,0.060628436402128984,0.95,bca,bca,False,,5000,5000,whole_patient_cluster,True,three_class_patient_label,52027
sam2_unet,2026,standardized_resnet18,eye,calibrated,failure_aware.multiclass_mcc,0.5803319658745637,0.4267459067940983,0.7006755752002798,0.07059511396283372,0.95,bca,bca,False,,5000,5000,whole_patient_cluster,True,three_class_patient_label,52027
sam2_unet,2026,standardized_resnet18,eye,calibrated,failure_aware.per_class.normal.f1,0.9523809523809523,0.8333333333333334,1.0,0.03916456505314984,0.95,bca,bca,False,,5000,5000,whole_patient_cluster,True,three_class_patient_label,52027
sam2_unet,2026,standardized_resnet18,eye,calibrated,failure_aware.per_class.normal.precision,0.9090909090909091,0.7142857142857143,1.0,0.07080469543076286,0.95,bca,bca,False,,5000,5000,whole_patient_cluster,True,three_class_patient_label,52027
sam2_unet,2026,standardized_resnet18,eye,calibrated,failure_aware.per_class.normal.recall,1.0,1.0,1.0,0.0,0.95,bca,bca,False,,5000,5000,whole_patient_cluster,True,three_class_patient_label,52027
sam2_unet,2026,standardized_resnet18,eye,calibrated,failure_aware.per_class.papilledema.f1,0.631578947368421,0.47058823529411764,0.8235294117647058,0.09187920243501202,0.95,bca,bca,False,,5000,5000,whole_patient_cluster,True,three_class_patient_label,52027
sam2_unet,2026,standardized_resnet18,eye,calibrated,failure_aware.per_class.papilledema.precision,0.5454545454545454,0.4,0.8,0.10278997935123887,0.95,bca,bca,False,,5000,5000,whole_patient_cluster,True,three_class_patient_label,52027
sam2_unet,2026,standardized_resnet18,eye,calibrated,failure_aware.per_class.papilledema.recall,0.75,0.5,1.0,0.12466974777066744,0.95,bca,bca,False,,5000,5000,whole_patient_cluster,True,three_class_patient_label,52027
sam2_unet,2026,standardized_resnet18,eye,calibrated,failure_aware.per_class.pseudopapilledema.f1,0.18181818181818182,0.0,0.5454545454545454,0.1388042639119608,0.95,bca,bca,False,,5000,5000,whole_patient_cluster,True,three_class_patient_label,52027
sam2_unet,2026,standardized_resnet18,eye,calibrated,failure_aware.per_class.pseudopapilledema.precision,0.3333333333333333,0.0,1.0,0.25950069863515385,0.95,bca,bca,False,,5000,5000,whole_patient_cluster,True,three_class_patient_label,52027
sam2_unet,2026,standardized_resnet18,eye,calibrated,failure_aware.per_class.pseudopapilledema.recall,0.125,0.0,0.375,0.10626477692802593,0.95,bca,bca,False,,5000,5000,whole_patient_cluster,True,three_class_patient_label,52027
sam2_unet,2026,standardized_resnet18,eye,calibrated,failure_aware_aurc,0.2999123289535743,0.11390938132318247,0.541822888694029,0.11181717711485527,0.95,bca,bca,False,,5000,5000,whole_patient_cluster,True,three_class_patient_label,52027
sam2_unet,2026,standardized_resnet18,eye,calibrated,localized_diagnostic_success.rate,0.75,0.6666666666666666,0.8055555555555556,0.036300413997046255,0.95,bca,bca,False,,5000,5000,whole_patient_cluster,True,three_class_patient_label,52027
sam2_unet,2026,standardized_resnet18,eye,calibrated,selective_risk,0.25,0.19444444444444445,0.3333333333333333,0.03630041399704624,0.95,bca,bca,False,,5000,5000,whole_patient_cluster,True,three_class_patient_label,52027
sam2_unet,3407,model_specific,patient,calibrated,class_conditional_coverage.normal,1.0,1.0,1.0,0.0,0.95,bca,bca,False,,5000,5000,whole_patient_cluster,True,three_class_patient_label,53407
sam2_unet,3407,model_specific,patient,calibrated,class_conditional_coverage.papilledema,1.0,1.0,1.0,0.0,0.95,bca,bca,False,,5000,5000,whole_patient_cluster,True,three_class_patient_label,53407
sam2_unet,3407,model_specific,patient,calibrated,class_conditional_coverage.pseudopapilledema,1.0,1.0,1.0,0.0,0.95,bca,bca,False,,5000,5000,whole_patient_cluster,True,three_class_patient_label,53407
sam2_unet,3407,model_specific,patient,calibrated,conditional.accuracy,0.6111111111111112,0.4444444444444444,0.7222222222222222,0.07766578269848208,0.95,bca,bca,False,,5000,5000,whole_patient_cluster,True,three_class_patient_label,53407
sam2_unet,3407,model_specific,patient,calibrated,conditional.balanced_accuracy,0.4666666666666666,0.2833333333333333,0.6333333333333333,0.08973941459863945,0.95,bca,bca,False,,5000,5000,whole_patient_cluster,True,three_class_patient_label,53407
sam2_unet,3407,model_specific,patient,calibrated,conditional.derived_discrimination.normal_vs_abnormal.auroc,0.8125,0.55,1.0,0.10077482997763582,0.95,bca,bca,False,,5000,5000,whole_patient_cluster,True,three_class_patient_label,53407
sam2_unet,3407,model_specific,patient,calibrated,conditional.derived_discrimination.normal_vs_abnormal.average_precision,0.875,0.7247899159663865,1.0,0.06467911929166506,0.95,bca,bca,False,,5000,5000,whole_patient_cluster,True,three_class_patient_label,53407
sam2_unet,3407,model_specific,patient,calibrated,conditional.derived_discrimination.papilledema_vs_pseudopapilledema.auroc,0.1875,0.0,0.75,0.15899623725325118,0.95,bca,bca,False,,5000,5000,whole_patient_cluster,True,three_class_patient_label,53407
sam2_unet,3407,model_specific,patient,calibrated,conditional.derived_discrimination.papilledema_vs_pseudopapilledema.average_precision,0.4154761904761905,0.36547619047619045,0.4583333333333333,0.08372416320411648,0.95,bca,bca,False,,5000,5000,whole_patient_cluster,True,three_class_patient_label,53407
sam2_unet,3407,model_specific,patient,calibrated,conditional.macro_auroc,0.7291666666666666,0.5395709195933288,0.8577380952380952,0.08049497656418343,0.95,bca,bca,False,,5000,5000,whole_patient_cluster,True,three_class_patient_label,53407
sam2_unet,3407,model_specific,patient,calibrated,conditional.macro_average_precision,0.5455246605246605,0.4025784045430375,0.6455026455026455,0.07934421045199946,0.95,bca,bca,False,,5000,5000,whole_patient_cluster,True,three_class_patient_label,53407
sam2_unet,3407,model_specific,patient,calibrated,conditional.macro_classwise_ece,0.1553178261222017,0.08522931472214593,0.2601373542686069,0.048682822991867276,0.95,bca,bca,False,,5000,5000,whole_patient_cluster,True,three_class_patient_label,53407
sam2_unet,3407,model_specific,patient,calibrated,conditional.macro_f1,0.41904761904761906,0.2608695652173913,0.5555555555555555,0.07127060934301012,0.95,bca,bca,False,,5000,5000,whole_patient_cluster,True,three_class_patient_label,53407
sam2_unet,3407,model_specific,patient,calibrated,conditional.multiclass_brier,0.47884792530799675,0.32821876763619406,0.7093387695531501,0.09980926828360268,0.95,bca,bca,False,,5000,5000,whole_patient_cluster,True,three_class_patient_label,53407
sam2_unet,3407,model_specific,patient,calibrated,conditional.multiclass_mcc,0.33608303621116564,0.0,0.5842021352506859,0.1509996311468075,0.95,bca,bca,False,,5000,5000,whole_patient_cluster,True,three_class_patient_label,53407
sam2_unet,3407,model_specific,patient,calibrated,conditional.multiclass_nll,0.8459388761371668,0.5601000005060691,1.38764585704477,0.1944405635533064,0.95,bca,bca,False,,5000,5000,whole_patient_cluster,True,three_class_patient_label,53407
sam2_unet,3407,model_specific,patient,calibrated,conditional.per_class.normal.auroc_ovr,0.8125,0.55,1.0,0.1007748299776358,0.95,bca,bca,False,,5000,5000,whole_patient_cluster,True,three_class_patient_label,53407
sam2_unet,3407,model_specific,patient,calibrated,conditional.per_class.normal.average_precision_ovr,0.811024531024531,0.6069179557849527,0.9447979797979799,0.08761777108909911,0.95,bca,bca,False,,5000,5000,whole_patient_cluster,True,three_class_patient_label,53407
sam2_unet,3407,model_specific,patient,calibrated,conditional.per_class.normal.f1,0.8571428571428571,0.6666666666666666,0.9523809523809523,0.0691145848994766,0.95,bca,bca,False,,5000,5000,whole_patient_cluster,True,three_class_patient_label,53407
sam2_unet,3407,model_specific,patient,calibrated,conditional.per_class.normal.precision,0.8181818181818182,0.6666666666666666,1.0,0.07941589805201442,0.95,bca,bca,False,,5000,5000,whole_patient_cluster,True,three_class_patient_label,53407
sam2_unet,3407,model_specific,patient,calibrated,conditional.per_class.normal.recall,0.9,0.5,1.0,0.09644606766889854,0.95,bca,bca,False,,5000,5000,whole_patient_cluster,True,three_class_patient_label,53407
sam2_unet,3407,model_specific,patient,calibrated,conditional.per_class.papilledema.auroc_ovr,0.8392857142857143,0.5714285714285714,0.9642857142857143,0.09021884011841572,0.95,bca,bca,False,,5000,5000,whole_patient_cluster,True,three_class_patient_label,53407
sam2_unet,3407,model_specific,patient,calibrated,conditional.per_class.papilledema.average_precision_ovr,0.5178571428571428,0.27978192846813826,0.825,0.16705870022005515,0.95,bca,bca,False,,5000,5000,whole_patient_cluster,True,three_class_patient_label,53407
sam2_unet,3407,model_specific,patient,calibrated,conditional.per_class.papilledema.f1,0.0,0.0,0.0,0.0,0.95,bca,bca,False,,5000,5000,whole_patient_cluster,True,three_class_patient_label,53407
sam2_unet,3407,model_specific,patient,calibrated,conditional.per_class.papilledema.precision,0.0,0.0,0.0,0.0,0.95,bca,bca,False,,5000,5000,whole_patient_cluster,True,three_class_patient_label,53407
sam2_unet,3407,model_specific,patient,calibrated,conditional.per_class.papilledema.recall,0.0,0.0,0.0,0.0,0.95,bca,bca,False,,5000,5000,whole_patient_cluster,True,three_class_patient_label,53407
sam2_unet,3407,model_specific,patient,calibrated,conditional.per_class.pseudopapilledema.auroc_ovr,0.5357142857142857,0.19642857142857145,0.8214285714285714,0.15910891426537827,0.95,bca,bca,False,,5000,5000,whole_patient_cluster,True,three_class_patient_label,53407
sam2_unet,3407,model_specific,patient,calibrated,conditional.per_class.pseudopapilledema.average_precision_ovr,0.30769230769230765,0.19637271758651442,0.5357142857142857,0.11734551522722268,0.95,bca,bca,False,,5000,5000,whole_patient_cluster,True,three_class_patient_label,53407
sam2_unet,3407,model_specific,patient,calibrated,conditional.per_class.pseudopapilledema.f1,0.4,0.0,0.6666666666666666,0.16543929640129187,0.95,bca,bca,False,,5000,5000,whole_patient_cluster,True,three_class_patient_label,53407
sam2_unet,3407,model_specific,patient,calibrated,conditional.per_class.pseudopapilledema.precision,0.3333333333333333,0.0,0.5,0.12245087369138428,0.95,bca,bca,False,,5000,5000,whole_patient_cluster,True,three_class_patient_label,53407
sam2_unet,3407,model_specific,patient,calibrated,conditional.per_class.pseudopapilledema.recall,0.5,0.0,1.0,0.25024068729987947,0.95,bca,bca,False,,5000,5000,whole_patient_cluster,True,three_class_patient_label,53407
sam2_unet,3407,model_specific,patient,calibrated,conditional.top_label_ece,0.16035704482025734,0.057427762427943924,0.2956656896828884,0.06957975357486726,0.95,bca,bca,False,,5000,5000,whole_patient_cluster,True,three_class_patient_label,53407
sam2_unet,3407,model_specific,patient,calibrated,conditional_aurc,0.26041618602893113,0.09539936733564185,0.49367930997832965,0.09522568106513635,0.95,bca,bca,False,,5000,5000,whole_patient_cluster,True,three_class_patient_label,53407
sam2_unet,3407,model_specific,patient,calibrated,coverage,1.0,1.0,1.0,0.0,0.95,bca,bca,False,,5000,5000,whole_patient_cluster,True,three_class_patient_label,53407
sam2_unet,3407,model_specific,patient,calibrated,failure_aware.accuracy,0.6111111111111112,0.4444444444444444,0.7222222222222222,0.07766578269848208,0.95,bca,bca,False,,5000,5000,whole_patient_cluster,True,three_class_patient_label,53407
sam2_unet,3407,model_specific,patient,calibrated,failure_aware.balanced_accuracy,0.4666666666666666,0.2833333333333333,0.6333333333333333,0.08973941459863945,0.95,bca,bca,False,,5000,5000,whole_patient_cluster,True,three_class_patient_label,53407
sam2_unet,3407,model_specific,patient,calibrated,failure_aware.macro_f1,0.41904761904761906,0.2608695652173913,0.5555555555555555,0.07127060934301012,0.95,bca,bca,False,,5000,5000,whole_patient_cluster,True,three_class_patient_label,53407
sam2_unet,3407,model_specific,patient,calibrated,failure_aware.multiclass_mcc,0.33608303621116564,0.0,0.5842021352506859,0.1509996311468075,0.95,bca,bca,False,,5000,5000,whole_patient_cluster,True,three_class_patient_label,53407
sam2_unet,3407,model_specific,patient,calibrated,failure_aware.per_class.normal.f1,0.8571428571428571,0.6666666666666666,0.9523809523809523,0.0691145848994766,0.95,bca,bca,False,,5000,5000,whole_patient_cluster,True,three_class_patient_label,53407
sam2_unet,3407,model_specific,patient,calibrated,failure_aware.per_class.normal.precision,0.8181818181818182,0.6666666666666666,1.0,0.07941589805201442,0.95,bca,bca,False,,5000,5000,whole_patient_cluster,True,three_class_patient_label,53407
sam2_unet,3407,model_specific,patient,calibrated,failure_aware.per_class.normal.recall,0.9,0.5,1.0,0.09644606766889854,0.95,bca,bca,False,,5000,5000,whole_patient_cluster,True,three_class_patient_label,53407
sam2_unet,3407,model_specific,patient,calibrated,failure_aware.per_class.papilledema.f1,0.0,0.0,0.0,0.0,0.95,bca,bca,False,,5000,5000,whole_patient_cluster,True,three_class_patient_label,53407
sam2_unet,3407,model_specific,patient,calibrated,failure_aware.per_class.papilledema.precision,0.0,0.0,0.0,0.0,0.95,bca,bca,False,,5000,5000,whole_patient_cluster,True,three_class_patient_label,53407
sam2_unet,3407,model_specific,patient,calibrated,failure_aware.per_class.papilledema.recall,0.0,0.0,0.0,0.0,0.95,bca,bca,False,,5000,5000,whole_patient_cluster,True,three_class_patient_label,53407
sam2_unet,3407,model_specific,patient,calibrated,failure_aware.per_class.pseudopapilledema.f1,0.4,0.0,0.6666666666666666,0.16543929640129187,0.95,bca,bca,False,,5000,5000,whole_patient_cluster,True,three_class_patient_label,53407
sam2_unet,3407,model_specific,patient,calibrated,failure_aware.per_class.pseudopapilledema.precision,0.3333333333333333,0.0,0.5,0.12245087369138428,0.95,bca,bca,False,,5000,5000,whole_patient_cluster,True,three_class_patient_label,53407
sam2_unet,3407,model_specific,patient,calibrated,failure_aware.per_class.pseudopapilledema.recall,0.5,0.0,1.0,0.25024068729987947,0.95,bca,bca,False,,5000,5000,whole_patient_cluster,True,three_class_patient_label,53407
sam2_unet,3407,model_specific,patient,calibrated,failure_aware_aurc,0.26041618602893113,0.09539936733564185,0.49367930997832965,0.09522568106513635,0.95,bca,bca,False,,5000,5000,whole_patient_cluster,True,three_class_patient_label,53407
sam2_unet,3407,model_specific,patient,calibrated,localized_diagnostic_success.rate,0.5555555555555556,0.3888888888888889,0.7222222222222222,0.08920256494270766,0.95,bca,bca,False,,5000,5000,whole_patient_cluster,True,three_class_patient_label,53407
sam2_unet,3407,model_specific,patient,calibrated,selective_risk,0.3888888888888889,0.2777777777777778,0.5555555555555556,0.0776657826984821,0.95,bca,bca,False,,5000,5000,whole_patient_cluster,True,three_class_patient_label,53407
sam2_unet,3407,model_specific,eye,calibrated,class_conditional_coverage.normal,1.0,1.0,1.0,0.0,0.95,bca,bca,False,,5000,5000,whole_patient_cluster,True,three_class_patient_label,53408
sam2_unet,3407,model_specific,eye,calibrated,class_conditional_coverage.papilledema,1.0,1.0,1.0,0.0,0.95,bca,bca,False,,5000,5000,whole_patient_cluster,True,three_class_patient_label,53408
sam2_unet,3407,model_specific,eye,calibrated,class_conditional_coverage.pseudopapilledema,1.0,1.0,1.0,0.0,0.95,bca,bca,False,,5000,5000,whole_patient_cluster,True,three_class_patient_label,53408
sam2_unet,3407,model_specific,eye,calibrated,conditional.accuracy,0.6111111111111112,0.4444444444444444,0.7222222222222222,0.07735375962571601,0.95,bca,bca,False,,5000,5000,whole_patient_cluster,True,three_class_patient_label,53408
sam2_unet,3407,model_specific,eye,calibrated,conditional.balanced_accuracy,0.4666666666666666,0.26666666666666666,0.6333333333333333,0.09026283551880683,0.95,bca,bca,False,,5000,5000,whole_patient_cluster,True,three_class_patient_label,53408
sam2_unet,3407,model_specific,eye,calibrated,conditional.derived_discrimination.normal_vs_abnormal.auroc,0.815625,0.59375,1.0,0.0960806892311249,0.95,bca,bca,False,,5000,5000,whole_patient_cluster,True,three_class_patient_label,53408
sam2_unet,3407,model_specific,eye,calibrated,conditional.derived_discrimination.normal_vs_abnormal.average_precision,0.8765129556433904,0.7271674258240759,1.0,0.0659668001187627,0.95,bca,bca,False,,5000,5000,whole_patient_cluster,True,three_class_patient_label,53408
sam2_unet,3407,model_specific,eye,calibrated,conditional.derived_discrimination.papilledema_vs_pseudopapilledema.auroc,0.21875,0.0,0.59375,0.14334050939741785,0.95,bca,bca,False,,5000,5000,whole_patient_cluster,True,three_class_patient_label,53408
sam2_unet,3407,model_specific,eye,calibrated,conditional.derived_discrimination.papilledema_vs_pseudopapilledema.average_precision,0.3927197802197802,0.34830031080031076,0.5141483516483516,0.06492478042815684,0.95,bca,bca,False,,5000,5000,whole_patient_cluster,True,three_class_patient_label,53408
sam2_unet,3407,model_specific,eye,calibrated,conditional.macro_auroc,0.7272321428571429,0.5351371612640193,0.8635141214817005,0.08114989694924393,0.95,bca,bca,False,,5000,5000,whole_patient_cluster,True,three_class_patient_label,53408
sam2_unet,3407,model_specific,eye,calibrated,conditional.macro_average_precision,0.5091216309627268,0.3575713416124247,0.6200375235466906,0.07904695444969059,0.95,bca,bca,False,,5000,5000,whole_patient_cluster,True,three_class_patient_label,53408
sam2_unet,3407,model_specific,eye,calibrated,conditional.macro_classwise_ece,0.13515905482694857,0.09324104251843124,0.21688736720177293,0.03847747774984662,0.95,bca,bca,False,,5000,5000,whole_patient_cluster,True,three_class_patient_label,53408
sam2_unet,3407,model_specific,eye,calibrated,conditional.macro_f1,0.41269841269841273,0.2608695652173913,0.5291228070175439,0.0713632771569824,0.95,bca,bca,False,,5000,5000,whole_patient_cluster,True,three_class_patient_label,53408
sam2_unet,3407,model_specific,eye,calibrated,conditional.multiclass_brier,0.47819755515695817,0.3376485146722777,0.7264819758078097,0.09181038666902998,0.95,bca,bca,False,,5000,5000,whole_patient_cluster,True,three_class_patient_label,53408
sam2_unet,3407,model_specific,eye,calibrated,conditional.multiclass_mcc,0.3417929635123316,0.0,0.5969128791852656,0.15205648600908572,0.95,bca,bca,False,,5000,5000,whole_patient_cluster,True,three_class_patient_label,53408
sam2_unet,3407,model_specific,eye,calibrated,conditional.multiclass_nll,0.8716820660661069,0.5803507706193805,1.4581673596432863,0.2023507130573704,0.95,bca,bca,False,,5000,5000,whole_patient_cluster,True,three_class_patient_label,53408
sam2_unet,3407,model_specific,eye,calibrated,conditional.per_class.normal.auroc_ovr,0.815625,0.59375,1.0,0.0960806892311249,0.95,bca,bca,False,,5000,5000,whole_patient_cluster,True,three_class_patient_label,53408
sam2_unet,3407,model_specific,eye,calibrated,conditional.per_class.normal.average_precision_ovr,0.7482613004022347,0.5647621062199126,0.9002658829437458,0.09938308069910892,0.95,bca,bca,False,,5000,5000,whole_patient_cluster,True,three_class_patient_label,53408
sam2_unet,3407,model_specific,eye,calibrated,conditional.per_class.normal.f1,0.8571428571428571,0.6666666666666666,0.9523809523809523,0.0682070560047964,0.95,bca,bca,False,,5000,5000,whole_patient_cluster,True,three_class_patient_label,53408
sam2_unet,3407,model_specific,eye,calibrated,conditional.per_class.normal.precision,0.8181818181818182,0.6363636363636364,1.0,0.08002685551093498,0.95,bca,bca,False,,5000,5000,whole_patient_cluster,True,three_class_patient_label,53408
sam2_unet,3407,model_specific,eye,calibrated,conditional.per_class.normal.recall,0.9,0.6,1.0,0.0947089961872248,0.95,bca,bca,False,,5000,5000,whole_patient_cluster,True,three_class_patient_label,53408
sam2_unet,3407,model_specific,eye,calibrated,conditional.per_class.papilledema.auroc_ovr,0.8482142857142857,0.6071428571428572,0.9642857142857143,0.08286172022698621,0.95,bca,bca,False,,5000,5000,whole_patient_cluster,True,three_class_patient_label,53408
sam2_unet,3407,model_specific,eye,calibrated,conditional.per_class.papilledema.average_precision_ovr,0.4961496836496837,0.2466846459964966,0.8212121212121212,0.17489973116776628,0.95,bca,bca,False,,5000,5000,whole_patient_cluster,True,three_class_patient_label,53408
sam2_unet,3407,model_specific,eye,calibrated,conditional.per_class.papilledema.f1,0.0,0.0,0.0,0.0,0.95,bca,bca,False,,5000,5000,whole_patient_cluster,True,three_class_patient_label,53408
sam2_unet,3407,model_specific,eye,calibrated,conditional.per_class.papilledema.precision,0.0,0.0,0.0,0.0,0.95,bca,bca,False,,5000,5000,whole_patient_cluster,True,three_class_patient_label,53408
sam2_unet,3407,model_specific,eye,calibrated,conditional.per_class.papilledema.recall,0.0,0.0,0.0,0.0,0.95,bca,bca,False,,5000,5000,whole_patient_cluster,True,three_class_patient_label,53408
sam2_unet,3407,model_specific,eye,calibrated,conditional.per_class.pseudopapilledema.auroc_ovr,0.5178571428571429,0.17857142857142855,0.8526785714285714,0.16774541391705866,0.95,bca,bca,False,,5000,5000,whole_patient_cluster,True,three_class_patient_label,53408
sam2_unet,3407,model_specific,eye,calibrated,conditional.per_class.pseudopapilledema.average_precision_ovr,0.2829539088362618,0.16926406926406926,0.5332792207792207,0.10530897258172105,0.95,bca,bca,False,,5000,5000,whole_patient_cluster,True,three_class_patient_label,53408
sam2_unet,3407,model_specific,eye,calibrated,conditional.per_class.pseudopapilledema.f1,0.38095238095238093,0.0,0.6666666666666666,0.16178317074261706,0.95,bca,bca,False,,5000,5000,whole_patient_cluster,True,three_class_patient_label,53408
sam2_unet,3407,model_specific,eye,calibrated,conditional.per_class.pseudopapilledema.precision,0.3076923076923077,0.0,0.5,0.11919028535932315,0.95,bca,bca,False,,5000,5000,whole_patient_cluster,True,three_class_patient_label,53408
sam2_unet,3407,model_specific,eye,calibrated,conditional.per_class.pseudopapilledema.recall,0.5,0.0,1.0,0.252698479030367,0.95,bca,bca,False,,5000,5000,whole_patient_cluster,True,three_class_patient_label,53408
sam2_unet,3407,model_specific,eye,calibrated,conditional.top_label_ece,0.12966369359273677,0.06240254541859883,0.17149209395644602,0.046250435394072004,0.95,bca,bca,False,,5000,5000,whole_patient_cluster,True,three_class_patient_label,53408
sam2_unet,3407,model_specific,eye,calibrated,conditional_aurc,0.3161802565096865,0.11893772204529333,0.5341644604799052,0.10311614169823301,0.95,bca,bca,False,,5000,5000,whole_patient_cluster,True,three_class_patient_label,53408
sam2_unet,3407,model_specific,eye,calibrated,coverage,1.0,1.0,1.0,0.0,0.95,bca,bca,False,,5000,5000,whole_patient_cluster,True,three_class_patient_label,53408
sam2_unet,3407,model_specific,eye,calibrated,failure_aware.accuracy,0.6111111111111112,0.4444444444444444,0.7222222222222222,0.07735375962571601,0.95,bca,bca,False,,5000,5000,whole_patient_cluster,True,three_class_patient_label,53408
sam2_unet,3407,model_specific,eye,calibrated,failure_aware.balanced_accuracy,0.4666666666666666,0.26666666666666666,0.6333333333333333,0.09026283551880683,0.95,bca,bca,False,,5000,5000,whole_patient_cluster,True,three_class_patient_label,53408
sam2_unet,3407,model_specific,eye,calibrated,failure_aware.macro_f1,0.41269841269841273,0.2608695652173913,0.5291228070175439,0.0713632771569824,0.95,bca,bca,False,,5000,5000,whole_patient_cluster,True,three_class_patient_label,53408
sam2_unet,3407,model_specific,eye,calibrated,failure_aware.multiclass_mcc,0.3417929635123316,0.0,0.5969128791852656,0.15205648600908572,0.95,bca,bca,False,,5000,5000,whole_patient_cluster,True,three_class_patient_label,53408
sam2_unet,3407,model_specific,eye,calibrated,failure_aware.per_class.normal.f1,0.8571428571428571,0.6666666666666666,0.9523809523809523,0.0682070560047964,0.95,bca,bca,False,,5000,5000,whole_patient_cluster,True,three_class_patient_label,53408
sam2_unet,3407,model_specific,eye,calibrated,failure_aware.per_class.normal.precision,0.8181818181818182,0.6363636363636364,1.0,0.08002685551093498,0.95,bca,bca,False,,5000,5000,whole_patient_cluster,True,three_class_patient_label,53408
sam2_unet,3407,model_specific,eye,calibrated,failure_aware.per_class.normal.recall,0.9,0.6,1.0,0.0947089961872248,0.95,bca,bca,False,,5000,5000,whole_patient_cluster,True,three_class_patient_label,53408
sam2_unet,3407,model_specific,eye,calibrated,failure_aware.per_class.papilledema.f1,0.0,0.0,0.0,0.0,0.95,bca,bca,False,,5000,5000,whole_patient_cluster,True,three_class_patient_label,53408
sam2_unet,3407,model_specific,eye,calibrated,failure_aware.per_class.papilledema.precision,0.0,0.0,0.0,0.0,0.95,bca,bca,False,,5000,5000,whole_patient_cluster,True,three_class_patient_label,53408
sam2_unet,3407,model_specific,eye,calibrated,failure_aware.per_class.papilledema.recall,0.0,0.0,0.0,0.0,0.95,bca,bca,False,,5000,5000,whole_patient_cluster,True,three_class_patient_label,53408
sam2_unet,3407,model_specific,eye,calibrated,failure_aware.per_class.pseudopapilledema.f1,0.38095238095238093,0.0,0.6666666666666666,0.16178317074261706,0.95,bca,bca,False,,5000,5000,whole_patient_cluster,True,three_class_patient_label,53408
sam2_unet,3407,model_specific,eye,calibrated,failure_aware.per_class.pseudopapilledema.precision,0.3076923076923077,0.0,0.5,0.11919028535932315,0.95,bca,bca,False,,5000,5000,whole_patient_cluster,True,three_class_patient_label,53408
sam2_unet,3407,model_specific,eye,calibrated,failure_aware.per_class.pseudopapilledema.recall,0.5,0.0,1.0,0.252698479030367,0.95,bca,bca,False,,5000,5000,whole_patient_cluster,True,three_class_patient_label,53408
sam2_unet,3407,model_specific,eye,calibrated,failure_aware_aurc,0.3161802565096865,0.11893772204529333,0.5341644604799052,0.10311614169823301,0.95,bca,bca,False,,5000,5000,whole_patient_cluster,True,three_class_patient_label,53408
sam2_unet,3407,model_specific,eye,calibrated,localized_diagnostic_success.rate,0.5833333333333334,0.3888888888888889,0.7222222222222222,0.07987639833370752,0.95,bca,bca,False,,5000,5000,whole_patient_cluster,True,three_class_patient_label,53408
sam2_unet,3407,model_specific,eye,calibrated,selective_risk,0.3888888888888889,0.2777777777777778,0.5555555555555556,0.07735375962571603,0.95,bca,bca,False,,5000,5000,whole_patient_cluster,True,three_class_patient_label,53408
sam2_unet,3407,standardized_resnet18,patient,calibrated,class_conditional_coverage.normal,1.0,1.0,1.0,0.0,0.95,bca,bca,False,,5000,5000,whole_patient_cluster,True,three_class_patient_label,53407
sam2_unet,3407,standardized_resnet18,patient,calibrated,class_conditional_coverage.papilledema,1.0,1.0,1.0,0.0,0.95,bca,bca,False,,5000,5000,whole_patient_cluster,True,three_class_patient_label,53407
sam2_unet,3407,standardized_resnet18,patient,calibrated,class_conditional_coverage.pseudopapilledema,1.0,1.0,1.0,0.0,0.95,bca,bca,False,,5000,5000,whole_patient_cluster,True,three_class_patient_label,53407
sam2_unet,3407,standardized_resnet18,patient,calibrated,conditional.accuracy,0.4444444444444444,0.2222222222222222,0.6666666666666666,0.10132233753088565,0.95,bca,bca,False,,5000,5000,whole_patient_cluster,True,three_class_patient_label,53407
sam2_unet,3407,standardized_resnet18,patient,calibrated,conditional.balanced_accuracy,0.3666666666666667,0.16666666666666666,0.5666666666666667,0.09773303333426472,0.95,bca,bca,False,,5000,5000,whole_patient_cluster,True,three_class_patient_label,53407
sam2_unet,3407,standardized_resnet18,patient,calibrated,conditional.derived_discrimination.normal_vs_abnormal.auroc,0.8250000000000001,0.575,0.9875,0.09585774729537154,0.95,bca,bca,False,,5000,5000,whole_patient_cluster,True,three_class_patient_label,53407
sam2_unet,3407,standardized_resnet18,patient,calibrated,conditional.derived_discrimination.normal_vs_abnormal.average_precision,0.8675595238095238,0.6916595915682,0.9722222222222222,0.06829980628225539,0.95,bca,bca,False,,5000,5000,whole_patient_cluster,True,three_class_patient_label,53407
sam2_unet,3407,standardized_resnet18,patient,calibrated,conditional.derived_discrimination.papilledema_vs_pseudopapilledema.auroc,0.3125,0.0,1.0,0.2177019233246088,0.95,bca,bca,False,,5000,5000,whole_patient_cluster,True,three_class_patient_label,53407
sam2_unet,3407,standardized_resnet18,patient,calibrated,conditional.derived_discrimination.papilledema_vs_pseudopapilledema.average_precision,0.5821428571428572,0.3892857142857143,0.875,0.13782738663405,0.95,bca,bca,False,,5000,5000,whole_patient_cluster,True,three_class_patient_label,53407
sam2_unet,3407,standardized_resnet18,patient,calibrated,conditional.macro_auroc,0.5904761904761905,0.3766110573877011,0.7964285714285714,0.10762565938704313,0.95,bca,bca,False,,5000,5000,whole_patient_cluster,True,three_class_patient_label,53407
sam2_unet,3407,standardized_resnet18,patient,calibrated,conditional.macro_average_precision,0.5043952343952344,0.368401658667656,0.6841776908963183,0.08747138952118519,0.95,bca,bca,False,,5000,5000,whole_patient_cluster,True,three_class_patient_label,53407
sam2_unet,3407,standardized_resnet18,patient,calibrated,conditional.macro_classwise_ece,0.28898450215299615,0.18419880414367,0.3774648442666949,0.050874505060841464,0.95,bca,bca,False,,5000,5000,whole_patient_cluster,True,three_class_patient_label,53407
sam2_unet,3407,standardized_resnet18,patient,calibrated,conditional.macro_f1,0.3434343434343434,0.19166666666666665,0.49673202614379086,0.07701780348000495,0.95,bca,bca,False,,5000,5000,whole_patient_cluster,True,three_class_patient_label,53407
sam2_unet,3407,standardized_resnet18,patient,calibrated,conditional.multiclass_brier,0.7373979788676763,0.48775998023456557,1.0120050990088423,0.133689310686153,0.95,bca,bca,False,,5000,5000,whole_patient_cluster,True,three_class_patient_label,53407
sam2_unet,3407,standardized_resnet18,patient,calibrated,conditional.multiclass_mcc,0.12186666955535813,-0.1828000043330372,0.43979660370628026,0.15897763940473691,0.95,bca,bca,False,,5000,5000,whole_patient_cluster,True,three_class_patient_label,53407
sam2_unet,3407,standardized_resnet18,patient,calibrated,conditional.multiclass_nll,1.4275006952680904,0.8974459889354892,2.0551120983710116,0.2926839887695024,0.95,bca,bca,False,,5000,5000,whole_patient_cluster,True,three_class_patient_label,53407
sam2_unet,3407,standardized_resnet18,patient,calibrated,conditional.per_class.normal.auroc_ovr,0.825,0.5625,0.975,0.09585774729537154,0.95,bca,bca,False,,5000,5000,whole_patient_cluster,True,three_class_patient_label,53407
sam2_unet,3407,standardized_resnet18,patient,calibrated,conditional.per_class.normal.average_precision_ovr,0.8298523698523699,0.6003323238129239,0.9595959595959596,0.08495195399447618,0.95,bca,bca,False,,5000,5000,whole_patient_cluster,True,three_class_patient_label,53407
sam2_unet,3407,standardized_resnet18,patient,calibrated,conditional.per_class.normal.f1,0.6666666666666666,0.375,0.8628235049761558,0.12251729630492522,0.95,bca,bca,False,,5000,5000,whole_patient_cluster,True,three_class_patient_label,53407
sam2_unet,3407,standardized_resnet18,patient,calibrated,conditional.per_class.normal.precision,0.75,0.5,1.0,0.11462511322653236,0.95,bca,bca,False,,5000,5000,whole_patient_cluster,True,three_class_patient_label,53407
sam2_unet,3407,standardized_resnet18,patient,calibrated,conditional.per_class.normal.recall,0.6,0.3,0.9,0.15223420328733656,0.95,bca,bca,False,,5000,5000,whole_patient_cluster,True,three_class_patient_label,53407
sam2_unet,3407,standardized_resnet18,patient,calibrated,conditional.per_class.papilledema.auroc_ovr,0.3928571428571429,0.14285714285714285,0.75,0.15945321830719128,0.95,bca,bca,False,,5000,5000,whole_patient_cluster,True,three_class_patient_label,53407
sam2_unet,3407,standardized_resnet18,patient,calibrated,conditional.per_class.papilledema.average_precision_ovr,0.22499999999999998,0.1736111111111111,0.375,0.0839225683364776,0.95,bca,bca,False,,5000,5000,whole_patient_cluster,True,three_class_patient_label,53407
sam2_unet,3407,standardized_resnet18,patient,calibrated,conditional.per_class.papilledema.f1,0.0,0.0,0.0,0.0,0.95,bca,bca,False,,5000,5000,whole_patient_cluster,True,three_class_patient_label,53407
sam2_unet,3407,standardized_resnet18,patient,calibrated,conditional.per_class.papilledema.precision,0.0,0.0,0.0,0.0,0.95,bca,bca,False,,5000,5000,whole_patient_cluster,True,three_class_patient_label,53407
sam2_unet,3407,standardized_resnet18,patient,calibrated,conditional.per_class.papilledema.recall,0.0,0.0,0.0,0.0,0.95,bca,bca,False,,5000,5000,whole_patient_cluster,True,three_class_patient_label,53407
sam2_unet,3407,standardized_resnet18,patient,calibrated,conditional.per_class.pseudopapilledema.auroc_ovr,0.5535714285714286,0.19642857142857145,0.8928571428571429,0.17729021901887343,0.95,bca,bca,False,,5000,5000,whole_patient_cluster,True,three_class_patient_label,53407
sam2_unet,3407,standardized_resnet18,patient,calibrated,conditional.per_class.pseudopapilledema.average_precision_ovr,0.4583333333333333,0.21587481146304674,0.9166666666666666,0.1768560316215488,0.95,bca,bca,False,,5000,5000,whole_patient_cluster,True,three_class_patient_label,53407
sam2_unet,3407,standardized_resnet18,patient,calibrated,conditional.per_class.pseudopapilledema.f1,0.36363636363636365,0.0,0.6666666666666666,0.1566653005689931,0.95,bca,bca,False,,5000,5000,whole_patient_cluster,True,three_class_patient_label,53407
sam2_unet,3407,standardized_resnet18,patient,calibrated,conditional.per_class.pseudopapilledema.precision,0.2857142857142857,0.0,0.5,0.11610388332900366,0.95,bca,bca,False,,5000,5000,whole_patient_cluster,True,three_class_patient_label,53407
sam2_unet,3407,standardized_resnet18,patient,calibrated,conditional.per_class.pseudopapilledema.recall,0.5,0.0,1.0,0.25024068729987947,0.95,bca,bca,False,,5000,5000,whole_patient_cluster,True,three_class_patient_label,53407
sam2_unet,3407,standardized_resnet18,patient,calibrated,conditional.top_label_ece,0.3279816630397787,0.18630245767759976,0.47007574609142877,0.07922122149424764,0.95,bca,bca,False,,5000,5000,whole_patient_cluster,True,three_class_patient_label,53407
sam2_unet,3407,standardized_resnet18,patient,calibrated,conditional_aurc,0.42027105973184403,0.1926433769913282,0.692086908933878,0.1334508780077332,0.95,bca,bca,False,,5000,5000,whole_patient_cluster,True,three_class_patient_label,53407
sam2_unet,3407,standardized_resnet18,patient,calibrated,coverage,1.0,1.0,1.0,0.0,0.95,bca,bca,False,,5000,5000,whole_patient_cluster,True,three_class_patient_label,53407
sam2_unet,3407,standardized_resnet18,patient,calibrated,failure_aware.accuracy,0.4444444444444444,0.2222222222222222,0.6666666666666666,0.10132233753088565,0.95,bca,bca,False,,5000,5000,whole_patient_cluster,True,three_class_patient_label,53407
sam2_unet,3407,standardized_resnet18,patient,calibrated,failure_aware.balanced_accuracy,0.3666666666666667,0.16666666666666666,0.5666666666666667,0.09773303333426472,0.95,bca,bca,False,,5000,5000,whole_patient_cluster,True,three_class_patient_label,53407
sam2_unet,3407,standardized_resnet18,patient,calibrated,failure_aware.macro_f1,0.3434343434343434,0.19166666666666665,0.49673202614379086,0.07701780348000495,0.95,bca,bca,False,,5000,5000,whole_patient_cluster,True,three_class_patient_label,53407
sam2_unet,3407,standardized_resnet18,patient,calibrated,failure_aware.multiclass_mcc,0.12186666955535813,-0.1828000043330372,0.43979660370628026,0.15897763940473691,0.95,bca,bca,False,,5000,5000,whole_patient_cluster,True,three_class_patient_label,53407
sam2_unet,3407,standardized_resnet18,patient,calibrated,failure_aware.per_class.normal.f1,0.6666666666666666,0.375,0.8628235049761558,0.12251729630492522,0.95,bca,bca,False,,5000,5000,whole_patient_cluster,True,three_class_patient_label,53407
sam2_unet,3407,standardized_resnet18,patient,calibrated,failure_aware.per_class.normal.precision,0.75,0.5,1.0,0.11462511322653236,0.95,bca,bca,False,,5000,5000,whole_patient_cluster,True,three_class_patient_label,53407
sam2_unet,3407,standardized_resnet18,patient,calibrated,failure_aware.per_class.normal.recall,0.6,0.3,0.9,0.15223420328733656,0.95,bca,bca,False,,5000,5000,whole_patient_cluster,True,three_class_patient_label,53407
sam2_unet,3407,standardized_resnet18,patient,calibrated,failure_aware.per_class.papilledema.f1,0.0,0.0,0.0,0.0,0.95,bca,bca,False,,5000,5000,whole_patient_cluster,True,three_class_patient_label,53407
sam2_unet,3407,standardized_resnet18,patient,calibrated,failure_aware.per_class.papilledema.precision,0.0,0.0,0.0,0.0,0.95,bca,bca,False,,5000,5000,whole_patient_cluster,True,three_class_patient_label,53407
sam2_unet,3407,standardized_resnet18,patient,calibrated,failure_aware.per_class.papilledema.recall,0.0,0.0,0.0,0.0,0.95,bca,bca,False,,5000,5000,whole_patient_cluster,True,three_class_patient_label,53407
sam2_unet,3407,standardized_resnet18,patient,calibrated,failure_aware.per_class.pseudopapilledema.f1,0.36363636363636365,0.0,0.6666666666666666,0.1566653005689931,0.95,bca,bca,False,,5000,5000,whole_patient_cluster,True,three_class_patient_label,53407
sam2_unet,3407,standardized_resnet18,patient,calibrated,failure_aware.per_class.pseudopapilledema.precision,0.2857142857142857,0.0,0.5,0.11610388332900366,0.95,bca,bca,False,,5000,5000,whole_patient_cluster,True,three_class_patient_label,53407
sam2_unet,3407,standardized_resnet18,patient,calibrated,failure_aware.per_class.pseudopapilledema.recall,0.5,0.0,1.0,0.25024068729987947,0.95,bca,bca,False,,5000,5000,whole_patient_cluster,True,three_class_patient_label,53407
sam2_unet,3407,standardized_resnet18,patient,calibrated,failure_aware_aurc,0.42027105973184403,0.1926433769913282,0.692086908933878,0.1334508780077332,0.95,bca,bca,False,,5000,5000,whole_patient_cluster,True,three_class_patient_label,53407
sam2_unet,3407,standardized_resnet18,patient,calibrated,localized_diagnostic_success.rate,0.4444444444444444,0.2222222222222222,0.6666666666666666,0.10132233753088565,0.95,bca,bca,False,,5000,5000,whole_patient_cluster,True,three_class_patient_label,53407
sam2_unet,3407,standardized_resnet18,patient,calibrated,selective_risk,0.5555555555555556,0.3333333333333333,0.7777777777777778,0.10132233753088564,0.95,bca,bca,False,,5000,5000,whole_patient_cluster,True,three_class_patient_label,53407
sam2_unet,3407,standardized_resnet18,eye,calibrated,class_conditional_coverage.normal,1.0,1.0,1.0,0.0,0.95,bca,bca,False,,5000,5000,whole_patient_cluster,True,three_class_patient_label,53408
sam2_unet,3407,standardized_resnet18,eye,calibrated,class_conditional_coverage.papilledema,1.0,1.0,1.0,0.0,0.95,bca,bca,False,,5000,5000,whole_patient_cluster,True,three_class_patient_label,53408
sam2_unet,3407,standardized_resnet18,eye,calibrated,class_conditional_coverage.pseudopapilledema,1.0,1.0,1.0,0.0,0.95,bca,bca,False,,5000,5000,whole_patient_cluster,True,three_class_patient_label,53408
sam2_unet,3407,standardized_resnet18,eye,calibrated,conditional.accuracy,0.5277777777777778,0.3611111111111111,0.6666666666666666,0.07986850686140468,0.95,bca,bca,False,,5000,5000,whole_patient_cluster,True,three_class_patient_label,53408
sam2_unet,3407,standardized_resnet18,eye,calibrated,conditional.balanced_accuracy,0.4166666666666667,0.26666666666666666,0.6083333333333333,0.08689459458129041,0.95,bca,bca,False,,5000,5000,whole_patient_cluster,True,three_class_patient_label,53408
sam2_unet,3407,standardized_resnet18,eye,calibrated,conditional.derived_discrimination.normal_vs_abnormal.auroc,0.796875,0.55,0.94375,0.09607135043736685,0.95,bca,bca,False,,5000,5000,whole_patient_cluster,True,three_class_patient_label,53408
sam2_unet,3407,standardized_resnet18,eye,calibrated,conditional.derived_discrimination.normal_vs_abnormal.average_precision,0.8054165217951983,0.5834119029757805,0.9445171887873525,0.08952163430378086,0.95,bca,bca,False,,5000,5000,whole_patient_cluster,True,three_class_patient_label,53408
sam2_unet,3407,standardized_resnet18,eye,calibrated,conditional.derived_discrimination.papilledema_vs_pseudopapilledema.auroc,0.3125,0.046875,0.75,0.17119117464356237,0.95,bca,bca,False,,5000,5000,whole_patient_cluster,True,three_class_patient_label,53408
sam2_unet,3407,standardized_resnet18,eye,calibrated,conditional.derived_discrimination.papilledema_vs_pseudopapilledema.average_precision,0.46793623043623045,0.3641504329004329,0.7264880952380952,0.11096416424654672,0.95,bca,bca,False,,5000,5000,whole_patient_cluster,True,three_class_patient_label,53408
sam2_unet,3407,standardized_resnet18,eye,calibrated,conditional.macro_auroc,0.6153273809523809,0.40540808972522113,0.8033270027412279,0.10168146005615106,0.95,bca,bca,False,,5000,5000,whole_patient_cluster,True,three_class_patient_label,53408
sam2_unet,3407,standardized_resnet18,eye,calibrated,conditional.macro_average_precision,0.47415323083161565,0.34145227384127863,0.628156967707126,0.08235132040131625,0.95,bca,bca,False,,5000,5000,whole_patient_cluster,True,three_class_patient_label,53408
sam2_unet,3407,standardized_resnet18,eye,calibrated,conditional.macro_classwise_ece,0.22624162396813555,0.14522802828457335,0.2904170615914621,0.04536744053380598,0.95,bca,bca,False,,5000,5000,whole_patient_cluster,True,three_class_patient_label,53408
sam2_unet,3407,standardized_resnet18,eye,calibrated,conditional.macro_f1,0.40769230769230774,0.2695035460992908,0.5951951951951951,0.08175771933922082,0.95,bca,bca,False,,5000,5000,whole_patient_cluster,True,three_class_patient_label,53408
sam2_unet,3407,standardized_resnet18,eye,calibrated,conditional.multiclass_brier,0.7162945714021048,0.5028210600387623,0.9474289375185135,0.11386421974450964,0.95,bca,bca,False,,5000,5000,whole_patient_cluster,True,three_class_patient_label,53408
sam2_unet,3407,standardized_resnet18,eye,calibrated,conditional.multiclass_mcc,0.21903538824921198,-0.04847967152871431,0.4850069311232551,0.13524413289693563,0.95,bca,bca,False,,5000,5000,whole_patient_cluster,True,three_class_patient_label,53408
sam2_unet,3407,standardized_resnet18,eye,calibrated,conditional.multiclass_nll,1.259942684424335,0.8774596839694525,1.6906423427645318,0.20743449782085094,0.95,bca,bca,False,,5000,5000,whole_patient_cluster,True,three_class_patient_label,53408
sam2_unet,3407,standardized_resnet18,eye,calibrated,conditional.per_class.normal.auroc_ovr,0.796875,0.55,0.94375,0.09607135043736685,0.95,bca,bca,False,,5000,5000,whole_patient_cluster,True,three_class_patient_label,53408
sam2_unet,3407,standardized_resnet18,eye,calibrated,conditional.per_class.normal.average_precision_ovr,0.8212028718301314,0.6064385181127593,0.9498615170359922,0.08084029808365803,0.95,bca,bca,False,,5000,5000,whole_patient_cluster,True,three_class_patient_label,53408
sam2_unet,3407,standardized_resnet18,eye,calibrated,conditional.per_class.normal.f1,0.7692307692307693,0.5882352941176471,0.9,0.08042664507589192,0.95,bca,bca,False,,5000,5000,whole_patient_cluster,True,three_class_patient_label,53408
sam2_unet,3407,standardized_resnet18,eye,calibrated,conditional.per_class.normal.precision,0.7894736842105263,0.6,1.0,0.09210518243123397,0.95,bca,bca,False,,5000,5000,whole_patient_cluster,True,three_class_patient_label,53408
sam2_unet,3407,standardized_resnet18,eye,calibrated,conditional.per_class.normal.recall,0.75,0.5,0.9,0.10654511144184153,0.95,bca,bca,False,,5000,5000,whole_patient_cluster,True,three_class_patient_label,53408
sam2_unet,3407,standardized_resnet18,eye,calibrated,conditional.per_class.papilledema.auroc_ovr,0.4821428571428571,0.22321428571428573,0.78125,0.14360010570326434,0.95,bca,bca,False,,5000,5000,whole_patient_cluster,True,three_class_patient_label,53408
sam2_unet,3407,standardized_resnet18,eye,calibrated,conditional.per_class.papilledema.average_precision_ovr,0.24502971443760918,0.17395205277577364,0.5108497201055756,0.09327590443392784,0.95,bca,bca,False,,5000,5000,whole_patient_cluster,True,three_class_patient_label,53408
sam2_unet,3407,standardized_resnet18,eye,calibrated,conditional.per_class.papilledema.f1,0.15384615384615385,0.0,0.5,0.12308984443631305,0.95,bca,bca,False,,5000,5000,whole_patient_cluster,True,three_class_patient_label,53408
sam2_unet,3407,standardized_resnet18,eye,calibrated,conditional.per_class.papilledema.precision,0.2,0.0,1.0,0.17837362322494935,0.95,bca,bca,False,,5000,5000,whole_patient_cluster,True,three_class_patient_label,53408
sam2_unet,3407,standardized_resnet18,eye,calibrated,conditional.per_class.papilledema.recall,0.125,0.0,0.375,0.1074860922492087,0.95,bca,bca,False,,5000,5000,whole_patient_cluster,True,three_class_patient_label,53408
sam2_unet,3407,standardized_resnet18,eye,calibrated,conditional.per_class.pseudopapilledema.auroc_ovr,0.5669642857142857,0.23214285714285715,0.8839285714285715,0.16205018960220766,0.95,bca,bca,False,,5000,5000,whole_patient_cluster,True,three_class_patient_label,53408
sam2_unet,3407,standardized_resnet18,eye,calibrated,conditional.per_class.pseudopapilledema.average_precision_ovr,0.35622710622710624,0.18160497968811434,0.7211637435623378,0.1478682585338104,0.95,bca,bca,False,,5000,5000,whole_patient_cluster,True,three_class_patient_label,53408
sam2_unet,3407,standardized_resnet18,eye,calibrated,conditional.per_class.pseudopapilledema.f1,0.3,0.0,0.631578947368421,0.1469732602039432,0.95,bca,bca,False,,5000,5000,whole_patient_cluster,True,three_class_patient_label,53408
sam2_unet,3407,standardized_resnet18,eye,calibrated,conditional.per_class.pseudopapilledema.precision,0.25,0.0,0.5,0.11735163360682377,0.95,bca,bca,False,,5000,5000,whole_patient_cluster,True,three_class_patient_label,53408
sam2_unet,3407,standardized_resnet18,eye,calibrated,conditional.per_class.pseudopapilledema.recall,0.375,0.0,0.875,0.20892893441294094,0.95,bca,bca,False,,5000,5000,whole_patient_cluster,True,three_class_patient_label,53408
sam2_unet,3407,standardized_resnet18,eye,calibrated,conditional.top_label_ece,0.3218273354005373,0.17306555369467894,0.452881161074052,0.0717070885642717,0.95,bca,bca,False,,5000,5000,whole_patient_cluster,True,three_class_patient_label,53408
sam2_unet,3407,standardized_resnet18,eye,calibrated,conditional_aurc,0.4596087120173814,0.24529204546199085,0.7106002215236203,0.11782683623127954,0.95,bca,bca,False,,5000,5000,whole_patient_cluster,True,three_class_patient_label,53408
sam2_unet,3407,standardized_resnet18,eye,calibrated,coverage,1.0,1.0,1.0,0.0,0.95,bca,bca,False,,5000,5000,whole_patient_cluster,True,three_class_patient_label,53408
sam2_unet,3407,standardized_resnet18,eye,calibrated,failure_aware.accuracy,0.5277777777777778,0.3611111111111111,0.6666666666666666,0.07986850686140468,0.95,bca,bca,False,,5000,5000,whole_patient_cluster,True,three_class_patient_label,53408
sam2_unet,3407,standardized_resnet18,eye,calibrated,failure_aware.balanced_accuracy,0.4166666666666667,0.26666666666666666,0.6083333333333333,0.08689459458129041,0.95,bca,bca,False,,5000,5000,whole_patient_cluster,True,three_class_patient_label,53408
sam2_unet,3407,standardized_resnet18,eye,calibrated,failure_aware.macro_f1,0.40769230769230774,0.2695035460992908,0.5951951951951951,0.08175771933922082,0.95,bca,bca,False,,5000,5000,whole_patient_cluster,True,three_class_patient_label,53408
sam2_unet,3407,standardized_resnet18,eye,calibrated,failure_aware.multiclass_mcc,0.21903538824921198,-0.04847967152871431,0.4850069311232551,0.13524413289693563,0.95,bca,bca,False,,5000,5000,whole_patient_cluster,True,three_class_patient_label,53408
sam2_unet,3407,standardized_resnet18,eye,calibrated,failure_aware.per_class.normal.f1,0.7692307692307693,0.5882352941176471,0.9,0.08042664507589192,0.95,bca,bca,False,,5000,5000,whole_patient_cluster,True,three_class_patient_label,53408
sam2_unet,3407,standardized_resnet18,eye,calibrated,failure_aware.per_class.normal.precision,0.7894736842105263,0.6,1.0,0.09210518243123397,0.95,bca,bca,False,,5000,5000,whole_patient_cluster,True,three_class_patient_label,53408
sam2_unet,3407,standardized_resnet18,eye,calibrated,failure_aware.per_class.normal.recall,0.75,0.5,0.9,0.10654511144184153,0.95,bca,bca,False,,5000,5000,whole_patient_cluster,True,three_class_patient_label,53408
sam2_unet,3407,standardized_resnet18,eye,calibrated,failure_aware.per_class.papilledema.f1,0.15384615384615385,0.0,0.5,0.12308984443631305,0.95,bca,bca,False,,5000,5000,whole_patient_cluster,True,three_class_patient_label,53408
sam2_unet,3407,standardized_resnet18,eye,calibrated,failure_aware.per_class.papilledema.precision,0.2,0.0,1.0,0.17837362322494935,0.95,bca,bca,False,,5000,5000,whole_patient_cluster,True,three_class_patient_label,53408
sam2_unet,3407,standardized_resnet18,eye,calibrated,failure_aware.per_class.papilledema.recall,0.125,0.0,0.375,0.1074860922492087,0.95,bca,bca,False,,5000,5000,whole_patient_cluster,True,three_class_patient_label,53408
sam2_unet,3407,standardized_resnet18,eye,calibrated,failure_aware.per_class.pseudopapilledema.f1,0.3,0.0,0.631578947368421,0.1469732602039432,0.95,bca,bca,False,,5000,5000,whole_patient_cluster,True,three_class_patient_label,53408
sam2_unet,3407,standardized_resnet18,eye,calibrated,failure_aware.per_class.pseudopapilledema.precision,0.25,0.0,0.5,0.11735163360682377,0.95,bca,bca,False,,5000,5000,whole_patient_cluster,True,three_class_patient_label,53408
sam2_unet,3407,standardized_resnet18,eye,calibrated,failure_aware.per_class.pseudopapilledema.recall,0.375,0.0,0.875,0.20892893441294094,0.95,bca,bca,False,,5000,5000,whole_patient_cluster,True,three_class_patient_label,53408
sam2_unet,3407,standardized_resnet18,eye,calibrated,failure_aware_aurc,0.4596087120173814,0.24529204546199085,0.7106002215236203,0.11782683623127954,0.95,bca,bca,False,,5000,5000,whole_patient_cluster,True,three_class_patient_label,53408
sam2_unet,3407,standardized_resnet18,eye,calibrated,localized_diagnostic_success.rate,0.5,0.3055555555555556,0.6666666666666666,0.08864368992192742,0.95,bca,bca,False,,5000,5000,whole_patient_cluster,True,three_class_patient_label,53408
sam2_unet,3407,standardized_resnet18,eye,calibrated,selective_risk,0.4722222222222222,0.3333333333333333,0.6388888888888888,0.07986850686140469,0.95,bca,bca,False,,5000,5000,whole_patient_cluster,True,three_class_patient_label,53408
sam2_unet,9103,model_specific,patient,calibrated,class_conditional_coverage.normal,1.0,1.0,1.0,0.0,0.95,bca,bca,False,,5000,5000,whole_patient_cluster,True,three_class_patient_label,59103
sam2_unet,9103,model_specific,patient,calibrated,class_conditional_coverage.papilledema,1.0,1.0,1.0,0.0,0.95,bca,bca,False,,5000,5000,whole_patient_cluster,True,three_class_patient_label,59103
sam2_unet,9103,model_specific,patient,calibrated,class_conditional_coverage.pseudopapilledema,1.0,1.0,1.0,0.0,0.95,bca,bca,False,,5000,5000,whole_patient_cluster,True,three_class_patient_label,59103
sam2_unet,9103,model_specific,patient,calibrated,conditional.accuracy,0.5555555555555556,0.3888888888888889,0.6666666666666666,0.07139468499228288,0.95,bca,bca,False,,5000,5000,whole_patient_cluster,True,three_class_patient_label,59103
sam2_unet,9103,model_specific,patient,calibrated,conditional.balanced_accuracy,0.3833333333333333,0.26666666666666666,0.5833333333333334,0.07902045024816422,0.95,bca,bca,False,,5000,5000,whole_patient_cluster,True,three_class_patient_label,59103
sam2_unet,9103,model_specific,patient,calibrated,conditional.derived_discrimination.normal_vs_abnormal.auroc,0.95,0.7,1.0,0.05129781080200807,0.95,bca,bca,False,,5000,5000,whole_patient_cluster,True,three_class_patient_label,59103
sam2_unet,9103,model_specific,patient,calibrated,conditional.derived_discrimination.normal_vs_abnormal.average_precision,0.9583333333333333,0.8333333333333333,1.0,0.03845857067905928,0.95,bca,bca,False,,5000,5000,whole_patient_cluster,True,three_class_patient_label,59103
sam2_unet,9103,model_specific,patient,calibrated,conditional.derived_discrimination.papilledema_vs_pseudopapilledema.auroc,0.1875,0.0,0.75,0.18044884796624908,0.95,bca,bca,False,,5000,5000,whole_patient_cluster,True,three_class_patient_label,59103
sam2_unet,9103,model_specific,patient,calibrated,conditional.derived_discrimination.papilledema_vs_pseudopapilledema.average_precision,0.4125,0.36547619047619045,0.49107142857142855,0.07631077257220166,0.95,bca,bca,False,,5000,5000,whole_patient_cluster,True,three_class_patient_label,59103
sam2_unet,9103,model_specific,patient,calibrated,conditional.macro_auroc,0.7988095238095237,0.6713345342738086,0.9047619047619048,0.05665441929450429,0.95,bca,bca,False,,5000,5000,whole_patient_cluster,True,three_class_patient_label,59103
sam2_unet,9103,model_specific,patient,calibrated,conditional.macro_average_precision,0.5849062049062048,0.46972147472445924,0.6795396374028756,0.07118383445751239,0.95,bca,bca,False,,5000,5000,whole_patient_cluster,True,three_class_patient_label,59103
sam2_unet,9103,model_specific,patient,calibrated,conditional.macro_classwise_ece,0.20501473504544684,0.11820224537345546,0.2629042474324925,0.03602825177885709,0.95,bca,bca,False,,5000,5000,whole_patient_cluster,True,three_class_patient_label,59103
sam2_unet,9103,model_specific,patient,calibrated,conditional.macro_f1,0.37407407407407406,0.2777777777777778,0.5185185185185185,0.06377181975781862,0.95,bca,bca,False,,5000,5000,whole_patient_cluster,True,three_class_patient_label,59103
sam2_unet,9103,model_specific,patient,calibrated,conditional.multiclass_brier,0.4336438550535541,0.2861633364234798,0.6344790443553072,0.0875046076008918,0.95,bca,bca,False,,5000,5000,whole_patient_cluster,True,three_class_patient_label,59103
sam2_unet,9103,model_specific,patient,calibrated,conditional.multiclass_mcc,0.2513123449750173,0.05976143046671969,0.5580523396538208,0.11608325374033535,0.95,bca,bca,False,,5000,5000,whole_patient_cluster,True,three_class_patient_label,59103
sam2_unet,9103,model_specific,patient,calibrated,conditional.multiclass_nll,0.7119824179882234,0.44303499417654973,1.251731840771481,0.19002547862802893,0.95,bca,bca,False,,5000,5000,whole_patient_cluster,True,three_class_patient_label,59103
sam2_unet,9103,model_specific,patient,calibrated,conditional.per_class.normal.auroc_ovr,0.95,0.7375,1.0,0.05129781080200807,0.95,bca,bca,False,,5000,5000,whole_patient_cluster,True,three_class_patient_label,59103
sam2_unet,9103,model_specific,patient,calibrated,conditional.per_class.normal.average_precision_ovr,0.9572979797979797,0.7614687281702988,1.0,0.04016114444946009,0.95,bca,bca,False,,5000,5000,whole_patient_cluster,True,three_class_patient_label,59103
sam2_unet,9103,model_specific,patient,calibrated,conditional.per_class.normal.f1,0.9,0.7,1.0,0.06683558339161262,0.95,bca,bca,False,,5000,5000,whole_patient_cluster,True,three_class_patient_label,59103
sam2_unet,9103,model_specific,patient,calibrated,conditional.per_class.normal.precision,0.9,0.6923076923076923,1.0,0.07791704250151828,0.95,bca,bca,False,,5000,5000,whole_patient_cluster,True,three_class_patient_label,59103
sam2_unet,9103,model_specific,patient,calibrated,conditional.per_class.normal.recall,0.9,0.5235079045216466,1.0,0.0956018427775767,0.95,bca,bca,False,,5000,5000,whole_patient_cluster,True,three_class_patient_label,59103
sam2_unet,9103,model_specific,patient,calibrated,conditional.per_class.papilledema.auroc_ovr,0.6964285714285714,0.4464285714285714,0.8571428571428571,0.10018464481085153,0.95,bca,bca,False,,5000,5000,whole_patient_cluster,True,three_class_patient_label,59103
sam2_unet,9103,model_specific,patient,calibrated,conditional.per_class.papilledema.average_precision_ovr,0.3988095238095238,0.2642857142857143,0.6840659340659341,0.1280221643749873,0.95,bca,bca,False,,5000,5000,whole_patient_cluster,True,three_class_patient_label,59103
sam2_unet,9103,model_specific,patient,calibrated,conditional.per_class.papilledema.f1,0.2222222222222222,0.0,0.6666666666666666,0.16750305094773896,0.95,bca,bca,False,,5000,5000,whole_patient_cluster,True,three_class_patient_label,59103
sam2_unet,9103,model_specific,patient,calibrated,conditional.per_class.papilledema.precision,0.2,0.0,0.5,0.13736029746591205,0.95,bca,bca,False,,5000,5000,whole_patient_cluster,True,three_class_patient_label,59103
sam2_unet,9103,model_specific,patient,calibrated,conditional.per_class.papilledema.recall,0.25,0.0,1.0,0.21840453316728936,0.95,bca,bca,False,,5000,5000,whole_patient_cluster,True,three_class_patient_label,59103
sam2_unet,9103,model_specific,patient,calibrated,conditional.per_class.pseudopapilledema.auroc_ovr,0.75,0.5,0.9285714285714285,0.10187599594522949,0.95,bca,bca,False,,5000,5000,whole_patient_cluster,True,three_class_patient_label,59103
sam2_unet,9103,model_specific,patient,calibrated,conditional.per_class.pseudopapilledema.average_precision_ovr,0.3986111111111111,0.2404082503372746,0.5833333333333333,0.1261136331750912,0.95,bca,bca,False,,5000,5000,whole_patient_cluster,True,three_class_patient_label,59103
sam2_unet,9103,model_specific,patient,calibrated,conditional.per_class.pseudopapilledema.f1,0.0,0.0,0.0,0.0,0.95,bca,bca,False,,5000,5000,whole_patient_cluster,True,three_class_patient_label,59103
sam2_unet,9103,model_specific,patient,calibrated,conditional.per_class.pseudopapilledema.precision,0.0,0.0,0.0,0.0,0.95,bca,bca,False,,5000,5000,whole_patient_cluster,True,three_class_patient_label,59103
sam2_unet,9103,model_specific,patient,calibrated,conditional.per_class.pseudopapilledema.recall,0.0,0.0,0.0,0.0,0.95,bca,bca,False,,5000,5000,whole_patient_cluster,True,three_class_patient_label,59103
sam2_unet,9103,model_specific,patient,calibrated,conditional.top_label_ece,0.24681492975363367,0.10383645802008991,0.3132344290975701,0.05434377796444345,0.95,bca,bca,False,,5000,5000,whole_patient_cluster,True,three_class_patient_label,59103
sam2_unet,9103,model_specific,patient,calibrated,conditional_aurc,0.1733105674282145,0.08730409024526671,0.3232402627165598,0.05730147505384662,0.95,bca,bca,False,,5000,5000,whole_patient_cluster,True,three_class_patient_label,59103
sam2_unet,9103,model_specific,patient,calibrated,coverage,1.0,1.0,1.0,0.0,0.95,bca,bca,False,,5000,5000,whole_patient_cluster,True,three_class_patient_label,59103
sam2_unet,9103,model_specific,patient,calibrated,failure_aware.accuracy,0.5555555555555556,0.3888888888888889,0.6666666666666666,0.07139468499228288,0.95,bca,bca,False,,5000,5000,whole_patient_cluster,True,three_class_patient_label,59103
sam2_unet,9103,model_specific,patient,calibrated,failure_aware.balanced_accuracy,0.3833333333333333,0.26666666666666666,0.5833333333333334,0.07902045024816422,0.95,bca,bca,False,,5000,5000,whole_patient_cluster,True,three_class_patient_label,59103
sam2_unet,9103,model_specific,patient,calibrated,failure_aware.macro_f1,0.37407407407407406,0.2777777777777778,0.5185185185185185,0.06377181975781862,0.95,bca,bca,False,,5000,5000,whole_patient_cluster,True,three_class_patient_label,59103
sam2_unet,9103,model_specific,patient,calibrated,failure_aware.multiclass_mcc,0.2513123449750173,0.05976143046671969,0.5580523396538208,0.11608325374033535,0.95,bca,bca,False,,5000,5000,whole_patient_cluster,True,three_class_patient_label,59103
sam2_unet,9103,model_specific,patient,calibrated,failure_aware.per_class.normal.f1,0.9,0.7,1.0,0.06683558339161262,0.95,bca,bca,False,,5000,5000,whole_patient_cluster,True,three_class_patient_label,59103
sam2_unet,9103,model_specific,patient,calibrated,failure_aware.per_class.normal.precision,0.9,0.6923076923076923,1.0,0.07791704250151828,0.95,bca,bca,False,,5000,5000,whole_patient_cluster,True,three_class_patient_label,59103
sam2_unet,9103,model_specific,patient,calibrated,failure_aware.per_class.normal.recall,0.9,0.5235079045216466,1.0,0.0956018427775767,0.95,bca,bca,False,,5000,5000,whole_patient_cluster,True,three_class_patient_label,59103
sam2_unet,9103,model_specific,patient,calibrated,failure_aware.per_class.papilledema.f1,0.2222222222222222,0.0,0.6666666666666666,0.16750305094773896,0.95,bca,bca,False,,5000,5000,whole_patient_cluster,True,three_class_patient_label,59103
sam2_unet,9103,model_specific,patient,calibrated,failure_aware.per_class.papilledema.precision,0.2,0.0,0.5,0.13736029746591205,0.95,bca,bca,False,,5000,5000,whole_patient_cluster,True,three_class_patient_label,59103
sam2_unet,9103,model_specific,patient,calibrated,failure_aware.per_class.papilledema.recall,0.25,0.0,1.0,0.21840453316728936,0.95,bca,bca,False,,5000,5000,whole_patient_cluster,True,three_class_patient_label,59103
sam2_unet,9103,model_specific,patient,calibrated,failure_aware.per_class.pseudopapilledema.f1,0.0,0.0,0.0,0.0,0.95,bca,bca,False,,5000,5000,whole_patient_cluster,True,three_class_patient_label,59103
sam2_unet,9103,model_specific,patient,calibrated,failure_aware.per_class.pseudopapilledema.precision,0.0,0.0,0.0,0.0,0.95,bca,bca,False,,5000,5000,whole_patient_cluster,True,three_class_patient_label,59103
sam2_unet,9103,model_specific,patient,calibrated,failure_aware.per_class.pseudopapilledema.recall,0.0,0.0,0.0,0.0,0.95,bca,bca,False,,5000,5000,whole_patient_cluster,True,three_class_patient_label,59103
sam2_unet,9103,model_specific,patient,calibrated,failure_aware_aurc,0.1733105674282145,0.08730409024526671,0.3232402627165598,0.05730147505384662,0.95,bca,bca,False,,5000,5000,whole_patient_cluster,True,three_class_patient_label,59103
sam2_unet,9103,model_specific,patient,calibrated,localized_diagnostic_success.rate,0.5555555555555556,0.3888888888888889,0.6666666666666666,0.07139468499228288,0.95,bca,bca,False,,5000,5000,whole_patient_cluster,True,three_class_patient_label,59103
sam2_unet,9103,model_specific,patient,calibrated,selective_risk,0.4444444444444444,0.3333333333333333,0.6111111111111112,0.07139468499228288,0.95,bca,bca,False,,5000,5000,whole_patient_cluster,True,three_class_patient_label,59103
sam2_unet,9103,model_specific,eye,calibrated,class_conditional_coverage.normal,1.0,1.0,1.0,0.0,0.95,bca,bca,False,,5000,5000,whole_patient_cluster,True,three_class_patient_label,59104
sam2_unet,9103,model_specific,eye,calibrated,class_conditional_coverage.papilledema,1.0,1.0,1.0,0.0,0.95,bca,bca,False,,5000,5000,whole_patient_cluster,True,three_class_patient_label,59104
sam2_unet,9103,model_specific,eye,calibrated,class_conditional_coverage.pseudopapilledema,1.0,1.0,1.0,0.0,0.95,bca,bca,False,,5000,5000,whole_patient_cluster,True,three_class_patient_label,59104
sam2_unet,9103,model_specific,eye,calibrated,conditional.accuracy,0.6111111111111112,0.4444444444444444,0.75,0.07905880096117804,0.95,bca,bca,False,,5000,5000,whole_patient_cluster,True,three_class_patient_label,59104
sam2_unet,9103,model_specific,eye,calibrated,conditional.balanced_accuracy,0.4916666666666667,0.3333333333333333,0.6749999999999999,0.08889504108528665,0.95,bca,bca,False,,5000,5000,whole_patient_cluster,True,three_class_patient_label,59104
sam2_unet,9103,model_specific,eye,calibrated,conditional.derived_discrimination.normal_vs_abnormal.auroc,0.94375,0.75,1.0,0.051338686064456934,0.95,bca,bca,False,,5000,5000,whole_patient_cluster,True,three_class_patient_label,59104
sam2_unet,9103,model_specific,eye,calibrated,conditional.derived_discrimination.normal_vs_abnormal.average_precision,0.9542224080267558,0.830010775862069,1.0,0.04099207647239775,0.95,bca,bca,False,,5000,5000,whole_patient_cluster,True,three_class_patient_label,59104
sam2_unet,9103,model_specific,eye,calibrated,conditional.derived_discrimination.papilledema_vs_pseudopapilledema.auroc,0.25,0.0,0.7588907191116476,0.17587044711597016,0.95,bca,bca,False,,5000,5000,whole_patient_cluster,True,three_class_patient_label,59104
sam2_unet,9103,model_specific,eye,calibrated,conditional.derived_discrimination.papilledema_vs_pseudopapilledema.average_precision,0.39709977522477524,0.33712814962814963,0.5225649350649351,0.0744558765619918,0.95,bca,bca,False,,5000,5000,whole_patient_cluster,True,three_class_patient_label,59104
sam2_unet,9103,model_specific,eye,calibrated,conditional.macro_auroc,0.799702380952381,0.6723405762611618,0.8927083333333332,0.054185863150159996,0.95,bca,bca,False,,5000,5000,whole_patient_cluster,True,three_class_patient_label,59104
sam2_unet,9103,model_specific,eye,calibrated,conditional.macro_average_precision,0.5857543797791476,0.48632763946445473,0.7409755511525905,0.07047369073110551,0.95,bca,bca,False,,5000,5000,whole_patient_cluster,True,three_class_patient_label,59104
sam2_unet,9103,model_specific,eye,calibrated,conditional.macro_classwise_ece,0.1449335915030406,0.08648862389568625,0.18501739176387336,0.03461200585899331,0.95,bca,bca,False,,5000,5000,whole_patient_cluster,True,three_class_patient_label,59104
sam2_unet,9103,model_specific,eye,calibrated,conditional.macro_f1,0.4915786827551534,0.34074074074074073,0.6781697834329412,0.08540291781697981,0.95,bca,bca,False,,5000,5000,whole_patient_cluster,True,three_class_patient_label,59104
sam2_unet,9103,model_specific,eye,calibrated,conditional.multiclass_brier,0.43626690791135464,0.3127397681846772,0.6100303823060078,0.07443862830802077,0.95,bca,bca,False,,5000,5000,whole_patient_cluster,True,three_class_patient_label,59104
sam2_unet,9103,model_specific,eye,calibrated,conditional.multiclass_mcc,0.3543357129451594,0.09537837826484191,0.5869119600544548,0.12570020364108783,0.95,bca,bca,False,,5000,5000,whole_patient_cluster,True,three_class_patient_label,59104
sam2_unet,9103,model_specific,eye,calibrated,conditional.multiclass_nll,0.6960349767329272,0.4903589651799925,1.0726387162972775,0.14097422818974287,0.95,bca,bca,False,,5000,5000,whole_patient_cluster,True,three_class_patient_label,59104
sam2_unet,9103,model_specific,eye,calibrated,conditional.per_class.normal.auroc_ovr,0.94375,0.7509418148544271,1.0,0.051338686064456934,0.95,bca,bca,False,,5000,5000,whole_patient_cluster,True,three_class_patient_label,59104
sam2_unet,9103,model_specific,eye,calibrated,conditional.per_class.normal.average_precision_ovr,0.9480620871216847,0.7895378099254515,1.0,0.04326374460829028,0.95,bca,bca,False,,5000,5000,whole_patient_cluster,True,three_class_patient_label,59104
sam2_unet,9103,model_specific,eye,calibrated,conditional.per_class.normal.f1,0.8717948717948718,0.6666666666666666,0.9743589743589743,0.07225542618431575,0.95,bca,bca,False,,5000,5000,whole_patient_cluster,True,three_class_patient_label,59104
sam2_unet,9103,model_specific,eye,calibrated,conditional.per_class.normal.precision,0.8947368421052632,0.6575640733114301,1.0,0.0809481100455899,0.95,bca,bca,False,,5000,5000,whole_patient_cluster,True,three_class_patient_label,59104
sam2_unet,9103,model_specific,eye,calibrated,conditional.per_class.normal.recall,0.85,0.55,1.0,0.10243994674216551,0.95,bca,bca,False,,5000,5000,whole_patient_cluster,True,three_class_patient_label,59104
sam2_unet,9103,model_specific,eye,calibrated,conditional.per_class.papilledema.auroc_ovr,0.7142857142857143,0.48660714285714285,0.875,0.09813482696818714,0.95,bca,bca,False,,5000,5000,whole_patient_cluster,True,three_class_patient_label,59104
sam2_unet,9103,model_specific,eye,calibrated,conditional.per_class.papilledema.average_precision_ovr,0.44531822344322347,0.2668192631970181,0.7916666666666667,0.13498537966533763,0.95,bca,bca,False,,5000,5000,whole_patient_cluster,True,three_class_patient_label,59104
sam2_unet,9103,model_specific,eye,calibrated,conditional.per_class.papilledema.f1,0.35294117647058826,0.0,0.7,0.1659276365842899,0.95,bca,bca,False,,5000,5000,whole_patient_cluster,True,three_class_patient_label,59104
sam2_unet,9103,model_specific,eye,calibrated,conditional.per_class.papilledema.precision,0.3333333333333333,0.0,0.5555555555555556,0.1389974474092648,0.95,bca,bca,False,,5000,5000,whole_patient_cluster,True,three_class_patient_label,59104
sam2_unet,9103,model_specific,eye,calibrated,conditional.per_class.papilledema.recall,0.375,0.0,0.875,0.21023667440970753,0.95,bca,bca,False,,5000,5000,whole_patient_cluster,True,three_class_patient_label,59104
sam2_unet,9103,model_specific,eye,calibrated,conditional.per_class.pseudopapilledema.auroc_ovr,0.7410714285714286,0.5357142857142857,0.8883928571428571,0.0888218893305385,0.95,bca,bca,False,,5000,5000,whole_patient_cluster,True,three_class_patient_label,59104
sam2_unet,9103,model_specific,eye,calibrated,conditional.per_class.pseudopapilledema.average_precision_ovr,0.36388282877253464,0.2378313641556428,0.556735308571402,0.10850664414756697,0.95,bca,bca,False,,5000,5000,whole_patient_cluster,True,three_class_patient_label,59104
sam2_unet,9103,model_specific,eye,calibrated,conditional.per_class.pseudopapilledema.f1,0.25,0.0,0.5333333333333333,0.12158443792131449,0.95,bca,bca,False,,5000,5000,whole_patient_cluster,True,three_class_patient_label,59104
sam2_unet,9103,model_specific,eye,calibrated,conditional.per_class.pseudopapilledema.precision,0.25,0.0,0.6666666666666666,0.15734385572023954,0.95,bca,bca,False,,5000,5000,whole_patient_cluster,True,three_class_patient_label,59104
sam2_unet,9103,model_specific,eye,calibrated,conditional.per_class.pseudopapilledema.recall,0.25,0.0,0.5,0.12489127097564978,0.95,bca,bca,False,,5000,5000,whole_patient_cluster,True,three_class_patient_label,59104
sam2_unet,9103,model_specific,eye,calibrated,conditional.top_label_ece,0.14007065783637607,0.050001205950418466,0.22111027671545425,0.05479117494861426,0.95,bca,bca,False,,5000,5000,whole_patient_cluster,True,three_class_patient_label,59104
sam2_unet,9103,model_specific,eye,calibrated,conditional_aurc,0.19295389692765166,0.0961277185537177,0.34312494097769464,0.06063772068930595,0.95,bca,bca,False,,5000,5000,whole_patient_cluster,True,three_class_patient_label,59104
sam2_unet,9103,model_specific,eye,calibrated,coverage,1.0,1.0,1.0,0.0,0.95,bca,bca,False,,5000,5000,whole_patient_cluster,True,three_class_patient_label,59104
sam2_unet,9103,model_specific,eye,calibrated,failure_aware.accuracy,0.6111111111111112,0.4444444444444444,0.75,0.07905880096117804,0.95,bca,bca,False,,5000,5000,whole_patient_cluster,True,three_class_patient_label,59104
sam2_unet,9103,model_specific,eye,calibrated,failure_aware.balanced_accuracy,0.4916666666666667,0.3333333333333333,0.6749999999999999,0.08889504108528665,0.95,bca,bca,False,,5000,5000,whole_patient_cluster,True,three_class_patient_label,59104
sam2_unet,9103,model_specific,eye,calibrated,failure_aware.macro_f1,0.4915786827551534,0.34074074074074073,0.6781697834329412,0.08540291781697981,0.95,bca,bca,False,,5000,5000,whole_patient_cluster,True,three_class_patient_label,59104
sam2_unet,9103,model_specific,eye,calibrated,failure_aware.multiclass_mcc,0.3543357129451594,0.09537837826484191,0.5869119600544548,0.12570020364108783,0.95,bca,bca,False,,5000,5000,whole_patient_cluster,True,three_class_patient_label,59104
sam2_unet,9103,model_specific,eye,calibrated,failure_aware.per_class.normal.f1,0.8717948717948718,0.6666666666666666,0.9743589743589743,0.07225542618431575,0.95,bca,bca,False,,5000,5000,whole_patient_cluster,True,three_class_patient_label,59104
sam2_unet,9103,model_specific,eye,calibrated,failure_aware.per_class.normal.precision,0.8947368421052632,0.6575640733114301,1.0,0.0809481100455899,0.95,bca,bca,False,,5000,5000,whole_patient_cluster,True,three_class_patient_label,59104
sam2_unet,9103,model_specific,eye,calibrated,failure_aware.per_class.normal.recall,0.85,0.55,1.0,0.10243994674216551,0.95,bca,bca,False,,5000,5000,whole_patient_cluster,True,three_class_patient_label,59104
sam2_unet,9103,model_specific,eye,calibrated,failure_aware.per_class.papilledema.f1,0.35294117647058826,0.0,0.7,0.1659276365842899,0.95,bca,bca,False,,5000,5000,whole_patient_cluster,True,three_class_patient_label,59104
sam2_unet,9103,model_specific,eye,calibrated,failure_aware.per_class.papilledema.precision,0.3333333333333333,0.0,0.5555555555555556,0.1389974474092648,0.95,bca,bca,False,,5000,5000,whole_patient_cluster,True,three_class_patient_label,59104
sam2_unet,9103,model_specific,eye,calibrated,failure_aware.per_class.papilledema.recall,0.375,0.0,0.875,0.21023667440970753,0.95,bca,bca,False,,5000,5000,whole_patient_cluster,True,three_class_patient_label,59104
sam2_unet,9103,model_specific,eye,calibrated,failure_aware.per_class.pseudopapilledema.f1,0.25,0.0,0.5333333333333333,0.12158443792131449,0.95,bca,bca,False,,5000,5000,whole_patient_cluster,True,three_class_patient_label,59104
sam2_unet,9103,model_specific,eye,calibrated,failure_aware.per_class.pseudopapilledema.precision,0.25,0.0,0.6666666666666666,0.15734385572023954,0.95,bca,bca,False,,5000,5000,whole_patient_cluster,True,three_class_patient_label,59104
sam2_unet,9103,model_specific,eye,calibrated,failure_aware.per_class.pseudopapilledema.recall,0.25,0.0,0.5,0.12489127097564978,0.95,bca,bca,False,,5000,5000,whole_patient_cluster,True,three_class_patient_label,59104
sam2_unet,9103,model_specific,eye,calibrated,failure_aware_aurc,0.19295389692765166,0.0961277185537177,0.34312494097769464,0.06063772068930595,0.95,bca,bca,False,,5000,5000,whole_patient_cluster,True,three_class_patient_label,59104
sam2_unet,9103,model_specific,eye,calibrated,localized_diagnostic_success.rate,0.6111111111111112,0.4444444444444444,0.75,0.07905880096117804,0.95,bca,bca,False,,5000,5000,whole_patient_cluster,True,three_class_patient_label,59104
sam2_unet,9103,model_specific,eye,calibrated,selective_risk,0.3888888888888889,0.25,0.5555555555555556,0.07905880096117805,0.95,bca,bca,False,,5000,5000,whole_patient_cluster,True,three_class_patient_label,59104
sam2_unet,9103,standardized_resnet18,patient,calibrated,class_conditional_coverage.normal,1.0,1.0,1.0,0.0,0.95,bca,bca,False,,5000,5000,whole_patient_cluster,True,three_class_patient_label,59103
sam2_unet,9103,standardized_resnet18,patient,calibrated,class_conditional_coverage.papilledema,1.0,1.0,1.0,0.0,0.95,bca,bca,False,,5000,5000,whole_patient_cluster,True,three_class_patient_label,59103
sam2_unet,9103,standardized_resnet18,patient,calibrated,class_conditional_coverage.pseudopapilledema,1.0,1.0,1.0,0.0,0.95,bca,bca,False,,5000,5000,whole_patient_cluster,True,three_class_patient_label,59103
sam2_unet,9103,standardized_resnet18,patient,calibrated,conditional.accuracy,0.7222222222222222,0.5,0.8888888888888888,0.09453432162382573,0.95,bca,bca,False,,5000,5000,whole_patient_cluster,True,three_class_patient_label,59103
sam2_unet,9103,standardized_resnet18,patient,calibrated,conditional.balanced_accuracy,0.6333333333333333,0.3833333333333333,0.85,0.12213736759431214,0.95,bca,bca,False,,5000,5000,whole_patient_cluster,True,three_class_patient_label,59103
sam2_unet,9103,standardized_resnet18,patient,calibrated,conditional.derived_discrimination.normal_vs_abnormal.auroc,0.925,0.7,1.0,0.07087273939278634,0.95,bca,bca,False,,5000,5000,whole_patient_cluster,True,three_class_patient_label,59103
sam2_unet,9103,standardized_resnet18,patient,calibrated,conditional.derived_discrimination.normal_vs_abnormal.average_precision,0.9464285714285714,0.8125,1.0,0.047528129109470386,0.95,bca,bca,False,,5000,5000,whole_patient_cluster,True,three_class_patient_label,59103
sam2_unet,9103,standardized_resnet18,patient,calibrated,conditional.derived_discrimination.papilledema_vs_pseudopapilledema.auroc,0.25,0.0,0.75,0.1864488120286675,0.95,bca,bca,False,,5000,5000,whole_patient_cluster,True,three_class_patient_label,59103
sam2_unet,9103,standardized_resnet18,patient,calibrated,conditional.derived_discrimination.papilledema_vs_pseudopapilledema.average_precision,0.44047619047619047,0.36547619047619045,0.5833333333333333,0.10273857562577185,0.95,bca,bca,False,,5000,5000,whole_patient_cluster,True,three_class_patient_label,59103
sam2_unet,9103,standardized_resnet18,patient,calibrated,conditional.macro_auroc,0.7369047619047618,0.5285714285714286,0.8928571428571429,0.09107516063447799,0.95,bca,bca,False,,5000,5000,whole_patient_cluster,True,three_class_patient_label,59103
sam2_unet,9103,standardized_resnet18,patient,calibrated,conditional.macro_average_precision,0.5769474017268135,0.42693341750458924,0.7347222222222222,0.09450146389791574,0.95,bca,bca,False,,5000,5000,whole_patient_cluster,True,three_class_patient_label,59103
sam2_unet,9103,standardized_resnet18,patient,calibrated,conditional.macro_classwise_ece,0.2339355962254083,0.15977140386943892,0.3123777989522473,0.040480671208461425,0.95,bca,bca,False,,5000,5000,whole_patient_cluster,True,three_class_patient_label,59103
sam2_unet,9103,standardized_resnet18,patient,calibrated,conditional.macro_f1,0.6333333333333333,0.39153439153439146,0.863997498795362,0.12560310931393115,0.95,bca,bca,False,,5000,5000,whole_patient_cluster,True,three_class_patient_label,59103
sam2_unet,9103,standardized_resnet18,patient,calibrated,conditional.multiclass_brier,0.5368529635367338,0.30953502056201687,0.8176541926527975,0.1301946424225815,0.95,bca,bca,False,,5000,5000,whole_patient_cluster,True,three_class_patient_label,59103
sam2_unet,9103,standardized_resnet18,patient,calibrated,conditional.multiclass_mcc,0.53125,0.1828000043330372,0.8125,0.15818662204546705,0.95,bca,bca,False,,5000,5000,whole_patient_cluster,True,three_class_patient_label,59103
sam2_unet,9103,standardized_resnet18,patient,calibrated,conditional.multiclass_nll,1.4694382015175842,0.6576093861479987,2.8510313912222127,0.531459788695486,0.95,bca,bca,False,,5000,5000,whole_patient_cluster,True,three_class_patient_label,59103
sam2_unet,9103,standardized_resnet18,patient,calibrated,conditional.per_class.normal.auroc_ovr,0.925,0.6625,1.0,0.07087273939278634,0.95,bca,bca,False,,5000,5000,whole_patient_cluster,True,three_class_patient_label,59103
sam2_unet,9103,standardized_resnet18,patient,calibrated,conditional.per_class.normal.average_precision_ovr,0.9263455988455987,0.6937162837162837,1.0,0.06254081896393286,0.95,bca,bca,False,,5000,5000,whole_patient_cluster,True,three_class_patient_label,59103
sam2_unet,9103,standardized_resnet18,patient,calibrated,conditional.per_class.normal.f1,0.9,0.7,1.0,0.0669925048955343,0.95,bca,bca,False,,5000,5000,whole_patient_cluster,True,three_class_patient_label,59103
sam2_unet,9103,standardized_resnet18,patient,calibrated,conditional.per_class.normal.precision,0.9,0.6666666666666666,1.0,0.07814691644616475,0.95,bca,bca,False,,5000,5000,whole_patient_cluster,True,three_class_patient_label,59103
sam2_unet,9103,standardized_resnet18,patient,calibrated,conditional.per_class.normal.recall,0.9,0.5020493873931902,1.0,0.09503155370317717,0.95,bca,bca,False,,5000,5000,whole_patient_cluster,True,three_class_patient_label,59103
sam2_unet,9103,standardized_resnet18,patient,calibrated,conditional.per_class.papilledema.auroc_ovr,0.6071428571428571,0.17857142857142858,0.8571428571428571,0.17007684790610234,0.95,bca,bca,False,,5000,5000,whole_patient_cluster,True,three_class_patient_label,59103
sam2_unet,9103,standardized_resnet18,patient,calibrated,conditional.per_class.papilledema.average_precision_ovr,0.36090686274509803,0.21666666666666667,0.6117424242424243,0.1328075018972047,0.95,bca,bca,False,,5000,5000,whole_patient_cluster,True,three_class_patient_label,59103
sam2_unet,9103,standardized_resnet18,patient,calibrated,conditional.per_class.papilledema.f1,0.5,0.0,0.8888888888888888,0.2099885840374173,0.95,bca,bca,False,,5000,5000,whole_patient_cluster,True,three_class_patient_label,59103
sam2_unet,9103,standardized_resnet18,patient,calibrated,conditional.per_class.papilledema.precision,0.5,0.0,1.0,0.22206904987912093,0.95,bca,bca,False,,5000,5000,whole_patient_cluster,True,three_class_patient_label,59103
sam2_unet,9103,standardized_resnet18,patient,calibrated,conditional.per_class.papilledema.recall,0.5,0.0,1.0,0.2508314639048637,0.95,bca,bca,False,,5000,5000,whole_patient_cluster,True,three_class_patient_label,59103
sam2_unet,9103,standardized_resnet18,patient,calibrated,conditional.per_class.pseudopapilledema.auroc_ovr,0.6785714285714286,0.3392857142857143,0.9285714285714286,0.15022096476489516,0.95,bca,bca,False,,5000,5000,whole_patient_cluster,True,three_class_patient_label,59103
sam2_unet,9103,standardized_resnet18,patient,calibrated,conditional.per_class.pseudopapilledema.average_precision_ovr,0.44358974358974357,0.2164593453960691,0.7333333333333334,0.1754951021009579,0.95,bca,bca,False,,5000,5000,whole_patient_cluster,True,three_class_patient_label,59103
sam2_unet,9103,standardized_resnet18,patient,calibrated,conditional.per_class.pseudopapilledema.f1,0.5,0.0,0.8888888888888888,0.21645116444909074,0.95,bca,bca,False,,5000,5000,whole_patient_cluster,True,three_class_patient_label,59103
sam2_unet,9103,standardized_resnet18,patient,calibrated,conditional.per_class.pseudopapilledema.precision,0.5,0.0,1.0,0.24998010025656742,0.95,bca,bca,False,,5000,5000,whole_patient_cluster,True,three_class_patient_label,59103
sam2_unet,9103,standardized_resnet18,patient,calibrated,conditional.per_class.pseudopapilledema.recall,0.5,0.0,1.0,0.2507487836271556,0.95,bca,bca,False,,5000,5000,whole_patient_cluster,True,three_class_patient_label,59103
sam2_unet,9103,standardized_resnet18,patient,calibrated,conditional.top_label_ece,0.32046265126006074,0.19276994998084362,0.4324451710799287,0.0633896375202748,0.95,bca,bca,False,,5000,5000,whole_patient_cluster,True,three_class_patient_label,59103
sam2_unet,9103,standardized_resnet18,patient,calibrated,conditional_aurc,0.2439084970947716,0.09639207923521649,0.47340093079463486,0.09279142904621193,0.95,bca,bca,False,,5000,5000,whole_patient_cluster,True,three_class_patient_label,59103
sam2_unet,9103,standardized_resnet18,patient,calibrated,coverage,1.0,1.0,1.0,0.0,0.95,bca,bca,False,,5000,5000,whole_patient_cluster,True,three_class_patient_label,59103
sam2_unet,9103,standardized_resnet18,patient,calibrated,failure_aware.accuracy,0.7222222222222222,0.5,0.8888888888888888,0.09453432162382573,0.95,bca,bca,False,,5000,5000,whole_patient_cluster,True,three_class_patient_label,59103
sam2_unet,9103,standardized_resnet18,patient,calibrated,failure_aware.balanced_accuracy,0.6333333333333333,0.3833333333333333,0.85,0.12213736759431214,0.95,bca,bca,False,,5000,5000,whole_patient_cluster,True,three_class_patient_label,59103
sam2_unet,9103,standardized_resnet18,patient,calibrated,failure_aware.macro_f1,0.6333333333333333,0.39153439153439146,0.863997498795362,0.12560310931393115,0.95,bca,bca,False,,5000,5000,whole_patient_cluster,True,three_class_patient_label,59103
sam2_unet,9103,standardized_resnet18,patient,calibrated,failure_aware.multiclass_mcc,0.53125,0.1828000043330372,0.8125,0.15818662204546705,0.95,bca,bca,False,,5000,5000,whole_patient_cluster,True,three_class_patient_label,59103
sam2_unet,9103,standardized_resnet18,patient,calibrated,failure_aware.per_class.normal.f1,0.9,0.7,1.0,0.0669925048955343,0.95,bca,bca,False,,5000,5000,whole_patient_cluster,True,three_class_patient_label,59103
sam2_unet,9103,standardized_resnet18,patient,calibrated,failure_aware.per_class.normal.precision,0.9,0.6666666666666666,1.0,0.07814691644616475,0.95,bca,bca,False,,5000,5000,whole_patient_cluster,True,three_class_patient_label,59103
sam2_unet,9103,standardized_resnet18,patient,calibrated,failure_aware.per_class.normal.recall,0.9,0.5020493873931902,1.0,0.09503155370317717,0.95,bca,bca,False,,5000,5000,whole_patient_cluster,True,three_class_patient_label,59103
sam2_unet,9103,standardized_resnet18,patient,calibrated,failure_aware.per_class.papilledema.f1,0.5,0.0,0.8888888888888888,0.2099885840374173,0.95,bca,bca,False,,5000,5000,whole_patient_cluster,True,three_class_patient_label,59103
sam2_unet,9103,standardized_resnet18,patient,calibrated,failure_aware.per_class.papilledema.precision,0.5,0.0,1.0,0.22206904987912093,0.95,bca,bca,False,,5000,5000,whole_patient_cluster,True,three_class_patient_label,59103
sam2_unet,9103,standardized_resnet18,patient,calibrated,failure_aware.per_class.papilledema.recall,0.5,0.0,1.0,0.2508314639048637,0.95,bca,bca,False,,5000,5000,whole_patient_cluster,True,three_class_patient_label,59103
sam2_unet,9103,standardized_resnet18,patient,calibrated,failure_aware.per_class.pseudopapilledema.f1,0.5,0.0,0.8888888888888888,0.21645116444909074,0.95,bca,bca,False,,5000,5000,whole_patient_cluster,True,three_class_patient_label,59103
sam2_unet,9103,standardized_resnet18,patient,calibrated,failure_aware.per_class.pseudopapilledema.precision,0.5,0.0,1.0,0.24998010025656742,0.95,bca,bca,False,,5000,5000,whole_patient_cluster,True,three_class_patient_label,59103
sam2_unet,9103,standardized_resnet18,patient,calibrated,failure_aware.per_class.pseudopapilledema.recall,0.5,0.0,1.0,0.2507487836271556,0.95,bca,bca,False,,5000,5000,whole_patient_cluster,True,three_class_patient_label,59103
sam2_unet,9103,standardized_resnet18,patient,calibrated,failure_aware_aurc,0.2439084970947716,0.09639207923521649,0.47340093079463486,0.09279142904621193,0.95,bca,bca,False,,5000,5000,whole_patient_cluster,True,three_class_patient_label,59103
sam2_unet,9103,standardized_resnet18,patient,calibrated,localized_diagnostic_success.rate,0.7222222222222222,0.5,0.8888888888888888,0.09453432162382573,0.95,bca,bca,False,,5000,5000,whole_patient_cluster,True,three_class_patient_label,59103
sam2_unet,9103,standardized_resnet18,patient,calibrated,selective_risk,0.2777777777777778,0.1111111111111111,0.5,0.09453432162382575,0.95,bca,bca,False,,5000,5000,whole_patient_cluster,True,three_class_patient_label,59103
sam2_unet,9103,standardized_resnet18,eye,calibrated,class_conditional_coverage.normal,1.0,1.0,1.0,0.0,0.95,bca,bca,False,,5000,5000,whole_patient_cluster,True,three_class_patient_label,59104
sam2_unet,9103,standardized_resnet18,eye,calibrated,class_conditional_coverage.papilledema,1.0,1.0,1.0,0.0,0.95,bca,bca,False,,5000,5000,whole_patient_cluster,True,three_class_patient_label,59104
sam2_unet,9103,standardized_resnet18,eye,calibrated,class_conditional_coverage.pseudopapilledema,1.0,1.0,1.0,0.0,0.95,bca,bca,False,,5000,5000,whole_patient_cluster,True,three_class_patient_label,59104
sam2_unet,9103,standardized_resnet18,eye,calibrated,conditional.accuracy,0.5555555555555556,0.4444444444444444,0.6666666666666666,0.058762561486186436,0.95,bca,bca,False,,5000,5000,whole_patient_cluster,True,three_class_patient_label,59104
sam2_unet,9103,standardized_resnet18,eye,calibrated,conditional.balanced_accuracy,0.43333333333333335,0.3065486514821982,0.5583333333333333,0.0647166099504312,0.95,bca,bca,False,,5000,5000,whole_patient_cluster,True,three_class_patient_label,59104
sam2_unet,9103,standardized_resnet18,eye,calibrated,conditional.derived_discrimination.normal_vs_abnormal.auroc,0.9218749999999999,0.6881590939356542,1.0,0.06827139378063937,0.95,bca,bca,False,,5000,5000,whole_patient_cluster,True,three_class_patient_label,59104
sam2_unet,9103,standardized_resnet18,eye,calibrated,conditional.derived_discrimination.normal_vs_abnormal.average_precision,0.9470254010695187,0.8143115942028986,1.0,0.04686797705021298,0.95,bca,bca,False,,5000,5000,whole_patient_cluster,True,three_class_patient_label,59104
sam2_unet,9103,standardized_resnet18,eye,calibrated,conditional.derived_discrimination.papilledema_vs_pseudopapilledema.auroc,0.25,0.03125,0.5625,0.1373199937812259,0.95,bca,bca,False,,5000,5000,whole_patient_cluster,True,three_class_patient_label,59104
sam2_unet,9103,standardized_resnet18,eye,calibrated,conditional.derived_discrimination.papilledema_vs_pseudopapilledema.average_precision,0.3993589743589744,0.3388642607392607,0.5089743589743589,0.07639890858997303,0.95,bca,bca,False,,5000,5000,whole_patient_cluster,True,three_class_patient_label,59104
sam2_unet,9103,standardized_resnet18,eye,calibrated,conditional.macro_auroc,0.7522321428571429,0.5956670426646221,0.8586309523809524,0.06377214087353657,0.95,bca,bca,False,,5000,5000,whole_patient_cluster,True,three_class_patient_label,59104
sam2_unet,9103,standardized_resnet18,eye,calibrated,conditional.macro_average_precision,0.5258615742368322,0.412978684084364,0.6339037328468519,0.0695497492607916,0.95,bca,bca,False,,5000,5000,whole_patient_cluster,True,three_class_patient_label,59104
sam2_unet,9103,standardized_resnet18,eye,calibrated,conditional.macro_classwise_ece,0.22362488276097556,0.15286736377258106,0.29384593567438827,0.03774369502741634,0.95,bca,bca,False,,5000,5000,whole_patient_cluster,True,three_class_patient_label,59104
sam2_unet,9103,standardized_resnet18,eye,calibrated,conditional.macro_f1,0.43810916179337234,0.3137254901960784,0.5584221992890724,0.06324115989418082,0.95,bca,bca,False,,5000,5000,whole_patient_cluster,True,three_class_patient_label,59104
sam2_unet,9103,standardized_resnet18,eye,calibrated,conditional.multiclass_brier,0.5792600498642687,0.3759136881037065,0.8305696397444156,0.11537826069387011,0.95,bca,bca,False,,5000,5000,whole_patient_cluster,True,three_class_patient_label,59104
sam2_unet,9103,standardized_resnet18,eye,calibrated,conditional.multiclass_mcc,0.2742000064995558,0.0770295028141651,0.4375,0.09315742780799567,0.95,bca,bca,False,,5000,5000,whole_patient_cluster,True,three_class_patient_label,59104
sam2_unet,9103,standardized_resnet18,eye,calibrated,conditional.multiclass_nll,1.1471636424806426,0.6479460204514951,1.930836830940289,0.30818958665186263,0.95,bca,bca,False,,5000,5000,whole_patient_cluster,True,three_class_patient_label,59104
sam2_unet,9103,standardized_resnet18,eye,calibrated,conditional.per_class.normal.auroc_ovr,0.921875,0.709375,1.0,0.06827139378063939,0.95,bca,bca,False,,5000,5000,whole_patient_cluster,True,three_class_patient_label,59104
sam2_unet,9103,standardized_resnet18,eye,calibrated,conditional.per_class.normal.average_precision_ovr,0.8918301246397222,0.6613414967828306,1.0,0.08008650339730408,0.95,bca,bca,False,,5000,5000,whole_patient_cluster,True,three_class_patient_label,59104
sam2_unet,9103,standardized_resnet18,eye,calibrated,conditional.per_class.normal.f1,0.8421052631578947,0.7027027027027027,0.9473684210526315,0.06074649371123414,0.95,bca,bca,False,,5000,5000,whole_patient_cluster,True,three_class_patient_label,59104
sam2_unet,9103,standardized_resnet18,eye,calibrated,conditional.per_class.normal.precision,0.8888888888888888,0.6666666666666666,1.0,0.08391562695725893,0.95,bca,bca,False,,5000,5000,whole_patient_cluster,True,three_class_patient_label,59104
sam2_unet,9103,standardized_resnet18,eye,calibrated,conditional.per_class.normal.recall,0.8,0.65,0.95,0.07741461234444624,0.95,bca,bca,False,,5000,5000,whole_patient_cluster,True,three_class_patient_label,59104
sam2_unet,9103,standardized_resnet18,eye,calibrated,conditional.per_class.papilledema.auroc_ovr,0.65625,0.34375,0.8482142857142857,0.12354631547712601,0.95,bca,bca,False,,5000,5000,whole_patient_cluster,True,three_class_patient_label,59104
sam2_unet,9103,standardized_resnet18,eye,calibrated,conditional.per_class.papilledema.average_precision_ovr,0.35433836996337,0.21241381363089987,0.5928819471045162,0.11346380841797539,0.95,bca,bca,False,,5000,5000,whole_patient_cluster,True,three_class_patient_label,59104
sam2_unet,9103,standardized_resnet18,eye,calibrated,conditional.per_class.papilledema.f1,0.25,0.0,0.47058823529411764,0.11304715620385267,0.95,bca,bca,False,,5000,5000,whole_patient_cluster,True,three_class_patient_label,59104
sam2_unet,9103,standardized_resnet18,eye,calibrated,conditional.per_class.papilledema.precision,0.25,0.0,0.4444444444444444,0.10526528288394131,0.95,bca,bca,False,,5000,5000,whole_patient_cluster,True,three_class_patient_label,59104
sam2_unet,9103,standardized_resnet18,eye,calibrated,conditional.per_class.papilledema.recall,0.25,0.0,0.5,0.12573484739868288,0.95,bca,bca,False,,5000,5000,whole_patient_cluster,True,three_class_patient_label,59104
sam2_unet,9103,standardized_resnet18,eye,calibrated,conditional.per_class.pseudopapilledema.auroc_ovr,0.6785714285714286,0.4732142857142857,0.8392857142857143,0.09323485398890848,0.95,bca,bca,False,,5000,5000,whole_patient_cluster,True,three_class_patient_label,59104
sam2_unet,9103,standardized_resnet18,eye,calibrated,conditional.per_class.pseudopapilledema.average_precision_ovr,0.33141622810740456,0.22907279596263708,0.5226041514709703,0.10436159419970346,0.95,bca,bca,False,,5000,5000,whole_patient_cluster,True,three_class_patient_label,59104
sam2_unet,9103,standardized_resnet18,eye,calibrated,conditional.per_class.pseudopapilledema.f1,0.2222222222222222,0.0,0.4444444444444444,0.10489021277869003,0.95,bca,bca,False,,5000,5000,whole_patient_cluster,True,three_class_patient_label,59104
sam2_unet,9103,standardized_resnet18,eye,calibrated,conditional.per_class.pseudopapilledema.precision,0.2,0.0,0.42857142857142855,0.09895462316735132,0.95,bca,bca,False,,5000,5000,whole_patient_cluster,True,three_class_patient_label,59104
sam2_unet,9103,standardized_resnet18,eye,calibrated,conditional.per_class.pseudopapilledema.recall,0.25,0.0,0.5,0.12489127097564978,0.95,bca,bca,False,,5000,5000,whole_patient_cluster,True,three_class_patient_label,59104
sam2_unet,9103,standardized_resnet18,eye,calibrated,conditional.top_label_ece,0.29542081762409617,0.17298952582538116,0.412990127705481,0.06354068092465422,0.95,bca,bca,False,,5000,5000,whole_patient_cluster,True,three_class_patient_label,59104
sam2_unet,9103,standardized_resnet18,eye,calibrated,conditional_aurc,0.2578842095004468,0.12914304992397582,0.4379207953268727,0.07704685729322684,0.95,bca,bca,False,,5000,5000,whole_patient_cluster,True,three_class_patient_label,59104
sam2_unet,9103,standardized_resnet18,eye,calibrated,coverage,1.0,1.0,1.0,0.0,0.95,bca,bca,False,,5000,5000,whole_patient_cluster,True,three_class_patient_label,59104
sam2_unet,9103,standardized_resnet18,eye,calibrated,failure_aware.accuracy,0.5555555555555556,0.4444444444444444,0.6666666666666666,0.058762561486186436,0.95,bca,bca,False,,5000,5000,whole_patient_cluster,True,three_class_patient_label,59104
sam2_unet,9103,standardized_resnet18,eye,calibrated,failure_aware.balanced_accuracy,0.43333333333333335,0.3065486514821982,0.5583333333333333,0.0647166099504312,0.95,bca,bca,False,,5000,5000,whole_patient_cluster,True,three_class_patient_label,59104
sam2_unet,9103,standardized_resnet18,eye,calibrated,failure_aware.macro_f1,0.43810916179337234,0.3137254901960784,0.5584221992890724,0.06324115989418082,0.95,bca,bca,False,,5000,5000,whole_patient_cluster,True,three_class_patient_label,59104
sam2_unet,9103,standardized_resnet18,eye,calibrated,failure_aware.multiclass_mcc,0.2742000064995558,0.0770295028141651,0.4375,0.09315742780799567,0.95,bca,bca,False,,5000,5000,whole_patient_cluster,True,three_class_patient_label,59104
sam2_unet,9103,standardized_resnet18,eye,calibrated,failure_aware.per_class.normal.f1,0.8421052631578947,0.7027027027027027,0.9473684210526315,0.06074649371123414,0.95,bca,bca,False,,5000,5000,whole_patient_cluster,True,three_class_patient_label,59104
sam2_unet,9103,standardized_resnet18,eye,calibrated,failure_aware.per_class.normal.precision,0.8888888888888888,0.6666666666666666,1.0,0.08391562695725893,0.95,bca,bca,False,,5000,5000,whole_patient_cluster,True,three_class_patient_label,59104
sam2_unet,9103,standardized_resnet18,eye,calibrated,failure_aware.per_class.normal.recall,0.8,0.65,0.95,0.07741461234444624,0.95,bca,bca,False,,5000,5000,whole_patient_cluster,True,three_class_patient_label,59104
sam2_unet,9103,standardized_resnet18,eye,calibrated,failure_aware.per_class.papilledema.f1,0.25,0.0,0.47058823529411764,0.11304715620385267,0.95,bca,bca,False,,5000,5000,whole_patient_cluster,True,three_class_patient_label,59104
sam2_unet,9103,standardized_resnet18,eye,calibrated,failure_aware.per_class.papilledema.precision,0.25,0.0,0.4444444444444444,0.10526528288394131,0.95,bca,bca,False,,5000,5000,whole_patient_cluster,True,three_class_patient_label,59104
sam2_unet,9103,standardized_resnet18,eye,calibrated,failure_aware.per_class.papilledema.recall,0.25,0.0,0.5,0.12573484739868288,0.95,bca,bca,False,,5000,5000,whole_patient_cluster,True,three_class_patient_label,59104
sam2_unet,9103,standardized_resnet18,eye,calibrated,failure_aware.per_class.pseudopapilledema.f1,0.2222222222222222,0.0,0.4444444444444444,0.10489021277869003,0.95,bca,bca,False,,5000,5000,whole_patient_cluster,True,three_class_patient_label,59104
sam2_unet,9103,standardized_resnet18,eye,calibrated,failure_aware.per_class.pseudopapilledema.precision,0.2,0.0,0.42857142857142855,0.09895462316735132,0.95,bca,bca,False,,5000,5000,whole_patient_cluster,True,three_class_patient_label,59104
sam2_unet,9103,standardized_resnet18,eye,calibrated,failure_aware.per_class.pseudopapilledema.recall,0.25,0.0,0.5,0.12489127097564978,0.95,bca,bca,False,,5000,5000,whole_patient_cluster,True,three_class_patient_label,59104
sam2_unet,9103,standardized_resnet18,eye,calibrated,failure_aware_aurc,0.2578842095004468,0.12914304992397582,0.4379207953268727,0.07704685729322684,0.95,bca,bca,False,,5000,5000,whole_patient_cluster,True,three_class_patient_label,59104
sam2_unet,9103,standardized_resnet18,eye,calibrated,localized_diagnostic_success.rate,0.5555555555555556,0.4444444444444444,0.6666666666666666,0.058762561486186436,0.95,bca,bca,False,,5000,5000,whole_patient_cluster,True,three_class_patient_label,59104
sam2_unet,9103,standardized_resnet18,eye,calibrated,selective_risk,0.4444444444444444,0.3333333333333333,0.5555555555555556,0.058762561486186436,0.95,bca,bca,False,,5000,5000,whole_patient_cluster,True,three_class_patient_label,59104
