model,strategy,probability_state,level,metric,n_seeds,mean,sample_sd,minimum,maximum
emcad,model_specific,calibrated,eye,abstention_rate,5,0.02777777777777778,0.027777777777777776,0.0,0.05555555555555555
emcad,model_specific,calibrated,eye,class_conditional_coverage.normal,5,0.9800000000000001,0.04472135954999579,0.9,1.0
emcad,model_specific,calibrated,eye,class_conditional_coverage.papilledema,5,0.95,0.11180339887498948,0.75,1.0
emcad,model_specific,calibrated,eye,class_conditional_coverage.pseudopapilledema,5,0.975,0.05590169943749474,0.875,1.0
emcad,model_specific,calibrated,eye,conditional.accuracy,5,0.6342296918767507,0.07844200385907683,0.5142857142857142,0.7222222222222222
emcad,model_specific,calibrated,eye,conditional.balanced_accuracy,5,0.49304232804232806,0.07360862125406842,0.38095238095238093,0.5833333333333334
emcad,model_specific,calibrated,eye,conditional.class_counts.normal,5,19.6,0.8944271909999159,18.0,20.0
emcad,model_specific,calibrated,eye,conditional.class_counts.papilledema,5,7.6,0.8944271909999159,6.0,8.0
emcad,model_specific,calibrated,eye,conditional.class_counts.pseudopapilledema,5,7.8,0.4472135954999579,7.0,8.0
emcad,model_specific,calibrated,eye,conditional.derived_discrimination.normal_vs_abnormal.auroc,5,0.8759603174603174,0.047159542234677464,0.7966666666666666,0.9178571428571428
emcad,model_specific,calibrated,eye,conditional.derived_discrimination.normal_vs_abnormal.average_precision,5,0.9016312039747321,0.04069117974318247,0.8318983694780795,0.9350649350649349
emcad,model_specific,calibrated,eye,conditional.derived_discrimination.normal_vs_abnormal.n,5,35.0,1.0,34.0,36.0
emcad,model_specific,calibrated,eye,conditional.derived_discrimination.normal_vs_abnormal.negative,5,19.6,0.8944271909999159,18.0,20.0
emcad,model_specific,calibrated,eye,conditional.derived_discrimination.normal_vs_abnormal.positive,5,15.4,0.8944271909999159,14.0,16.0
emcad,model_specific,calibrated,eye,conditional.derived_discrimination.papilledema_vs_pseudopapilledema.auroc,5,0.3912202380952381,0.23583750987864427,0.10714285714285714,0.6875
emcad,model_specific,calibrated,eye,conditional.derived_discrimination.papilledema_vs_pseudopapilledema.average_precision,5,0.5592413241520384,0.17829467376291183,0.3337638551924267,0.7940934065934065
emcad,model_specific,calibrated,eye,conditional.derived_discrimination.papilledema_vs_pseudopapilledema.n,5,15.4,0.8944271909999159,14.0,16.0
emcad,model_specific,calibrated,eye,conditional.derived_discrimination.papilledema_vs_pseudopapilledema.negative,5,7.6,0.8944271909999159,6.0,8.0
emcad,model_specific,calibrated,eye,conditional.derived_discrimination.papilledema_vs_pseudopapilledema.positive,5,7.8,0.4472135954999579,7.0,8.0
emcad,model_specific,calibrated,eye,conditional.macro.adaptive_ece_ovr,5,0.1735563167946205,0.05431305690903742,0.1076902483821861,0.2547355112632856
emcad,model_specific,calibrated,eye,conditional.macro.auroc_ovr,5,0.7734348217919648,0.061218671844520546,0.6744746787603931,0.8249643874643876
emcad,model_specific,calibrated,eye,conditional.macro.average_precision_ovr,5,0.5765820336289506,0.0798744084925141,0.46135657193251767,0.6809403469114942
emcad,model_specific,calibrated,eye,conditional.macro.balanced_accuracy_ovr,5,0.6543794939628274,0.054396965128116474,0.5671075837742504,0.7142857142857143
emcad,model_specific,calibrated,eye,conditional.macro.brier_ovr,5,0.14343146772987905,0.02800722396552738,0.11206343815086313,0.1858119089601548
emcad,model_specific,calibrated,eye,conditional.macro.ece_ovr,5,0.14878166568259504,0.037093474681721604,0.10319116162081036,0.20450430355249297
emcad,model_specific,calibrated,eye,conditional.macro.f1,5,0.46897273279626217,0.05839419132577284,0.3824606765783236,0.5252525252525252
emcad,model_specific,calibrated,eye,conditional.macro.mcc_ovr,5,0.3014754708892928,0.10651701871745985,0.13327279982092666,0.40815772761456287
emcad,model_specific,calibrated,eye,conditional.macro.nll_ovr,5,0.4439223366869964,0.07436147864700988,0.3686839834285383,0.5604670584688154
emcad,model_specific,calibrated,eye,conditional.macro.nll_true_class,5,0.9126500715340496,0.10395744876376958,0.822642626101401,1.0670862547720863
emcad,model_specific,calibrated,eye,conditional.macro.precision,5,0.45831004278372695,0.05383483504381055,0.3848510164299637,0.518483709273183
emcad,model_specific,calibrated,eye,conditional.macro.recall,5,0.49304232804232806,0.07360862125406842,0.38095238095238093,0.5833333333333334
emcad,model_specific,calibrated,eye,conditional.macro.specificity,5,0.8157166598833265,0.03817884819731751,0.7532627865961198,0.8452380952380952
emcad,model_specific,calibrated,eye,conditional.macro_auroc,5,0.7734348217919648,0.061218671844520546,0.6744746787603931,0.8249643874643876
emcad,model_specific,calibrated,eye,conditional.macro_average_precision,5,0.5765820336289506,0.0798744084925141,0.46135657193251767,0.6809403469114942
emcad,model_specific,calibrated,eye,conditional.macro_classwise_adaptive_ece,5,0.1735563167946205,0.05431305690903742,0.1076902483821861,0.2547355112632856
emcad,model_specific,calibrated,eye,conditional.macro_classwise_ece,5,0.14878166568259504,0.037093474681721604,0.10319116162081036,0.20450430355249297
emcad,model_specific,calibrated,eye,conditional.macro_f1,5,0.46897273279626217,0.05839419132577284,0.3824606765783236,0.5252525252525252
emcad,model_specific,calibrated,eye,conditional.macro_precision,5,0.45831004278372695,0.05383483504381055,0.3848510164299637,0.518483709273183
emcad,model_specific,calibrated,eye,conditional.macro_recall,5,0.49304232804232806,0.07360862125406842,0.38095238095238093,0.5833333333333334
emcad,model_specific,calibrated,eye,conditional.multiclass_brier,5,0.4302944031896371,0.08402167189658212,0.3361903144525894,0.5574357268804643
emcad,model_specific,calibrated,eye,conditional.multiclass_mcc,5,0.3785986594415425,0.12778546164864898,0.17844389058231308,0.5233973683491399
emcad,model_specific,calibrated,eye,conditional.multiclass_nll,5,0.7261953916721016,0.14530508914984933,0.6038788661529927,0.9604955364018944
emcad,model_specific,calibrated,eye,conditional.n,5,35.0,1.0,34.0,36.0
emcad,model_specific,calibrated,eye,conditional.per_class.normal.adaptive_ece_ovr,5,0.16481896819196784,0.05512924470732116,0.10341407851503284,0.23506106405947988
emcad,model_specific,calibrated,eye,conditional.per_class.normal.auroc_ovr,5,0.8759603174603174,0.047159542234677485,0.7966666666666666,0.9178571428571429
emcad,model_specific,calibrated,eye,conditional.per_class.normal.average_precision_ovr,5,0.8573375489957709,0.062362830186424176,0.7652583502872154,0.9234143737239713
emcad,model_specific,calibrated,eye,conditional.per_class.normal.balanced_accuracy_ovr,5,0.8572420634920634,0.074482631210087,0.7416666666666667,0.9285714285714286
emcad,model_specific,calibrated,eye,conditional.per_class.normal.brier_ovr,5,0.12573699241815237,0.05839287884979934,0.05788324833316461,0.2168874146237858
emcad,model_specific,calibrated,eye,conditional.per_class.normal.class_index,5,0.0,0.0,0.0,0.0
emcad,model_specific,calibrated,eye,conditional.per_class.normal.ece_ovr,5,0.14385880324374048,0.07072595065882456,0.06058197086905223,0.22340802060991546
emcad,model_specific,calibrated,eye,conditional.per_class.normal.f1,5,0.8799243099243099,0.07205858614592003,0.7692307692307693,0.9523809523809523
emcad,model_specific,calibrated,eye,conditional.per_class.normal.fn,5,1.8,2.1679483388678804,0.0,5.0
emcad,model_specific,calibrated,eye,conditional.per_class.normal.fp,5,3.0,1.0,2.0,4.0
emcad,model_specific,calibrated,eye,conditional.per_class.normal.mcc_ovr,5,0.7279386487246514,0.16027198231480638,0.4801429794360784,0.8827348295047495
emcad,model_specific,calibrated,eye,conditional.per_class.normal.nll_ovr,5,0.40218864553234457,0.14892747210460183,0.23321366111247,0.6374518158377902
emcad,model_specific,calibrated,eye,conditional.per_class.normal.nll_true_class,5,0.39868016717489907,0.2830547013420269,0.08658129984065274,0.8008918045021488
emcad,model_specific,calibrated,eye,conditional.per_class.normal.precision,5,0.8553269537480064,0.048198680164500345,0.7894736842105263,0.9090909090909091
emcad,model_specific,calibrated,eye,conditional.per_class.normal.recall,5,0.9088888888888889,0.10791228719842362,0.75,1.0
emcad,model_specific,calibrated,eye,conditional.per_class.normal.sensitivity,5,0.9088888888888889,0.10791228719842362,0.75,1.0
emcad,model_specific,calibrated,eye,conditional.per_class.normal.specificity,5,0.805595238095238,0.06291753952631454,0.7333333333333333,0.875
emcad,model_specific,calibrated,eye,conditional.per_class.normal.support,5,19.6,0.8944271909999159,18.0,20.0
emcad,model_specific,calibrated,eye,conditional.per_class.normal.tn,5,12.4,1.140175425099138,11.0,14.0
emcad,model_specific,calibrated,eye,conditional.per_class.normal.tp,5,17.8,2.16794833886788,15.0,20.0
emcad,model_specific,calibrated,eye,conditional.per_class.papilledema.adaptive_ece_ovr,5,0.16708652329898954,0.06637148896656708,0.05993795101672087,0.23950720356848784
emcad,model_specific,calibrated,eye,conditional.per_class.papilledema.auroc_ovr,5,0.7853861416361416,0.09435024584012885,0.6488095238095238,0.9107142857142858
emcad,model_specific,calibrated,eye,conditional.per_class.papilledema.average_precision_ovr,5,0.47001421786747877,0.1393716991586152,0.26570048309178745,0.6285037878787879
emcad,model_specific,calibrated,eye,conditional.per_class.papilledema.balanced_accuracy_ovr,5,0.6238909238909238,0.1231551070157754,0.49537037037037035,0.8035714285714286
emcad,model_specific,calibrated,eye,conditional.per_class.papilledema.brier_ovr,5,0.13662208260859757,0.026045529595760213,0.09507810045050599,0.1651560929813932
emcad,model_specific,calibrated,eye,conditional.per_class.papilledema.class_index,5,1.0,0.0,1.0,1.0
emcad,model_specific,calibrated,eye,conditional.per_class.papilledema.ece_ovr,5,0.14934669689655083,0.02784622300674468,0.1170807676757177,0.17699526993982098
emcad,model_specific,calibrated,eye,conditional.per_class.papilledema.f1,5,0.4087254901960784,0.17766629229734357,0.23529411764705882,0.6666666666666666
emcad,model_specific,calibrated,eye,conditional.per_class.papilledema.fn,5,4.0,1.5811388300841898,2.0,6.0
emcad,model_specific,calibrated,eye,conditional.per_class.papilledema.fp,5,6.0,1.4142135623730951,4.0,7.0
emcad,model_specific,calibrated,eye,conditional.per_class.papilledema.mcc_ovr,5,0.22801359110499808,0.22674172111820595,-0.008896008544727062,0.5635445125120265
emcad,model_specific,calibrated,eye,conditional.per_class.papilledema.nll_ovr,5,0.41996376856873424,0.09628207598479893,0.27471373466343146,0.541816878505778
emcad,model_specific,calibrated,eye,conditional.per_class.papilledema.nll_true_class,5,1.0219087692789999,0.511982212388877,0.568859158677868,1.8975137493687864
emcad,model_specific,calibrated,eye,conditional.per_class.papilledema.precision,5,0.3672222222222222,0.15711519718087485,0.2222222222222222,0.6
emcad,model_specific,calibrated,eye,conditional.per_class.papilledema.recall,5,0.4666666666666667,0.2112298642606096,0.25,0.75
emcad,model_specific,calibrated,eye,conditional.per_class.papilledema.sensitivity,5,0.4666666666666667,0.2112298642606096,0.25,0.75
emcad,model_specific,calibrated,eye,conditional.per_class.papilledema.specificity,5,0.7811151811151811,0.05013221421021656,0.7407407407407407,0.8571428571428571
emcad,model_specific,calibrated,eye,conditional.per_class.papilledema.support,5,7.6,0.8944271909999159,6.0,8.0
emcad,model_specific,calibrated,eye,conditional.per_class.papilledema.tn,5,21.4,1.5165750888103102,20.0,24.0
emcad,model_specific,calibrated,eye,conditional.per_class.papilledema.tp,5,3.6,1.8165902124584952,2.0,6.0
emcad,model_specific,calibrated,eye,conditional.per_class.pseudopapilledema.adaptive_ece_ovr,5,0.18876345889290408,0.05723456546720459,0.14840400843206705,0.289638266161889
emcad,model_specific,calibrated,eye,conditional.per_class.pseudopapilledema.auroc_ovr,5,0.6589580062794349,0.17399047988981034,0.44897959183673475,0.8990384615384616
emcad,model_specific,calibrated,eye,conditional.per_class.pseudopapilledema.average_precision_ovr,5,0.4023943340236021,0.1864476685480736,0.2152857244846964,0.6116898148148149
emcad,model_specific,calibrated,eye,conditional.per_class.pseudopapilledema.balanced_accuracy_ovr,5,0.4820054945054945,0.0431393043215318,0.42857142857142855,0.5288461538461539
emcad,model_specific,calibrated,eye,conditional.per_class.pseudopapilledema.brier_ovr,5,0.1679353281628872,0.03362641170768714,0.11315097313803157,0.20141211421606725
emcad,model_specific,calibrated,eye,conditional.per_class.pseudopapilledema.class_index,5,2.0,0.0,2.0,2.0
emcad,model_specific,calibrated,eye,conditional.per_class.pseudopapilledema.ece_ovr,5,0.15313949690749387,0.04650648595667556,0.10390219711825206,0.21310962010774248
emcad,model_specific,calibrated,eye,conditional.per_class.pseudopapilledema.f1,5,0.11826839826839826,0.11687606199648445,0.0,0.26666666666666666
emcad,model_specific,calibrated,eye,conditional.per_class.pseudopapilledema.fn,5,7.0,1.0,6.0,8.0
emcad,model_specific,calibrated,eye,conditional.per_class.pseudopapilledema.fp,5,3.8,1.7888543819998317,2.0,6.0
emcad,model_specific,calibrated,eye,conditional.per_class.pseudopapilledema.mcc_ovr,5,-0.05152582716177127,0.11530509548621694,-0.1889822365046136,0.07189966356788136
emcad,model_specific,calibrated,eye,conditional.per_class.pseudopapilledema.nll_ovr,5,0.5096145959599101,0.10783560654753443,0.3310214106673669,0.6149269729478186
emcad,model_specific,calibrated,eye,conditional.per_class.pseudopapilledema.nll_true_class,5,1.31736127814825,0.34473053148336985,0.9268966195219974,1.7277458345386234
emcad,model_specific,calibrated,eye,conditional.per_class.pseudopapilledema.precision,5,0.15238095238095237,0.1557659736552012,0.0,0.3333333333333333
emcad,model_specific,calibrated,eye,conditional.per_class.pseudopapilledema.recall,5,0.10357142857142856,0.10594569267279517,0.0,0.25
emcad,model_specific,calibrated,eye,conditional.per_class.pseudopapilledema.sensitivity,5,0.10357142857142856,0.10594569267279517,0.0,0.25
emcad,model_specific,calibrated,eye,conditional.per_class.pseudopapilledema.specificity,5,0.8604395604395604,0.06508148404323535,0.7857142857142857,0.9285714285714286
emcad,model_specific,calibrated,eye,conditional.per_class.pseudopapilledema.support,5,7.8,0.4472135954999579,7.0,8.0
emcad,model_specific,calibrated,eye,conditional.per_class.pseudopapilledema.tn,5,23.4,1.9493588689617927,21.0,26.0
emcad,model_specific,calibrated,eye,conditional.per_class.pseudopapilledema.tp,5,0.8,0.8366600265340756,0.0,2.0
emcad,model_specific,calibrated,eye,conditional.top_label_adaptive_ece,5,0.18280287197154838,0.016012720227330777,0.15602015472265404,0.19506629104297601
emcad,model_specific,calibrated,eye,conditional.top_label_ece,5,0.1627610678643942,0.03437588213658813,0.10855724096448308,0.19934589041236694
emcad,model_specific,calibrated,eye,conditional_aurc,5,0.23240625052682864,0.10419622956031102,0.14287801897805869,0.3847642642228013
emcad,model_specific,calibrated,eye,coverage,5,0.9722222222222223,0.02777777777777779,0.9444444444444444,1.0
emcad,model_specific,calibrated,eye,failure_aware.accuracy,5,0.6166666666666667,0.07954345035153529,0.5,0.7222222222222222
emcad,model_specific,calibrated,eye,failure_aware.aurc,5,0.23781671264504287,0.10086885385792069,0.1544950249783958,0.38796525688327904
emcad,model_specific,calibrated,eye,failure_aware.balanced_accuracy,5,0.4800000000000001,0.07490735018081413,0.375,0.5833333333333334
emcad,model_specific,calibrated,eye,failure_aware.correct,5,22.2,2.8635642126552705,18.0,26.0
emcad,model_specific,calibrated,eye,failure_aware.incorrect_or_abstained,5,13.8,2.8635642126552705,10.0,18.0
emcad,model_specific,calibrated,eye,failure_aware.macro_f1,5,0.46310470575176454,0.05660346477662014,0.37928607340372045,0.5252525252525252
emcad,model_specific,calibrated,eye,failure_aware.macro_precision,5,0.45831004278372695,0.05383483504381055,0.3848510164299637,0.518483709273183
emcad,model_specific,calibrated,eye,failure_aware.macro_recall,5,0.4800000000000001,0.07490735018081413,0.375,0.5833333333333334
emcad,model_specific,calibrated,eye,failure_aware.macro_specificity,5,0.7916666666666666,0.04193155596311124,0.7291666666666666,0.8452380952380952
emcad,model_specific,calibrated,eye,failure_aware.multiclass_mcc,5,0.36286670505834057,0.12346552519668762,0.17816377301961178,0.5233973683491399
emcad,model_specific,calibrated,eye,failure_aware.per_class.normal.abstain,5,0.4,0.8944271909999161,0.0,2.0
emcad,model_specific,calibrated,eye,failure_aware.per_class.normal.balanced_accuracy_ovr,5,0.8324999999999999,0.06605513795307676,0.71875,0.875
emcad,model_specific,calibrated,eye,failure_aware.per_class.normal.class_index,5,0.0,0.0,0.0,0.0
emcad,model_specific,calibrated,eye,failure_aware.per_class.normal.f1,5,0.8704995004995005,0.06868612017646641,0.7692307692307693,0.9523809523809523
emcad,model_specific,calibrated,eye,failure_aware.per_class.normal.fn_including_abstain,5,2.2,2.16794833886788,0.0,5.0
emcad,model_specific,calibrated,eye,failure_aware.per_class.normal.fp,5,3.0,1.0,2.0,4.0
emcad,model_specific,calibrated,eye,failure_aware.per_class.normal.precision,5,0.8553269537480064,0.048198680164500345,0.7894736842105263,0.9090909090909091
emcad,model_specific,calibrated,eye,failure_aware.per_class.normal.recall,5,0.89,0.10839741694339401,0.75,1.0
emcad,model_specific,calibrated,eye,failure_aware.per_class.normal.sensitivity,5,0.89,0.10839741694339401,0.75,1.0
emcad,model_specific,calibrated,eye,failure_aware.per_class.normal.specificity,5,0.775,0.07126096406869613,0.6875,0.875
emcad,model_specific,calibrated,eye,failure_aware.per_class.normal.support,5,20.0,0.0,20.0,20.0
emcad,model_specific,calibrated,eye,failure_aware.per_class.normal.tn_excluding_abstain,5,12.4,1.140175425099138,11.0,14.0
emcad,model_specific,calibrated,eye,failure_aware.per_class.normal.tp,5,17.8,2.16794833886788,15.0,20.0
emcad,model_specific,calibrated,eye,failure_aware.per_class.papilledema.abstain,5,0.4,0.894427190999916,0.0,2.0
emcad,model_specific,calibrated,eye,failure_aware.per_class.papilledema.balanced_accuracy_ovr,5,0.6071428571428572,0.13614241680336525,0.48214285714285715,0.8035714285714286
emcad,model_specific,calibrated,eye,failure_aware.per_class.papilledema.class_index,5,1.0,0.0,1.0,1.0
emcad,model_specific,calibrated,eye,failure_aware.per_class.papilledema.f1,5,0.4024509803921569,0.18436521496069913,0.23529411764705882,0.6666666666666666
emcad,model_specific,calibrated,eye,failure_aware.per_class.papilledema.fn_including_abstain,5,4.4,1.816590212458495,2.0,6.0
emcad,model_specific,calibrated,eye,failure_aware.per_class.papilledema.fp,5,6.0,1.4142135623730951,4.0,7.0
emcad,model_specific,calibrated,eye,failure_aware.per_class.papilledema.precision,5,0.3672222222222222,0.15711519718087485,0.2222222222222222,0.6
emcad,model_specific,calibrated,eye,failure_aware.per_class.papilledema.recall,5,0.45,0.2270737765573119,0.25,0.75
emcad,model_specific,calibrated,eye,failure_aware.per_class.papilledema.sensitivity,5,0.45,0.2270737765573119,0.25,0.75
emcad,model_specific,calibrated,eye,failure_aware.per_class.papilledema.specificity,5,0.7642857142857143,0.054163396028939624,0.7142857142857143,0.8571428571428571
emcad,model_specific,calibrated,eye,failure_aware.per_class.papilledema.support,5,8.0,0.0,8.0,8.0
emcad,model_specific,calibrated,eye,failure_aware.per_class.papilledema.tn_excluding_abstain,5,21.4,1.5165750888103102,20.0,24.0
emcad,model_specific,calibrated,eye,failure_aware.per_class.papilledema.tp,5,3.6,1.8165902124584952,2.0,6.0
emcad,model_specific,calibrated,eye,failure_aware.per_class.pseudopapilledema.abstain,5,0.2,0.447213595499958,0.0,1.0
emcad,model_specific,calibrated,eye,failure_aware.per_class.pseudopapilledema.balanced_accuracy_ovr,5,0.4678571428571428,0.028655011671216455,0.42857142857142855,0.5
emcad,model_specific,calibrated,eye,failure_aware.per_class.pseudopapilledema.class_index,5,2.0,0.0,2.0,2.0
emcad,model_specific,calibrated,eye,failure_aware.per_class.pseudopapilledema.f1,5,0.11636363636363636,0.11645198666158012,0.0,0.26666666666666666
emcad,model_specific,calibrated,eye,failure_aware.per_class.pseudopapilledema.fn_including_abstain,5,7.2,0.8366600265340756,6.0,8.0
emcad,model_specific,calibrated,eye,failure_aware.per_class.pseudopapilledema.fp,5,3.8,1.7888543819998317,2.0,6.0
emcad,model_specific,calibrated,eye,failure_aware.per_class.pseudopapilledema.precision,5,0.15238095238095237,0.1557659736552012,0.0,0.3333333333333333
emcad,model_specific,calibrated,eye,failure_aware.per_class.pseudopapilledema.recall,5,0.1,0.10458250331675945,0.0,0.25
emcad,model_specific,calibrated,eye,failure_aware.per_class.pseudopapilledema.sensitivity,5,0.1,0.10458250331675945,0.0,0.25
emcad,model_specific,calibrated,eye,failure_aware.per_class.pseudopapilledema.specificity,5,0.8357142857142856,0.06961995960577833,0.75,0.9285714285714286
emcad,model_specific,calibrated,eye,failure_aware.per_class.pseudopapilledema.support,5,8.0,0.0,8.0,8.0
emcad,model_specific,calibrated,eye,failure_aware.per_class.pseudopapilledema.tn_excluding_abstain,5,23.4,1.9493588689617927,21.0,26.0
emcad,model_specific,calibrated,eye,failure_aware.per_class.pseudopapilledema.tp,5,0.8,0.8366600265340756,0.0,2.0
emcad,model_specific,calibrated,eye,failure_aware_accuracy,5,0.6166666666666667,0.07954345035153529,0.5,0.7222222222222222
emcad,model_specific,calibrated,eye,failure_aware_aurc,5,0.23781671264504287,0.10086885385792069,0.1544950249783958,0.38796525688327904
emcad,model_specific,calibrated,eye,failure_aware_balanced_accuracy,5,0.4800000000000001,0.07490735018081413,0.375,0.5833333333333334
emcad,model_specific,calibrated,eye,failure_inclusive.accuracy,5,0.6166666666666667,0.07954345035153529,0.5,0.7222222222222222
emcad,model_specific,calibrated,eye,failure_inclusive.aurc,5,0.23781671264504287,0.10086885385792069,0.1544950249783958,0.38796525688327904
emcad,model_specific,calibrated,eye,failure_inclusive.balanced_accuracy,5,0.4800000000000001,0.07490735018081413,0.375,0.5833333333333334
emcad,model_specific,calibrated,eye,failure_inclusive.correct,5,22.2,2.8635642126552705,18.0,26.0
emcad,model_specific,calibrated,eye,failure_inclusive.incorrect_or_abstained,5,13.8,2.8635642126552705,10.0,18.0
emcad,model_specific,calibrated,eye,failure_inclusive.macro_f1,5,0.46310470575176454,0.05660346477662014,0.37928607340372045,0.5252525252525252
emcad,model_specific,calibrated,eye,failure_inclusive.macro_precision,5,0.45831004278372695,0.05383483504381055,0.3848510164299637,0.518483709273183
emcad,model_specific,calibrated,eye,failure_inclusive.macro_recall,5,0.4800000000000001,0.07490735018081413,0.375,0.5833333333333334
emcad,model_specific,calibrated,eye,failure_inclusive.macro_specificity,5,0.7916666666666666,0.04193155596311124,0.7291666666666666,0.8452380952380952
emcad,model_specific,calibrated,eye,failure_inclusive.multiclass_mcc,5,0.36286670505834057,0.12346552519668762,0.17816377301961178,0.5233973683491399
emcad,model_specific,calibrated,eye,failure_inclusive.per_class.normal.abstain,5,0.4,0.8944271909999161,0.0,2.0
emcad,model_specific,calibrated,eye,failure_inclusive.per_class.normal.balanced_accuracy_ovr,5,0.8324999999999999,0.06605513795307676,0.71875,0.875
emcad,model_specific,calibrated,eye,failure_inclusive.per_class.normal.class_index,5,0.0,0.0,0.0,0.0
emcad,model_specific,calibrated,eye,failure_inclusive.per_class.normal.f1,5,0.8704995004995005,0.06868612017646641,0.7692307692307693,0.9523809523809523
emcad,model_specific,calibrated,eye,failure_inclusive.per_class.normal.fn_including_abstain,5,2.2,2.16794833886788,0.0,5.0
emcad,model_specific,calibrated,eye,failure_inclusive.per_class.normal.fp,5,3.0,1.0,2.0,4.0
emcad,model_specific,calibrated,eye,failure_inclusive.per_class.normal.precision,5,0.8553269537480064,0.048198680164500345,0.7894736842105263,0.9090909090909091
emcad,model_specific,calibrated,eye,failure_inclusive.per_class.normal.recall,5,0.89,0.10839741694339401,0.75,1.0
emcad,model_specific,calibrated,eye,failure_inclusive.per_class.normal.sensitivity,5,0.89,0.10839741694339401,0.75,1.0
emcad,model_specific,calibrated,eye,failure_inclusive.per_class.normal.specificity,5,0.775,0.07126096406869613,0.6875,0.875
emcad,model_specific,calibrated,eye,failure_inclusive.per_class.normal.support,5,20.0,0.0,20.0,20.0
emcad,model_specific,calibrated,eye,failure_inclusive.per_class.normal.tn_excluding_abstain,5,12.4,1.140175425099138,11.0,14.0
emcad,model_specific,calibrated,eye,failure_inclusive.per_class.normal.tp,5,17.8,2.16794833886788,15.0,20.0
emcad,model_specific,calibrated,eye,failure_inclusive.per_class.papilledema.abstain,5,0.4,0.894427190999916,0.0,2.0
emcad,model_specific,calibrated,eye,failure_inclusive.per_class.papilledema.balanced_accuracy_ovr,5,0.6071428571428572,0.13614241680336525,0.48214285714285715,0.8035714285714286
emcad,model_specific,calibrated,eye,failure_inclusive.per_class.papilledema.class_index,5,1.0,0.0,1.0,1.0
emcad,model_specific,calibrated,eye,failure_inclusive.per_class.papilledema.f1,5,0.4024509803921569,0.18436521496069913,0.23529411764705882,0.6666666666666666
emcad,model_specific,calibrated,eye,failure_inclusive.per_class.papilledema.fn_including_abstain,5,4.4,1.816590212458495,2.0,6.0
emcad,model_specific,calibrated,eye,failure_inclusive.per_class.papilledema.fp,5,6.0,1.4142135623730951,4.0,7.0
emcad,model_specific,calibrated,eye,failure_inclusive.per_class.papilledema.precision,5,0.3672222222222222,0.15711519718087485,0.2222222222222222,0.6
emcad,model_specific,calibrated,eye,failure_inclusive.per_class.papilledema.recall,5,0.45,0.2270737765573119,0.25,0.75
emcad,model_specific,calibrated,eye,failure_inclusive.per_class.papilledema.sensitivity,5,0.45,0.2270737765573119,0.25,0.75
emcad,model_specific,calibrated,eye,failure_inclusive.per_class.papilledema.specificity,5,0.7642857142857143,0.054163396028939624,0.7142857142857143,0.8571428571428571
emcad,model_specific,calibrated,eye,failure_inclusive.per_class.papilledema.support,5,8.0,0.0,8.0,8.0
emcad,model_specific,calibrated,eye,failure_inclusive.per_class.papilledema.tn_excluding_abstain,5,21.4,1.5165750888103102,20.0,24.0
emcad,model_specific,calibrated,eye,failure_inclusive.per_class.papilledema.tp,5,3.6,1.8165902124584952,2.0,6.0
emcad,model_specific,calibrated,eye,failure_inclusive.per_class.pseudopapilledema.abstain,5,0.2,0.447213595499958,0.0,1.0
emcad,model_specific,calibrated,eye,failure_inclusive.per_class.pseudopapilledema.balanced_accuracy_ovr,5,0.4678571428571428,0.028655011671216455,0.42857142857142855,0.5
emcad,model_specific,calibrated,eye,failure_inclusive.per_class.pseudopapilledema.class_index,5,2.0,0.0,2.0,2.0
emcad,model_specific,calibrated,eye,failure_inclusive.per_class.pseudopapilledema.f1,5,0.11636363636363636,0.11645198666158012,0.0,0.26666666666666666
emcad,model_specific,calibrated,eye,failure_inclusive.per_class.pseudopapilledema.fn_including_abstain,5,7.2,0.8366600265340756,6.0,8.0
emcad,model_specific,calibrated,eye,failure_inclusive.per_class.pseudopapilledema.fp,5,3.8,1.7888543819998317,2.0,6.0
emcad,model_specific,calibrated,eye,failure_inclusive.per_class.pseudopapilledema.precision,5,0.15238095238095237,0.1557659736552012,0.0,0.3333333333333333
emcad,model_specific,calibrated,eye,failure_inclusive.per_class.pseudopapilledema.recall,5,0.1,0.10458250331675945,0.0,0.25
emcad,model_specific,calibrated,eye,failure_inclusive.per_class.pseudopapilledema.sensitivity,5,0.1,0.10458250331675945,0.0,0.25
emcad,model_specific,calibrated,eye,failure_inclusive.per_class.pseudopapilledema.specificity,5,0.8357142857142856,0.06961995960577833,0.75,0.9285714285714286
emcad,model_specific,calibrated,eye,failure_inclusive.per_class.pseudopapilledema.support,5,8.0,0.0,8.0,8.0
emcad,model_specific,calibrated,eye,failure_inclusive.per_class.pseudopapilledema.tn_excluding_abstain,5,23.4,1.9493588689617927,21.0,26.0
emcad,model_specific,calibrated,eye,failure_inclusive.per_class.pseudopapilledema.tp,5,0.8,0.8366600265340756,0.0,2.0
emcad,model_specific,calibrated,eye,localized_diagnostic_success.localized_rate,5,0.9444444444444443,0.05196746370519365,0.8888888888888888,1.0
emcad,model_specific,calibrated,eye,localized_diagnostic_success.n_success,5,21.8,3.1937438845342623,17.0,26.0
emcad,model_specific,calibrated,eye,localized_diagnostic_success.per_class_rate.normal,5,0.8700000000000001,0.11510864433221339,0.7,1.0
emcad,model_specific,calibrated,eye,localized_diagnostic_success.per_class_rate.papilledema,5,0.45,0.2270737765573119,0.25,0.75
emcad,model_specific,calibrated,eye,localized_diagnostic_success.per_class_rate.pseudopapilledema,5,0.1,0.10458250331675945,0.0,0.25
emcad,model_specific,calibrated,eye,localized_diagnostic_success.rate,5,0.6055555555555556,0.08871510790372952,0.4722222222222222,0.7222222222222222
emcad,model_specific,calibrated,eye,n_abstain,5,1.0,1.0,0.0,2.0
emcad,model_specific,calibrated,eye,n_covered,5,35.0,1.0,34.0,36.0
emcad,model_specific,calibrated,eye,n_total,5,36.0,0.0,36.0,36.0
emcad,model_specific,calibrated,eye,selective_risk,5,0.36577030812324934,0.0784420038590768,0.2777777777777778,0.4857142857142857
emcad,model_specific,calibrated,patient,abstention_rate,5,0.05555555555555556,0.05555555555555555,0.0,0.1111111111111111
emcad,model_specific,calibrated,patient,class_conditional_coverage.normal,5,0.96,0.08944271909999157,0.8,1.0
emcad,model_specific,calibrated,patient,class_conditional_coverage.papilledema,5,0.9,0.22360679774997896,0.5,1.0
emcad,model_specific,calibrated,patient,class_conditional_coverage.pseudopapilledema,5,0.95,0.11180339887498948,0.75,1.0
emcad,model_specific,calibrated,patient,conditional.accuracy,5,0.6462418300653595,0.1379337471656579,0.4117647058823529,0.7777777777777778
emcad,model_specific,calibrated,patient,conditional.balanced_accuracy,5,0.5166666666666666,0.14385563751360056,0.2833333333333333,0.6666666666666666
emcad,model_specific,calibrated,patient,conditional.class_counts.normal,5,9.6,0.8944271909999159,8.0,10.0
emcad,model_specific,calibrated,patient,conditional.class_counts.papilledema,5,3.6,0.8944271909999159,2.0,4.0
emcad,model_specific,calibrated,patient,conditional.class_counts.pseudopapilledema,5,3.8,0.4472135954999579,3.0,4.0
emcad,model_specific,calibrated,patient,conditional.derived_discrimination.normal_vs_abnormal.auroc,5,0.8789583333333335,0.045574553542032145,0.8,0.9166666666666667
emcad,model_specific,calibrated,patient,conditional.derived_discrimination.normal_vs_abnormal.average_precision,5,0.9083283383283384,0.03366124767270845,0.8523809523809522,0.9416666666666667
emcad,model_specific,calibrated,patient,conditional.derived_discrimination.normal_vs_abnormal.n,5,17.0,1.0,16.0,18.0
emcad,model_specific,calibrated,patient,conditional.derived_discrimination.normal_vs_abnormal.negative,5,9.6,0.8944271909999159,8.0,10.0
emcad,model_specific,calibrated,patient,conditional.derived_discrimination.normal_vs_abnormal.positive,5,7.4,0.8944271909999159,6.0,8.0
emcad,model_specific,calibrated,patient,conditional.derived_discrimination.papilledema_vs_pseudopapilledema.auroc,5,0.35,0.29843340965783305,0.0,0.75
emcad,model_specific,calibrated,patient,conditional.derived_discrimination.papilledema_vs_pseudopapilledema.average_precision,5,0.5955555555555556,0.180621913499388,0.3206349206349206,0.8166666666666667
emcad,model_specific,calibrated,patient,conditional.derived_discrimination.papilledema_vs_pseudopapilledema.n,5,7.4,0.8944271909999159,6.0,8.0
emcad,model_specific,calibrated,patient,conditional.derived_discrimination.papilledema_vs_pseudopapilledema.negative,5,3.6,0.8944271909999159,2.0,4.0
emcad,model_specific,calibrated,patient,conditional.derived_discrimination.papilledema_vs_pseudopapilledema.positive,5,3.8,0.4472135954999579,3.0,4.0
emcad,model_specific,calibrated,patient,conditional.macro.adaptive_ece_ovr,5,0.22261890180581262,0.04408483168287462,0.18446217159351963,0.28167846917110256
emcad,model_specific,calibrated,patient,conditional.macro.auroc_ovr,5,0.7702297008547008,0.06312093715334424,0.6677655677655677,0.8204365079365079
emcad,model_specific,calibrated,patient,conditional.macro.average_precision_ovr,5,0.6136451927701928,0.07425499416435237,0.5172767972767972,0.6910425685425685
emcad,model_specific,calibrated,patient,conditional.macro.balanced_accuracy_ovr,5,0.66753663003663,0.10339089308048309,0.49423076923076925,0.7678571428571429
emcad,model_specific,calibrated,patient,conditional.macro.brier_ovr,5,0.14437624192918821,0.03014590866661912,0.10749838081138137,0.1884794397719485
emcad,model_specific,calibrated,patient,conditional.macro.ece_ovr,5,0.16180187794408013,0.05388570647776316,0.13128299537106516,0.2578162617373578
emcad,model_specific,calibrated,patient,conditional.macro.f1,5,0.4665257618198795,0.1197586421951224,0.2888888888888889,0.5756302521008404
emcad,model_specific,calibrated,patient,conditional.macro.mcc_ovr,5,0.32393024084540045,0.1998798334516707,-0.00796128357835633,0.5154994536868497
emcad,model_specific,calibrated,patient,conditional.macro.nll_ovr,5,0.44299600057713323,0.07384140566380601,0.35875699903469366,0.5587441039148932
emcad,model_specific,calibrated,patient,conditional.macro.nll_true_class,5,0.9844567611230177,0.16468764755076665,0.8260549093354402,1.1724679961014912
emcad,model_specific,calibrated,patient,conditional.macro.precision,5,0.43774410774410777,0.1055563879055783,0.3055555555555555,0.5740740740740741
emcad,model_specific,calibrated,patient,conditional.macro.recall,5,0.5166666666666666,0.14385563751360056,0.2833333333333333,0.6666666666666666
emcad,model_specific,calibrated,patient,conditional.macro.specificity,5,0.8184065934065934,0.06554503127898847,0.7051282051282052,0.8690476190476191
emcad,model_specific,calibrated,patient,conditional.macro_auroc,5,0.7702297008547008,0.06312093715334424,0.6677655677655677,0.8204365079365079
emcad,model_specific,calibrated,patient,conditional.macro_average_precision,5,0.6136451927701928,0.07425499416435237,0.5172767972767972,0.6910425685425685
emcad,model_specific,calibrated,patient,conditional.macro_classwise_adaptive_ece,5,0.22261890180581262,0.04408483168287462,0.18446217159351963,0.28167846917110256
emcad,model_specific,calibrated,patient,conditional.macro_classwise_ece,5,0.16180187794408013,0.05388570647776316,0.13128299537106516,0.2578162617373578
emcad,model_specific,calibrated,patient,conditional.macro_f1,5,0.4665257618198795,0.1197586421951224,0.2888888888888889,0.5756302521008404
emcad,model_specific,calibrated,patient,conditional.macro_precision,5,0.43774410774410777,0.1055563879055783,0.3055555555555555,0.5740740740740741
emcad,model_specific,calibrated,patient,conditional.macro_recall,5,0.5166666666666666,0.14385563751360056,0.2833333333333333,0.6666666666666666
emcad,model_specific,calibrated,patient,conditional.multiclass_brier,5,0.43312872578756456,0.09043772599985735,0.3224951424341442,0.5654383193158455
emcad,model_specific,calibrated,patient,conditional.multiclass_mcc,5,0.41395507266766784,0.22775062600977797,0.03492151478847891,0.649519052838329
emcad,model_specific,calibrated,patient,conditional.multiclass_nll,5,0.7151518214402586,0.13450846786339482,0.5898191604315111,0.9320406583931402
emcad,model_specific,calibrated,patient,conditional.n,5,17.0,1.0,16.0,18.0
emcad,model_specific,calibrated,patient,conditional.per_class.normal.adaptive_ece_ovr,5,0.19268946244978466,0.0875946772708301,0.10566156586642328,0.3060624536066225
emcad,model_specific,calibrated,patient,conditional.per_class.normal.auroc_ovr,5,0.8789583333333335,0.045574553542032145,0.8,0.9166666666666667
emcad,model_specific,calibrated,patient,conditional.per_class.normal.average_precision_ovr,5,0.8842628066378065,0.05254919583598356,0.8243578643578643,0.9430122655122655
emcad,model_specific,calibrated,patient,conditional.per_class.normal.balanced_accuracy_ovr,5,0.8422619047619048,0.1120771847945599,0.6571428571428571,0.9375
emcad,model_specific,calibrated,patient,conditional.per_class.normal.brier_ovr,5,0.12553582201109809,0.060713865445899996,0.060366163512315864,0.22452778217610136
emcad,model_specific,calibrated,patient,conditional.per_class.normal.class_index,5,0.0,0.0,0.0,0.0
emcad,model_specific,calibrated,patient,conditional.per_class.normal.ece_ovr,5,0.14720404192896963,0.09822748058884287,0.06729276783203898,0.3037511319417354
emcad,model_specific,calibrated,patient,conditional.per_class.normal.f1,5,0.865291571173924,0.11702533327338434,0.6666666666666666,0.9523809523809523
emcad,model_specific,calibrated,patient,conditional.per_class.normal.fn,5,1.0,1.7320508075688772,0.0,4.0
emcad,model_specific,calibrated,patient,conditional.per_class.normal.fp,5,1.6,0.5477225575051661,1.0,2.0
emcad,model_specific,calibrated,patient,conditional.per_class.normal.mcc_ovr,5,0.7030612081556299,0.23657504532391493,0.3098898934004561,0.8819171036881969
emcad,model_specific,calibrated,patient,conditional.per_class.normal.nll_ovr,5,0.39362721016495494,0.13616464397586314,0.24089763880838402,0.6136006818950277
emcad,model_specific,calibrated,patient,conditional.per_class.normal.nll_true_class,5,0.3198963388365121,0.2412013826167033,0.08316983031802742,0.6431658095174657
emcad,model_specific,calibrated,patient,conditional.per_class.normal.precision,5,0.8398989898989899,0.06281740137671156,0.75,0.9090909090909091
emcad,model_specific,calibrated,patient,conditional.per_class.normal.recall,5,0.9,0.17320508075688773,0.6,1.0
emcad,model_specific,calibrated,patient,conditional.per_class.normal.sensitivity,5,0.9,0.17320508075688773,0.6,1.0
emcad,model_specific,calibrated,patient,conditional.per_class.normal.specificity,5,0.7845238095238096,0.06686831747611247,0.7142857142857143,0.875
emcad,model_specific,calibrated,patient,conditional.per_class.normal.support,5,9.6,0.8944271909999159,8.0,10.0
emcad,model_specific,calibrated,patient,conditional.per_class.normal.tn,5,5.8,0.8366600265340756,5.0,7.0
emcad,model_specific,calibrated,patient,conditional.per_class.normal.tp,5,8.6,1.6733200530681511,6.0,10.0
emcad,model_specific,calibrated,patient,conditional.per_class.papilledema.adaptive_ece_ovr,5,0.21533261329341916,0.03516267762092526,0.16100259130557892,0.250348332717235
emcad,model_specific,calibrated,patient,conditional.per_class.papilledema.auroc_ovr,5,0.7918498168498169,0.11810595450791325,0.6071428571428572,0.9285714285714286
emcad,model_specific,calibrated,patient,conditional.per_class.papilledema.average_precision_ovr,5,0.5057936507936508,0.2125194698593213,0.225,0.8166666666666667
emcad,model_specific,calibrated,patient,conditional.per_class.papilledema.balanced_accuracy_ovr,5,0.6805860805860806,0.18449386908406634,0.4326923076923077,0.9285714285714286
emcad,model_specific,calibrated,patient,conditional.per_class.papilledema.brier_ovr,5,0.13569784308601224,0.02558562928228279,0.09347030418216273,0.15670273010471902
emcad,model_specific,calibrated,patient,conditional.per_class.papilledema.class_index,5,1.0,0.0,1.0,1.0
emcad,model_specific,calibrated,patient,conditional.per_class.papilledema.ece_ovr,5,0.15707972620079153,0.03425256262994141,0.10034963026450269,0.19295150543551512
emcad,model_specific,calibrated,patient,conditional.per_class.papilledema.f1,5,0.47714285714285715,0.241508862388619,0.2,0.8
emcad,model_specific,calibrated,patient,conditional.per_class.papilledema.fn,5,1.4,1.140175425099138,0.0,3.0
emcad,model_specific,calibrated,patient,conditional.per_class.papilledema.fp,5,3.2,1.3038404810405297,2.0,5.0
emcad,model_specific,calibrated,patient,conditional.per_class.papilledema.mcc_ovr,5,0.3190247996389597,0.32959212179017144,-0.1194880298498108,0.7559289460184544
emcad,model_specific,calibrated,patient,conditional.per_class.papilledema.nll_ovr,5,0.4082727812633552,0.09740900023294398,0.25583016689789556,0.5254947228309516
emcad,model_specific,calibrated,patient,conditional.per_class.papilledema.nll_true_class,5,1.0836894902453875,0.7882128294447079,0.4337907917816321,2.449942379510814
emcad,model_specific,calibrated,patient,conditional.per_class.papilledema.precision,5,0.4066666666666666,0.21525179054617252,0.16666666666666666,0.6666666666666666
emcad,model_specific,calibrated,patient,conditional.per_class.papilledema.recall,5,0.6,0.2850438562747845,0.25,1.0
emcad,model_specific,calibrated,patient,conditional.per_class.papilledema.sensitivity,5,0.6,0.2850438562747845,0.25,1.0
emcad,model_specific,calibrated,patient,conditional.per_class.papilledema.specificity,5,0.7611721611721612,0.0980717499311175,0.6153846153846154,0.8571428571428571
emcad,model_specific,calibrated,patient,conditional.per_class.papilledema.support,5,3.6,0.8944271909999159,2.0,4.0
emcad,model_specific,calibrated,patient,conditional.per_class.papilledema.tn,5,10.2,1.4832396974191324,8.0,12.0
emcad,model_specific,calibrated,patient,conditional.per_class.papilledema.tp,5,2.2,1.3038404810405297,1.0,4.0
emcad,model_specific,calibrated,patient,conditional.per_class.pseudopapilledema.adaptive_ece_ovr,5,0.259834629674234,0.039325230438124845,0.20550128679109406,0.29420604760049035
emcad,model_specific,calibrated,patient,conditional.per_class.pseudopapilledema.auroc_ovr,5,0.6398809523809523,0.2110158925675973,0.35714285714285715,0.9375
emcad,model_specific,calibrated,patient,conditional.per_class.pseudopapilledema.average_precision_ovr,5,0.45087912087912085,0.2523428321178129,0.18461538461538463,0.8041666666666667
emcad,model_specific,calibrated,patient,conditional.per_class.pseudopapilledema.balanced_accuracy_ovr,5,0.4797619047619047,0.05577479416724992,0.39285714285714285,0.5416666666666667
emcad,model_specific,calibrated,patient,conditional.per_class.pseudopapilledema.brier_ovr,5,0.17189506069045427,0.03994465589520704,0.10542624881710927,0.20873006151820675
emcad,model_specific,calibrated,patient,conditional.per_class.pseudopapilledema.class_index,5,2.0,0.0,2.0,2.0
emcad,model_specific,calibrated,patient,conditional.per_class.pseudopapilledema.ece_ovr,5,0.1811218657024792,0.05593351975739606,0.14166267289508344,0.27674614783482276
emcad,model_specific,calibrated,patient,conditional.per_class.pseudopapilledema.f1,5,0.05714285714285714,0.12777531299998798,0.0,0.2857142857142857
emcad,model_specific,calibrated,patient,conditional.per_class.pseudopapilledema.fn,5,3.6,0.5477225575051661,3.0,4.0
emcad,model_specific,calibrated,patient,conditional.per_class.pseudopapilledema.fp,5,1.2,1.3038404810405297,0.0,3.0
emcad,model_specific,calibrated,patient,conditional.per_class.pseudopapilledema.mcc_ovr,5,-0.050295285258388465,0.12106198824043575,-0.21428571428571427,0.09245003270420485
emcad,model_specific,calibrated,patient,conditional.per_class.pseudopapilledema.nll_ovr,5,0.5270880103030896,0.13372439297468433,0.30987863546474537,0.6605053703971376
emcad,model_specific,calibrated,patient,conditional.per_class.pseudopapilledema.nll_true_class,5,1.549784454287154,0.5630386304882591,0.9256092404947178,2.143558655631688
emcad,model_specific,calibrated,patient,conditional.per_class.pseudopapilledema.precision,5,0.06666666666666667,0.14907119849998599,0.0,0.3333333333333333
emcad,model_specific,calibrated,patient,conditional.per_class.pseudopapilledema.recall,5,0.05,0.11180339887498951,0.0,0.25
emcad,model_specific,calibrated,patient,conditional.per_class.pseudopapilledema.sensitivity,5,0.05,0.11180339887498951,0.0,0.25
emcad,model_specific,calibrated,patient,conditional.per_class.pseudopapilledema.specificity,5,0.9095238095238095,0.09729912734144072,0.7857142857142857,1.0
emcad,model_specific,calibrated,patient,conditional.per_class.pseudopapilledema.support,5,3.8,0.4472135954999579,3.0,4.0
emcad,model_specific,calibrated,patient,conditional.per_class.pseudopapilledema.tn,5,12.0,1.5811388300841898,10.0,14.0
emcad,model_specific,calibrated,patient,conditional.per_class.pseudopapilledema.tp,5,0.2,0.44721359549995804,0.0,1.0
emcad,model_specific,calibrated,patient,conditional.top_label_adaptive_ece,5,0.26191457166944276,0.055431113735890915,0.19384157866920196,0.33076384510594137
emcad,model_specific,calibrated,patient,conditional.top_label_ece,5,0.19368056184880922,0.07386872835088838,0.12782375758755332,0.32071078914838547
emcad,model_specific,calibrated,patient,conditional_aurc,5,0.20858686492445142,0.08779372104193728,0.12492880383505384,0.3472078527009323
emcad,model_specific,calibrated,patient,coverage,5,0.9444444444444443,0.05555555555555558,0.8888888888888888,1.0
emcad,model_specific,calibrated,patient,failure_aware.accuracy,5,0.611111111111111,0.14163943093313291,0.3888888888888889,0.7777777777777778
emcad,model_specific,calibrated,patient,failure_aware.aurc,5,0.22013422398226318,0.08876302717216925,0.14496947315574768,0.36186914483483107
emcad,model_specific,calibrated,patient,failure_aware.balanced_accuracy,5,0.48666666666666664,0.14452988925785865,0.2833333333333333,0.6666666666666666
emcad,model_specific,calibrated,patient,failure_aware.correct,5,11.0,2.5495097567963922,7.0,14.0
emcad,model_specific,calibrated,patient,failure_aware.incorrect_or_abstained,5,7.0,2.5495097567963922,4.0,11.0
emcad,model_specific,calibrated,patient,failure_aware.macro_f1,5,0.45568821042505253,0.11553363192782415,0.2888888888888889,0.5696969696969697
emcad,model_specific,calibrated,patient,failure_aware.macro_precision,5,0.43774410774410777,0.1055563879055783,0.3055555555555555,0.5740740740740741
emcad,model_specific,calibrated,patient,failure_aware.macro_recall,5,0.48666666666666664,0.14452988925785865,0.2833333333333333,0.6666666666666666
emcad,model_specific,calibrated,patient,failure_aware.macro_specificity,5,0.7702380952380953,0.08036816502890545,0.6607142857142857,0.8690476190476191
emcad,model_specific,calibrated,patient,failure_aware.multiclass_mcc,5,0.38049279537401237,0.21534665062607972,0.04933356487274115,0.649519052838329
emcad,model_specific,calibrated,patient,failure_aware.per_class.normal.abstain,5,0.4,0.8944271909999161,0.0,2.0
emcad,model_specific,calibrated,patient,failure_aware.per_class.normal.balanced_accuracy_ovr,5,0.7925000000000001,0.10330476755697192,0.6125,0.875
emcad,model_specific,calibrated,patient,failure_aware.per_class.normal.class_index,5,0.0,0.0,0.0,0.0
emcad,model_specific,calibrated,patient,failure_aware.per_class.normal.f1,5,0.8454773296878558,0.10908228614552828,0.6666666666666666,0.9523809523809523
emcad,model_specific,calibrated,patient,failure_aware.per_class.normal.fn_including_abstain,5,1.4,1.6733200530681511,0.0,4.0
emcad,model_specific,calibrated,patient,failure_aware.per_class.normal.fp,5,1.6,0.5477225575051661,1.0,2.0
emcad,model_specific,calibrated,patient,failure_aware.per_class.normal.precision,5,0.8398989898989899,0.06281740137671156,0.75,0.9090909090909091
emcad,model_specific,calibrated,patient,failure_aware.per_class.normal.recall,5,0.8600000000000001,0.16733200530681513,0.6,1.0
emcad,model_specific,calibrated,patient,failure_aware.per_class.normal.sensitivity,5,0.8600000000000001,0.16733200530681513,0.6,1.0
emcad,model_specific,calibrated,patient,failure_aware.per_class.normal.specificity,5,0.725,0.10458250331675945,0.625,0.875
emcad,model_specific,calibrated,patient,failure_aware.per_class.normal.support,5,10.0,0.0,10.0,10.0
emcad,model_specific,calibrated,patient,failure_aware.per_class.normal.tn_excluding_abstain,5,5.8,0.8366600265340756,5.0,7.0
emcad,model_specific,calibrated,patient,failure_aware.per_class.normal.tp,5,8.6,1.6733200530681511,6.0,10.0
emcad,model_specific,calibrated,patient,failure_aware.per_class.papilledema.abstain,5,0.4,0.894427190999916,0.0,2.0
emcad,model_specific,calibrated,patient,failure_aware.per_class.papilledema.balanced_accuracy_ovr,5,0.6392857142857143,0.21106206167274835,0.4107142857142857,0.9285714285714286
emcad,model_specific,calibrated,patient,failure_aware.per_class.papilledema.class_index,5,1.0,0.0,1.0,1.0
emcad,model_specific,calibrated,patient,failure_aware.per_class.papilledema.f1,5,0.4644444444444445,0.25536224572792643,0.2,0.8
emcad,model_specific,calibrated,patient,failure_aware.per_class.papilledema.fn_including_abstain,5,1.8,1.3038404810405297,0.0,3.0
emcad,model_specific,calibrated,patient,failure_aware.per_class.papilledema.fp,5,3.2,1.3038404810405297,2.0,5.0
emcad,model_specific,calibrated,patient,failure_aware.per_class.papilledema.precision,5,0.4066666666666666,0.21525179054617252,0.16666666666666666,0.6666666666666666
emcad,model_specific,calibrated,patient,failure_aware.per_class.papilledema.recall,5,0.55,0.32596012026013244,0.25,1.0
emcad,model_specific,calibrated,patient,failure_aware.per_class.papilledema.sensitivity,5,0.55,0.32596012026013244,0.25,1.0
emcad,model_specific,calibrated,patient,failure_aware.per_class.papilledema.specificity,5,0.7285714285714286,0.10594569267279517,0.5714285714285714,0.8571428571428571
emcad,model_specific,calibrated,patient,failure_aware.per_class.papilledema.support,5,4.0,0.0,4.0,4.0
emcad,model_specific,calibrated,patient,failure_aware.per_class.papilledema.tn_excluding_abstain,5,10.2,1.4832396974191324,8.0,12.0
emcad,model_specific,calibrated,patient,failure_aware.per_class.papilledema.tp,5,2.2,1.3038404810405297,1.0,4.0
emcad,model_specific,calibrated,patient,failure_aware.per_class.pseudopapilledema.abstain,5,0.2,0.447213595499958,0.0,1.0
emcad,model_specific,calibrated,patient,failure_aware.per_class.pseudopapilledema.balanced_accuracy_ovr,5,0.45357142857142857,0.04300569492425821,0.39285714285714285,0.5
emcad,model_specific,calibrated,patient,failure_aware.per_class.pseudopapilledema.class_index,5,2.0,0.0,2.0,2.0
emcad,model_specific,calibrated,patient,failure_aware.per_class.pseudopapilledema.f1,5,0.05714285714285714,0.12777531299998798,0.0,0.2857142857142857
emcad,model_specific,calibrated,patient,failure_aware.per_class.pseudopapilledema.fn_including_abstain,5,3.8,0.4472135954999579,3.0,4.0
emcad,model_specific,calibrated,patient,failure_aware.per_class.pseudopapilledema.fp,5,1.2,1.3038404810405297,0.0,3.0
emcad,model_specific,calibrated,patient,failure_aware.per_class.pseudopapilledema.precision,5,0.06666666666666667,0.14907119849998599,0.0,0.3333333333333333
emcad,model_specific,calibrated,patient,failure_aware.per_class.pseudopapilledema.recall,5,0.05,0.11180339887498951,0.0,0.25
emcad,model_specific,calibrated,patient,failure_aware.per_class.pseudopapilledema.sensitivity,5,0.05,0.11180339887498951,0.0,0.25
emcad,model_specific,calibrated,patient,failure_aware.per_class.pseudopapilledema.specificity,5,0.8571428571428571,0.11293848786315641,0.7142857142857143,1.0
emcad,model_specific,calibrated,patient,failure_aware.per_class.pseudopapilledema.support,5,4.0,0.0,4.0,4.0
emcad,model_specific,calibrated,patient,failure_aware.per_class.pseudopapilledema.tn_excluding_abstain,5,12.0,1.5811388300841898,10.0,14.0
emcad,model_specific,calibrated,patient,failure_aware.per_class.pseudopapilledema.tp,5,0.2,0.44721359549995804,0.0,1.0
emcad,model_specific,calibrated,patient,failure_aware_accuracy,5,0.611111111111111,0.14163943093313291,0.3888888888888889,0.7777777777777778
emcad,model_specific,calibrated,patient,failure_aware_aurc,5,0.22013422398226318,0.08876302717216925,0.14496947315574768,0.36186914483483107
emcad,model_specific,calibrated,patient,failure_aware_balanced_accuracy,5,0.48666666666666664,0.14452988925785865,0.2833333333333333,0.6666666666666666
emcad,model_specific,calibrated,patient,failure_inclusive.accuracy,5,0.611111111111111,0.14163943093313291,0.3888888888888889,0.7777777777777778
emcad,model_specific,calibrated,patient,failure_inclusive.aurc,5,0.22013422398226318,0.08876302717216925,0.14496947315574768,0.36186914483483107
emcad,model_specific,calibrated,patient,failure_inclusive.balanced_accuracy,5,0.48666666666666664,0.14452988925785865,0.2833333333333333,0.6666666666666666
emcad,model_specific,calibrated,patient,failure_inclusive.correct,5,11.0,2.5495097567963922,7.0,14.0
emcad,model_specific,calibrated,patient,failure_inclusive.incorrect_or_abstained,5,7.0,2.5495097567963922,4.0,11.0
emcad,model_specific,calibrated,patient,failure_inclusive.macro_f1,5,0.45568821042505253,0.11553363192782415,0.2888888888888889,0.5696969696969697
emcad,model_specific,calibrated,patient,failure_inclusive.macro_precision,5,0.43774410774410777,0.1055563879055783,0.3055555555555555,0.5740740740740741
emcad,model_specific,calibrated,patient,failure_inclusive.macro_recall,5,0.48666666666666664,0.14452988925785865,0.2833333333333333,0.6666666666666666
emcad,model_specific,calibrated,patient,failure_inclusive.macro_specificity,5,0.7702380952380953,0.08036816502890545,0.6607142857142857,0.8690476190476191
emcad,model_specific,calibrated,patient,failure_inclusive.multiclass_mcc,5,0.38049279537401237,0.21534665062607972,0.04933356487274115,0.649519052838329
emcad,model_specific,calibrated,patient,failure_inclusive.per_class.normal.abstain,5,0.4,0.8944271909999161,0.0,2.0
emcad,model_specific,calibrated,patient,failure_inclusive.per_class.normal.balanced_accuracy_ovr,5,0.7925000000000001,0.10330476755697192,0.6125,0.875
emcad,model_specific,calibrated,patient,failure_inclusive.per_class.normal.class_index,5,0.0,0.0,0.0,0.0
emcad,model_specific,calibrated,patient,failure_inclusive.per_class.normal.f1,5,0.8454773296878558,0.10908228614552828,0.6666666666666666,0.9523809523809523
emcad,model_specific,calibrated,patient,failure_inclusive.per_class.normal.fn_including_abstain,5,1.4,1.6733200530681511,0.0,4.0
emcad,model_specific,calibrated,patient,failure_inclusive.per_class.normal.fp,5,1.6,0.5477225575051661,1.0,2.0
emcad,model_specific,calibrated,patient,failure_inclusive.per_class.normal.precision,5,0.8398989898989899,0.06281740137671156,0.75,0.9090909090909091
emcad,model_specific,calibrated,patient,failure_inclusive.per_class.normal.recall,5,0.8600000000000001,0.16733200530681513,0.6,1.0
emcad,model_specific,calibrated,patient,failure_inclusive.per_class.normal.sensitivity,5,0.8600000000000001,0.16733200530681513,0.6,1.0
emcad,model_specific,calibrated,patient,failure_inclusive.per_class.normal.specificity,5,0.725,0.10458250331675945,0.625,0.875
emcad,model_specific,calibrated,patient,failure_inclusive.per_class.normal.support,5,10.0,0.0,10.0,10.0
emcad,model_specific,calibrated,patient,failure_inclusive.per_class.normal.tn_excluding_abstain,5,5.8,0.8366600265340756,5.0,7.0
emcad,model_specific,calibrated,patient,failure_inclusive.per_class.normal.tp,5,8.6,1.6733200530681511,6.0,10.0
emcad,model_specific,calibrated,patient,failure_inclusive.per_class.papilledema.abstain,5,0.4,0.894427190999916,0.0,2.0
emcad,model_specific,calibrated,patient,failure_inclusive.per_class.papilledema.balanced_accuracy_ovr,5,0.6392857142857143,0.21106206167274835,0.4107142857142857,0.9285714285714286
emcad,model_specific,calibrated,patient,failure_inclusive.per_class.papilledema.class_index,5,1.0,0.0,1.0,1.0
emcad,model_specific,calibrated,patient,failure_inclusive.per_class.papilledema.f1,5,0.4644444444444445,0.25536224572792643,0.2,0.8
emcad,model_specific,calibrated,patient,failure_inclusive.per_class.papilledema.fn_including_abstain,5,1.8,1.3038404810405297,0.0,3.0
emcad,model_specific,calibrated,patient,failure_inclusive.per_class.papilledema.fp,5,3.2,1.3038404810405297,2.0,5.0
emcad,model_specific,calibrated,patient,failure_inclusive.per_class.papilledema.precision,5,0.4066666666666666,0.21525179054617252,0.16666666666666666,0.6666666666666666
emcad,model_specific,calibrated,patient,failure_inclusive.per_class.papilledema.recall,5,0.55,0.32596012026013244,0.25,1.0
emcad,model_specific,calibrated,patient,failure_inclusive.per_class.papilledema.sensitivity,5,0.55,0.32596012026013244,0.25,1.0
emcad,model_specific,calibrated,patient,failure_inclusive.per_class.papilledema.specificity,5,0.7285714285714286,0.10594569267279517,0.5714285714285714,0.8571428571428571
emcad,model_specific,calibrated,patient,failure_inclusive.per_class.papilledema.support,5,4.0,0.0,4.0,4.0
emcad,model_specific,calibrated,patient,failure_inclusive.per_class.papilledema.tn_excluding_abstain,5,10.2,1.4832396974191324,8.0,12.0
emcad,model_specific,calibrated,patient,failure_inclusive.per_class.papilledema.tp,5,2.2,1.3038404810405297,1.0,4.0
emcad,model_specific,calibrated,patient,failure_inclusive.per_class.pseudopapilledema.abstain,5,0.2,0.447213595499958,0.0,1.0
emcad,model_specific,calibrated,patient,failure_inclusive.per_class.pseudopapilledema.balanced_accuracy_ovr,5,0.45357142857142857,0.04300569492425821,0.39285714285714285,0.5
emcad,model_specific,calibrated,patient,failure_inclusive.per_class.pseudopapilledema.class_index,5,2.0,0.0,2.0,2.0
emcad,model_specific,calibrated,patient,failure_inclusive.per_class.pseudopapilledema.f1,5,0.05714285714285714,0.12777531299998798,0.0,0.2857142857142857
emcad,model_specific,calibrated,patient,failure_inclusive.per_class.pseudopapilledema.fn_including_abstain,5,3.8,0.4472135954999579,3.0,4.0
emcad,model_specific,calibrated,patient,failure_inclusive.per_class.pseudopapilledema.fp,5,1.2,1.3038404810405297,0.0,3.0
emcad,model_specific,calibrated,patient,failure_inclusive.per_class.pseudopapilledema.precision,5,0.06666666666666667,0.14907119849998599,0.0,0.3333333333333333
emcad,model_specific,calibrated,patient,failure_inclusive.per_class.pseudopapilledema.recall,5,0.05,0.11180339887498951,0.0,0.25
emcad,model_specific,calibrated,patient,failure_inclusive.per_class.pseudopapilledema.sensitivity,5,0.05,0.11180339887498951,0.0,0.25
emcad,model_specific,calibrated,patient,failure_inclusive.per_class.pseudopapilledema.specificity,5,0.8571428571428571,0.11293848786315641,0.7142857142857143,1.0
emcad,model_specific,calibrated,patient,failure_inclusive.per_class.pseudopapilledema.support,5,4.0,0.0,4.0,4.0
emcad,model_specific,calibrated,patient,failure_inclusive.per_class.pseudopapilledema.tn_excluding_abstain,5,12.0,1.5811388300841898,10.0,14.0
emcad,model_specific,calibrated,patient,failure_inclusive.per_class.pseudopapilledema.tp,5,0.2,0.44721359549995804,0.0,1.0
emcad,model_specific,calibrated,patient,localized_diagnostic_success.localized_rate,5,0.888888888888889,0.10393492741038725,0.7777777777777778,1.0
emcad,model_specific,calibrated,patient,localized_diagnostic_success.n_success,5,10.8,2.588435821108957,7.0,14.0
emcad,model_specific,calibrated,patient,localized_diagnostic_success.per_class_rate.normal,5,0.8400000000000001,0.15165750888103102,0.6,1.0
emcad,model_specific,calibrated,patient,localized_diagnostic_success.per_class_rate.papilledema,5,0.55,0.32596012026013244,0.25,1.0
emcad,model_specific,calibrated,patient,localized_diagnostic_success.per_class_rate.pseudopapilledema,5,0.05,0.11180339887498951,0.0,0.25
emcad,model_specific,calibrated,patient,localized_diagnostic_success.rate,5,0.6,0.1438019900616087,0.3888888888888889,0.7777777777777778
emcad,model_specific,calibrated,patient,n_abstain,5,1.0,1.0,0.0,2.0
emcad,model_specific,calibrated,patient,n_covered,5,17.0,1.0,16.0,18.0
emcad,model_specific,calibrated,patient,n_total,5,18.0,0.0,18.0,18.0
emcad,model_specific,calibrated,patient,selective_risk,5,0.3537581699346405,0.13793374716565793,0.2222222222222222,0.5882352941176471
emcad,model_specific,raw,eye,abstention_rate,5,0.02777777777777778,0.027777777777777776,0.0,0.05555555555555555
emcad,model_specific,raw,eye,class_conditional_coverage.normal,5,0.9800000000000001,0.04472135954999579,0.9,1.0
emcad,model_specific,raw,eye,class_conditional_coverage.papilledema,5,0.95,0.11180339887498948,0.75,1.0
emcad,model_specific,raw,eye,class_conditional_coverage.pseudopapilledema,5,0.975,0.05590169943749474,0.875,1.0
emcad,model_specific,raw,eye,conditional.accuracy,5,0.6342296918767507,0.07844200385907683,0.5142857142857142,0.7222222222222222
emcad,model_specific,raw,eye,conditional.balanced_accuracy,5,0.49304232804232806,0.07360862125406842,0.38095238095238093,0.5833333333333334
emcad,model_specific,raw,eye,conditional.class_counts.normal,5,19.6,0.8944271909999159,18.0,20.0
emcad,model_specific,raw,eye,conditional.class_counts.papilledema,5,7.6,0.8944271909999159,6.0,8.0
emcad,model_specific,raw,eye,conditional.class_counts.pseudopapilledema,5,7.8,0.4472135954999579,7.0,8.0
emcad,model_specific,raw,eye,conditional.derived_discrimination.normal_vs_abnormal.auroc,5,0.8773690476190478,0.04846770554426549,0.7966666666666666,0.9214285714285714
emcad,model_specific,raw,eye,conditional.derived_discrimination.normal_vs_abnormal.average_precision,5,0.9021420596580016,0.04109055106931332,0.8318983694780795,0.9363876863876863
emcad,model_specific,raw,eye,conditional.derived_discrimination.normal_vs_abnormal.n,5,35.0,1.0,34.0,36.0
emcad,model_specific,raw,eye,conditional.derived_discrimination.normal_vs_abnormal.negative,5,19.6,0.8944271909999159,18.0,20.0
emcad,model_specific,raw,eye,conditional.derived_discrimination.normal_vs_abnormal.positive,5,15.4,0.8944271909999159,14.0,16.0
emcad,model_specific,raw,eye,conditional.derived_discrimination.papilledema_vs_pseudopapilledema.auroc,5,0.3912202380952381,0.23583750987864427,0.10714285714285714,0.6875
emcad,model_specific,raw,eye,conditional.derived_discrimination.papilledema_vs_pseudopapilledema.average_precision,5,0.5592413241520384,0.17829467376291183,0.3337638551924267,0.7940934065934065
emcad,model_specific,raw,eye,conditional.derived_discrimination.papilledema_vs_pseudopapilledema.n,5,15.4,0.8944271909999159,14.0,16.0
emcad,model_specific,raw,eye,conditional.derived_discrimination.papilledema_vs_pseudopapilledema.negative,5,7.6,0.8944271909999159,6.0,8.0
emcad,model_specific,raw,eye,conditional.derived_discrimination.papilledema_vs_pseudopapilledema.positive,5,7.8,0.4472135954999579,7.0,8.0
emcad,model_specific,raw,eye,conditional.macro.adaptive_ece_ovr,5,0.16710552309052246,0.04944630751261793,0.10703590113917417,0.23474496778554813
emcad,model_specific,raw,eye,conditional.macro.auroc_ovr,5,0.7712565943756421,0.055079654052774894,0.6809624590576971,0.8227106227106228
emcad,model_specific,raw,eye,conditional.macro.average_precision_ovr,5,0.5712984911132651,0.0672513772631346,0.4654079273231588,0.6417962348507155
emcad,model_specific,raw,eye,conditional.macro.balanced_accuracy_ovr,5,0.6543794939628274,0.054396965128116474,0.5671075837742504,0.7142857142857143
emcad,model_specific,raw,eye,conditional.macro.brier_ovr,5,0.14213125506405086,0.027939096386570696,0.11199863387411586,0.18470725505781518
emcad,model_specific,raw,eye,conditional.macro.ece_ovr,5,0.14766700041308428,0.04095541409674774,0.10945093459562093,0.2126693654872649
emcad,model_specific,raw,eye,conditional.macro.f1,5,0.46897273279626217,0.05839419132577284,0.3824606765783236,0.5252525252525252
emcad,model_specific,raw,eye,conditional.macro.mcc_ovr,5,0.3014754708892928,0.10651701871745985,0.13327279982092666,0.40815772761456287
emcad,model_specific,raw,eye,conditional.macro.nll_ovr,5,0.4491176415149408,0.07500060689919924,0.3672182900539119,0.5538836627697826
emcad,model_specific,raw,eye,conditional.macro.nll_true_class,5,0.9152271744013671,0.10222388915493973,0.8019462987031982,1.0358425476973327
emcad,model_specific,raw,eye,conditional.macro.precision,5,0.45831004278372695,0.05383483504381055,0.3848510164299637,0.518483709273183
emcad,model_specific,raw,eye,conditional.macro.recall,5,0.49304232804232806,0.07360862125406842,0.38095238095238093,0.5833333333333334
emcad,model_specific,raw,eye,conditional.macro.specificity,5,0.8157166598833265,0.03817884819731751,0.7532627865961198,0.8452380952380952
emcad,model_specific,raw,eye,conditional.macro_auroc,5,0.7712565943756421,0.055079654052774894,0.6809624590576971,0.8227106227106228
emcad,model_specific,raw,eye,conditional.macro_average_precision,5,0.5712984911132651,0.0672513772631346,0.4654079273231588,0.6417962348507155
emcad,model_specific,raw,eye,conditional.macro_classwise_adaptive_ece,5,0.16710552309052246,0.04944630751261793,0.10703590113917417,0.23474496778554813
emcad,model_specific,raw,eye,conditional.macro_classwise_ece,5,0.14766700041308428,0.04095541409674774,0.10945093459562093,0.2126693654872649
emcad,model_specific,raw,eye,conditional.macro_f1,5,0.46897273279626217,0.05839419132577284,0.3824606765783236,0.5252525252525252
emcad,model_specific,raw,eye,conditional.macro_precision,5,0.45831004278372695,0.05383483504381055,0.3848510164299637,0.518483709273183
emcad,model_specific,raw,eye,conditional.macro_recall,5,0.49304232804232806,0.07360862125406842,0.38095238095238093,0.5833333333333334
emcad,model_specific,raw,eye,conditional.multiclass_brier,5,0.4263937651921526,0.08381728915971208,0.3359959016223476,0.5541217651734456
emcad,model_specific,raw,eye,conditional.multiclass_mcc,5,0.3785986594415425,0.12778546164864898,0.17844389058231308,0.5233973683491399
emcad,model_specific,raw,eye,conditional.multiclass_nll,5,0.7341051524121209,0.14343128355974602,0.6023350905514664,0.9451815819379606
emcad,model_specific,raw,eye,conditional.n,5,35.0,1.0,34.0,36.0
emcad,model_specific,raw,eye,conditional.per_class.normal.adaptive_ece_ovr,5,0.16030415218251345,0.05368385882290556,0.10919154138108632,0.23281446076988205
emcad,model_specific,raw,eye,conditional.per_class.normal.auroc_ovr,5,0.8773690476190478,0.048467705544265514,0.7966666666666666,0.9214285714285715
emcad,model_specific,raw,eye,conditional.per_class.normal.average_precision_ovr,5,0.8601748505830724,0.06535299338181805,0.7652583502872154,0.9296643737239714
emcad,model_specific,raw,eye,conditional.per_class.normal.balanced_accuracy_ovr,5,0.8572420634920634,0.074482631210087,0.7416666666666667,0.9285714285714286
emcad,model_specific,raw,eye,conditional.per_class.normal.brier_ovr,5,0.12241388087964475,0.058056574250438385,0.06624403001382934,0.21620687311400016
emcad,model_specific,raw,eye,conditional.per_class.normal.class_index,5,0.0,0.0,0.0,0.0
emcad,model_specific,raw,eye,conditional.per_class.normal.ece_ovr,5,0.13983770534330897,0.07160689821424579,0.09637516962863289,0.2636640321213021
emcad,model_specific,raw,eye,conditional.per_class.normal.f1,5,0.8799243099243099,0.07205858614592003,0.7692307692307693,0.9523809523809523
emcad,model_specific,raw,eye,conditional.per_class.normal.fn,5,1.8,2.1679483388678804,0.0,5.0
emcad,model_specific,raw,eye,conditional.per_class.normal.fp,5,3.0,1.0,2.0,4.0
emcad,model_specific,raw,eye,conditional.per_class.normal.mcc_ovr,5,0.7279386487246514,0.16027198231480638,0.4801429794360784,0.8827348295047495
emcad,model_specific,raw,eye,conditional.per_class.normal.nll_ovr,5,0.4152695624296361,0.1376047929253563,0.26224772814471403,0.6256490869676844
emcad,model_specific,raw,eye,conditional.per_class.normal.nll_true_class,5,0.39443942182861813,0.2618598758834874,0.2015543857771876,0.809616419831084
emcad,model_specific,raw,eye,conditional.per_class.normal.precision,5,0.8553269537480064,0.048198680164500345,0.7894736842105263,0.9090909090909091
emcad,model_specific,raw,eye,conditional.per_class.normal.recall,5,0.9088888888888889,0.10791228719842362,0.75,1.0
emcad,model_specific,raw,eye,conditional.per_class.normal.sensitivity,5,0.9088888888888889,0.10791228719842362,0.75,1.0
emcad,model_specific,raw,eye,conditional.per_class.normal.specificity,5,0.805595238095238,0.06291753952631454,0.7333333333333333,0.875
emcad,model_specific,raw,eye,conditional.per_class.normal.support,5,19.6,0.8944271909999159,18.0,20.0
emcad,model_specific,raw,eye,conditional.per_class.normal.tn,5,12.4,1.140175425099138,11.0,14.0
emcad,model_specific,raw,eye,conditional.per_class.normal.tp,5,17.8,2.16794833886788,15.0,20.0
emcad,model_specific,raw,eye,conditional.per_class.papilledema.adaptive_ece_ovr,5,0.16287938257208529,0.06848568218823614,0.06457218509362159,0.24903004787949468
emcad,model_specific,raw,eye,conditional.per_class.papilledema.auroc_ovr,5,0.7850859788359789,0.09608561573012148,0.6428571428571428,0.9107142857142858
emcad,model_specific,raw,eye,conditional.per_class.papilledema.average_precision_ovr,5,0.4682197854480464,0.1397245797365507,0.26107085346215786,0.6285037878787879
emcad,model_specific,raw,eye,conditional.per_class.papilledema.balanced_accuracy_ovr,5,0.6238909238909238,0.1231551070157754,0.49537037037037035,0.8035714285714286
emcad,model_specific,raw,eye,conditional.per_class.papilledema.brier_ovr,5,0.13628226679235916,0.02413032284178816,0.09388796406267741,0.153252554714267
emcad,model_specific,raw,eye,conditional.per_class.papilledema.class_index,5,1.0,0.0,1.0,1.0
emcad,model_specific,raw,eye,conditional.per_class.papilledema.ece_ovr,5,0.14794743753761858,0.02513419636657286,0.11862614451347718,0.1744099539766138
emcad,model_specific,raw,eye,conditional.per_class.papilledema.f1,5,0.4087254901960784,0.17766629229734357,0.23529411764705882,0.6666666666666666
emcad,model_specific,raw,eye,conditional.per_class.papilledema.fn,5,4.0,1.5811388300841898,2.0,6.0
emcad,model_specific,raw,eye,conditional.per_class.papilledema.fp,5,6.0,1.4142135623730951,4.0,7.0
emcad,model_specific,raw,eye,conditional.per_class.papilledema.mcc_ovr,5,0.22801359110499808,0.22674172111820595,-0.008896008544727062,0.5635445125120265
emcad,model_specific,raw,eye,conditional.per_class.papilledema.nll_ovr,5,0.4033440855363793,0.07865523359648985,0.2736392748239951,0.4724126377291529
emcad,model_specific,raw,eye,conditional.per_class.papilledema.nll_true_class,5,0.9472138343881001,0.3546049908055347,0.5879340056167198,1.5331004447203933
emcad,model_specific,raw,eye,conditional.per_class.papilledema.precision,5,0.3672222222222222,0.15711519718087485,0.2222222222222222,0.6
emcad,model_specific,raw,eye,conditional.per_class.papilledema.recall,5,0.4666666666666667,0.2112298642606096,0.25,0.75
emcad,model_specific,raw,eye,conditional.per_class.papilledema.sensitivity,5,0.4666666666666667,0.2112298642606096,0.25,0.75
emcad,model_specific,raw,eye,conditional.per_class.papilledema.specificity,5,0.7811151811151811,0.05013221421021656,0.7407407407407407,0.8571428571428571
emcad,model_specific,raw,eye,conditional.per_class.papilledema.support,5,7.6,0.8944271909999159,6.0,8.0
emcad,model_specific,raw,eye,conditional.per_class.papilledema.tn,5,21.4,1.5165750888103102,20.0,24.0
emcad,model_specific,raw,eye,conditional.per_class.papilledema.tp,5,3.6,1.8165902124584952,2.0,6.0
emcad,model_specific,raw,eye,conditional.per_class.pseudopapilledema.adaptive_ece_ovr,5,0.17813303451696866,0.03211210167183206,0.1425100954156836,0.22239039470726765
emcad,model_specific,raw,eye,conditional.per_class.pseudopapilledema.auroc_ovr,5,0.6513147566718995,0.16656417505827376,0.4591836734693878,0.9038461538461539
emcad,model_specific,raw,eye,conditional.per_class.pseudopapilledema.average_precision_ovr,5,0.38550083730867685,0.1636390133295765,0.22344898979081887,0.615625
emcad,model_specific,raw,eye,conditional.per_class.pseudopapilledema.balanced_accuracy_ovr,5,0.4820054945054945,0.0431393043215318,0.42857142857142855,0.5288461538461539
emcad,model_specific,raw,eye,conditional.per_class.pseudopapilledema.brier_ovr,5,0.16769761752014872,0.03072085916674598,0.11649931689425128,0.1974698395433014
emcad,model_specific,raw,eye,conditional.per_class.pseudopapilledema.class_index,5,2.0,0.0,2.0,2.0
emcad,model_specific,raw,eye,conditional.per_class.pseudopapilledema.ece_ovr,5,0.15521585835832533,0.04838766894027504,0.09913125915157665,0.2148303208692756
emcad,model_specific,raw,eye,conditional.per_class.pseudopapilledema.f1,5,0.11826839826839826,0.11687606199648445,0.0,0.26666666666666666
emcad,model_specific,raw,eye,conditional.per_class.pseudopapilledema.fn,5,7.0,1.0,6.0,8.0
emcad,model_specific,raw,eye,conditional.per_class.pseudopapilledema.fp,5,3.8,1.7888543819998317,2.0,6.0
emcad,model_specific,raw,eye,conditional.per_class.pseudopapilledema.mcc_ovr,5,-0.05152582716177127,0.11530509548621694,-0.1889822365046136,0.07189966356788136
emcad,model_specific,raw,eye,conditional.per_class.pseudopapilledema.nll_ovr,5,0.5287392765788071,0.09576182745251785,0.3669945042878689,0.5999026166909862
emcad,model_specific,raw,eye,conditional.per_class.pseudopapilledema.nll_true_class,5,1.4040282669873827,0.35366579844863727,0.9062128368604682,1.8030715491560736
emcad,model_specific,raw,eye,conditional.per_class.pseudopapilledema.precision,5,0.15238095238095237,0.1557659736552012,0.0,0.3333333333333333
emcad,model_specific,raw,eye,conditional.per_class.pseudopapilledema.recall,5,0.10357142857142856,0.10594569267279517,0.0,0.25
emcad,model_specific,raw,eye,conditional.per_class.pseudopapilledema.sensitivity,5,0.10357142857142856,0.10594569267279517,0.0,0.25
emcad,model_specific,raw,eye,conditional.per_class.pseudopapilledema.specificity,5,0.8604395604395604,0.06508148404323535,0.7857142857142857,0.9285714285714286
emcad,model_specific,raw,eye,conditional.per_class.pseudopapilledema.support,5,7.8,0.4472135954999579,7.0,8.0
emcad,model_specific,raw,eye,conditional.per_class.pseudopapilledema.tn,5,23.4,1.9493588689617927,21.0,26.0
emcad,model_specific,raw,eye,conditional.per_class.pseudopapilledema.tp,5,0.8,0.8366600265340756,0.0,2.0
emcad,model_specific,raw,eye,conditional.top_label_adaptive_ece,5,0.17081379911085898,0.03078658735068261,0.12916900758330474,0.21142689179006843
emcad,model_specific,raw,eye,conditional.top_label_ece,5,0.12990824062816922,0.030026164900967753,0.09288356006033749,0.16250698319524706
emcad,model_specific,raw,eye,conditional_aurc,5,0.23115047983816356,0.10821668758395014,0.13778507270864182,0.38888201751790014
emcad,model_specific,raw,eye,coverage,5,0.9722222222222223,0.02777777777777779,0.9444444444444444,1.0
emcad,model_specific,raw,eye,failure_aware.accuracy,5,0.6166666666666667,0.07954345035153529,0.5,0.7222222222222222
emcad,model_specific,raw,eye,failure_aware.aurc,5,0.23666982771632186,0.10462589206608552,0.14968502016839097,0.3919686281424029
emcad,model_specific,raw,eye,failure_aware.balanced_accuracy,5,0.4800000000000001,0.07490735018081413,0.375,0.5833333333333334
emcad,model_specific,raw,eye,failure_aware.correct,5,22.2,2.8635642126552705,18.0,26.0
emcad,model_specific,raw,eye,failure_aware.incorrect_or_abstained,5,13.8,2.8635642126552705,10.0,18.0
emcad,model_specific,raw,eye,failure_aware.macro_f1,5,0.46310470575176454,0.05660346477662014,0.37928607340372045,0.5252525252525252
emcad,model_specific,raw,eye,failure_aware.macro_precision,5,0.45831004278372695,0.05383483504381055,0.3848510164299637,0.518483709273183
emcad,model_specific,raw,eye,failure_aware.macro_recall,5,0.4800000000000001,0.07490735018081413,0.375,0.5833333333333334
emcad,model_specific,raw,eye,failure_aware.macro_specificity,5,0.7916666666666666,0.04193155596311124,0.7291666666666666,0.8452380952380952
emcad,model_specific,raw,eye,failure_aware.multiclass_mcc,5,0.36286670505834057,0.12346552519668762,0.17816377301961178,0.5233973683491399
emcad,model_specific,raw,eye,failure_aware.per_class.normal.abstain,5,0.4,0.8944271909999161,0.0,2.0
emcad,model_specific,raw,eye,failure_aware.per_class.normal.balanced_accuracy_ovr,5,0.8324999999999999,0.06605513795307676,0.71875,0.875
emcad,model_specific,raw,eye,failure_aware.per_class.normal.class_index,5,0.0,0.0,0.0,0.0
emcad,model_specific,raw,eye,failure_aware.per_class.normal.f1,5,0.8704995004995005,0.06868612017646641,0.7692307692307693,0.9523809523809523
emcad,model_specific,raw,eye,failure_aware.per_class.normal.fn_including_abstain,5,2.2,2.16794833886788,0.0,5.0
emcad,model_specific,raw,eye,failure_aware.per_class.normal.fp,5,3.0,1.0,2.0,4.0
emcad,model_specific,raw,eye,failure_aware.per_class.normal.precision,5,0.8553269537480064,0.048198680164500345,0.7894736842105263,0.9090909090909091
emcad,model_specific,raw,eye,failure_aware.per_class.normal.recall,5,0.89,0.10839741694339401,0.75,1.0
emcad,model_specific,raw,eye,failure_aware.per_class.normal.sensitivity,5,0.89,0.10839741694339401,0.75,1.0
emcad,model_specific,raw,eye,failure_aware.per_class.normal.specificity,5,0.775,0.07126096406869613,0.6875,0.875
emcad,model_specific,raw,eye,failure_aware.per_class.normal.support,5,20.0,0.0,20.0,20.0
emcad,model_specific,raw,eye,failure_aware.per_class.normal.tn_excluding_abstain,5,12.4,1.140175425099138,11.0,14.0
emcad,model_specific,raw,eye,failure_aware.per_class.normal.tp,5,17.8,2.16794833886788,15.0,20.0
emcad,model_specific,raw,eye,failure_aware.per_class.papilledema.abstain,5,0.4,0.894427190999916,0.0,2.0
emcad,model_specific,raw,eye,failure_aware.per_class.papilledema.balanced_accuracy_ovr,5,0.6071428571428572,0.13614241680336525,0.48214285714285715,0.8035714285714286
emcad,model_specific,raw,eye,failure_aware.per_class.papilledema.class_index,5,1.0,0.0,1.0,1.0
emcad,model_specific,raw,eye,failure_aware.per_class.papilledema.f1,5,0.4024509803921569,0.18436521496069913,0.23529411764705882,0.6666666666666666
emcad,model_specific,raw,eye,failure_aware.per_class.papilledema.fn_including_abstain,5,4.4,1.816590212458495,2.0,6.0
emcad,model_specific,raw,eye,failure_aware.per_class.papilledema.fp,5,6.0,1.4142135623730951,4.0,7.0
emcad,model_specific,raw,eye,failure_aware.per_class.papilledema.precision,5,0.3672222222222222,0.15711519718087485,0.2222222222222222,0.6
emcad,model_specific,raw,eye,failure_aware.per_class.papilledema.recall,5,0.45,0.2270737765573119,0.25,0.75
emcad,model_specific,raw,eye,failure_aware.per_class.papilledema.sensitivity,5,0.45,0.2270737765573119,0.25,0.75
emcad,model_specific,raw,eye,failure_aware.per_class.papilledema.specificity,5,0.7642857142857143,0.054163396028939624,0.7142857142857143,0.8571428571428571
emcad,model_specific,raw,eye,failure_aware.per_class.papilledema.support,5,8.0,0.0,8.0,8.0
emcad,model_specific,raw,eye,failure_aware.per_class.papilledema.tn_excluding_abstain,5,21.4,1.5165750888103102,20.0,24.0
emcad,model_specific,raw,eye,failure_aware.per_class.papilledema.tp,5,3.6,1.8165902124584952,2.0,6.0
emcad,model_specific,raw,eye,failure_aware.per_class.pseudopapilledema.abstain,5,0.2,0.447213595499958,0.0,1.0
emcad,model_specific,raw,eye,failure_aware.per_class.pseudopapilledema.balanced_accuracy_ovr,5,0.4678571428571428,0.028655011671216455,0.42857142857142855,0.5
emcad,model_specific,raw,eye,failure_aware.per_class.pseudopapilledema.class_index,5,2.0,0.0,2.0,2.0
emcad,model_specific,raw,eye,failure_aware.per_class.pseudopapilledema.f1,5,0.11636363636363636,0.11645198666158012,0.0,0.26666666666666666
emcad,model_specific,raw,eye,failure_aware.per_class.pseudopapilledema.fn_including_abstain,5,7.2,0.8366600265340756,6.0,8.0
emcad,model_specific,raw,eye,failure_aware.per_class.pseudopapilledema.fp,5,3.8,1.7888543819998317,2.0,6.0
emcad,model_specific,raw,eye,failure_aware.per_class.pseudopapilledema.precision,5,0.15238095238095237,0.1557659736552012,0.0,0.3333333333333333
emcad,model_specific,raw,eye,failure_aware.per_class.pseudopapilledema.recall,5,0.1,0.10458250331675945,0.0,0.25
emcad,model_specific,raw,eye,failure_aware.per_class.pseudopapilledema.sensitivity,5,0.1,0.10458250331675945,0.0,0.25
emcad,model_specific,raw,eye,failure_aware.per_class.pseudopapilledema.specificity,5,0.8357142857142856,0.06961995960577833,0.75,0.9285714285714286
emcad,model_specific,raw,eye,failure_aware.per_class.pseudopapilledema.support,5,8.0,0.0,8.0,8.0
emcad,model_specific,raw,eye,failure_aware.per_class.pseudopapilledema.tn_excluding_abstain,5,23.4,1.9493588689617927,21.0,26.0
emcad,model_specific,raw,eye,failure_aware.per_class.pseudopapilledema.tp,5,0.8,0.8366600265340756,0.0,2.0
emcad,model_specific,raw,eye,failure_aware_accuracy,5,0.6166666666666667,0.07954345035153529,0.5,0.7222222222222222
emcad,model_specific,raw,eye,failure_aware_aurc,5,0.23666982771632186,0.10462589206608552,0.14968502016839097,0.3919686281424029
emcad,model_specific,raw,eye,failure_aware_balanced_accuracy,5,0.4800000000000001,0.07490735018081413,0.375,0.5833333333333334
emcad,model_specific,raw,eye,failure_inclusive.accuracy,5,0.6166666666666667,0.07954345035153529,0.5,0.7222222222222222
emcad,model_specific,raw,eye,failure_inclusive.aurc,5,0.23666982771632186,0.10462589206608552,0.14968502016839097,0.3919686281424029
emcad,model_specific,raw,eye,failure_inclusive.balanced_accuracy,5,0.4800000000000001,0.07490735018081413,0.375,0.5833333333333334
emcad,model_specific,raw,eye,failure_inclusive.correct,5,22.2,2.8635642126552705,18.0,26.0
emcad,model_specific,raw,eye,failure_inclusive.incorrect_or_abstained,5,13.8,2.8635642126552705,10.0,18.0
emcad,model_specific,raw,eye,failure_inclusive.macro_f1,5,0.46310470575176454,0.05660346477662014,0.37928607340372045,0.5252525252525252
emcad,model_specific,raw,eye,failure_inclusive.macro_precision,5,0.45831004278372695,0.05383483504381055,0.3848510164299637,0.518483709273183
emcad,model_specific,raw,eye,failure_inclusive.macro_recall,5,0.4800000000000001,0.07490735018081413,0.375,0.5833333333333334
emcad,model_specific,raw,eye,failure_inclusive.macro_specificity,5,0.7916666666666666,0.04193155596311124,0.7291666666666666,0.8452380952380952
emcad,model_specific,raw,eye,failure_inclusive.multiclass_mcc,5,0.36286670505834057,0.12346552519668762,0.17816377301961178,0.5233973683491399
emcad,model_specific,raw,eye,failure_inclusive.per_class.normal.abstain,5,0.4,0.8944271909999161,0.0,2.0
emcad,model_specific,raw,eye,failure_inclusive.per_class.normal.balanced_accuracy_ovr,5,0.8324999999999999,0.06605513795307676,0.71875,0.875
emcad,model_specific,raw,eye,failure_inclusive.per_class.normal.class_index,5,0.0,0.0,0.0,0.0
emcad,model_specific,raw,eye,failure_inclusive.per_class.normal.f1,5,0.8704995004995005,0.06868612017646641,0.7692307692307693,0.9523809523809523
emcad,model_specific,raw,eye,failure_inclusive.per_class.normal.fn_including_abstain,5,2.2,2.16794833886788,0.0,5.0
emcad,model_specific,raw,eye,failure_inclusive.per_class.normal.fp,5,3.0,1.0,2.0,4.0
emcad,model_specific,raw,eye,failure_inclusive.per_class.normal.precision,5,0.8553269537480064,0.048198680164500345,0.7894736842105263,0.9090909090909091
emcad,model_specific,raw,eye,failure_inclusive.per_class.normal.recall,5,0.89,0.10839741694339401,0.75,1.0
emcad,model_specific,raw,eye,failure_inclusive.per_class.normal.sensitivity,5,0.89,0.10839741694339401,0.75,1.0
emcad,model_specific,raw,eye,failure_inclusive.per_class.normal.specificity,5,0.775,0.07126096406869613,0.6875,0.875
emcad,model_specific,raw,eye,failure_inclusive.per_class.normal.support,5,20.0,0.0,20.0,20.0
emcad,model_specific,raw,eye,failure_inclusive.per_class.normal.tn_excluding_abstain,5,12.4,1.140175425099138,11.0,14.0
emcad,model_specific,raw,eye,failure_inclusive.per_class.normal.tp,5,17.8,2.16794833886788,15.0,20.0
emcad,model_specific,raw,eye,failure_inclusive.per_class.papilledema.abstain,5,0.4,0.894427190999916,0.0,2.0
emcad,model_specific,raw,eye,failure_inclusive.per_class.papilledema.balanced_accuracy_ovr,5,0.6071428571428572,0.13614241680336525,0.48214285714285715,0.8035714285714286
emcad,model_specific,raw,eye,failure_inclusive.per_class.papilledema.class_index,5,1.0,0.0,1.0,1.0
emcad,model_specific,raw,eye,failure_inclusive.per_class.papilledema.f1,5,0.4024509803921569,0.18436521496069913,0.23529411764705882,0.6666666666666666
emcad,model_specific,raw,eye,failure_inclusive.per_class.papilledema.fn_including_abstain,5,4.4,1.816590212458495,2.0,6.0
emcad,model_specific,raw,eye,failure_inclusive.per_class.papilledema.fp,5,6.0,1.4142135623730951,4.0,7.0
emcad,model_specific,raw,eye,failure_inclusive.per_class.papilledema.precision,5,0.3672222222222222,0.15711519718087485,0.2222222222222222,0.6
emcad,model_specific,raw,eye,failure_inclusive.per_class.papilledema.recall,5,0.45,0.2270737765573119,0.25,0.75
emcad,model_specific,raw,eye,failure_inclusive.per_class.papilledema.sensitivity,5,0.45,0.2270737765573119,0.25,0.75
emcad,model_specific,raw,eye,failure_inclusive.per_class.papilledema.specificity,5,0.7642857142857143,0.054163396028939624,0.7142857142857143,0.8571428571428571
emcad,model_specific,raw,eye,failure_inclusive.per_class.papilledema.support,5,8.0,0.0,8.0,8.0
emcad,model_specific,raw,eye,failure_inclusive.per_class.papilledema.tn_excluding_abstain,5,21.4,1.5165750888103102,20.0,24.0
emcad,model_specific,raw,eye,failure_inclusive.per_class.papilledema.tp,5,3.6,1.8165902124584952,2.0,6.0
emcad,model_specific,raw,eye,failure_inclusive.per_class.pseudopapilledema.abstain,5,0.2,0.447213595499958,0.0,1.0
emcad,model_specific,raw,eye,failure_inclusive.per_class.pseudopapilledema.balanced_accuracy_ovr,5,0.4678571428571428,0.028655011671216455,0.42857142857142855,0.5
emcad,model_specific,raw,eye,failure_inclusive.per_class.pseudopapilledema.class_index,5,2.0,0.0,2.0,2.0
emcad,model_specific,raw,eye,failure_inclusive.per_class.pseudopapilledema.f1,5,0.11636363636363636,0.11645198666158012,0.0,0.26666666666666666
emcad,model_specific,raw,eye,failure_inclusive.per_class.pseudopapilledema.fn_including_abstain,5,7.2,0.8366600265340756,6.0,8.0
emcad,model_specific,raw,eye,failure_inclusive.per_class.pseudopapilledema.fp,5,3.8,1.7888543819998317,2.0,6.0
emcad,model_specific,raw,eye,failure_inclusive.per_class.pseudopapilledema.precision,5,0.15238095238095237,0.1557659736552012,0.0,0.3333333333333333
emcad,model_specific,raw,eye,failure_inclusive.per_class.pseudopapilledema.recall,5,0.1,0.10458250331675945,0.0,0.25
emcad,model_specific,raw,eye,failure_inclusive.per_class.pseudopapilledema.sensitivity,5,0.1,0.10458250331675945,0.0,0.25
emcad,model_specific,raw,eye,failure_inclusive.per_class.pseudopapilledema.specificity,5,0.8357142857142856,0.06961995960577833,0.75,0.9285714285714286
emcad,model_specific,raw,eye,failure_inclusive.per_class.pseudopapilledema.support,5,8.0,0.0,8.0,8.0
emcad,model_specific,raw,eye,failure_inclusive.per_class.pseudopapilledema.tn_excluding_abstain,5,23.4,1.9493588689617927,21.0,26.0
emcad,model_specific,raw,eye,failure_inclusive.per_class.pseudopapilledema.tp,5,0.8,0.8366600265340756,0.0,2.0
emcad,model_specific,raw,eye,localized_diagnostic_success.localized_rate,5,0.9444444444444443,0.05196746370519365,0.8888888888888888,1.0
emcad,model_specific,raw,eye,localized_diagnostic_success.n_success,5,21.8,3.1937438845342623,17.0,26.0
emcad,model_specific,raw,eye,localized_diagnostic_success.per_class_rate.normal,5,0.8700000000000001,0.11510864433221339,0.7,1.0
emcad,model_specific,raw,eye,localized_diagnostic_success.per_class_rate.papilledema,5,0.45,0.2270737765573119,0.25,0.75
emcad,model_specific,raw,eye,localized_diagnostic_success.per_class_rate.pseudopapilledema,5,0.1,0.10458250331675945,0.0,0.25
emcad,model_specific,raw,eye,localized_diagnostic_success.rate,5,0.6055555555555556,0.08871510790372952,0.4722222222222222,0.7222222222222222
emcad,model_specific,raw,eye,n_abstain,5,1.0,1.0,0.0,2.0
emcad,model_specific,raw,eye,n_covered,5,35.0,1.0,34.0,36.0
emcad,model_specific,raw,eye,n_total,5,36.0,0.0,36.0,36.0
emcad,model_specific,raw,eye,selective_risk,5,0.36577030812324934,0.0784420038590768,0.2777777777777778,0.4857142857142857
emcad,model_specific,raw,patient,abstention_rate,5,0.05555555555555556,0.05555555555555555,0.0,0.1111111111111111
emcad,model_specific,raw,patient,class_conditional_coverage.normal,5,0.96,0.08944271909999157,0.8,1.0
emcad,model_specific,raw,patient,class_conditional_coverage.papilledema,5,0.9,0.22360679774997896,0.5,1.0
emcad,model_specific,raw,patient,class_conditional_coverage.pseudopapilledema,5,0.95,0.11180339887498948,0.75,1.0
emcad,model_specific,raw,patient,conditional.accuracy,5,0.6462418300653595,0.1379337471656579,0.4117647058823529,0.7777777777777778
emcad,model_specific,raw,patient,conditional.balanced_accuracy,5,0.5166666666666666,0.14385563751360056,0.2833333333333333,0.6666666666666666
emcad,model_specific,raw,patient,conditional.class_counts.normal,5,9.6,0.8944271909999159,8.0,10.0
emcad,model_specific,raw,patient,conditional.class_counts.papilledema,5,3.6,0.8944271909999159,2.0,4.0
emcad,model_specific,raw,patient,conditional.class_counts.pseudopapilledema,5,3.8,0.4472135954999579,3.0,4.0
emcad,model_specific,raw,patient,conditional.derived_discrimination.normal_vs_abnormal.auroc,5,0.8795833333333334,0.0470575150451256,0.8,0.9166666666666667
emcad,model_specific,raw,patient,conditional.derived_discrimination.normal_vs_abnormal.average_precision,5,0.9083283383283384,0.0349623412998777,0.8523809523809522,0.9464285714285714
emcad,model_specific,raw,patient,conditional.derived_discrimination.normal_vs_abnormal.n,5,17.0,1.0,16.0,18.0
emcad,model_specific,raw,patient,conditional.derived_discrimination.normal_vs_abnormal.negative,5,9.6,0.8944271909999159,8.0,10.0
emcad,model_specific,raw,patient,conditional.derived_discrimination.normal_vs_abnormal.positive,5,7.4,0.8944271909999159,6.0,8.0
emcad,model_specific,raw,patient,conditional.derived_discrimination.papilledema_vs_pseudopapilledema.auroc,5,0.35,0.29843340965783305,0.0,0.75
emcad,model_specific,raw,patient,conditional.derived_discrimination.papilledema_vs_pseudopapilledema.average_precision,5,0.5955555555555556,0.180621913499388,0.3206349206349206,0.8166666666666667
emcad,model_specific,raw,patient,conditional.derived_discrimination.papilledema_vs_pseudopapilledema.n,5,7.4,0.8944271909999159,6.0,8.0
emcad,model_specific,raw,patient,conditional.derived_discrimination.papilledema_vs_pseudopapilledema.negative,5,3.6,0.8944271909999159,2.0,4.0
emcad,model_specific,raw,patient,conditional.derived_discrimination.papilledema_vs_pseudopapilledema.positive,5,3.8,0.4472135954999579,3.0,4.0
emcad,model_specific,raw,patient,conditional.macro.adaptive_ece_ovr,5,0.225316131599734,0.04744231549534015,0.1842247004624681,0.30738329331053565
emcad,model_specific,raw,patient,conditional.macro.auroc_ovr,5,0.7780540293040293,0.04779377709340039,0.694932844932845,0.8095238095238096
emcad,model_specific,raw,patient,conditional.macro.average_precision_ovr,5,0.6242369713619713,0.05308003860787506,0.5651960076960076,0.6843759018759018
emcad,model_specific,raw,patient,conditional.macro.balanced_accuracy_ovr,5,0.66753663003663,0.10339089308048309,0.49423076923076925,0.7678571428571429
emcad,model_specific,raw,patient,conditional.macro.brier_ovr,5,0.13859979883908952,0.02812531525825754,0.10739778076379893,0.18107088029478455
emcad,model_specific,raw,patient,conditional.macro.ece_ovr,5,0.14449170007509746,0.04695159690345923,0.10541501081620026,0.22380375437275676
emcad,model_specific,raw,patient,conditional.macro.f1,5,0.4665257618198795,0.1197586421951224,0.2888888888888889,0.5756302521008404
emcad,model_specific,raw,patient,conditional.macro.mcc_ovr,5,0.32393024084540045,0.1998798334516707,-0.00796128357835633,0.5154994536868497
emcad,model_specific,raw,patient,conditional.macro.nll_ovr,5,0.43513941308924886,0.07194840287916465,0.35745846701334577,0.5339964916699347
emcad,model_specific,raw,patient,conditional.macro.nll_true_class,5,0.9115217817838905,0.117976724994904,0.7724056738699051,1.0392895673180647
emcad,model_specific,raw,patient,conditional.macro.precision,5,0.43774410774410777,0.1055563879055783,0.3055555555555555,0.5740740740740741
emcad,model_specific,raw,patient,conditional.macro.recall,5,0.5166666666666666,0.14385563751360056,0.2833333333333333,0.6666666666666666
emcad,model_specific,raw,patient,conditional.macro.specificity,5,0.8184065934065934,0.06554503127898847,0.7051282051282052,0.8690476190476191
emcad,model_specific,raw,patient,conditional.macro_auroc,5,0.7780540293040293,0.04779377709340039,0.694932844932845,0.8095238095238096
emcad,model_specific,raw,patient,conditional.macro_average_precision,5,0.6242369713619713,0.05308003860787506,0.5651960076960076,0.6843759018759018
emcad,model_specific,raw,patient,conditional.macro_classwise_adaptive_ece,5,0.225316131599734,0.04744231549534015,0.1842247004624681,0.30738329331053565
emcad,model_specific,raw,patient,conditional.macro_classwise_ece,5,0.14449170007509746,0.04695159690345923,0.10541501081620026,0.22380375437275676
emcad,model_specific,raw,patient,conditional.macro_f1,5,0.4665257618198795,0.1197586421951224,0.2888888888888889,0.5756302521008404
emcad,model_specific,raw,patient,conditional.macro_precision,5,0.43774410774410777,0.1055563879055783,0.3055555555555555,0.5740740740740741
emcad,model_specific,raw,patient,conditional.macro_recall,5,0.5166666666666666,0.14385563751360056,0.2833333333333333,0.6666666666666666
emcad,model_specific,raw,patient,conditional.multiclass_brier,5,0.4157993965172685,0.08437594577477256,0.32219334229139684,0.5432126408843535
emcad,model_specific,raw,patient,conditional.multiclass_mcc,5,0.41395507266766784,0.22775062600977797,0.03492151478847891,0.649519052838329
emcad,model_specific,raw,patient,conditional.multiclass_nll,5,0.6992683109976564,0.12742611803445839,0.5820784561190998,0.8927575721067874
emcad,model_specific,raw,patient,conditional.n,5,17.0,1.0,16.0,18.0
emcad,model_specific,raw,patient,conditional.per_class.normal.adaptive_ece_ovr,5,0.18729702007986818,0.08045414503646987,0.10079049554811179,0.3188267705284578
emcad,model_specific,raw,patient,conditional.per_class.normal.auroc_ovr,5,0.8795833333333334,0.0470575150451256,0.8,0.9166666666666667
emcad,model_specific,raw,patient,conditional.per_class.normal.average_precision_ovr,5,0.8885961399711398,0.0452542480137228,0.8243578643578643,0.9430122655122655
emcad,model_specific,raw,patient,conditional.per_class.normal.balanced_accuracy_ovr,5,0.8422619047619048,0.1120771847945599,0.6571428571428571,0.9375
emcad,model_specific,raw,patient,conditional.per_class.normal.brier_ovr,5,0.11916607899601916,0.05839560201458026,0.0685103546161285,0.21497330967619271
emcad,model_specific,raw,patient,conditional.per_class.normal.class_index,5,0.0,0.0,0.0,0.0
emcad,model_specific,raw,patient,conditional.per_class.normal.ece_ovr,5,0.12946656913080318,0.06745937847769827,0.050424877090731283,0.235210133748051
emcad,model_specific,raw,patient,conditional.per_class.normal.f1,5,0.865291571173924,0.11702533327338434,0.6666666666666666,0.9523809523809523
emcad,model_specific,raw,patient,conditional.per_class.normal.fn,5,1.0,1.7320508075688772,0.0,4.0
emcad,model_specific,raw,patient,conditional.per_class.normal.fp,5,1.6,0.5477225575051661,1.0,2.0
emcad,model_specific,raw,patient,conditional.per_class.normal.mcc_ovr,5,0.7030612081556299,0.23657504532391493,0.3098898934004561,0.8819171036881969
emcad,model_specific,raw,patient,conditional.per_class.normal.nll_ovr,5,0.3903239161233391,0.11867716689962621,0.2697433562897681,0.5862880016233011
emcad,model_specific,raw,patient,conditional.per_class.normal.nll_true_class,5,0.3424501668635066,0.25592626139554014,0.10002024134109783,0.7172744566401101
emcad,model_specific,raw,patient,conditional.per_class.normal.precision,5,0.8398989898989899,0.06281740137671156,0.75,0.9090909090909091
emcad,model_specific,raw,patient,conditional.per_class.normal.recall,5,0.9,0.17320508075688773,0.6,1.0
emcad,model_specific,raw,patient,conditional.per_class.normal.sensitivity,5,0.9,0.17320508075688773,0.6,1.0
emcad,model_specific,raw,patient,conditional.per_class.normal.specificity,5,0.7845238095238096,0.06686831747611247,0.7142857142857143,0.875
emcad,model_specific,raw,patient,conditional.per_class.normal.support,5,9.6,0.8944271909999159,8.0,10.0
emcad,model_specific,raw,patient,conditional.per_class.normal.tn,5,5.8,0.8366600265340756,5.0,7.0
emcad,model_specific,raw,patient,conditional.per_class.normal.tp,5,8.6,1.6733200530681511,6.0,10.0
emcad,model_specific,raw,patient,conditional.per_class.papilledema.adaptive_ece_ovr,5,0.2089713628091842,0.026552552410314883,0.17913358865993334,0.23464700528251362
emcad,model_specific,raw,patient,conditional.per_class.papilledema.auroc_ovr,5,0.800412087912088,0.14134975806765404,0.5714285714285714,0.9285714285714286
emcad,model_specific,raw,patient,conditional.per_class.papilledema.average_precision_ovr,5,0.5263888888888889,0.23009492136834783,0.2,0.8166666666666667
emcad,model_specific,raw,patient,conditional.per_class.papilledema.balanced_accuracy_ovr,5,0.6805860805860806,0.18449386908406634,0.4326923076923077,0.9285714285714286
emcad,model_specific,raw,patient,conditional.per_class.papilledema.brier_ovr,5,0.1310123169697784,0.025287857719216225,0.08665544171408072,0.14853581472355137
emcad,model_specific,raw,patient,conditional.per_class.papilledema.class_index,5,1.0,0.0,1.0,1.0
emcad,model_specific,raw,patient,conditional.per_class.papilledema.ece_ovr,5,0.13928735772155093,0.05096605637319769,0.07320543010553271,0.2157086054479219
emcad,model_specific,raw,patient,conditional.per_class.papilledema.f1,5,0.47714285714285715,0.241508862388619,0.2,0.8
emcad,model_specific,raw,patient,conditional.per_class.papilledema.fn,5,1.4,1.140175425099138,0.0,3.0
emcad,model_specific,raw,patient,conditional.per_class.papilledema.fp,5,3.2,1.3038404810405297,2.0,5.0
emcad,model_specific,raw,patient,conditional.per_class.papilledema.mcc_ovr,5,0.3190247996389597,0.32959212179017144,-0.1194880298498108,0.7559289460184544
emcad,model_specific,raw,patient,conditional.per_class.papilledema.nll_ovr,5,0.39080502911802534,0.0790817015576597,0.2526904095236453,0.44973491249968733
emcad,model_specific,raw,patient,conditional.per_class.papilledema.nll_true_class,5,0.9899104015156421,0.5198821927282765,0.5489076351134847,1.883842379701338
emcad,model_specific,raw,patient,conditional.per_class.papilledema.precision,5,0.4066666666666666,0.21525179054617252,0.16666666666666666,0.6666666666666666
emcad,model_specific,raw,patient,conditional.per_class.papilledema.recall,5,0.6,0.2850438562747845,0.25,1.0
emcad,model_specific,raw,patient,conditional.per_class.papilledema.sensitivity,5,0.6,0.2850438562747845,0.25,1.0
emcad,model_specific,raw,patient,conditional.per_class.papilledema.specificity,5,0.7611721611721612,0.0980717499311175,0.6153846153846154,0.8571428571428571
emcad,model_specific,raw,patient,conditional.per_class.papilledema.support,5,3.6,0.8944271909999159,2.0,4.0
emcad,model_specific,raw,patient,conditional.per_class.papilledema.tn,5,10.2,1.4832396974191324,8.0,12.0
emcad,model_specific,raw,patient,conditional.per_class.papilledema.tp,5,2.2,1.3038404810405297,1.0,4.0
emcad,model_specific,raw,patient,conditional.per_class.pseudopapilledema.adaptive_ece_ovr,5,0.2796800119101495,0.061243386207262364,0.2177772074248576,0.37548066756553183
emcad,model_specific,raw,patient,conditional.per_class.pseudopapilledema.auroc_ovr,5,0.6541666666666666,0.1974674906508552,0.38095238095238093,0.9375
emcad,model_specific,raw,patient,conditional.per_class.pseudopapilledema.average_precision_ovr,5,0.45772588522588525,0.22651353130950283,0.2253968253968254,0.8041666666666667
emcad,model_specific,raw,patient,conditional.per_class.pseudopapilledema.balanced_accuracy_ovr,5,0.4797619047619047,0.05577479416724992,0.39285714285714285,0.5416666666666667
emcad,model_specific,raw,patient,conditional.per_class.pseudopapilledema.brier_ovr,5,0.165621000551471,0.03192699720037042,0.11085221511942499,0.19365006238385202
emcad,model_specific,raw,patient,conditional.per_class.pseudopapilledema.class_index,5,2.0,0.0,2.0,2.0
emcad,model_specific,raw,patient,conditional.per_class.pseudopapilledema.ece_ovr,5,0.1647211733729383,0.05538964868325111,0.08987896247070831,0.22049252392229732
emcad,model_specific,raw,patient,conditional.per_class.pseudopapilledema.f1,5,0.05714285714285714,0.12777531299998798,0.0,0.2857142857142857
emcad,model_specific,raw,patient,conditional.per_class.pseudopapilledema.fn,5,3.6,0.5477225575051661,3.0,4.0
emcad,model_specific,raw,patient,conditional.per_class.pseudopapilledema.fp,5,1.2,1.3038404810405297,0.0,3.0
emcad,model_specific,raw,patient,conditional.per_class.pseudopapilledema.mcc_ovr,5,-0.050295285258388465,0.12106198824043575,-0.21428571428571427,0.09245003270420485
emcad,model_specific,raw,patient,conditional.per_class.pseudopapilledema.nll_ovr,5,0.5242892940263822,0.10626130894268022,0.35289713225058195,0.6302441658754784
emcad,model_specific,raw,patient,conditional.per_class.pseudopapilledema.nll_true_class,5,1.402204776972523,0.36113225226491225,0.9056017996709912,1.7865869972694806
emcad,model_specific,raw,patient,conditional.per_class.pseudopapilledema.precision,5,0.06666666666666667,0.14907119849998599,0.0,0.3333333333333333
emcad,model_specific,raw,patient,conditional.per_class.pseudopapilledema.recall,5,0.05,0.11180339887498951,0.0,0.25
emcad,model_specific,raw,patient,conditional.per_class.pseudopapilledema.sensitivity,5,0.05,0.11180339887498951,0.0,0.25
emcad,model_specific,raw,patient,conditional.per_class.pseudopapilledema.specificity,5,0.9095238095238095,0.09729912734144072,0.7857142857142857,1.0
emcad,model_specific,raw,patient,conditional.per_class.pseudopapilledema.support,5,3.8,0.4472135954999579,3.0,4.0
emcad,model_specific,raw,patient,conditional.per_class.pseudopapilledema.tn,5,12.0,1.5811388300841898,10.0,14.0
emcad,model_specific,raw,patient,conditional.per_class.pseudopapilledema.tp,5,0.2,0.44721359549995804,0.0,1.0
emcad,model_specific,raw,patient,conditional.top_label_adaptive_ece,5,0.23695417182764747,0.07873410273344239,0.11014350707822168,0.3116560717974347
emcad,model_specific,raw,patient,conditional.top_label_ece,5,0.14162593132993329,0.04271104762320371,0.09377424880900227,0.18201137853359056
emcad,model_specific,raw,patient,conditional_aurc,5,0.20893773319198633,0.08395778915696393,0.1290954705017205,0.3472078527009323
emcad,model_specific,raw,patient,coverage,5,0.9444444444444443,0.05555555555555558,0.8888888888888888,1.0
emcad,model_specific,raw,patient,failure_aware.accuracy,5,0.611111111111111,0.14163943093313291,0.3888888888888889,0.7777777777777778
emcad,model_specific,raw,patient,failure_aware.aurc,5,0.2211344274824667,0.08369778941718158,0.1559643107437225,0.36186914483483107
emcad,model_specific,raw,patient,failure_aware.balanced_accuracy,5,0.48666666666666664,0.14452988925785865,0.2833333333333333,0.6666666666666666
emcad,model_specific,raw,patient,failure_aware.correct,5,11.0,2.5495097567963922,7.0,14.0
emcad,model_specific,raw,patient,failure_aware.incorrect_or_abstained,5,7.0,2.5495097567963922,4.0,11.0
emcad,model_specific,raw,patient,failure_aware.macro_f1,5,0.45568821042505253,0.11553363192782415,0.2888888888888889,0.5696969696969697
emcad,model_specific,raw,patient,failure_aware.macro_precision,5,0.43774410774410777,0.1055563879055783,0.3055555555555555,0.5740740740740741
emcad,model_specific,raw,patient,failure_aware.macro_recall,5,0.48666666666666664,0.14452988925785865,0.2833333333333333,0.6666666666666666
emcad,model_specific,raw,patient,failure_aware.macro_specificity,5,0.7702380952380953,0.08036816502890545,0.6607142857142857,0.8690476190476191
emcad,model_specific,raw,patient,failure_aware.multiclass_mcc,5,0.38049279537401237,0.21534665062607972,0.04933356487274115,0.649519052838329
emcad,model_specific,raw,patient,failure_aware.per_class.normal.abstain,5,0.4,0.8944271909999161,0.0,2.0
emcad,model_specific,raw,patient,failure_aware.per_class.normal.balanced_accuracy_ovr,5,0.7925000000000001,0.10330476755697192,0.6125,0.875
emcad,model_specific,raw,patient,failure_aware.per_class.normal.class_index,5,0.0,0.0,0.0,0.0
emcad,model_specific,raw,patient,failure_aware.per_class.normal.f1,5,0.8454773296878558,0.10908228614552828,0.6666666666666666,0.9523809523809523
emcad,model_specific,raw,patient,failure_aware.per_class.normal.fn_including_abstain,5,1.4,1.6733200530681511,0.0,4.0
emcad,model_specific,raw,patient,failure_aware.per_class.normal.fp,5,1.6,0.5477225575051661,1.0,2.0
emcad,model_specific,raw,patient,failure_aware.per_class.normal.precision,5,0.8398989898989899,0.06281740137671156,0.75,0.9090909090909091
emcad,model_specific,raw,patient,failure_aware.per_class.normal.recall,5,0.8600000000000001,0.16733200530681513,0.6,1.0
emcad,model_specific,raw,patient,failure_aware.per_class.normal.sensitivity,5,0.8600000000000001,0.16733200530681513,0.6,1.0
emcad,model_specific,raw,patient,failure_aware.per_class.normal.specificity,5,0.725,0.10458250331675945,0.625,0.875
emcad,model_specific,raw,patient,failure_aware.per_class.normal.support,5,10.0,0.0,10.0,10.0
emcad,model_specific,raw,patient,failure_aware.per_class.normal.tn_excluding_abstain,5,5.8,0.8366600265340756,5.0,7.0
emcad,model_specific,raw,patient,failure_aware.per_class.normal.tp,5,8.6,1.6733200530681511,6.0,10.0
emcad,model_specific,raw,patient,failure_aware.per_class.papilledema.abstain,5,0.4,0.894427190999916,0.0,2.0
emcad,model_specific,raw,patient,failure_aware.per_class.papilledema.balanced_accuracy_ovr,5,0.6392857142857143,0.21106206167274835,0.4107142857142857,0.9285714285714286
emcad,model_specific,raw,patient,failure_aware.per_class.papilledema.class_index,5,1.0,0.0,1.0,1.0
emcad,model_specific,raw,patient,failure_aware.per_class.papilledema.f1,5,0.4644444444444445,0.25536224572792643,0.2,0.8
emcad,model_specific,raw,patient,failure_aware.per_class.papilledema.fn_including_abstain,5,1.8,1.3038404810405297,0.0,3.0
emcad,model_specific,raw,patient,failure_aware.per_class.papilledema.fp,5,3.2,1.3038404810405297,2.0,5.0
emcad,model_specific,raw,patient,failure_aware.per_class.papilledema.precision,5,0.4066666666666666,0.21525179054617252,0.16666666666666666,0.6666666666666666
emcad,model_specific,raw,patient,failure_aware.per_class.papilledema.recall,5,0.55,0.32596012026013244,0.25,1.0
emcad,model_specific,raw,patient,failure_aware.per_class.papilledema.sensitivity,5,0.55,0.32596012026013244,0.25,1.0
emcad,model_specific,raw,patient,failure_aware.per_class.papilledema.specificity,5,0.7285714285714286,0.10594569267279517,0.5714285714285714,0.8571428571428571
emcad,model_specific,raw,patient,failure_aware.per_class.papilledema.support,5,4.0,0.0,4.0,4.0
emcad,model_specific,raw,patient,failure_aware.per_class.papilledema.tn_excluding_abstain,5,10.2,1.4832396974191324,8.0,12.0
emcad,model_specific,raw,patient,failure_aware.per_class.papilledema.tp,5,2.2,1.3038404810405297,1.0,4.0
emcad,model_specific,raw,patient,failure_aware.per_class.pseudopapilledema.abstain,5,0.2,0.447213595499958,0.0,1.0
emcad,model_specific,raw,patient,failure_aware.per_class.pseudopapilledema.balanced_accuracy_ovr,5,0.45357142857142857,0.04300569492425821,0.39285714285714285,0.5
emcad,model_specific,raw,patient,failure_aware.per_class.pseudopapilledema.class_index,5,2.0,0.0,2.0,2.0
emcad,model_specific,raw,patient,failure_aware.per_class.pseudopapilledema.f1,5,0.05714285714285714,0.12777531299998798,0.0,0.2857142857142857
emcad,model_specific,raw,patient,failure_aware.per_class.pseudopapilledema.fn_including_abstain,5,3.8,0.4472135954999579,3.0,4.0
emcad,model_specific,raw,patient,failure_aware.per_class.pseudopapilledema.fp,5,1.2,1.3038404810405297,0.0,3.0
emcad,model_specific,raw,patient,failure_aware.per_class.pseudopapilledema.precision,5,0.06666666666666667,0.14907119849998599,0.0,0.3333333333333333
emcad,model_specific,raw,patient,failure_aware.per_class.pseudopapilledema.recall,5,0.05,0.11180339887498951,0.0,0.25
emcad,model_specific,raw,patient,failure_aware.per_class.pseudopapilledema.sensitivity,5,0.05,0.11180339887498951,0.0,0.25
emcad,model_specific,raw,patient,failure_aware.per_class.pseudopapilledema.specificity,5,0.8571428571428571,0.11293848786315641,0.7142857142857143,1.0
emcad,model_specific,raw,patient,failure_aware.per_class.pseudopapilledema.support,5,4.0,0.0,4.0,4.0
emcad,model_specific,raw,patient,failure_aware.per_class.pseudopapilledema.tn_excluding_abstain,5,12.0,1.5811388300841898,10.0,14.0
emcad,model_specific,raw,patient,failure_aware.per_class.pseudopapilledema.tp,5,0.2,0.44721359549995804,0.0,1.0
emcad,model_specific,raw,patient,failure_aware_accuracy,5,0.611111111111111,0.14163943093313291,0.3888888888888889,0.7777777777777778
emcad,model_specific,raw,patient,failure_aware_aurc,5,0.2211344274824667,0.08369778941718158,0.1559643107437225,0.36186914483483107
emcad,model_specific,raw,patient,failure_aware_balanced_accuracy,5,0.48666666666666664,0.14452988925785865,0.2833333333333333,0.6666666666666666
emcad,model_specific,raw,patient,failure_inclusive.accuracy,5,0.611111111111111,0.14163943093313291,0.3888888888888889,0.7777777777777778
emcad,model_specific,raw,patient,failure_inclusive.aurc,5,0.2211344274824667,0.08369778941718158,0.1559643107437225,0.36186914483483107
emcad,model_specific,raw,patient,failure_inclusive.balanced_accuracy,5,0.48666666666666664,0.14452988925785865,0.2833333333333333,0.6666666666666666
emcad,model_specific,raw,patient,failure_inclusive.correct,5,11.0,2.5495097567963922,7.0,14.0
emcad,model_specific,raw,patient,failure_inclusive.incorrect_or_abstained,5,7.0,2.5495097567963922,4.0,11.0
emcad,model_specific,raw,patient,failure_inclusive.macro_f1,5,0.45568821042505253,0.11553363192782415,0.2888888888888889,0.5696969696969697
emcad,model_specific,raw,patient,failure_inclusive.macro_precision,5,0.43774410774410777,0.1055563879055783,0.3055555555555555,0.5740740740740741
emcad,model_specific,raw,patient,failure_inclusive.macro_recall,5,0.48666666666666664,0.14452988925785865,0.2833333333333333,0.6666666666666666
emcad,model_specific,raw,patient,failure_inclusive.macro_specificity,5,0.7702380952380953,0.08036816502890545,0.6607142857142857,0.8690476190476191
emcad,model_specific,raw,patient,failure_inclusive.multiclass_mcc,5,0.38049279537401237,0.21534665062607972,0.04933356487274115,0.649519052838329
emcad,model_specific,raw,patient,failure_inclusive.per_class.normal.abstain,5,0.4,0.8944271909999161,0.0,2.0
emcad,model_specific,raw,patient,failure_inclusive.per_class.normal.balanced_accuracy_ovr,5,0.7925000000000001,0.10330476755697192,0.6125,0.875
emcad,model_specific,raw,patient,failure_inclusive.per_class.normal.class_index,5,0.0,0.0,0.0,0.0
emcad,model_specific,raw,patient,failure_inclusive.per_class.normal.f1,5,0.8454773296878558,0.10908228614552828,0.6666666666666666,0.9523809523809523
emcad,model_specific,raw,patient,failure_inclusive.per_class.normal.fn_including_abstain,5,1.4,1.6733200530681511,0.0,4.0
emcad,model_specific,raw,patient,failure_inclusive.per_class.normal.fp,5,1.6,0.5477225575051661,1.0,2.0
emcad,model_specific,raw,patient,failure_inclusive.per_class.normal.precision,5,0.8398989898989899,0.06281740137671156,0.75,0.9090909090909091
emcad,model_specific,raw,patient,failure_inclusive.per_class.normal.recall,5,0.8600000000000001,0.16733200530681513,0.6,1.0
emcad,model_specific,raw,patient,failure_inclusive.per_class.normal.sensitivity,5,0.8600000000000001,0.16733200530681513,0.6,1.0
emcad,model_specific,raw,patient,failure_inclusive.per_class.normal.specificity,5,0.725,0.10458250331675945,0.625,0.875
emcad,model_specific,raw,patient,failure_inclusive.per_class.normal.support,5,10.0,0.0,10.0,10.0
emcad,model_specific,raw,patient,failure_inclusive.per_class.normal.tn_excluding_abstain,5,5.8,0.8366600265340756,5.0,7.0
emcad,model_specific,raw,patient,failure_inclusive.per_class.normal.tp,5,8.6,1.6733200530681511,6.0,10.0
emcad,model_specific,raw,patient,failure_inclusive.per_class.papilledema.abstain,5,0.4,0.894427190999916,0.0,2.0
emcad,model_specific,raw,patient,failure_inclusive.per_class.papilledema.balanced_accuracy_ovr,5,0.6392857142857143,0.21106206167274835,0.4107142857142857,0.9285714285714286
emcad,model_specific,raw,patient,failure_inclusive.per_class.papilledema.class_index,5,1.0,0.0,1.0,1.0
emcad,model_specific,raw,patient,failure_inclusive.per_class.papilledema.f1,5,0.4644444444444445,0.25536224572792643,0.2,0.8
emcad,model_specific,raw,patient,failure_inclusive.per_class.papilledema.fn_including_abstain,5,1.8,1.3038404810405297,0.0,3.0
emcad,model_specific,raw,patient,failure_inclusive.per_class.papilledema.fp,5,3.2,1.3038404810405297,2.0,5.0
emcad,model_specific,raw,patient,failure_inclusive.per_class.papilledema.precision,5,0.4066666666666666,0.21525179054617252,0.16666666666666666,0.6666666666666666
emcad,model_specific,raw,patient,failure_inclusive.per_class.papilledema.recall,5,0.55,0.32596012026013244,0.25,1.0
emcad,model_specific,raw,patient,failure_inclusive.per_class.papilledema.sensitivity,5,0.55,0.32596012026013244,0.25,1.0
emcad,model_specific,raw,patient,failure_inclusive.per_class.papilledema.specificity,5,0.7285714285714286,0.10594569267279517,0.5714285714285714,0.8571428571428571
emcad,model_specific,raw,patient,failure_inclusive.per_class.papilledema.support,5,4.0,0.0,4.0,4.0
emcad,model_specific,raw,patient,failure_inclusive.per_class.papilledema.tn_excluding_abstain,5,10.2,1.4832396974191324,8.0,12.0
emcad,model_specific,raw,patient,failure_inclusive.per_class.papilledema.tp,5,2.2,1.3038404810405297,1.0,4.0
emcad,model_specific,raw,patient,failure_inclusive.per_class.pseudopapilledema.abstain,5,0.2,0.447213595499958,0.0,1.0
emcad,model_specific,raw,patient,failure_inclusive.per_class.pseudopapilledema.balanced_accuracy_ovr,5,0.45357142857142857,0.04300569492425821,0.39285714285714285,0.5
emcad,model_specific,raw,patient,failure_inclusive.per_class.pseudopapilledema.class_index,5,2.0,0.0,2.0,2.0
emcad,model_specific,raw,patient,failure_inclusive.per_class.pseudopapilledema.f1,5,0.05714285714285714,0.12777531299998798,0.0,0.2857142857142857
emcad,model_specific,raw,patient,failure_inclusive.per_class.pseudopapilledema.fn_including_abstain,5,3.8,0.4472135954999579,3.0,4.0
emcad,model_specific,raw,patient,failure_inclusive.per_class.pseudopapilledema.fp,5,1.2,1.3038404810405297,0.0,3.0
emcad,model_specific,raw,patient,failure_inclusive.per_class.pseudopapilledema.precision,5,0.06666666666666667,0.14907119849998599,0.0,0.3333333333333333
emcad,model_specific,raw,patient,failure_inclusive.per_class.pseudopapilledema.recall,5,0.05,0.11180339887498951,0.0,0.25
emcad,model_specific,raw,patient,failure_inclusive.per_class.pseudopapilledema.sensitivity,5,0.05,0.11180339887498951,0.0,0.25
emcad,model_specific,raw,patient,failure_inclusive.per_class.pseudopapilledema.specificity,5,0.8571428571428571,0.11293848786315641,0.7142857142857143,1.0
emcad,model_specific,raw,patient,failure_inclusive.per_class.pseudopapilledema.support,5,4.0,0.0,4.0,4.0
emcad,model_specific,raw,patient,failure_inclusive.per_class.pseudopapilledema.tn_excluding_abstain,5,12.0,1.5811388300841898,10.0,14.0
emcad,model_specific,raw,patient,failure_inclusive.per_class.pseudopapilledema.tp,5,0.2,0.44721359549995804,0.0,1.0
emcad,model_specific,raw,patient,localized_diagnostic_success.localized_rate,5,0.888888888888889,0.10393492741038725,0.7777777777777778,1.0
emcad,model_specific,raw,patient,localized_diagnostic_success.n_success,5,10.8,2.588435821108957,7.0,14.0
emcad,model_specific,raw,patient,localized_diagnostic_success.per_class_rate.normal,5,0.8400000000000001,0.15165750888103102,0.6,1.0
emcad,model_specific,raw,patient,localized_diagnostic_success.per_class_rate.papilledema,5,0.55,0.32596012026013244,0.25,1.0
emcad,model_specific,raw,patient,localized_diagnostic_success.per_class_rate.pseudopapilledema,5,0.05,0.11180339887498951,0.0,0.25
emcad,model_specific,raw,patient,localized_diagnostic_success.rate,5,0.6,0.1438019900616087,0.3888888888888889,0.7777777777777778
emcad,model_specific,raw,patient,n_abstain,5,1.0,1.0,0.0,2.0
emcad,model_specific,raw,patient,n_covered,5,17.0,1.0,16.0,18.0
emcad,model_specific,raw,patient,n_total,5,18.0,0.0,18.0,18.0
emcad,model_specific,raw,patient,selective_risk,5,0.3537581699346405,0.13793374716565793,0.2222222222222222,0.5882352941176471
emcad,standardized_resnet18,calibrated,eye,abstention_rate,5,0.02777777777777778,0.027777777777777776,0.0,0.05555555555555555
emcad,standardized_resnet18,calibrated,eye,class_conditional_coverage.normal,5,0.9800000000000001,0.04472135954999579,0.9,1.0
emcad,standardized_resnet18,calibrated,eye,class_conditional_coverage.papilledema,5,0.95,0.11180339887498948,0.75,1.0
emcad,standardized_resnet18,calibrated,eye,class_conditional_coverage.pseudopapilledema,5,0.975,0.05590169943749474,0.875,1.0
emcad,standardized_resnet18,calibrated,eye,conditional.accuracy,5,0.6799813258636788,0.10802525537923571,0.5142857142857142,0.7941176470588235
emcad,standardized_resnet18,calibrated,eye,conditional.balanced_accuracy,5,0.579047619047619,0.10852808240820355,0.43690476190476185,0.7083333333333334
emcad,standardized_resnet18,calibrated,eye,conditional.class_counts.normal,5,19.6,0.8944271909999159,18.0,20.0
emcad,standardized_resnet18,calibrated,eye,conditional.class_counts.papilledema,5,7.6,0.8944271909999159,6.0,8.0
emcad,standardized_resnet18,calibrated,eye,conditional.class_counts.pseudopapilledema,5,7.8,0.4472135954999579,7.0,8.0
emcad,standardized_resnet18,calibrated,eye,conditional.derived_discrimination.normal_vs_abnormal.auroc,5,0.8887519841269841,0.06706026866020622,0.77,0.9340277777777778
emcad,standardized_resnet18,calibrated,eye,conditional.derived_discrimination.normal_vs_abnormal.average_precision,5,0.9033080934344719,0.0801475699769038,0.7616218019595766,0.9525240384615384
emcad,standardized_resnet18,calibrated,eye,conditional.derived_discrimination.normal_vs_abnormal.n,5,35.0,1.0,34.0,36.0
emcad,standardized_resnet18,calibrated,eye,conditional.derived_discrimination.normal_vs_abnormal.negative,5,19.6,0.8944271909999159,18.0,20.0
emcad,standardized_resnet18,calibrated,eye,conditional.derived_discrimination.normal_vs_abnormal.positive,5,15.4,0.8944271909999159,14.0,16.0
emcad,standardized_resnet18,calibrated,eye,conditional.derived_discrimination.papilledema_vs_pseudopapilledema.auroc,5,0.5443452380952382,0.1591162838305538,0.3333333333333333,0.71875
emcad,standardized_resnet18,calibrated,eye,conditional.derived_discrimination.papilledema_vs_pseudopapilledema.average_precision,5,0.607211964622679,0.15646621300969493,0.47384044526901675,0.7993371212121212
emcad,standardized_resnet18,calibrated,eye,conditional.derived_discrimination.papilledema_vs_pseudopapilledema.n,5,15.4,0.8944271909999159,14.0,16.0
emcad,standardized_resnet18,calibrated,eye,conditional.derived_discrimination.papilledema_vs_pseudopapilledema.negative,5,7.6,0.8944271909999159,6.0,8.0
emcad,standardized_resnet18,calibrated,eye,conditional.derived_discrimination.papilledema_vs_pseudopapilledema.positive,5,7.8,0.4472135954999579,7.0,8.0
emcad,standardized_resnet18,calibrated,eye,conditional.macro.adaptive_ece_ovr,5,0.1746399102394737,0.031160349627990074,0.13848295097622607,0.2178253018842141
emcad,standardized_resnet18,calibrated,eye,conditional.macro.auroc_ovr,5,0.7828473869604822,0.07109794717894972,0.6701524313429076,0.864227207977208
emcad,standardized_resnet18,calibrated,eye,conditional.macro.average_precision_ovr,5,0.6119300411518824,0.09022345008323748,0.48029911209702086,0.7049239507562092
emcad,standardized_resnet18,calibrated,eye,conditional.macro.balanced_accuracy_ovr,5,0.7090579636412969,0.0800238591232431,0.5950837742504409,0.8012820512820512
emcad,standardized_resnet18,calibrated,eye,conditional.macro.brier_ovr,5,0.15540426473783192,0.034112239840154414,0.13011841341560884,0.21432796274362598
emcad,standardized_resnet18,calibrated,eye,conditional.macro.ece_ovr,5,0.1718490491355061,0.03144596669676245,0.14297965544764143,0.22042552116710756
emcad,standardized_resnet18,calibrated,eye,conditional.macro.f1,5,0.560463814101585,0.09940592824219407,0.43423423423423424,0.6587301587301587
emcad,standardized_resnet18,calibrated,eye,conditional.macro.mcc_ovr,5,0.4243855367736541,0.17634719409966945,0.1850602702043398,0.6354155233577292
emcad,standardized_resnet18,calibrated,eye,conditional.macro.nll_ovr,5,0.4931327674501541,0.09893071012073887,0.42564473507497497,0.654886129405977
emcad,standardized_resnet18,calibrated,eye,conditional.macro.nll_true_class,5,1.0059093389176585,0.22416397020315598,0.8035953497715805,1.2552896383151093
emcad,standardized_resnet18,calibrated,eye,conditional.macro.precision,5,0.6034442246206952,0.16035900912894016,0.43823529411764706,0.8384615384615385
emcad,standardized_resnet18,calibrated,eye,conditional.macro.recall,5,0.579047619047619,0.10852808240820355,0.43690476190476185,0.7083333333333334
emcad,standardized_resnet18,calibrated,eye,conditional.macro.specificity,5,0.8390683082349748,0.05327651522144303,0.7532627865961198,0.8942307692307692
emcad,standardized_resnet18,calibrated,eye,conditional.macro_auroc,5,0.7828473869604822,0.07109794717894972,0.6701524313429076,0.864227207977208
emcad,standardized_resnet18,calibrated,eye,conditional.macro_average_precision,5,0.6119300411518824,0.09022345008323748,0.48029911209702086,0.7049239507562092
emcad,standardized_resnet18,calibrated,eye,conditional.macro_classwise_adaptive_ece,5,0.1746399102394737,0.031160349627990074,0.13848295097622607,0.2178253018842141
emcad,standardized_resnet18,calibrated,eye,conditional.macro_classwise_ece,5,0.1718490491355061,0.03144596669676245,0.14297965544764143,0.22042552116710756
emcad,standardized_resnet18,calibrated,eye,conditional.macro_f1,5,0.560463814101585,0.09940592824219407,0.43423423423423424,0.6587301587301587
emcad,standardized_resnet18,calibrated,eye,conditional.macro_precision,5,0.6034442246206952,0.16035900912894016,0.43823529411764706,0.8384615384615385
emcad,standardized_resnet18,calibrated,eye,conditional.macro_recall,5,0.579047619047619,0.10852808240820355,0.43690476190476185,0.7083333333333334
emcad,standardized_resnet18,calibrated,eye,conditional.multiclass_brier,5,0.46621279421349565,0.10233671952046325,0.39035524024682655,0.6429838882308779
emcad,standardized_resnet18,calibrated,eye,conditional.multiclass_mcc,5,0.47003482174936356,0.1834229759898119,0.20771701543842983,0.6943840253649081
emcad,standardized_resnet18,calibrated,eye,conditional.multiclass_nll,5,0.8055181612754823,0.17053857027994776,0.6593967418657282,1.0845327555145732
emcad,standardized_resnet18,calibrated,eye,conditional.n,5,35.0,1.0,34.0,36.0
emcad,standardized_resnet18,calibrated,eye,conditional.per_class.normal.adaptive_ece_ovr,5,0.162703467882932,0.03529153623475544,0.12412735339665878,0.20075512106058027
emcad,standardized_resnet18,calibrated,eye,conditional.per_class.normal.auroc_ovr,5,0.8887519841269841,0.06706026866020622,0.77,0.9340277777777778
emcad,standardized_resnet18,calibrated,eye,conditional.per_class.normal.average_precision_ovr,5,0.8793119051187983,0.04918948552445905,0.8127703396721435,0.9302375208592959
emcad,standardized_resnet18,calibrated,eye,conditional.per_class.normal.balanced_accuracy_ovr,5,0.855297619047619,0.09458397014979363,0.6916666666666667,0.9375
emcad,standardized_resnet18,calibrated,eye,conditional.per_class.normal.brier_ovr,5,0.1290122696929572,0.05180664749456223,0.08210684375747607,0.21732068946955707
emcad,standardized_resnet18,calibrated,eye,conditional.per_class.normal.class_index,5,0.0,0.0,0.0,0.0
emcad,standardized_resnet18,calibrated,eye,conditional.per_class.normal.ece_ovr,5,0.15817366987014897,0.04866614128589306,0.09902617939466087,0.23358547179371508
emcad,standardized_resnet18,calibrated,eye,conditional.per_class.normal.f1,5,0.8709666057034479,0.09614829256011725,0.7027027027027027,0.9473684210526315
emcad,standardized_resnet18,calibrated,eye,conditional.per_class.normal.fn,5,2.4,2.701851217221259,0.0,7.0
emcad,standardized_resnet18,calibrated,eye,conditional.per_class.normal.fp,5,2.6,0.8944271909999159,2.0,4.0
emcad,standardized_resnet18,calibrated,eye,conditional.per_class.normal.mcc_ovr,5,0.7152646699382474,0.1946112716413333,0.3795565581410585,0.8874119674649423
emcad,standardized_resnet18,calibrated,eye,conditional.per_class.normal.nll_ovr,5,0.42092862997503583,0.13568137312819167,0.3195721357726408,0.6579342099489305
emcad,standardized_resnet18,calibrated,eye,conditional.per_class.normal.nll_true_class,5,0.44432817444935,0.21236498361236342,0.2422218231189345,0.8054739145897635
emcad,standardized_resnet18,calibrated,eye,conditional.per_class.normal.precision,5,0.8656684491978609,0.058595083874595916,0.7647058823529411,0.9
emcad,standardized_resnet18,calibrated,eye,conditional.per_class.normal.recall,5,0.8800000000000001,0.13509256086106294,0.65,1.0
emcad,standardized_resnet18,calibrated,eye,conditional.per_class.normal.sensitivity,5,0.8800000000000001,0.13509256086106294,0.65,1.0
emcad,standardized_resnet18,calibrated,eye,conditional.per_class.normal.specificity,5,0.830595238095238,0.0600742407283935,0.7333333333333333,0.875
emcad,standardized_resnet18,calibrated,eye,conditional.per_class.normal.support,5,19.6,0.8944271909999159,18.0,20.0
emcad,standardized_resnet18,calibrated,eye,conditional.per_class.normal.tn,5,12.8,1.3038404810405297,11.0,14.0
emcad,standardized_resnet18,calibrated,eye,conditional.per_class.normal.tp,5,17.2,2.3874672772626644,13.0,19.0
emcad,standardized_resnet18,calibrated,eye,conditional.per_class.papilledema.adaptive_ece_ovr,5,0.17868865247751026,0.044616032100317025,0.13193138179995426,0.23175973256186638
emcad,standardized_resnet18,calibrated,eye,conditional.per_class.papilledema.auroc_ovr,5,0.7893035205535206,0.12150568279253345,0.6435185185185185,0.9151785714285715
emcad,standardized_resnet18,calibrated,eye,conditional.per_class.papilledema.average_precision_ovr,5,0.5535093107375717,0.15720139598167457,0.3319128787878788,0.716220238095238
emcad,standardized_resnet18,calibrated,eye,conditional.per_class.papilledema.balanced_accuracy_ovr,5,0.7084147334147334,0.13125927704534962,0.5578703703703703,0.9038461538461539
emcad,standardized_resnet18,calibrated,eye,conditional.per_class.papilledema.brier_ovr,5,0.1556659253206256,0.0492024308368537,0.1099912324690353,0.22130377585563155
emcad,standardized_resnet18,calibrated,eye,conditional.per_class.papilledema.class_index,5,1.0,0.0,1.0,1.0
emcad,standardized_resnet18,calibrated,eye,conditional.per_class.papilledema.ece_ovr,5,0.18872739069810626,0.04585011167248781,0.12330344653518635,0.24476196569354527
emcad,standardized_resnet18,calibrated,eye,conditional.per_class.papilledema.f1,5,0.5259803921568628,0.1742910540930028,0.3333333333333333,0.7619047619047619
emcad,standardized_resnet18,calibrated,eye,conditional.per_class.papilledema.fn,5,3.0,1.8708286933869707,0.0,5.0
emcad,standardized_resnet18,calibrated,eye,conditional.per_class.papilledema.fp,5,5.0,2.1213203435596424,2.0,7.0
emcad,standardized_resnet18,calibrated,eye,conditional.per_class.papilledema.mcc_ovr,5,0.3925522032718715,0.2370318942576909,0.10758287072798381,0.7050116453778216
emcad,standardized_resnet18,calibrated,eye,conditional.per_class.papilledema.nll_ovr,5,0.5040212517237702,0.16835591108850564,0.33216389705708954,0.6918619997334841
emcad,standardized_resnet18,calibrated,eye,conditional.per_class.papilledema.nll_true_class,5,1.2069256938997959,0.6185206982186939,0.5356159099063182,2.117970624451134
emcad,standardized_resnet18,calibrated,eye,conditional.per_class.papilledema.precision,5,0.4875213675213675,0.17564112961920103,0.3,0.6666666666666666
emcad,standardized_resnet18,calibrated,eye,conditional.per_class.papilledema.recall,5,0.6,0.24044230077089182,0.375,1.0
emcad,standardized_resnet18,calibrated,eye,conditional.per_class.papilledema.sensitivity,5,0.6,0.24044230077089182,0.375,1.0
emcad,standardized_resnet18,calibrated,eye,conditional.per_class.papilledema.specificity,5,0.8168294668294667,0.07818343015645253,0.7407407407407407,0.9285714285714286
emcad,standardized_resnet18,calibrated,eye,conditional.per_class.papilledema.support,5,7.6,0.8944271909999159,6.0,8.0
emcad,standardized_resnet18,calibrated,eye,conditional.per_class.papilledema.tn,5,22.4,2.5099800796022267,20.0,26.0
emcad,standardized_resnet18,calibrated,eye,conditional.per_class.papilledema.tp,5,4.6,2.073644135332772,3.0,8.0
emcad,standardized_resnet18,calibrated,eye,conditional.per_class.pseudopapilledema.adaptive_ece_ovr,5,0.18252761035797874,0.03179455018295733,0.13961146945206143,0.2209610520301956
emcad,standardized_resnet18,calibrated,eye,conditional.per_class.pseudopapilledema.auroc_ovr,5,0.6704866562009419,0.07896013730305787,0.5758928571428571,0.75
emcad,standardized_resnet18,calibrated,eye,conditional.per_class.pseudopapilledema.average_precision_ovr,5,0.4029689075992774,0.07624386943171106,0.29621411783104046,0.485
emcad,standardized_resnet18,calibrated,eye,conditional.per_class.pseudopapilledema.balanced_accuracy_ovr,5,0.5634615384615385,0.06751167509402153,0.5048076923076923,0.6785714285714286
emcad,standardized_resnet18,calibrated,eye,conditional.per_class.pseudopapilledema.brier_ovr,5,0.18153459919991294,0.020219251960503466,0.15987015449196368,0.20435942290568934
emcad,standardized_resnet18,calibrated,eye,conditional.per_class.pseudopapilledema.class_index,5,2.0,0.0,2.0,2.0
emcad,standardized_resnet18,calibrated,eye,conditional.per_class.pseudopapilledema.ece_ovr,5,0.16864608683826304,0.06832335678623744,0.08477820349288324,0.25404045832333916
emcad,standardized_resnet18,calibrated,eye,conditional.per_class.pseudopapilledema.f1,5,0.28444444444444444,0.12731801342783305,0.16666666666666666,0.5
emcad,standardized_resnet18,calibrated,eye,conditional.per_class.pseudopapilledema.fn,5,5.8,1.3038404810405297,4.0,7.0
emcad,standardized_resnet18,calibrated,eye,conditional.per_class.pseudopapilledema.fp,5,3.6,2.3021728866442674,0.0,6.0
emcad,standardized_resnet18,calibrated,eye,conditional.per_class.pseudopapilledema.mcc_ovr,5,0.16533973711084338,0.1579315118458292,0.012659242088545833,0.35714285714285715
emcad,standardized_resnet18,calibrated,eye,conditional.per_class.pseudopapilledema.nll_ovr,5,0.5544484206516564,0.062183781194590566,0.4910658299951167,0.6296960808894394
emcad,standardized_resnet18,calibrated,eye,conditional.per_class.pseudopapilledema.nll_true_class,5,1.366474148403829,0.18656509637811228,1.0583914082717572,1.5192710934629525
emcad,standardized_resnet18,calibrated,eye,conditional.per_class.pseudopapilledema.precision,5,0.45714285714285713,0.3208327811639387,0.25,1.0
emcad,standardized_resnet18,calibrated,eye,conditional.per_class.pseudopapilledema.recall,5,0.2571428571428571,0.1539240138536425,0.125,0.5
emcad,standardized_resnet18,calibrated,eye,conditional.per_class.pseudopapilledema.sensitivity,5,0.2571428571428571,0.1539240138536425,0.125,0.5
emcad,standardized_resnet18,calibrated,eye,conditional.per_class.pseudopapilledema.specificity,5,0.8697802197802197,0.08176481422241173,0.7857142857142857,1.0
emcad,standardized_resnet18,calibrated,eye,conditional.per_class.pseudopapilledema.support,5,7.8,0.4472135954999579,7.0,8.0
emcad,standardized_resnet18,calibrated,eye,conditional.per_class.pseudopapilledema.tn,5,23.6,1.51657508881031,22.0,26.0
emcad,standardized_resnet18,calibrated,eye,conditional.per_class.pseudopapilledema.tp,5,2.0,1.224744871391589,1.0,4.0
emcad,standardized_resnet18,calibrated,eye,conditional.top_label_adaptive_ece,5,0.20933854215416367,0.03409738037058698,0.16868603750915434,0.2550445196739385
emcad,standardized_resnet18,calibrated,eye,conditional.top_label_ece,5,0.1623599112356138,0.05089978752056165,0.10407180682919133,0.22091390726417803
emcad,standardized_resnet18,calibrated,eye,conditional_aurc,5,0.2462457451202594,0.12053088528311047,0.1159191407655769,0.4226529987425693
emcad,standardized_resnet18,calibrated,eye,coverage,5,0.9722222222222223,0.02777777777777779,0.9444444444444444,1.0
emcad,standardized_resnet18,calibrated,eye,failure_aware.accuracy,5,0.6611111111111112,0.10650160840378228,0.5,0.75
emcad,standardized_resnet18,calibrated,eye,failure_aware.aurc,5,0.24933913004429692,0.1197443082722325,0.12277283929447341,0.4248015265552757
emcad,standardized_resnet18,calibrated,eye,failure_aware.balanced_accuracy,5,0.5616666666666666,0.11096170510586073,0.425,0.6749999999999999
emcad,standardized_resnet18,calibrated,eye,failure_aware.correct,5,23.8,3.8340579025361627,18.0,27.0
emcad,standardized_resnet18,calibrated,eye,failure_aware.incorrect_or_abstained,5,12.2,3.8340579025361627,9.0,18.0
emcad,standardized_resnet18,calibrated,eye,failure_aware.macro_f1,5,0.5534170304758541,0.10092137141761523,0.4286786786786787,0.6587301587301587
emcad,standardized_resnet18,calibrated,eye,failure_aware.macro_precision,5,0.6034442246206952,0.16035900912894016,0.43823529411764706,0.8384615384615385
emcad,standardized_resnet18,calibrated,eye,failure_aware.macro_recall,5,0.5616666666666666,0.11096170510586073,0.425,0.6749999999999999
emcad,standardized_resnet18,calibrated,eye,failure_aware.macro_specificity,5,0.8142857142857143,0.05976884089894694,0.7291666666666666,0.8660714285714285
emcad,standardized_resnet18,calibrated,eye,failure_aware.multiclass_mcc,5,0.4474733531053345,0.16689476192787814,0.20394224338808062,0.6177441237282137
emcad,standardized_resnet18,calibrated,eye,failure_aware.per_class.normal.abstain,5,0.4,0.8944271909999161,0.0,2.0
emcad,standardized_resnet18,calibrated,eye,failure_aware.per_class.normal.balanced_accuracy_ovr,5,0.8300000000000001,0.09389572008350541,0.66875,0.8875
emcad,standardized_resnet18,calibrated,eye,failure_aware.per_class.normal.class_index,5,0.0,0.0,0.0,0.0
emcad,standardized_resnet18,calibrated,eye,failure_aware.per_class.normal.f1,5,0.8614929214929216,0.08879037642395152,0.7027027027027027,0.9047619047619048
emcad,standardized_resnet18,calibrated,eye,failure_aware.per_class.normal.fn_including_abstain,5,2.8,2.3874672772626644,1.0,7.0
emcad,standardized_resnet18,calibrated,eye,failure_aware.per_class.normal.fp,5,2.6,0.8944271909999159,2.0,4.0
emcad,standardized_resnet18,calibrated,eye,failure_aware.per_class.normal.precision,5,0.8656684491978609,0.058595083874595916,0.7647058823529411,0.9
emcad,standardized_resnet18,calibrated,eye,failure_aware.per_class.normal.recall,5,0.86,0.11937336386313321,0.65,0.95
emcad,standardized_resnet18,calibrated,eye,failure_aware.per_class.normal.sensitivity,5,0.86,0.11937336386313321,0.65,0.95
emcad,standardized_resnet18,calibrated,eye,failure_aware.per_class.normal.specificity,5,0.8,0.08149003006503311,0.6875,0.875
emcad,standardized_resnet18,calibrated,eye,failure_aware.per_class.normal.support,5,20.0,0.0,20.0,20.0
emcad,standardized_resnet18,calibrated,eye,failure_aware.per_class.normal.tn_excluding_abstain,5,12.8,1.3038404810405297,11.0,14.0
emcad,standardized_resnet18,calibrated,eye,failure_aware.per_class.normal.tp,5,17.2,2.3874672772626644,13.0,19.0
emcad,standardized_resnet18,calibrated,eye,failure_aware.per_class.papilledema.abstain,5,0.4,0.894427190999916,0.0,2.0
emcad,standardized_resnet18,calibrated,eye,failure_aware.per_class.papilledema.balanced_accuracy_ovr,5,0.6875,0.136726721706371,0.5446428571428572,0.875
emcad,standardized_resnet18,calibrated,eye,failure_aware.per_class.papilledema.class_index,5,1.0,0.0,1.0,1.0
emcad,standardized_resnet18,calibrated,eye,failure_aware.per_class.papilledema.f1,5,0.5176470588235295,0.18403809006744654,0.3333333333333333,0.7619047619047619
emcad,standardized_resnet18,calibrated,eye,failure_aware.per_class.papilledema.fn_including_abstain,5,3.4,2.073644135332772,0.0,5.0
emcad,standardized_resnet18,calibrated,eye,failure_aware.per_class.papilledema.fp,5,5.0,2.1213203435596424,2.0,7.0
emcad,standardized_resnet18,calibrated,eye,failure_aware.per_class.papilledema.precision,5,0.4875213675213675,0.17564112961920103,0.3,0.6666666666666666
emcad,standardized_resnet18,calibrated,eye,failure_aware.per_class.papilledema.recall,5,0.575,0.2592055169165965,0.375,1.0
emcad,standardized_resnet18,calibrated,eye,failure_aware.per_class.papilledema.sensitivity,5,0.575,0.2592055169165965,0.375,1.0
emcad,standardized_resnet18,calibrated,eye,failure_aware.per_class.papilledema.specificity,5,0.8,0.08964214570007953,0.7142857142857143,0.9285714285714286
emcad,standardized_resnet18,calibrated,eye,failure_aware.per_class.papilledema.support,5,8.0,0.0,8.0,8.0
emcad,standardized_resnet18,calibrated,eye,failure_aware.per_class.papilledema.tn_excluding_abstain,5,22.4,2.5099800796022267,20.0,26.0
emcad,standardized_resnet18,calibrated,eye,failure_aware.per_class.papilledema.tp,5,4.6,2.073644135332772,3.0,8.0
emcad,standardized_resnet18,calibrated,eye,failure_aware.per_class.pseudopapilledema.abstain,5,0.2,0.447213595499958,0.0,1.0
emcad,standardized_resnet18,calibrated,eye,failure_aware.per_class.pseudopapilledema.balanced_accuracy_ovr,5,0.5464285714285715,0.07768370262198647,0.4732142857142857,0.6785714285714286
emcad,standardized_resnet18,calibrated,eye,failure_aware.per_class.pseudopapilledema.class_index,5,2.0,0.0,2.0,2.0
emcad,standardized_resnet18,calibrated,eye,failure_aware.per_class.pseudopapilledema.f1,5,0.28111111111111114,0.12811549573300485,0.16666666666666666,0.5
emcad,standardized_resnet18,calibrated,eye,failure_aware.per_class.pseudopapilledema.fn_including_abstain,5,6.0,1.224744871391589,4.0,7.0
emcad,standardized_resnet18,calibrated,eye,failure_aware.per_class.pseudopapilledema.fp,5,3.6,2.3021728866442674,0.0,6.0
emcad,standardized_resnet18,calibrated,eye,failure_aware.per_class.pseudopapilledema.precision,5,0.45714285714285713,0.3208327811639387,0.25,1.0
emcad,standardized_resnet18,calibrated,eye,failure_aware.per_class.pseudopapilledema.recall,5,0.25,0.15309310892394862,0.125,0.5
emcad,standardized_resnet18,calibrated,eye,failure_aware.per_class.pseudopapilledema.sensitivity,5,0.25,0.15309310892394862,0.125,0.5
emcad,standardized_resnet18,calibrated,eye,failure_aware.per_class.pseudopapilledema.specificity,5,0.8428571428571427,0.054163396028939666,0.7857142857142857,0.9285714285714286
emcad,standardized_resnet18,calibrated,eye,failure_aware.per_class.pseudopapilledema.support,5,8.0,0.0,8.0,8.0
emcad,standardized_resnet18,calibrated,eye,failure_aware.per_class.pseudopapilledema.tn_excluding_abstain,5,23.6,1.51657508881031,22.0,26.0
emcad,standardized_resnet18,calibrated,eye,failure_aware.per_class.pseudopapilledema.tp,5,2.0,1.224744871391589,1.0,4.0
emcad,standardized_resnet18,calibrated,eye,failure_aware_accuracy,5,0.6611111111111112,0.10650160840378228,0.5,0.75
emcad,standardized_resnet18,calibrated,eye,failure_aware_aurc,5,0.24933913004429692,0.1197443082722325,0.12277283929447341,0.4248015265552757
emcad,standardized_resnet18,calibrated,eye,failure_aware_balanced_accuracy,5,0.5616666666666666,0.11096170510586073,0.425,0.6749999999999999
emcad,standardized_resnet18,calibrated,eye,failure_inclusive.accuracy,5,0.6611111111111112,0.10650160840378228,0.5,0.75
emcad,standardized_resnet18,calibrated,eye,failure_inclusive.aurc,5,0.24933913004429692,0.1197443082722325,0.12277283929447341,0.4248015265552757
emcad,standardized_resnet18,calibrated,eye,failure_inclusive.balanced_accuracy,5,0.5616666666666666,0.11096170510586073,0.425,0.6749999999999999
emcad,standardized_resnet18,calibrated,eye,failure_inclusive.correct,5,23.8,3.8340579025361627,18.0,27.0
emcad,standardized_resnet18,calibrated,eye,failure_inclusive.incorrect_or_abstained,5,12.2,3.8340579025361627,9.0,18.0
emcad,standardized_resnet18,calibrated,eye,failure_inclusive.macro_f1,5,0.5534170304758541,0.10092137141761523,0.4286786786786787,0.6587301587301587
emcad,standardized_resnet18,calibrated,eye,failure_inclusive.macro_precision,5,0.6034442246206952,0.16035900912894016,0.43823529411764706,0.8384615384615385
emcad,standardized_resnet18,calibrated,eye,failure_inclusive.macro_recall,5,0.5616666666666666,0.11096170510586073,0.425,0.6749999999999999
emcad,standardized_resnet18,calibrated,eye,failure_inclusive.macro_specificity,5,0.8142857142857143,0.05976884089894694,0.7291666666666666,0.8660714285714285
emcad,standardized_resnet18,calibrated,eye,failure_inclusive.multiclass_mcc,5,0.4474733531053345,0.16689476192787814,0.20394224338808062,0.6177441237282137
emcad,standardized_resnet18,calibrated,eye,failure_inclusive.per_class.normal.abstain,5,0.4,0.8944271909999161,0.0,2.0
emcad,standardized_resnet18,calibrated,eye,failure_inclusive.per_class.normal.balanced_accuracy_ovr,5,0.8300000000000001,0.09389572008350541,0.66875,0.8875
emcad,standardized_resnet18,calibrated,eye,failure_inclusive.per_class.normal.class_index,5,0.0,0.0,0.0,0.0
emcad,standardized_resnet18,calibrated,eye,failure_inclusive.per_class.normal.f1,5,0.8614929214929216,0.08879037642395152,0.7027027027027027,0.9047619047619048
emcad,standardized_resnet18,calibrated,eye,failure_inclusive.per_class.normal.fn_including_abstain,5,2.8,2.3874672772626644,1.0,7.0
emcad,standardized_resnet18,calibrated,eye,failure_inclusive.per_class.normal.fp,5,2.6,0.8944271909999159,2.0,4.0
emcad,standardized_resnet18,calibrated,eye,failure_inclusive.per_class.normal.precision,5,0.8656684491978609,0.058595083874595916,0.7647058823529411,0.9
emcad,standardized_resnet18,calibrated,eye,failure_inclusive.per_class.normal.recall,5,0.86,0.11937336386313321,0.65,0.95
emcad,standardized_resnet18,calibrated,eye,failure_inclusive.per_class.normal.sensitivity,5,0.86,0.11937336386313321,0.65,0.95
emcad,standardized_resnet18,calibrated,eye,failure_inclusive.per_class.normal.specificity,5,0.8,0.08149003006503311,0.6875,0.875
emcad,standardized_resnet18,calibrated,eye,failure_inclusive.per_class.normal.support,5,20.0,0.0,20.0,20.0
emcad,standardized_resnet18,calibrated,eye,failure_inclusive.per_class.normal.tn_excluding_abstain,5,12.8,1.3038404810405297,11.0,14.0
emcad,standardized_resnet18,calibrated,eye,failure_inclusive.per_class.normal.tp,5,17.2,2.3874672772626644,13.0,19.0
emcad,standardized_resnet18,calibrated,eye,failure_inclusive.per_class.papilledema.abstain,5,0.4,0.894427190999916,0.0,2.0
emcad,standardized_resnet18,calibrated,eye,failure_inclusive.per_class.papilledema.balanced_accuracy_ovr,5,0.6875,0.136726721706371,0.5446428571428572,0.875
emcad,standardized_resnet18,calibrated,eye,failure_inclusive.per_class.papilledema.class_index,5,1.0,0.0,1.0,1.0
emcad,standardized_resnet18,calibrated,eye,failure_inclusive.per_class.papilledema.f1,5,0.5176470588235295,0.18403809006744654,0.3333333333333333,0.7619047619047619
emcad,standardized_resnet18,calibrated,eye,failure_inclusive.per_class.papilledema.fn_including_abstain,5,3.4,2.073644135332772,0.0,5.0
emcad,standardized_resnet18,calibrated,eye,failure_inclusive.per_class.papilledema.fp,5,5.0,2.1213203435596424,2.0,7.0
emcad,standardized_resnet18,calibrated,eye,failure_inclusive.per_class.papilledema.precision,5,0.4875213675213675,0.17564112961920103,0.3,0.6666666666666666
emcad,standardized_resnet18,calibrated,eye,failure_inclusive.per_class.papilledema.recall,5,0.575,0.2592055169165965,0.375,1.0
emcad,standardized_resnet18,calibrated,eye,failure_inclusive.per_class.papilledema.sensitivity,5,0.575,0.2592055169165965,0.375,1.0
emcad,standardized_resnet18,calibrated,eye,failure_inclusive.per_class.papilledema.specificity,5,0.8,0.08964214570007953,0.7142857142857143,0.9285714285714286
emcad,standardized_resnet18,calibrated,eye,failure_inclusive.per_class.papilledema.support,5,8.0,0.0,8.0,8.0
emcad,standardized_resnet18,calibrated,eye,failure_inclusive.per_class.papilledema.tn_excluding_abstain,5,22.4,2.5099800796022267,20.0,26.0
emcad,standardized_resnet18,calibrated,eye,failure_inclusive.per_class.papilledema.tp,5,4.6,2.073644135332772,3.0,8.0
emcad,standardized_resnet18,calibrated,eye,failure_inclusive.per_class.pseudopapilledema.abstain,5,0.2,0.447213595499958,0.0,1.0
emcad,standardized_resnet18,calibrated,eye,failure_inclusive.per_class.pseudopapilledema.balanced_accuracy_ovr,5,0.5464285714285715,0.07768370262198647,0.4732142857142857,0.6785714285714286
emcad,standardized_resnet18,calibrated,eye,failure_inclusive.per_class.pseudopapilledema.class_index,5,2.0,0.0,2.0,2.0
emcad,standardized_resnet18,calibrated,eye,failure_inclusive.per_class.pseudopapilledema.f1,5,0.28111111111111114,0.12811549573300485,0.16666666666666666,0.5
emcad,standardized_resnet18,calibrated,eye,failure_inclusive.per_class.pseudopapilledema.fn_including_abstain,5,6.0,1.224744871391589,4.0,7.0
emcad,standardized_resnet18,calibrated,eye,failure_inclusive.per_class.pseudopapilledema.fp,5,3.6,2.3021728866442674,0.0,6.0
emcad,standardized_resnet18,calibrated,eye,failure_inclusive.per_class.pseudopapilledema.precision,5,0.45714285714285713,0.3208327811639387,0.25,1.0
emcad,standardized_resnet18,calibrated,eye,failure_inclusive.per_class.pseudopapilledema.recall,5,0.25,0.15309310892394862,0.125,0.5
emcad,standardized_resnet18,calibrated,eye,failure_inclusive.per_class.pseudopapilledema.sensitivity,5,0.25,0.15309310892394862,0.125,0.5
emcad,standardized_resnet18,calibrated,eye,failure_inclusive.per_class.pseudopapilledema.specificity,5,0.8428571428571427,0.054163396028939666,0.7857142857142857,0.9285714285714286
emcad,standardized_resnet18,calibrated,eye,failure_inclusive.per_class.pseudopapilledema.support,5,8.0,0.0,8.0,8.0
emcad,standardized_resnet18,calibrated,eye,failure_inclusive.per_class.pseudopapilledema.tn_excluding_abstain,5,23.6,1.51657508881031,22.0,26.0
emcad,standardized_resnet18,calibrated,eye,failure_inclusive.per_class.pseudopapilledema.tp,5,2.0,1.224744871391589,1.0,4.0
emcad,standardized_resnet18,calibrated,eye,localized_diagnostic_success.localized_rate,5,0.9444444444444443,0.05196746370519365,0.8888888888888888,1.0
emcad,standardized_resnet18,calibrated,eye,localized_diagnostic_success.n_success,5,23.2,4.711687595755899,16.0,27.0
emcad,standardized_resnet18,calibrated,eye,localized_diagnostic_success.per_class_rate.normal,5,0.8400000000000001,0.13874436925511607,0.6,0.95
emcad,standardized_resnet18,calibrated,eye,localized_diagnostic_success.per_class_rate.papilledema,5,0.55,0.28777161083053343,0.25,1.0
emcad,standardized_resnet18,calibrated,eye,localized_diagnostic_success.per_class_rate.pseudopapilledema,5,0.25,0.15309310892394862,0.125,0.5
emcad,standardized_resnet18,calibrated,eye,localized_diagnostic_success.rate,5,0.6444444444444446,0.13088021099321942,0.4444444444444444,0.75
emcad,standardized_resnet18,calibrated,eye,n_abstain,5,1.0,1.0,0.0,2.0
emcad,standardized_resnet18,calibrated,eye,n_covered,5,35.0,1.0,34.0,36.0
emcad,standardized_resnet18,calibrated,eye,n_total,5,36.0,0.0,36.0,36.0
emcad,standardized_resnet18,calibrated,eye,selective_risk,5,0.32001867413632124,0.10802525537923571,0.20588235294117646,0.4857142857142857
emcad,standardized_resnet18,calibrated,patient,abstention_rate,5,0.05555555555555556,0.05555555555555555,0.0,0.1111111111111111
emcad,standardized_resnet18,calibrated,patient,class_conditional_coverage.normal,5,0.96,0.08944271909999157,0.8,1.0
emcad,standardized_resnet18,calibrated,patient,class_conditional_coverage.papilledema,5,0.9,0.22360679774997896,0.5,1.0
emcad,standardized_resnet18,calibrated,patient,class_conditional_coverage.pseudopapilledema,5,0.95,0.11180339887498948,0.75,1.0
emcad,standardized_resnet18,calibrated,patient,conditional.accuracy,5,0.6697712418300654,0.09977092605744395,0.5294117647058824,0.7777777777777778
emcad,standardized_resnet18,calibrated,patient,conditional.balanced_accuracy,5,0.5655555555555556,0.09768935395703673,0.4666666666666666,0.6666666666666666
emcad,standardized_resnet18,calibrated,patient,conditional.class_counts.normal,5,9.6,0.8944271909999159,8.0,10.0
emcad,standardized_resnet18,calibrated,patient,conditional.class_counts.papilledema,5,3.6,0.8944271909999159,2.0,4.0
emcad,standardized_resnet18,calibrated,patient,conditional.class_counts.pseudopapilledema,5,3.8,0.4472135954999579,3.0,4.0
emcad,standardized_resnet18,calibrated,patient,conditional.derived_discrimination.normal_vs_abnormal.auroc,5,0.911904761904762,0.046269951877131024,0.8428571428571429,0.9666666666666668
emcad,standardized_resnet18,calibrated,patient,conditional.derived_discrimination.normal_vs_abnormal.average_precision,5,0.9308202214452214,0.03662013981152912,0.869130869130869,0.9583333333333334
emcad,standardized_resnet18,calibrated,patient,conditional.derived_discrimination.normal_vs_abnormal.n,5,17.0,1.0,16.0,18.0
emcad,standardized_resnet18,calibrated,patient,conditional.derived_discrimination.normal_vs_abnormal.negative,5,9.6,0.8944271909999159,8.0,10.0
emcad,standardized_resnet18,calibrated,patient,conditional.derived_discrimination.normal_vs_abnormal.positive,5,7.4,0.8944271909999159,6.0,8.0
emcad,standardized_resnet18,calibrated,patient,conditional.derived_discrimination.papilledema_vs_pseudopapilledema.auroc,5,0.5708333333333333,0.1314317524632292,0.375,0.6875
emcad,standardized_resnet18,calibrated,patient,conditional.derived_discrimination.papilledema_vs_pseudopapilledema.average_precision,5,0.6618253968253969,0.09292819236109202,0.5595238095238095,0.7678571428571428
emcad,standardized_resnet18,calibrated,patient,conditional.derived_discrimination.papilledema_vs_pseudopapilledema.n,5,7.4,0.8944271909999159,6.0,8.0
emcad,standardized_resnet18,calibrated,patient,conditional.derived_discrimination.papilledema_vs_pseudopapilledema.negative,5,3.6,0.8944271909999159,2.0,4.0
emcad,standardized_resnet18,calibrated,patient,conditional.derived_discrimination.papilledema_vs_pseudopapilledema.positive,5,3.8,0.4472135954999579,3.0,4.0
emcad,standardized_resnet18,calibrated,patient,conditional.macro.adaptive_ece_ovr,5,0.21143591105132514,0.0431506107179543,0.17045161162804878,0.2704319452343189
emcad,standardized_resnet18,calibrated,patient,conditional.macro.auroc_ovr,5,0.8030372405372406,0.07141020431517704,0.6860195360195359,0.8680555555555557
emcad,standardized_resnet18,calibrated,patient,conditional.macro.average_precision_ovr,5,0.6708431707181707,0.10398225817925232,0.5187999962999963,0.7681840150590151
emcad,standardized_resnet18,calibrated,patient,conditional.macro.balanced_accuracy_ovr,5,0.6987118437118437,0.07291423716281323,0.6161782661782662,0.7767857142857143
emcad,standardized_resnet18,calibrated,patient,conditional.macro.brier_ovr,5,0.1538465566652684,0.038990822833650095,0.12722537222238237,0.22180234711647887
emcad,standardized_resnet18,calibrated,patient,conditional.macro.ece_ovr,5,0.19089013733329768,0.04056241673448676,0.15111697900916624,0.25794240445882705
emcad,standardized_resnet18,calibrated,patient,conditional.macro.f1,5,0.5227643380584557,0.09670732870981619,0.3952380952380952,0.6507936507936508
emcad,standardized_resnet18,calibrated,patient,conditional.macro.mcc_ovr,5,0.3866941194232148,0.15296460202119133,0.2236877564587921,0.5638849643862128
emcad,standardized_resnet18,calibrated,patient,conditional.macro.nll_ovr,5,0.5324672911471364,0.15682454548276134,0.39770707795678045,0.7327099441396984
emcad,standardized_resnet18,calibrated,patient,conditional.macro.nll_true_class,5,1.1988629408750309,0.42225490012727196,0.7668601077146837,1.737959881026984
emcad,standardized_resnet18,calibrated,patient,conditional.macro.precision,5,0.5136171236171235,0.1138897902216158,0.3666666666666667,0.6696969696969696
emcad,standardized_resnet18,calibrated,patient,conditional.macro.recall,5,0.5655555555555556,0.09768935395703673,0.4666666666666666,0.6666666666666666
emcad,standardized_resnet18,calibrated,patient,conditional.macro.specificity,5,0.8318681318681319,0.052633177227999275,0.7545787545787546,0.8869047619047619
emcad,standardized_resnet18,calibrated,patient,conditional.macro_auroc,5,0.8030372405372406,0.07141020431517704,0.6860195360195359,0.8680555555555557
emcad,standardized_resnet18,calibrated,patient,conditional.macro_average_precision,5,0.6708431707181707,0.10398225817925232,0.5187999962999963,0.7681840150590151
emcad,standardized_resnet18,calibrated,patient,conditional.macro_classwise_adaptive_ece,5,0.21143591105132514,0.0431506107179543,0.17045161162804878,0.2704319452343189
emcad,standardized_resnet18,calibrated,patient,conditional.macro_classwise_ece,5,0.19089013733329768,0.04056241673448676,0.15111697900916624,0.25794240445882705
emcad,standardized_resnet18,calibrated,patient,conditional.macro_f1,5,0.5227643380584557,0.09670732870981619,0.3952380952380952,0.6507936507936508
emcad,standardized_resnet18,calibrated,patient,conditional.macro_precision,5,0.5136171236171235,0.1138897902216158,0.3666666666666667,0.6696969696969696
emcad,standardized_resnet18,calibrated,patient,conditional.macro_recall,5,0.5655555555555556,0.09768935395703673,0.4666666666666666,0.6666666666666666
emcad,standardized_resnet18,calibrated,patient,conditional.multiclass_brier,5,0.4615396699958052,0.11697246850095025,0.38167611666714707,0.6654070413494365
emcad,standardized_resnet18,calibrated,patient,conditional.multiclass_mcc,5,0.455433167675462,0.1787098964284623,0.2328100985898594,0.6479515952918626
emcad,standardized_resnet18,calibrated,patient,conditional.multiclass_nll,5,0.8793704085042492,0.28529729632328144,0.6014192110073914,1.2050163430649339
emcad,standardized_resnet18,calibrated,patient,conditional.n,5,17.0,1.0,16.0,18.0
emcad,standardized_resnet18,calibrated,patient,conditional.per_class.normal.adaptive_ece_ovr,5,0.1685166239009574,0.0914315530760259,0.07798233729575912,0.3030249558086969
emcad,standardized_resnet18,calibrated,patient,conditional.per_class.normal.auroc_ovr,5,0.9119047619047619,0.046269951877130996,0.8428571428571429,0.9666666666666667
emcad,standardized_resnet18,calibrated,patient,conditional.per_class.normal.average_precision_ovr,5,0.9188165584415584,0.04134704291759364,0.8812626262626262,0.980909090909091
emcad,standardized_resnet18,calibrated,patient,conditional.per_class.normal.balanced_accuracy_ovr,5,0.8447619047619048,0.1154036038434041,0.6571428571428571,0.9375
emcad,standardized_resnet18,calibrated,patient,conditional.per_class.normal.brier_ovr,5,0.12512079117423358,0.06964357262663369,0.07877605455576454,0.24793619808705333
emcad,standardized_resnet18,calibrated,patient,conditional.per_class.normal.class_index,5,0.0,0.0,0.0,0.0
emcad,standardized_resnet18,calibrated,patient,conditional.per_class.normal.ece_ovr,5,0.18201814930553994,0.07457243946295096,0.10783588573928424,0.30102140241572056
emcad,standardized_resnet18,calibrated,patient,conditional.per_class.normal.f1,5,0.8634733893557422,0.11624271871280305,0.6666666666666666,0.9523809523809523
emcad,standardized_resnet18,calibrated,patient,conditional.per_class.normal.fn,5,1.2,1.6431676725154982,0.0,4.0
emcad,standardized_resnet18,calibrated,patient,conditional.per_class.normal.fp,5,1.4,0.5477225575051661,1.0,2.0
emcad,standardized_resnet18,calibrated,patient,conditional.per_class.normal.mcc_ovr,5,0.6959128528613487,0.23692266254770733,0.3098898934004561,0.8918825850158447
emcad,standardized_resnet18,calibrated,patient,conditional.per_class.normal.nll_ovr,5,0.43146723882288757,0.18993298265886877,0.23992390318763276,0.7062830848499952
emcad,standardized_resnet18,calibrated,patient,conditional.per_class.normal.nll_true_class,5,0.3275859457038662,0.2059907769996085,0.1391292671408333,0.6711106775220326
emcad,standardized_resnet18,calibrated,patient,conditional.per_class.normal.precision,5,0.8532323232323232,0.06794158951449807,0.75,0.9090909090909091
emcad,standardized_resnet18,calibrated,patient,conditional.per_class.normal.recall,5,0.8800000000000001,0.16431676725154987,0.6,1.0
emcad,standardized_resnet18,calibrated,patient,conditional.per_class.normal.sensitivity,5,0.8800000000000001,0.16431676725154987,0.6,1.0
emcad,standardized_resnet18,calibrated,patient,conditional.per_class.normal.specificity,5,0.8095238095238095,0.07374709341288016,0.7142857142857143,0.875
emcad,standardized_resnet18,calibrated,patient,conditional.per_class.normal.support,5,9.6,0.8944271909999159,8.0,10.0
emcad,standardized_resnet18,calibrated,patient,conditional.per_class.normal.tn,5,6.0,1.0,5.0,7.0
emcad,standardized_resnet18,calibrated,patient,conditional.per_class.normal.tp,5,8.4,1.51657508881031,6.0,10.0
emcad,standardized_resnet18,calibrated,patient,conditional.per_class.papilledema.adaptive_ece_ovr,5,0.20328997761244452,0.047501183561337854,0.1411256742250274,0.2596764842906862
emcad,standardized_resnet18,calibrated,patient,conditional.per_class.papilledema.auroc_ovr,5,0.8174450549450549,0.13187385518715405,0.5961538461538461,0.9375
emcad,standardized_resnet18,calibrated,patient,conditional.per_class.papilledema.average_precision_ovr,5,0.5987770562770562,0.2151622482504483,0.33630952380952384,0.8541666666666666
emcad,standardized_resnet18,calibrated,patient,conditional.per_class.papilledema.balanced_accuracy_ovr,5,0.6942307692307692,0.13495346087396085,0.5892857142857143,0.875
emcad,standardized_resnet18,calibrated,patient,conditional.per_class.papilledema.brier_ovr,5,0.1551270520316713,0.04530811791923821,0.10674700886941853,0.2134678731081756
emcad,standardized_resnet18,calibrated,patient,conditional.per_class.papilledema.class_index,5,1.0,0.0,1.0,1.0
emcad,standardized_resnet18,calibrated,patient,conditional.per_class.papilledema.ece_ovr,5,0.18764931662687265,0.053322512394789696,0.10548066929434996,0.24624364870971857
emcad,standardized_resnet18,calibrated,patient,conditional.per_class.papilledema.f1,5,0.4825974025974026,0.20100532547838962,0.2857142857142857,0.7272727272727273
emcad,standardized_resnet18,calibrated,patient,conditional.per_class.papilledema.fn,5,1.4,1.140175425099138,0.0,3.0
emcad,standardized_resnet18,calibrated,patient,conditional.per_class.papilledema.fp,5,2.8,1.3038404810405297,1.0,4.0
emcad,standardized_resnet18,calibrated,patient,conditional.per_class.papilledema.mcc_ovr,5,0.3556034643563576,0.23569177477446768,0.15289415743128767,0.6546536707079771
emcad,standardized_resnet18,calibrated,patient,conditional.per_class.papilledema.nll_ovr,5,0.5345632389301282,0.17782139904202887,0.31386638269617084,0.7036689347416767
emcad,standardized_resnet18,calibrated,patient,conditional.per_class.papilledema.nll_true_class,5,1.4530202090273465,0.8310400777829435,0.4726526838706465,2.4533755557768764
emcad,standardized_resnet18,calibrated,patient,conditional.per_class.papilledema.precision,5,0.440952380952381,0.169887250859313,0.2,0.6
emcad,standardized_resnet18,calibrated,patient,conditional.per_class.papilledema.recall,5,0.6,0.2850438562747845,0.25,1.0
emcad,standardized_resnet18,calibrated,patient,conditional.per_class.papilledema.sensitivity,5,0.6,0.2850438562747845,0.25,1.0
emcad,standardized_resnet18,calibrated,patient,conditional.per_class.papilledema.specificity,5,0.7884615384615385,0.1007159493396888,0.6923076923076923,0.9285714285714286
emcad,standardized_resnet18,calibrated,patient,conditional.per_class.papilledema.support,5,3.6,0.8944271909999159,2.0,4.0
emcad,standardized_resnet18,calibrated,patient,conditional.per_class.papilledema.tn,5,10.6,1.816590212458495,9.0,13.0
emcad,standardized_resnet18,calibrated,patient,conditional.per_class.papilledema.tp,5,2.2,1.3038404810405297,1.0,4.0
emcad,standardized_resnet18,calibrated,patient,conditional.per_class.pseudopapilledema.adaptive_ece_ovr,5,0.2625011316405733,0.01819860059050774,0.23834143780951672,0.2795089872515514
emcad,standardized_resnet18,calibrated,patient,conditional.per_class.pseudopapilledema.auroc_ovr,5,0.6797619047619048,0.07943139590444576,0.5714285714285714,0.75
emcad,standardized_resnet18,calibrated,patient,conditional.per_class.pseudopapilledema.average_precision_ovr,5,0.4949358974358974,0.12283356219233701,0.33882783882783885,0.6785714285714286
emcad,standardized_resnet18,calibrated,patient,conditional.per_class.pseudopapilledema.balanced_accuracy_ovr,5,0.5571428571428572,0.07559758151598342,0.4583333333333333,0.6428571428571428
emcad,standardized_resnet18,calibrated,patient,conditional.per_class.pseudopapilledema.brier_ovr,5,0.18129182678990033,0.01424548482396157,0.16852916702751586,0.20400297015420765
emcad,standardized_resnet18,calibrated,patient,conditional.per_class.pseudopapilledema.class_index,5,2.0,0.0,2.0,2.0
emcad,standardized_resnet18,calibrated,patient,conditional.per_class.pseudopapilledema.ece_ovr,5,0.20300294606748043,0.06896017955463189,0.08154832902942807,0.25303481084995855
emcad,standardized_resnet18,calibrated,patient,conditional.per_class.pseudopapilledema.f1,5,0.22222222222222218,0.20786985482077452,0.0,0.4444444444444444
emcad,standardized_resnet18,calibrated,patient,conditional.per_class.pseudopapilledema.fn,5,3.0,1.0,2.0,4.0
emcad,standardized_resnet18,calibrated,patient,conditional.per_class.pseudopapilledema.fp,5,1.4,1.140175425099138,0.0,3.0
emcad,standardized_resnet18,calibrated,patient,conditional.per_class.pseudopapilledema.mcc_ovr,5,0.10856604105193797,0.17727359981842375,-0.14907119849998599,0.26519741765271837
emcad,standardized_resnet18,calibrated,patient,conditional.per_class.pseudopapilledema.nll_ovr,5,0.6313713956883931,0.1417963701012256,0.5055501438659521,0.7881778128274232
emcad,standardized_resnet18,calibrated,patient,conditional.per_class.pseudopapilledema.nll_true_class,5,1.81598266789388,0.5417798523125573,1.3867158755182967,2.621374820163243
emcad,standardized_resnet18,calibrated,patient,conditional.per_class.pseudopapilledema.precision,5,0.24666666666666667,0.2328566559543064,0.0,0.5
emcad,standardized_resnet18,calibrated,patient,conditional.per_class.pseudopapilledema.recall,5,0.21666666666666665,0.21730674684008827,0.0,0.5
emcad,standardized_resnet18,calibrated,patient,conditional.per_class.pseudopapilledema.sensitivity,5,0.21666666666666665,0.21730674684008827,0.0,0.5
emcad,standardized_resnet18,calibrated,patient,conditional.per_class.pseudopapilledema.specificity,5,0.8976190476190476,0.08056630626518396,0.7857142857142857,1.0
emcad,standardized_resnet18,calibrated,patient,conditional.per_class.pseudopapilledema.support,5,3.8,0.4472135954999579,3.0,4.0
emcad,standardized_resnet18,calibrated,patient,conditional.per_class.pseudopapilledema.tn,5,11.8,0.8366600265340756,11.0,13.0
emcad,standardized_resnet18,calibrated,patient,conditional.per_class.pseudopapilledema.tp,5,0.8,0.8366600265340756,0.0,2.0
emcad,standardized_resnet18,calibrated,patient,conditional.top_label_adaptive_ece,5,0.2757417359163608,0.07017936118292903,0.20315815536308185,0.39059990539423084
emcad,standardized_resnet18,calibrated,patient,conditional.top_label_ece,5,0.22892998291845434,0.05977482185927251,0.1835108451107043,0.32024384969881514
emcad,standardized_resnet18,calibrated,patient,conditional_aurc,5,0.2032790444875941,0.11584254747897126,0.12008390914640915,0.40524796714243083
emcad,standardized_resnet18,calibrated,patient,coverage,5,0.9444444444444443,0.05555555555555558,0.8888888888888888,1.0
emcad,standardized_resnet18,calibrated,patient,failure_aware.accuracy,5,0.6333333333333334,0.10829771494232182,0.5,0.7777777777777778
emcad,standardized_resnet18,calibrated,patient,failure_aware.aurc,5,0.21446700721210527,0.11263400284880401,0.1376313864058962,0.41051196896785136
emcad,standardized_resnet18,calibrated,patient,failure_aware.balanced_accuracy,5,0.53,0.11389566375513258,0.3833333333333333,0.6666666666666666
emcad,standardized_resnet18,calibrated,patient,failure_aware.correct,5,11.4,1.9493588689617927,9.0,14.0
emcad,standardized_resnet18,calibrated,patient,failure_aware.incorrect_or_abstained,5,6.6,1.9493588689617927,4.0,9.0
emcad,standardized_resnet18,calibrated,patient,failure_aware.macro_f1,5,0.5087521834890256,0.10391313275883589,0.37407407407407406,0.6507936507936508
emcad,standardized_resnet18,calibrated,patient,failure_aware.macro_precision,5,0.5136171236171235,0.1138897902216158,0.3666666666666667,0.6696969696969696
emcad,standardized_resnet18,calibrated,patient,failure_aware.macro_recall,5,0.53,0.11389566375513258,0.3833333333333333,0.6666666666666666
emcad,standardized_resnet18,calibrated,patient,failure_aware.macro_specificity,5,0.7833333333333334,0.07664485048961842,0.7083333333333334,0.8869047619047619
emcad,standardized_resnet18,calibrated,patient,failure_aware.multiclass_mcc,5,0.41612824685022076,0.16145146749718128,0.2269343984146093,0.6237055560836822
emcad,standardized_resnet18,calibrated,patient,failure_aware.per_class.normal.abstain,5,0.4,0.8944271909999161,0.0,2.0
emcad,standardized_resnet18,calibrated,patient,failure_aware.per_class.normal.balanced_accuracy_ovr,5,0.7950000000000002,0.11976539567003483,0.6125,0.9375
emcad,standardized_resnet18,calibrated,patient,failure_aware.per_class.normal.class_index,5,0.0,0.0,0.0,0.0
emcad,standardized_resnet18,calibrated,patient,failure_aware.per_class.normal.f1,5,0.8436591478696741,0.1078254211339075,0.6666666666666666,0.9523809523809523
emcad,standardized_resnet18,calibrated,patient,failure_aware.per_class.normal.fn_including_abstain,5,1.6,1.51657508881031,0.0,4.0
emcad,standardized_resnet18,calibrated,patient,failure_aware.per_class.normal.fp,5,1.4,0.5477225575051661,1.0,2.0
emcad,standardized_resnet18,calibrated,patient,failure_aware.per_class.normal.precision,5,0.8532323232323232,0.06794158951449807,0.75,0.9090909090909091
emcad,standardized_resnet18,calibrated,patient,failure_aware.per_class.normal.recall,5,0.8400000000000001,0.15165750888103102,0.6,1.0
emcad,standardized_resnet18,calibrated,patient,failure_aware.per_class.normal.sensitivity,5,0.8400000000000001,0.15165750888103102,0.6,1.0
emcad,standardized_resnet18,calibrated,patient,failure_aware.per_class.normal.specificity,5,0.75,0.125,0.625,0.875
emcad,standardized_resnet18,calibrated,patient,failure_aware.per_class.normal.support,5,10.0,0.0,10.0,10.0
emcad,standardized_resnet18,calibrated,patient,failure_aware.per_class.normal.tn_excluding_abstain,5,6.0,1.0,5.0,7.0
emcad,standardized_resnet18,calibrated,patient,failure_aware.per_class.normal.tp,5,8.4,1.51657508881031,6.0,10.0
emcad,standardized_resnet18,calibrated,patient,failure_aware.per_class.papilledema.abstain,5,0.4,0.894427190999916,0.0,2.0
emcad,standardized_resnet18,calibrated,patient,failure_aware.per_class.papilledema.balanced_accuracy_ovr,5,0.6535714285714286,0.15078451308988966,0.48214285714285715,0.8214285714285714
emcad,standardized_resnet18,calibrated,patient,failure_aware.per_class.papilledema.class_index,5,1.0,0.0,1.0,1.0
emcad,standardized_resnet18,calibrated,patient,failure_aware.per_class.papilledema.f1,5,0.4698989898989899,0.21785235131803946,0.2222222222222222,0.7272727272727273
emcad,standardized_resnet18,calibrated,patient,failure_aware.per_class.papilledema.fn_including_abstain,5,1.8,1.3038404810405297,0.0,3.0
emcad,standardized_resnet18,calibrated,patient,failure_aware.per_class.papilledema.fp,5,2.8,1.3038404810405297,1.0,4.0
emcad,standardized_resnet18,calibrated,patient,failure_aware.per_class.papilledema.precision,5,0.440952380952381,0.169887250859313,0.2,0.6
emcad,standardized_resnet18,calibrated,patient,failure_aware.per_class.papilledema.recall,5,0.55,0.32596012026013244,0.25,1.0
emcad,standardized_resnet18,calibrated,patient,failure_aware.per_class.papilledema.sensitivity,5,0.55,0.32596012026013244,0.25,1.0
emcad,standardized_resnet18,calibrated,patient,failure_aware.per_class.papilledema.specificity,5,0.7571428571428571,0.12975644374703532,0.6428571428571429,0.9285714285714286
emcad,standardized_resnet18,calibrated,patient,failure_aware.per_class.papilledema.support,5,4.0,0.0,4.0,4.0
emcad,standardized_resnet18,calibrated,patient,failure_aware.per_class.papilledema.tn_excluding_abstain,5,10.6,1.816590212458495,9.0,13.0
emcad,standardized_resnet18,calibrated,patient,failure_aware.per_class.papilledema.tp,5,2.2,1.3038404810405297,1.0,4.0
emcad,standardized_resnet18,calibrated,patient,failure_aware.per_class.pseudopapilledema.abstain,5,0.2,0.447213595499958,0.0,1.0
emcad,standardized_resnet18,calibrated,patient,failure_aware.per_class.pseudopapilledema.balanced_accuracy_ovr,5,0.5214285714285715,0.10669549461635468,0.39285714285714285,0.6428571428571428
emcad,standardized_resnet18,calibrated,patient,failure_aware.per_class.pseudopapilledema.class_index,5,2.0,0.0,2.0,2.0
emcad,standardized_resnet18,calibrated,patient,failure_aware.per_class.pseudopapilledema.f1,5,0.21269841269841266,0.20252873533633753,0.0,0.4444444444444444
emcad,standardized_resnet18,calibrated,patient,failure_aware.per_class.pseudopapilledema.fn_including_abstain,5,3.2,0.8366600265340756,2.0,4.0
emcad,standardized_resnet18,calibrated,patient,failure_aware.per_class.pseudopapilledema.fp,5,1.4,1.140175425099138,0.0,3.0
emcad,standardized_resnet18,calibrated,patient,failure_aware.per_class.pseudopapilledema.precision,5,0.24666666666666667,0.2328566559543064,0.0,0.5
emcad,standardized_resnet18,calibrated,patient,failure_aware.per_class.pseudopapilledema.recall,5,0.2,0.2091650066335189,0.0,0.5
emcad,standardized_resnet18,calibrated,patient,failure_aware.per_class.pseudopapilledema.sensitivity,5,0.2,0.2091650066335189,0.0,0.5
emcad,standardized_resnet18,calibrated,patient,failure_aware.per_class.pseudopapilledema.specificity,5,0.8428571428571429,0.0597614304667197,0.7857142857142857,0.9285714285714286
emcad,standardized_resnet18,calibrated,patient,failure_aware.per_class.pseudopapilledema.support,5,4.0,0.0,4.0,4.0
emcad,standardized_resnet18,calibrated,patient,failure_aware.per_class.pseudopapilledema.tn_excluding_abstain,5,11.8,0.8366600265340756,11.0,13.0
emcad,standardized_resnet18,calibrated,patient,failure_aware.per_class.pseudopapilledema.tp,5,0.8,0.8366600265340756,0.0,2.0
emcad,standardized_resnet18,calibrated,patient,failure_aware_accuracy,5,0.6333333333333334,0.10829771494232182,0.5,0.7777777777777778
emcad,standardized_resnet18,calibrated,patient,failure_aware_aurc,5,0.21446700721210527,0.11263400284880401,0.1376313864058962,0.41051196896785136
emcad,standardized_resnet18,calibrated,patient,failure_aware_balanced_accuracy,5,0.53,0.11389566375513258,0.3833333333333333,0.6666666666666666
emcad,standardized_resnet18,calibrated,patient,failure_inclusive.accuracy,5,0.6333333333333334,0.10829771494232182,0.5,0.7777777777777778
emcad,standardized_resnet18,calibrated,patient,failure_inclusive.aurc,5,0.21446700721210527,0.11263400284880401,0.1376313864058962,0.41051196896785136
emcad,standardized_resnet18,calibrated,patient,failure_inclusive.balanced_accuracy,5,0.53,0.11389566375513258,0.3833333333333333,0.6666666666666666
emcad,standardized_resnet18,calibrated,patient,failure_inclusive.correct,5,11.4,1.9493588689617927,9.0,14.0
emcad,standardized_resnet18,calibrated,patient,failure_inclusive.incorrect_or_abstained,5,6.6,1.9493588689617927,4.0,9.0
emcad,standardized_resnet18,calibrated,patient,failure_inclusive.macro_f1,5,0.5087521834890256,0.10391313275883589,0.37407407407407406,0.6507936507936508
emcad,standardized_resnet18,calibrated,patient,failure_inclusive.macro_precision,5,0.5136171236171235,0.1138897902216158,0.3666666666666667,0.6696969696969696
emcad,standardized_resnet18,calibrated,patient,failure_inclusive.macro_recall,5,0.53,0.11389566375513258,0.3833333333333333,0.6666666666666666
emcad,standardized_resnet18,calibrated,patient,failure_inclusive.macro_specificity,5,0.7833333333333334,0.07664485048961842,0.7083333333333334,0.8869047619047619
emcad,standardized_resnet18,calibrated,patient,failure_inclusive.multiclass_mcc,5,0.41612824685022076,0.16145146749718128,0.2269343984146093,0.6237055560836822
emcad,standardized_resnet18,calibrated,patient,failure_inclusive.per_class.normal.abstain,5,0.4,0.8944271909999161,0.0,2.0
emcad,standardized_resnet18,calibrated,patient,failure_inclusive.per_class.normal.balanced_accuracy_ovr,5,0.7950000000000002,0.11976539567003483,0.6125,0.9375
emcad,standardized_resnet18,calibrated,patient,failure_inclusive.per_class.normal.class_index,5,0.0,0.0,0.0,0.0
emcad,standardized_resnet18,calibrated,patient,failure_inclusive.per_class.normal.f1,5,0.8436591478696741,0.1078254211339075,0.6666666666666666,0.9523809523809523
emcad,standardized_resnet18,calibrated,patient,failure_inclusive.per_class.normal.fn_including_abstain,5,1.6,1.51657508881031,0.0,4.0
emcad,standardized_resnet18,calibrated,patient,failure_inclusive.per_class.normal.fp,5,1.4,0.5477225575051661,1.0,2.0
emcad,standardized_resnet18,calibrated,patient,failure_inclusive.per_class.normal.precision,5,0.8532323232323232,0.06794158951449807,0.75,0.9090909090909091
emcad,standardized_resnet18,calibrated,patient,failure_inclusive.per_class.normal.recall,5,0.8400000000000001,0.15165750888103102,0.6,1.0
emcad,standardized_resnet18,calibrated,patient,failure_inclusive.per_class.normal.sensitivity,5,0.8400000000000001,0.15165750888103102,0.6,1.0
emcad,standardized_resnet18,calibrated,patient,failure_inclusive.per_class.normal.specificity,5,0.75,0.125,0.625,0.875
emcad,standardized_resnet18,calibrated,patient,failure_inclusive.per_class.normal.support,5,10.0,0.0,10.0,10.0
emcad,standardized_resnet18,calibrated,patient,failure_inclusive.per_class.normal.tn_excluding_abstain,5,6.0,1.0,5.0,7.0
emcad,standardized_resnet18,calibrated,patient,failure_inclusive.per_class.normal.tp,5,8.4,1.51657508881031,6.0,10.0
emcad,standardized_resnet18,calibrated,patient,failure_inclusive.per_class.papilledema.abstain,5,0.4,0.894427190999916,0.0,2.0
emcad,standardized_resnet18,calibrated,patient,failure_inclusive.per_class.papilledema.balanced_accuracy_ovr,5,0.6535714285714286,0.15078451308988966,0.48214285714285715,0.8214285714285714
emcad,standardized_resnet18,calibrated,patient,failure_inclusive.per_class.papilledema.class_index,5,1.0,0.0,1.0,1.0
emcad,standardized_resnet18,calibrated,patient,failure_inclusive.per_class.papilledema.f1,5,0.4698989898989899,0.21785235131803946,0.2222222222222222,0.7272727272727273
emcad,standardized_resnet18,calibrated,patient,failure_inclusive.per_class.papilledema.fn_including_abstain,5,1.8,1.3038404810405297,0.0,3.0
emcad,standardized_resnet18,calibrated,patient,failure_inclusive.per_class.papilledema.fp,5,2.8,1.3038404810405297,1.0,4.0
emcad,standardized_resnet18,calibrated,patient,failure_inclusive.per_class.papilledema.precision,5,0.440952380952381,0.169887250859313,0.2,0.6
emcad,standardized_resnet18,calibrated,patient,failure_inclusive.per_class.papilledema.recall,5,0.55,0.32596012026013244,0.25,1.0
emcad,standardized_resnet18,calibrated,patient,failure_inclusive.per_class.papilledema.sensitivity,5,0.55,0.32596012026013244,0.25,1.0
emcad,standardized_resnet18,calibrated,patient,failure_inclusive.per_class.papilledema.specificity,5,0.7571428571428571,0.12975644374703532,0.6428571428571429,0.9285714285714286
emcad,standardized_resnet18,calibrated,patient,failure_inclusive.per_class.papilledema.support,5,4.0,0.0,4.0,4.0
emcad,standardized_resnet18,calibrated,patient,failure_inclusive.per_class.papilledema.tn_excluding_abstain,5,10.6,1.816590212458495,9.0,13.0
emcad,standardized_resnet18,calibrated,patient,failure_inclusive.per_class.papilledema.tp,5,2.2,1.3038404810405297,1.0,4.0
emcad,standardized_resnet18,calibrated,patient,failure_inclusive.per_class.pseudopapilledema.abstain,5,0.2,0.447213595499958,0.0,1.0
emcad,standardized_resnet18,calibrated,patient,failure_inclusive.per_class.pseudopapilledema.balanced_accuracy_ovr,5,0.5214285714285715,0.10669549461635468,0.39285714285714285,0.6428571428571428
emcad,standardized_resnet18,calibrated,patient,failure_inclusive.per_class.pseudopapilledema.class_index,5,2.0,0.0,2.0,2.0
emcad,standardized_resnet18,calibrated,patient,failure_inclusive.per_class.pseudopapilledema.f1,5,0.21269841269841266,0.20252873533633753,0.0,0.4444444444444444
emcad,standardized_resnet18,calibrated,patient,failure_inclusive.per_class.pseudopapilledema.fn_including_abstain,5,3.2,0.8366600265340756,2.0,4.0
emcad,standardized_resnet18,calibrated,patient,failure_inclusive.per_class.pseudopapilledema.fp,5,1.4,1.140175425099138,0.0,3.0
emcad,standardized_resnet18,calibrated,patient,failure_inclusive.per_class.pseudopapilledema.precision,5,0.24666666666666667,0.2328566559543064,0.0,0.5
emcad,standardized_resnet18,calibrated,patient,failure_inclusive.per_class.pseudopapilledema.recall,5,0.2,0.2091650066335189,0.0,0.5
emcad,standardized_resnet18,calibrated,patient,failure_inclusive.per_class.pseudopapilledema.sensitivity,5,0.2,0.2091650066335189,0.0,0.5
emcad,standardized_resnet18,calibrated,patient,failure_inclusive.per_class.pseudopapilledema.specificity,5,0.8428571428571429,0.0597614304667197,0.7857142857142857,0.9285714285714286
emcad,standardized_resnet18,calibrated,patient,failure_inclusive.per_class.pseudopapilledema.support,5,4.0,0.0,4.0,4.0
emcad,standardized_resnet18,calibrated,patient,failure_inclusive.per_class.pseudopapilledema.tn_excluding_abstain,5,11.8,0.8366600265340756,11.0,13.0
emcad,standardized_resnet18,calibrated,patient,failure_inclusive.per_class.pseudopapilledema.tp,5,0.8,0.8366600265340756,0.0,2.0
emcad,standardized_resnet18,calibrated,patient,localized_diagnostic_success.localized_rate,5,0.888888888888889,0.10393492741038725,0.7777777777777778,1.0
emcad,standardized_resnet18,calibrated,patient,localized_diagnostic_success.n_success,5,11.2,2.16794833886788,9.0,14.0
emcad,standardized_resnet18,calibrated,patient,localized_diagnostic_success.per_class_rate.normal,5,0.8200000000000001,0.14832396974191325,0.6,1.0
emcad,standardized_resnet18,calibrated,patient,localized_diagnostic_success.per_class_rate.papilledema,5,0.55,0.32596012026013244,0.25,1.0
emcad,standardized_resnet18,calibrated,patient,localized_diagnostic_success.per_class_rate.pseudopapilledema,5,0.2,0.2091650066335189,0.0,0.5
emcad,standardized_resnet18,calibrated,patient,localized_diagnostic_success.rate,5,0.6222222222222222,0.12044157438154889,0.5,0.7777777777777778
emcad,standardized_resnet18,calibrated,patient,n_abstain,5,1.0,1.0,0.0,2.0
emcad,standardized_resnet18,calibrated,patient,n_covered,5,17.0,1.0,16.0,18.0
emcad,standardized_resnet18,calibrated,patient,n_total,5,18.0,0.0,18.0,18.0
emcad,standardized_resnet18,calibrated,patient,selective_risk,5,0.33022875816993463,0.09977092605744393,0.2222222222222222,0.47058823529411764
emcad,standardized_resnet18,raw,eye,abstention_rate,5,0.02777777777777778,0.027777777777777776,0.0,0.05555555555555555
emcad,standardized_resnet18,raw,eye,class_conditional_coverage.normal,5,0.9800000000000001,0.04472135954999579,0.9,1.0
emcad,standardized_resnet18,raw,eye,class_conditional_coverage.papilledema,5,0.95,0.11180339887498948,0.75,1.0
emcad,standardized_resnet18,raw,eye,class_conditional_coverage.pseudopapilledema,5,0.975,0.05590169943749474,0.875,1.0
emcad,standardized_resnet18,raw,eye,conditional.accuracy,5,0.6799813258636788,0.10802525537923571,0.5142857142857142,0.7941176470588235
emcad,standardized_resnet18,raw,eye,conditional.balanced_accuracy,5,0.579047619047619,0.10852808240820355,0.43690476190476185,0.7083333333333334
emcad,standardized_resnet18,raw,eye,conditional.class_counts.normal,5,19.6,0.8944271909999159,18.0,20.0
emcad,standardized_resnet18,raw,eye,conditional.class_counts.papilledema,5,7.6,0.8944271909999159,6.0,8.0
emcad,standardized_resnet18,raw,eye,conditional.class_counts.pseudopapilledema,5,7.8,0.4472135954999579,7.0,8.0
emcad,standardized_resnet18,raw,eye,conditional.derived_discrimination.normal_vs_abnormal.auroc,5,0.8874464285714285,0.06245495967798465,0.7766666666666666,0.9270833333333334
emcad,standardized_resnet18,raw,eye,conditional.derived_discrimination.normal_vs_abnormal.average_precision,5,0.9031006650337963,0.07758511525720277,0.7661259397970477,0.949537037037037
emcad,standardized_resnet18,raw,eye,conditional.derived_discrimination.normal_vs_abnormal.n,5,35.0,1.0,34.0,36.0
emcad,standardized_resnet18,raw,eye,conditional.derived_discrimination.normal_vs_abnormal.negative,5,19.6,0.8944271909999159,18.0,20.0
emcad,standardized_resnet18,raw,eye,conditional.derived_discrimination.normal_vs_abnormal.positive,5,15.4,0.8944271909999159,14.0,16.0
emcad,standardized_resnet18,raw,eye,conditional.derived_discrimination.papilledema_vs_pseudopapilledema.auroc,5,0.5443452380952382,0.1591162838305538,0.3333333333333333,0.71875
emcad,standardized_resnet18,raw,eye,conditional.derived_discrimination.papilledema_vs_pseudopapilledema.average_precision,5,0.607211964622679,0.15646621300969493,0.47384044526901675,0.7993371212121212
emcad,standardized_resnet18,raw,eye,conditional.derived_discrimination.papilledema_vs_pseudopapilledema.n,5,15.4,0.8944271909999159,14.0,16.0
emcad,standardized_resnet18,raw,eye,conditional.derived_discrimination.papilledema_vs_pseudopapilledema.negative,5,7.6,0.8944271909999159,6.0,8.0
emcad,standardized_resnet18,raw,eye,conditional.derived_discrimination.papilledema_vs_pseudopapilledema.positive,5,7.8,0.4472135954999579,7.0,8.0
emcad,standardized_resnet18,raw,eye,conditional.macro.adaptive_ece_ovr,5,0.17071323835382426,0.0449688151020429,0.13163831164368417,0.24847468551117202
emcad,standardized_resnet18,raw,eye,conditional.macro.auroc_ovr,5,0.7807995837936315,0.06950647593562558,0.6709889140841522,0.8603098290598291
emcad,standardized_resnet18,raw,eye,conditional.macro.average_precision_ovr,5,0.6170905816238272,0.09710656356364174,0.4802029539477908,0.727415399636547
emcad,standardized_resnet18,raw,eye,conditional.macro.balanced_accuracy_ovr,5,0.7090579636412969,0.0800238591232431,0.5950837742504409,0.8012820512820512
emcad,standardized_resnet18,raw,eye,conditional.macro.brier_ovr,5,0.16375527750786095,0.041182706073319794,0.12053311122129103,0.23001721625581154
emcad,standardized_resnet18,raw,eye,conditional.macro.ece_ovr,5,0.1771619701362643,0.0377530086695793,0.12426900890101857,0.22876831509019224
emcad,standardized_resnet18,raw,eye,conditional.macro.f1,5,0.560463814101585,0.09940592824219407,0.43423423423423424,0.6587301587301587
emcad,standardized_resnet18,raw,eye,conditional.macro.mcc_ovr,5,0.4243855367736541,0.17634719409966945,0.1850602702043398,0.6354155233577292
emcad,standardized_resnet18,raw,eye,conditional.macro.nll_ovr,5,0.6333275661823723,0.15256399349529975,0.4730968921813319,0.7863812937323486
emcad,standardized_resnet18,raw,eye,conditional.macro.nll_true_class,5,1.402328769983406,0.3899944326881273,0.9343416273535835,1.840394140489966
emcad,standardized_resnet18,raw,eye,conditional.macro.precision,5,0.6034442246206952,0.16035900912894016,0.43823529411764706,0.8384615384615385
emcad,standardized_resnet18,raw,eye,conditional.macro.recall,5,0.579047619047619,0.10852808240820355,0.43690476190476185,0.7083333333333334
emcad,standardized_resnet18,raw,eye,conditional.macro.specificity,5,0.8390683082349748,0.05327651522144303,0.7532627865961198,0.8942307692307692
emcad,standardized_resnet18,raw,eye,conditional.macro_auroc,5,0.7807995837936315,0.06950647593562558,0.6709889140841522,0.8603098290598291
emcad,standardized_resnet18,raw,eye,conditional.macro_average_precision,5,0.6170905816238272,0.09710656356364174,0.4802029539477908,0.727415399636547
emcad,standardized_resnet18,raw,eye,conditional.macro_classwise_adaptive_ece,5,0.17071323835382426,0.0449688151020429,0.13163831164368417,0.24847468551117202
emcad,standardized_resnet18,raw,eye,conditional.macro_classwise_ece,5,0.1771619701362643,0.0377530086695793,0.12426900890101857,0.22876831509019224
emcad,standardized_resnet18,raw,eye,conditional.macro_f1,5,0.560463814101585,0.09940592824219407,0.43423423423423424,0.6587301587301587
emcad,standardized_resnet18,raw,eye,conditional.macro_precision,5,0.6034442246206952,0.16035900912894016,0.43823529411764706,0.8384615384615385
emcad,standardized_resnet18,raw,eye,conditional.macro_recall,5,0.579047619047619,0.10852808240820355,0.43690476190476185,0.7083333333333334
emcad,standardized_resnet18,raw,eye,conditional.multiclass_brier,5,0.4912658325235828,0.12354811821995933,0.36159933366387315,0.6900516487674345
emcad,standardized_resnet18,raw,eye,conditional.multiclass_mcc,5,0.47003482174936356,0.1834229759898119,0.20771701543842983,0.6943840253649081
emcad,standardized_resnet18,raw,eye,conditional.multiclass_nll,5,1.0374619479943974,0.28895680951981106,0.717690745171397,1.3590212457619713
emcad,standardized_resnet18,raw,eye,conditional.n,5,35.0,1.0,34.0,36.0
emcad,standardized_resnet18,raw,eye,conditional.per_class.normal.adaptive_ece_ovr,5,0.13541813889802348,0.06645559566761627,0.09186665034311214,0.25127622094309787
emcad,standardized_resnet18,raw,eye,conditional.per_class.normal.auroc_ovr,5,0.8874464285714285,0.06245495967798465,0.7766666666666666,0.9270833333333334
emcad,standardized_resnet18,raw,eye,conditional.per_class.normal.average_precision_ovr,5,0.8762923444325708,0.04183855499520368,0.8189463858481896,0.9195192268076686
emcad,standardized_resnet18,raw,eye,conditional.per_class.normal.balanced_accuracy_ovr,5,0.855297619047619,0.09458397014979363,0.6916666666666667,0.9375
emcad,standardized_resnet18,raw,eye,conditional.per_class.normal.brier_ovr,5,0.12018444145069129,0.06541014448238158,0.06651309890859862,0.23140499586132074
emcad,standardized_resnet18,raw,eye,conditional.per_class.normal.class_index,5,0.0,0.0,0.0,0.0
emcad,standardized_resnet18,raw,eye,conditional.per_class.normal.ece_ovr,5,0.13567657606511996,0.04842332716455707,0.08719185150833342,0.20310847807961788
emcad,standardized_resnet18,raw,eye,conditional.per_class.normal.f1,5,0.8709666057034479,0.09614829256011725,0.7027027027027027,0.9473684210526315
emcad,standardized_resnet18,raw,eye,conditional.per_class.normal.fn,5,2.4,2.701851217221259,0.0,7.0
emcad,standardized_resnet18,raw,eye,conditional.per_class.normal.fp,5,2.6,0.8944271909999159,2.0,4.0
emcad,standardized_resnet18,raw,eye,conditional.per_class.normal.mcc_ovr,5,0.7152646699382474,0.1946112716413333,0.3795565581410585,0.8874119674649423
emcad,standardized_resnet18,raw,eye,conditional.per_class.normal.nll_ovr,5,0.5124200030834802,0.20460096764670616,0.34541926180928345,0.7591651583408732
emcad,standardized_resnet18,raw,eye,conditional.per_class.normal.nll_true_class,5,0.35723855770765806,0.32987252449622523,0.012297249261286829,0.891376911918425
emcad,standardized_resnet18,raw,eye,conditional.per_class.normal.precision,5,0.8656684491978609,0.058595083874595916,0.7647058823529411,0.9
emcad,standardized_resnet18,raw,eye,conditional.per_class.normal.recall,5,0.8800000000000001,0.13509256086106294,0.65,1.0
emcad,standardized_resnet18,raw,eye,conditional.per_class.normal.sensitivity,5,0.8800000000000001,0.13509256086106294,0.65,1.0
emcad,standardized_resnet18,raw,eye,conditional.per_class.normal.specificity,5,0.830595238095238,0.0600742407283935,0.7333333333333333,0.875
emcad,standardized_resnet18,raw,eye,conditional.per_class.normal.support,5,19.6,0.8944271909999159,18.0,20.0
emcad,standardized_resnet18,raw,eye,conditional.per_class.normal.tn,5,12.8,1.3038404810405297,11.0,14.0
emcad,standardized_resnet18,raw,eye,conditional.per_class.normal.tp,5,17.2,2.3874672772626644,13.0,19.0
emcad,standardized_resnet18,raw,eye,conditional.per_class.papilledema.adaptive_ece_ovr,5,0.16858140918619582,0.052377663259414134,0.12341140643210641,0.25112937688210685
emcad,standardized_resnet18,raw,eye,conditional.per_class.papilledema.auroc_ovr,5,0.7889397639397641,0.12640168415715242,0.6342592592592593,0.9196428571428572
emcad,standardized_resnet18,raw,eye,conditional.per_class.papilledema.average_precision_ovr,5,0.5626250620724306,0.17471872234435412,0.32420454545454547,0.7207656926406927
emcad,standardized_resnet18,raw,eye,conditional.per_class.papilledema.balanced_accuracy_ovr,5,0.7084147334147334,0.13125927704534962,0.5578703703703703,0.9038461538461539
emcad,standardized_resnet18,raw,eye,conditional.per_class.papilledema.brier_ovr,5,0.16944071887339698,0.057022608196472244,0.11156947609067419,0.2378199927714492
emcad,standardized_resnet18,raw,eye,conditional.per_class.papilledema.class_index,5,1.0,0.0,1.0,1.0
emcad,standardized_resnet18,raw,eye,conditional.per_class.papilledema.ece_ovr,5,0.19082498946508733,0.06603617107213591,0.12517872787480175,0.27342768218612706
emcad,standardized_resnet18,raw,eye,conditional.per_class.papilledema.f1,5,0.5259803921568628,0.1742910540930028,0.3333333333333333,0.7619047619047619
emcad,standardized_resnet18,raw,eye,conditional.per_class.papilledema.fn,5,3.0,1.8708286933869707,0.0,5.0
emcad,standardized_resnet18,raw,eye,conditional.per_class.papilledema.fp,5,5.0,2.1213203435596424,2.0,7.0
emcad,standardized_resnet18,raw,eye,conditional.per_class.papilledema.mcc_ovr,5,0.3925522032718715,0.2370318942576909,0.10758287072798381,0.7050116453778216
emcad,standardized_resnet18,raw,eye,conditional.per_class.papilledema.nll_ovr,5,0.6455222580860059,0.2771166739525195,0.32714099348890974,0.9646624332257554
emcad,standardized_resnet18,raw,eye,conditional.per_class.papilledema.nll_true_class,5,1.6517127899920978,1.2387219545828456,0.2873367814061014,3.0280020359981936
emcad,standardized_resnet18,raw,eye,conditional.per_class.papilledema.precision,5,0.4875213675213675,0.17564112961920103,0.3,0.6666666666666666
emcad,standardized_resnet18,raw,eye,conditional.per_class.papilledema.recall,5,0.6,0.24044230077089182,0.375,1.0
emcad,standardized_resnet18,raw,eye,conditional.per_class.papilledema.sensitivity,5,0.6,0.24044230077089182,0.375,1.0
emcad,standardized_resnet18,raw,eye,conditional.per_class.papilledema.specificity,5,0.8168294668294667,0.07818343015645253,0.7407407407407407,0.9285714285714286
emcad,standardized_resnet18,raw,eye,conditional.per_class.papilledema.support,5,7.6,0.8944271909999159,6.0,8.0
emcad,standardized_resnet18,raw,eye,conditional.per_class.papilledema.tn,5,22.4,2.5099800796022267,20.0,26.0
emcad,standardized_resnet18,raw,eye,conditional.per_class.papilledema.tp,5,4.6,2.073644135332772,3.0,8.0
emcad,standardized_resnet18,raw,eye,conditional.per_class.pseudopapilledema.adaptive_ece_ovr,5,0.20814016697725343,0.028454751794216356,0.16638075289547863,0.2430184587083114
emcad,standardized_resnet18,raw,eye,conditional.per_class.pseudopapilledema.auroc_ovr,5,0.6660125588697017,0.07733207670337813,0.5669642857142857,0.7451923076923077
emcad,standardized_resnet18,raw,eye,conditional.per_class.pseudopapilledema.average_precision_ovr,5,0.4123543383664806,0.09430521089377863,0.2974579305406373,0.5419612794612795
emcad,standardized_resnet18,raw,eye,conditional.per_class.pseudopapilledema.balanced_accuracy_ovr,5,0.5634615384615385,0.06751167509402153,0.5048076923076923,0.6785714285714286
emcad,standardized_resnet18,raw,eye,conditional.per_class.pseudopapilledema.brier_ovr,5,0.20164067219949455,0.014599546394671729,0.18351675866460027,0.22082666013466465
emcad,standardized_resnet18,raw,eye,conditional.per_class.pseudopapilledema.class_index,5,2.0,0.0,2.0,2.0
emcad,standardized_resnet18,raw,eye,conditional.per_class.pseudopapilledema.ece_ovr,5,0.20498434487858566,0.026337058160902847,0.16043644731992054,0.2277111406135706
emcad,standardized_resnet18,raw,eye,conditional.per_class.pseudopapilledema.f1,5,0.28444444444444444,0.12731801342783305,0.16666666666666666,0.5
emcad,standardized_resnet18,raw,eye,conditional.per_class.pseudopapilledema.fn,5,5.8,1.3038404810405297,4.0,7.0
emcad,standardized_resnet18,raw,eye,conditional.per_class.pseudopapilledema.fp,5,3.6,2.3021728866442674,0.0,6.0
emcad,standardized_resnet18,raw,eye,conditional.per_class.pseudopapilledema.mcc_ovr,5,0.16533973711084338,0.1579315118458292,0.012659242088545833,0.35714285714285715
emcad,standardized_resnet18,raw,eye,conditional.per_class.pseudopapilledema.nll_ovr,5,0.7420404373776306,0.09433039910234432,0.6485303850290387,0.8971919679146989
emcad,standardized_resnet18,raw,eye,conditional.per_class.pseudopapilledema.nll_true_class,5,2.198034962250462,0.46207396352025354,1.8510886037323624,2.9217364558316437
emcad,standardized_resnet18,raw,eye,conditional.per_class.pseudopapilledema.precision,5,0.45714285714285713,0.3208327811639387,0.25,1.0
emcad,standardized_resnet18,raw,eye,conditional.per_class.pseudopapilledema.recall,5,0.2571428571428571,0.1539240138536425,0.125,0.5
emcad,standardized_resnet18,raw,eye,conditional.per_class.pseudopapilledema.sensitivity,5,0.2571428571428571,0.1539240138536425,0.125,0.5
emcad,standardized_resnet18,raw,eye,conditional.per_class.pseudopapilledema.specificity,5,0.8697802197802197,0.08176481422241173,0.7857142857142857,1.0
emcad,standardized_resnet18,raw,eye,conditional.per_class.pseudopapilledema.support,5,7.8,0.4472135954999579,7.0,8.0
emcad,standardized_resnet18,raw,eye,conditional.per_class.pseudopapilledema.tn,5,23.6,1.51657508881031,22.0,26.0
emcad,standardized_resnet18,raw,eye,conditional.per_class.pseudopapilledema.tp,5,2.0,1.224744871391589,1.0,4.0
emcad,standardized_resnet18,raw,eye,conditional.top_label_adaptive_ece,5,0.21128004075459184,0.06066198505408602,0.1622150296628679,0.3139155520815065
emcad,standardized_resnet18,raw,eye,conditional.top_label_ece,5,0.2008993088244381,0.07393857142710127,0.10924044877341743,0.28361278448300015
emcad,standardized_resnet18,raw,eye,conditional_aurc,5,0.24480401030528487,0.11727848902869166,0.12323197499017582,0.4262455936752792
emcad,standardized_resnet18,raw,eye,coverage,5,0.9722222222222223,0.02777777777777779,0.9444444444444444,1.0
emcad,standardized_resnet18,raw,eye,failure_aware.accuracy,5,0.6611111111111112,0.10650160840378228,0.5,0.75
emcad,standardized_resnet18,raw,eye,failure_aware.aurc,5,0.24776711964637577,0.11673436148870504,0.12967940495103908,0.4282943271842992
emcad,standardized_resnet18,raw,eye,failure_aware.balanced_accuracy,5,0.5616666666666666,0.11096170510586073,0.425,0.6749999999999999
emcad,standardized_resnet18,raw,eye,failure_aware.correct,5,23.8,3.8340579025361627,18.0,27.0
emcad,standardized_resnet18,raw,eye,failure_aware.incorrect_or_abstained,5,12.2,3.8340579025361627,9.0,18.0
emcad,standardized_resnet18,raw,eye,failure_aware.macro_f1,5,0.5534170304758541,0.10092137141761523,0.4286786786786787,0.6587301587301587
emcad,standardized_resnet18,raw,eye,failure_aware.macro_precision,5,0.6034442246206952,0.16035900912894016,0.43823529411764706,0.8384615384615385
emcad,standardized_resnet18,raw,eye,failure_aware.macro_recall,5,0.5616666666666666,0.11096170510586073,0.425,0.6749999999999999
emcad,standardized_resnet18,raw,eye,failure_aware.macro_specificity,5,0.8142857142857143,0.05976884089894694,0.7291666666666666,0.8660714285714285
emcad,standardized_resnet18,raw,eye,failure_aware.multiclass_mcc,5,0.4474733531053345,0.16689476192787814,0.20394224338808062,0.6177441237282137
emcad,standardized_resnet18,raw,eye,failure_aware.per_class.normal.abstain,5,0.4,0.8944271909999161,0.0,2.0
emcad,standardized_resnet18,raw,eye,failure_aware.per_class.normal.balanced_accuracy_ovr,5,0.8300000000000001,0.09389572008350541,0.66875,0.8875
emcad,standardized_resnet18,raw,eye,failure_aware.per_class.normal.class_index,5,0.0,0.0,0.0,0.0
emcad,standardized_resnet18,raw,eye,failure_aware.per_class.normal.f1,5,0.8614929214929216,0.08879037642395152,0.7027027027027027,0.9047619047619048
emcad,standardized_resnet18,raw,eye,failure_aware.per_class.normal.fn_including_abstain,5,2.8,2.3874672772626644,1.0,7.0
emcad,standardized_resnet18,raw,eye,failure_aware.per_class.normal.fp,5,2.6,0.8944271909999159,2.0,4.0
emcad,standardized_resnet18,raw,eye,failure_aware.per_class.normal.precision,5,0.8656684491978609,0.058595083874595916,0.7647058823529411,0.9
emcad,standardized_resnet18,raw,eye,failure_aware.per_class.normal.recall,5,0.86,0.11937336386313321,0.65,0.95
emcad,standardized_resnet18,raw,eye,failure_aware.per_class.normal.sensitivity,5,0.86,0.11937336386313321,0.65,0.95
emcad,standardized_resnet18,raw,eye,failure_aware.per_class.normal.specificity,5,0.8,0.08149003006503311,0.6875,0.875
emcad,standardized_resnet18,raw,eye,failure_aware.per_class.normal.support,5,20.0,0.0,20.0,20.0
emcad,standardized_resnet18,raw,eye,failure_aware.per_class.normal.tn_excluding_abstain,5,12.8,1.3038404810405297,11.0,14.0
emcad,standardized_resnet18,raw,eye,failure_aware.per_class.normal.tp,5,17.2,2.3874672772626644,13.0,19.0
emcad,standardized_resnet18,raw,eye,failure_aware.per_class.papilledema.abstain,5,0.4,0.894427190999916,0.0,2.0
emcad,standardized_resnet18,raw,eye,failure_aware.per_class.papilledema.balanced_accuracy_ovr,5,0.6875,0.136726721706371,0.5446428571428572,0.875
emcad,standardized_resnet18,raw,eye,failure_aware.per_class.papilledema.class_index,5,1.0,0.0,1.0,1.0
emcad,standardized_resnet18,raw,eye,failure_aware.per_class.papilledema.f1,5,0.5176470588235295,0.18403809006744654,0.3333333333333333,0.7619047619047619
emcad,standardized_resnet18,raw,eye,failure_aware.per_class.papilledema.fn_including_abstain,5,3.4,2.073644135332772,0.0,5.0
emcad,standardized_resnet18,raw,eye,failure_aware.per_class.papilledema.fp,5,5.0,2.1213203435596424,2.0,7.0
emcad,standardized_resnet18,raw,eye,failure_aware.per_class.papilledema.precision,5,0.4875213675213675,0.17564112961920103,0.3,0.6666666666666666
emcad,standardized_resnet18,raw,eye,failure_aware.per_class.papilledema.recall,5,0.575,0.2592055169165965,0.375,1.0
emcad,standardized_resnet18,raw,eye,failure_aware.per_class.papilledema.sensitivity,5,0.575,0.2592055169165965,0.375,1.0
emcad,standardized_resnet18,raw,eye,failure_aware.per_class.papilledema.specificity,5,0.8,0.08964214570007953,0.7142857142857143,0.9285714285714286
emcad,standardized_resnet18,raw,eye,failure_aware.per_class.papilledema.support,5,8.0,0.0,8.0,8.0
emcad,standardized_resnet18,raw,eye,failure_aware.per_class.papilledema.tn_excluding_abstain,5,22.4,2.5099800796022267,20.0,26.0
emcad,standardized_resnet18,raw,eye,failure_aware.per_class.papilledema.tp,5,4.6,2.073644135332772,3.0,8.0
emcad,standardized_resnet18,raw,eye,failure_aware.per_class.pseudopapilledema.abstain,5,0.2,0.447213595499958,0.0,1.0
emcad,standardized_resnet18,raw,eye,failure_aware.per_class.pseudopapilledema.balanced_accuracy_ovr,5,0.5464285714285715,0.07768370262198647,0.4732142857142857,0.6785714285714286
emcad,standardized_resnet18,raw,eye,failure_aware.per_class.pseudopapilledema.class_index,5,2.0,0.0,2.0,2.0
emcad,standardized_resnet18,raw,eye,failure_aware.per_class.pseudopapilledema.f1,5,0.28111111111111114,0.12811549573300485,0.16666666666666666,0.5
emcad,standardized_resnet18,raw,eye,failure_aware.per_class.pseudopapilledema.fn_including_abstain,5,6.0,1.224744871391589,4.0,7.0
emcad,standardized_resnet18,raw,eye,failure_aware.per_class.pseudopapilledema.fp,5,3.6,2.3021728866442674,0.0,6.0
emcad,standardized_resnet18,raw,eye,failure_aware.per_class.pseudopapilledema.precision,5,0.45714285714285713,0.3208327811639387,0.25,1.0
emcad,standardized_resnet18,raw,eye,failure_aware.per_class.pseudopapilledema.recall,5,0.25,0.15309310892394862,0.125,0.5
emcad,standardized_resnet18,raw,eye,failure_aware.per_class.pseudopapilledema.sensitivity,5,0.25,0.15309310892394862,0.125,0.5
emcad,standardized_resnet18,raw,eye,failure_aware.per_class.pseudopapilledema.specificity,5,0.8428571428571427,0.054163396028939666,0.7857142857142857,0.9285714285714286
emcad,standardized_resnet18,raw,eye,failure_aware.per_class.pseudopapilledema.support,5,8.0,0.0,8.0,8.0
emcad,standardized_resnet18,raw,eye,failure_aware.per_class.pseudopapilledema.tn_excluding_abstain,5,23.6,1.51657508881031,22.0,26.0
emcad,standardized_resnet18,raw,eye,failure_aware.per_class.pseudopapilledema.tp,5,2.0,1.224744871391589,1.0,4.0
emcad,standardized_resnet18,raw,eye,failure_aware_accuracy,5,0.6611111111111112,0.10650160840378228,0.5,0.75
emcad,standardized_resnet18,raw,eye,failure_aware_aurc,5,0.24776711964637577,0.11673436148870504,0.12967940495103908,0.4282943271842992
emcad,standardized_resnet18,raw,eye,failure_aware_balanced_accuracy,5,0.5616666666666666,0.11096170510586073,0.425,0.6749999999999999
emcad,standardized_resnet18,raw,eye,failure_inclusive.accuracy,5,0.6611111111111112,0.10650160840378228,0.5,0.75
emcad,standardized_resnet18,raw,eye,failure_inclusive.aurc,5,0.24776711964637577,0.11673436148870504,0.12967940495103908,0.4282943271842992
emcad,standardized_resnet18,raw,eye,failure_inclusive.balanced_accuracy,5,0.5616666666666666,0.11096170510586073,0.425,0.6749999999999999
emcad,standardized_resnet18,raw,eye,failure_inclusive.correct,5,23.8,3.8340579025361627,18.0,27.0
emcad,standardized_resnet18,raw,eye,failure_inclusive.incorrect_or_abstained,5,12.2,3.8340579025361627,9.0,18.0
emcad,standardized_resnet18,raw,eye,failure_inclusive.macro_f1,5,0.5534170304758541,0.10092137141761523,0.4286786786786787,0.6587301587301587
emcad,standardized_resnet18,raw,eye,failure_inclusive.macro_precision,5,0.6034442246206952,0.16035900912894016,0.43823529411764706,0.8384615384615385
emcad,standardized_resnet18,raw,eye,failure_inclusive.macro_recall,5,0.5616666666666666,0.11096170510586073,0.425,0.6749999999999999
emcad,standardized_resnet18,raw,eye,failure_inclusive.macro_specificity,5,0.8142857142857143,0.05976884089894694,0.7291666666666666,0.8660714285714285
emcad,standardized_resnet18,raw,eye,failure_inclusive.multiclass_mcc,5,0.4474733531053345,0.16689476192787814,0.20394224338808062,0.6177441237282137
emcad,standardized_resnet18,raw,eye,failure_inclusive.per_class.normal.abstain,5,0.4,0.8944271909999161,0.0,2.0
emcad,standardized_resnet18,raw,eye,failure_inclusive.per_class.normal.balanced_accuracy_ovr,5,0.8300000000000001,0.09389572008350541,0.66875,0.8875
emcad,standardized_resnet18,raw,eye,failure_inclusive.per_class.normal.class_index,5,0.0,0.0,0.0,0.0
emcad,standardized_resnet18,raw,eye,failure_inclusive.per_class.normal.f1,5,0.8614929214929216,0.08879037642395152,0.7027027027027027,0.9047619047619048
emcad,standardized_resnet18,raw,eye,failure_inclusive.per_class.normal.fn_including_abstain,5,2.8,2.3874672772626644,1.0,7.0
emcad,standardized_resnet18,raw,eye,failure_inclusive.per_class.normal.fp,5,2.6,0.8944271909999159,2.0,4.0
emcad,standardized_resnet18,raw,eye,failure_inclusive.per_class.normal.precision,5,0.8656684491978609,0.058595083874595916,0.7647058823529411,0.9
emcad,standardized_resnet18,raw,eye,failure_inclusive.per_class.normal.recall,5,0.86,0.11937336386313321,0.65,0.95
emcad,standardized_resnet18,raw,eye,failure_inclusive.per_class.normal.sensitivity,5,0.86,0.11937336386313321,0.65,0.95
emcad,standardized_resnet18,raw,eye,failure_inclusive.per_class.normal.specificity,5,0.8,0.08149003006503311,0.6875,0.875
emcad,standardized_resnet18,raw,eye,failure_inclusive.per_class.normal.support,5,20.0,0.0,20.0,20.0
emcad,standardized_resnet18,raw,eye,failure_inclusive.per_class.normal.tn_excluding_abstain,5,12.8,1.3038404810405297,11.0,14.0
emcad,standardized_resnet18,raw,eye,failure_inclusive.per_class.normal.tp,5,17.2,2.3874672772626644,13.0,19.0
emcad,standardized_resnet18,raw,eye,failure_inclusive.per_class.papilledema.abstain,5,0.4,0.894427190999916,0.0,2.0
emcad,standardized_resnet18,raw,eye,failure_inclusive.per_class.papilledema.balanced_accuracy_ovr,5,0.6875,0.136726721706371,0.5446428571428572,0.875
emcad,standardized_resnet18,raw,eye,failure_inclusive.per_class.papilledema.class_index,5,1.0,0.0,1.0,1.0
emcad,standardized_resnet18,raw,eye,failure_inclusive.per_class.papilledema.f1,5,0.5176470588235295,0.18403809006744654,0.3333333333333333,0.7619047619047619
emcad,standardized_resnet18,raw,eye,failure_inclusive.per_class.papilledema.fn_including_abstain,5,3.4,2.073644135332772,0.0,5.0
emcad,standardized_resnet18,raw,eye,failure_inclusive.per_class.papilledema.fp,5,5.0,2.1213203435596424,2.0,7.0
emcad,standardized_resnet18,raw,eye,failure_inclusive.per_class.papilledema.precision,5,0.4875213675213675,0.17564112961920103,0.3,0.6666666666666666
emcad,standardized_resnet18,raw,eye,failure_inclusive.per_class.papilledema.recall,5,0.575,0.2592055169165965,0.375,1.0
emcad,standardized_resnet18,raw,eye,failure_inclusive.per_class.papilledema.sensitivity,5,0.575,0.2592055169165965,0.375,1.0
emcad,standardized_resnet18,raw,eye,failure_inclusive.per_class.papilledema.specificity,5,0.8,0.08964214570007953,0.7142857142857143,0.9285714285714286
emcad,standardized_resnet18,raw,eye,failure_inclusive.per_class.papilledema.support,5,8.0,0.0,8.0,8.0
emcad,standardized_resnet18,raw,eye,failure_inclusive.per_class.papilledema.tn_excluding_abstain,5,22.4,2.5099800796022267,20.0,26.0
emcad,standardized_resnet18,raw,eye,failure_inclusive.per_class.papilledema.tp,5,4.6,2.073644135332772,3.0,8.0
emcad,standardized_resnet18,raw,eye,failure_inclusive.per_class.pseudopapilledema.abstain,5,0.2,0.447213595499958,0.0,1.0
emcad,standardized_resnet18,raw,eye,failure_inclusive.per_class.pseudopapilledema.balanced_accuracy_ovr,5,0.5464285714285715,0.07768370262198647,0.4732142857142857,0.6785714285714286
emcad,standardized_resnet18,raw,eye,failure_inclusive.per_class.pseudopapilledema.class_index,5,2.0,0.0,2.0,2.0
emcad,standardized_resnet18,raw,eye,failure_inclusive.per_class.pseudopapilledema.f1,5,0.28111111111111114,0.12811549573300485,0.16666666666666666,0.5
emcad,standardized_resnet18,raw,eye,failure_inclusive.per_class.pseudopapilledema.fn_including_abstain,5,6.0,1.224744871391589,4.0,7.0
emcad,standardized_resnet18,raw,eye,failure_inclusive.per_class.pseudopapilledema.fp,5,3.6,2.3021728866442674,0.0,6.0
emcad,standardized_resnet18,raw,eye,failure_inclusive.per_class.pseudopapilledema.precision,5,0.45714285714285713,0.3208327811639387,0.25,1.0
emcad,standardized_resnet18,raw,eye,failure_inclusive.per_class.pseudopapilledema.recall,5,0.25,0.15309310892394862,0.125,0.5
emcad,standardized_resnet18,raw,eye,failure_inclusive.per_class.pseudopapilledema.sensitivity,5,0.25,0.15309310892394862,0.125,0.5
emcad,standardized_resnet18,raw,eye,failure_inclusive.per_class.pseudopapilledema.specificity,5,0.8428571428571427,0.054163396028939666,0.7857142857142857,0.9285714285714286
emcad,standardized_resnet18,raw,eye,failure_inclusive.per_class.pseudopapilledema.support,5,8.0,0.0,8.0,8.0
emcad,standardized_resnet18,raw,eye,failure_inclusive.per_class.pseudopapilledema.tn_excluding_abstain,5,23.6,1.51657508881031,22.0,26.0
emcad,standardized_resnet18,raw,eye,failure_inclusive.per_class.pseudopapilledema.tp,5,2.0,1.224744871391589,1.0,4.0
emcad,standardized_resnet18,raw,eye,localized_diagnostic_success.localized_rate,5,0.9444444444444443,0.05196746370519365,0.8888888888888888,1.0
emcad,standardized_resnet18,raw,eye,localized_diagnostic_success.n_success,5,23.2,4.711687595755899,16.0,27.0
emcad,standardized_resnet18,raw,eye,localized_diagnostic_success.per_class_rate.normal,5,0.8400000000000001,0.13874436925511607,0.6,0.95
emcad,standardized_resnet18,raw,eye,localized_diagnostic_success.per_class_rate.papilledema,5,0.55,0.28777161083053343,0.25,1.0
emcad,standardized_resnet18,raw,eye,localized_diagnostic_success.per_class_rate.pseudopapilledema,5,0.25,0.15309310892394862,0.125,0.5
emcad,standardized_resnet18,raw,eye,localized_diagnostic_success.rate,5,0.6444444444444446,0.13088021099321942,0.4444444444444444,0.75
emcad,standardized_resnet18,raw,eye,n_abstain,5,1.0,1.0,0.0,2.0
emcad,standardized_resnet18,raw,eye,n_covered,5,35.0,1.0,34.0,36.0
emcad,standardized_resnet18,raw,eye,n_total,5,36.0,0.0,36.0,36.0
emcad,standardized_resnet18,raw,eye,selective_risk,5,0.32001867413632124,0.10802525537923571,0.20588235294117646,0.4857142857142857
emcad,standardized_resnet18,raw,patient,abstention_rate,5,0.05555555555555556,0.05555555555555555,0.0,0.1111111111111111
emcad,standardized_resnet18,raw,patient,class_conditional_coverage.normal,5,0.96,0.08944271909999157,0.8,1.0
emcad,standardized_resnet18,raw,patient,class_conditional_coverage.papilledema,5,0.9,0.22360679774997896,0.5,1.0
emcad,standardized_resnet18,raw,patient,class_conditional_coverage.pseudopapilledema,5,0.95,0.11180339887498948,0.75,1.0
emcad,standardized_resnet18,raw,patient,conditional.accuracy,5,0.6697712418300654,0.09977092605744395,0.5294117647058824,0.7777777777777778
emcad,standardized_resnet18,raw,patient,conditional.balanced_accuracy,5,0.5655555555555556,0.09768935395703673,0.4666666666666666,0.6666666666666666
emcad,standardized_resnet18,raw,patient,conditional.class_counts.normal,5,9.6,0.8944271909999159,8.0,10.0
emcad,standardized_resnet18,raw,patient,conditional.class_counts.papilledema,5,3.6,0.8944271909999159,2.0,4.0
emcad,standardized_resnet18,raw,patient,conditional.class_counts.pseudopapilledema,5,3.8,0.4472135954999579,3.0,4.0
emcad,standardized_resnet18,raw,patient,conditional.derived_discrimination.normal_vs_abnormal.auroc,5,0.9087797619047621,0.04460688034477387,0.8428571428571429,0.9666666666666668
emcad,standardized_resnet18,raw,patient,conditional.derived_discrimination.normal_vs_abnormal.average_precision,5,0.9295381701631701,0.03551154553580499,0.869130869130869,0.9583333333333334
emcad,standardized_resnet18,raw,patient,conditional.derived_discrimination.normal_vs_abnormal.n,5,17.0,1.0,16.0,18.0
emcad,standardized_resnet18,raw,patient,conditional.derived_discrimination.normal_vs_abnormal.negative,5,9.6,0.8944271909999159,8.0,10.0
emcad,standardized_resnet18,raw,patient,conditional.derived_discrimination.normal_vs_abnormal.positive,5,7.4,0.8944271909999159,6.0,8.0
emcad,standardized_resnet18,raw,patient,conditional.derived_discrimination.papilledema_vs_pseudopapilledema.auroc,5,0.5708333333333333,0.1314317524632292,0.375,0.6875
emcad,standardized_resnet18,raw,patient,conditional.derived_discrimination.papilledema_vs_pseudopapilledema.average_precision,5,0.6618253968253969,0.09292819236109202,0.5595238095238095,0.7678571428571428
emcad,standardized_resnet18,raw,patient,conditional.derived_discrimination.papilledema_vs_pseudopapilledema.n,5,7.4,0.8944271909999159,6.0,8.0
emcad,standardized_resnet18,raw,patient,conditional.derived_discrimination.papilledema_vs_pseudopapilledema.negative,5,3.6,0.8944271909999159,2.0,4.0
emcad,standardized_resnet18,raw,patient,conditional.derived_discrimination.papilledema_vs_pseudopapilledema.positive,5,3.8,0.4472135954999579,3.0,4.0
emcad,standardized_resnet18,raw,patient,conditional.macro.adaptive_ece_ovr,5,0.2004123288406114,0.04559759794258387,0.17415368301141046,0.28129316589210385
emcad,standardized_resnet18,raw,patient,conditional.macro.auroc_ovr,5,0.8003014346764346,0.06943910288279502,0.6844932844932844,0.8559027777777778
emcad,standardized_resnet18,raw,patient,conditional.macro.average_precision_ovr,5,0.6649609973359973,0.09908873696104845,0.5164190439190438,0.7641390091390091
emcad,standardized_resnet18,raw,patient,conditional.macro.balanced_accuracy_ovr,5,0.6987118437118437,0.07291423716281323,0.6161782661782662,0.7767857142857143
emcad,standardized_resnet18,raw,patient,conditional.macro.brier_ovr,5,0.15044888850645613,0.03348752522388185,0.12372054462752997,0.20608321023705686
emcad,standardized_resnet18,raw,patient,conditional.macro.ece_ovr,5,0.1925409974005307,0.04923339871139123,0.14145579436785127,0.27260913138654796
emcad,standardized_resnet18,raw,patient,conditional.macro.f1,5,0.5227643380584557,0.09670732870981619,0.3952380952380952,0.6507936507936508
emcad,standardized_resnet18,raw,patient,conditional.macro.mcc_ovr,5,0.3866941194232148,0.15296460202119133,0.2236877564587921,0.5638849643862128
emcad,standardized_resnet18,raw,patient,conditional.macro.nll_ovr,5,0.5175921059655085,0.09240168304258198,0.3996908614233508,0.6311279493113341
emcad,standardized_resnet18,raw,patient,conditional.macro.nll_true_class,5,1.18464202477028,0.28537935509090356,0.7748651920143675,1.5012674028430333
emcad,standardized_resnet18,raw,patient,conditional.macro.precision,5,0.5136171236171235,0.1138897902216158,0.3666666666666667,0.6696969696969696
emcad,standardized_resnet18,raw,patient,conditional.macro.recall,5,0.5655555555555556,0.09768935395703673,0.4666666666666666,0.6666666666666666
emcad,standardized_resnet18,raw,patient,conditional.macro.specificity,5,0.8318681318681319,0.052633177227999275,0.7545787545787546,0.8869047619047619
emcad,standardized_resnet18,raw,patient,conditional.macro_auroc,5,0.8003014346764346,0.06943910288279502,0.6844932844932844,0.8559027777777778
emcad,standardized_resnet18,raw,patient,conditional.macro_average_precision,5,0.6649609973359973,0.09908873696104845,0.5164190439190438,0.7641390091390091
emcad,standardized_resnet18,raw,patient,conditional.macro_classwise_adaptive_ece,5,0.2004123288406114,0.04559759794258387,0.17415368301141046,0.28129316589210385
emcad,standardized_resnet18,raw,patient,conditional.macro_classwise_ece,5,0.1925409974005307,0.04923339871139123,0.14145579436785127,0.27260913138654796
emcad,standardized_resnet18,raw,patient,conditional.macro_f1,5,0.5227643380584557,0.09670732870981619,0.3952380952380952,0.6507936507936508
emcad,standardized_resnet18,raw,patient,conditional.macro_precision,5,0.5136171236171235,0.1138897902216158,0.3666666666666667,0.6696969696969696
emcad,standardized_resnet18,raw,patient,conditional.macro_recall,5,0.5655555555555556,0.09768935395703673,0.4666666666666666,0.6666666666666666
emcad,standardized_resnet18,raw,patient,conditional.multiclass_brier,5,0.45134666551936836,0.10046257567164557,0.37116163388258994,0.6182496307111707
emcad,standardized_resnet18,raw,patient,conditional.multiclass_mcc,5,0.455433167675462,0.1787098964284623,0.2328100985898594,0.6479515952918626
emcad,standardized_resnet18,raw,patient,conditional.multiclass_nll,5,0.8495699432239135,0.18573232023572345,0.603902689578936,1.0506020955030768
emcad,standardized_resnet18,raw,patient,conditional.n,5,17.0,1.0,16.0,18.0
emcad,standardized_resnet18,raw,patient,conditional.per_class.normal.adaptive_ece_ovr,5,0.14349389525082965,0.08728441605735524,0.08678370185788672,0.2929767977757204
emcad,standardized_resnet18,raw,patient,conditional.per_class.normal.auroc_ovr,5,0.9087797619047618,0.044606880344773836,0.8428571428571429,0.9666666666666667
emcad,standardized_resnet18,raw,patient,conditional.per_class.normal.average_precision_ovr,5,0.9138165584415585,0.040894247786710455,0.8812626262626262,0.980909090909091
emcad,standardized_resnet18,raw,patient,conditional.per_class.normal.balanced_accuracy_ovr,5,0.8447619047619048,0.1154036038434041,0.6571428571428571,0.9375
emcad,standardized_resnet18,raw,patient,conditional.per_class.normal.brier_ovr,5,0.11397255210154666,0.06257668623425011,0.06881538377645337,0.22318707068663238
emcad,standardized_resnet18,raw,patient,conditional.per_class.normal.class_index,5,0.0,0.0,0.0,0.0
emcad,standardized_resnet18,raw,patient,conditional.per_class.normal.ece_ovr,5,0.1630582374251166,0.07129700061295911,0.09333850058455302,0.2810592957530345
emcad,standardized_resnet18,raw,patient,conditional.per_class.normal.f1,5,0.8634733893557422,0.11624271871280305,0.6666666666666666,0.9523809523809523
emcad,standardized_resnet18,raw,patient,conditional.per_class.normal.fn,5,1.2,1.6431676725154982,0.0,4.0
emcad,standardized_resnet18,raw,patient,conditional.per_class.normal.fp,5,1.4,0.5477225575051661,1.0,2.0
emcad,standardized_resnet18,raw,patient,conditional.per_class.normal.mcc_ovr,5,0.6959128528613487,0.23692266254770733,0.3098898934004561,0.8918825850158447
emcad,standardized_resnet18,raw,patient,conditional.per_class.normal.nll_ovr,5,0.40326143387079866,0.1448170362295152,0.2454326107987308,0.6136775317008865
emcad,standardized_resnet18,raw,patient,conditional.per_class.normal.nll_true_class,5,0.24925363516209126,0.23256128315217114,0.012297095252291564,0.6321263299527885
emcad,standardized_resnet18,raw,patient,conditional.per_class.normal.precision,5,0.8532323232323232,0.06794158951449807,0.75,0.9090909090909091
emcad,standardized_resnet18,raw,patient,conditional.per_class.normal.recall,5,0.8800000000000001,0.16431676725154987,0.6,1.0
emcad,standardized_resnet18,raw,patient,conditional.per_class.normal.sensitivity,5,0.8800000000000001,0.16431676725154987,0.6,1.0
emcad,standardized_resnet18,raw,patient,conditional.per_class.normal.specificity,5,0.8095238095238095,0.07374709341288016,0.7142857142857143,0.875
emcad,standardized_resnet18,raw,patient,conditional.per_class.normal.support,5,9.6,0.8944271909999159,8.0,10.0
emcad,standardized_resnet18,raw,patient,conditional.per_class.normal.tn,5,6.0,1.0,5.0,7.0
emcad,standardized_resnet18,raw,patient,conditional.per_class.normal.tp,5,8.4,1.51657508881031,6.0,10.0
emcad,standardized_resnet18,raw,patient,conditional.per_class.papilledema.adaptive_ece_ovr,5,0.1965462044238821,0.04567530227387911,0.14042522878334607,0.26758215218841763
emcad,standardized_resnet18,raw,patient,conditional.per_class.papilledema.auroc_ovr,5,0.8171245421245421,0.119219022845477,0.6153846153846153,0.9166666666666667
emcad,standardized_resnet18,raw,patient,conditional.per_class.papilledema.average_precision_ovr,5,0.5922294372294371,0.20294077330906307,0.3410714285714286,0.8166666666666667
emcad,standardized_resnet18,raw,patient,conditional.per_class.papilledema.balanced_accuracy_ovr,5,0.6942307692307692,0.13495346087396085,0.5892857142857143,0.875
emcad,standardized_resnet18,raw,patient,conditional.per_class.papilledema.brier_ovr,5,0.15319312151033843,0.045863143576127224,0.10739794958013223,0.20203990751061382
emcad,standardized_resnet18,raw,patient,conditional.per_class.papilledema.class_index,5,1.0,0.0,1.0,1.0
emcad,standardized_resnet18,raw,patient,conditional.per_class.papilledema.ece_ovr,5,0.18855289616195492,0.09189886878619583,0.09143684429920938,0.3025779028505232
emcad,standardized_resnet18,raw,patient,conditional.per_class.papilledema.f1,5,0.4825974025974026,0.20100532547838962,0.2857142857142857,0.7272727272727273
emcad,standardized_resnet18,raw,patient,conditional.per_class.papilledema.fn,5,1.4,1.140175425099138,0.0,3.0
emcad,standardized_resnet18,raw,patient,conditional.per_class.papilledema.fp,5,2.8,1.3038404810405297,1.0,4.0
emcad,standardized_resnet18,raw,patient,conditional.per_class.papilledema.mcc_ovr,5,0.3556034643563576,0.23569177477446768,0.15289415743128767,0.6546536707079771
emcad,standardized_resnet18,raw,patient,conditional.per_class.papilledema.nll_ovr,5,0.5076853644905718,0.17383508218646468,0.31648585760876125,0.6726202690851164
emcad,standardized_resnet18,raw,patient,conditional.per_class.papilledema.nll_true_class,5,1.3194974771243033,0.9187516508984505,0.2747183988133256,2.2570045584263254
emcad,standardized_resnet18,raw,patient,conditional.per_class.papilledema.precision,5,0.440952380952381,0.169887250859313,0.2,0.6
emcad,standardized_resnet18,raw,patient,conditional.per_class.papilledema.recall,5,0.6,0.2850438562747845,0.25,1.0
emcad,standardized_resnet18,raw,patient,conditional.per_class.papilledema.sensitivity,5,0.6,0.2850438562747845,0.25,1.0
emcad,standardized_resnet18,raw,patient,conditional.per_class.papilledema.specificity,5,0.7884615384615385,0.1007159493396888,0.6923076923076923,0.9285714285714286
emcad,standardized_resnet18,raw,patient,conditional.per_class.papilledema.support,5,3.6,0.8944271909999159,2.0,4.0
emcad,standardized_resnet18,raw,patient,conditional.per_class.papilledema.tn,5,10.6,1.816590212458495,9.0,13.0
emcad,standardized_resnet18,raw,patient,conditional.per_class.papilledema.tp,5,2.2,1.3038404810405297,1.0,4.0
emcad,standardized_resnet18,raw,patient,conditional.per_class.pseudopapilledema.adaptive_ece_ovr,5,0.26119688684712233,0.021696164263903053,0.23821429303123529,0.28332054771217347
emcad,standardized_resnet18,raw,patient,conditional.per_class.pseudopapilledema.auroc_ovr,5,0.675,0.0845311448862626,0.5714285714285714,0.75
emcad,standardized_resnet18,raw,patient,conditional.per_class.pseudopapilledema.average_precision_ovr,5,0.48883699633699634,0.1259871775435601,0.3269230769230769,0.6785714285714286
emcad,standardized_resnet18,raw,patient,conditional.per_class.pseudopapilledema.balanced_accuracy_ovr,5,0.5571428571428572,0.07559758151598342,0.4583333333333333,0.6428571428571428
emcad,standardized_resnet18,raw,patient,conditional.per_class.pseudopapilledema.brier_ovr,5,0.18418099190748333,0.010485545959463697,0.16778879931977592,0.1952036077900007
emcad,standardized_resnet18,raw,patient,conditional.per_class.pseudopapilledema.class_index,5,2.0,0.0,2.0,2.0
emcad,standardized_resnet18,raw,patient,conditional.per_class.pseudopapilledema.ece_ovr,5,0.2260118586145205,0.013846991487328805,0.20521381315484094,0.2395920382197914
emcad,standardized_resnet18,raw,patient,conditional.per_class.pseudopapilledema.f1,5,0.22222222222222218,0.20786985482077452,0.0,0.4444444444444444
emcad,standardized_resnet18,raw,patient,conditional.per_class.pseudopapilledema.fn,5,3.0,1.0,2.0,4.0
emcad,standardized_resnet18,raw,patient,conditional.per_class.pseudopapilledema.fp,5,1.4,1.140175425099138,0.0,3.0
emcad,standardized_resnet18,raw,patient,conditional.per_class.pseudopapilledema.mcc_ovr,5,0.10856604105193797,0.17727359981842375,-0.14907119849998599,0.26519741765271837
emcad,standardized_resnet18,raw,patient,conditional.per_class.pseudopapilledema.nll_ovr,5,0.6418295195351552,0.0852326025111336,0.5332540159462289,0.7461092169133161
emcad,standardized_resnet18,raw,patient,conditional.per_class.pseudopapilledema.nll_true_class,5,1.985174962024446,0.5247856051391335,1.587971000616786,2.8011586156819375
emcad,standardized_resnet18,raw,patient,conditional.per_class.pseudopapilledema.precision,5,0.24666666666666667,0.2328566559543064,0.0,0.5
emcad,standardized_resnet18,raw,patient,conditional.per_class.pseudopapilledema.recall,5,0.21666666666666665,0.21730674684008827,0.0,0.5
emcad,standardized_resnet18,raw,patient,conditional.per_class.pseudopapilledema.sensitivity,5,0.21666666666666665,0.21730674684008827,0.0,0.5
emcad,standardized_resnet18,raw,patient,conditional.per_class.pseudopapilledema.specificity,5,0.8976190476190476,0.08056630626518396,0.7857142857142857,1.0
emcad,standardized_resnet18,raw,patient,conditional.per_class.pseudopapilledema.support,5,3.8,0.4472135954999579,3.0,4.0
emcad,standardized_resnet18,raw,patient,conditional.per_class.pseudopapilledema.tn,5,11.8,0.8366600265340756,11.0,13.0
emcad,standardized_resnet18,raw,patient,conditional.per_class.pseudopapilledema.tp,5,0.8,0.8366600265340756,0.0,2.0
emcad,standardized_resnet18,raw,patient,conditional.top_label_adaptive_ece,5,0.26107363700099884,0.07781392796314746,0.1521200071789159,0.3688265911945441
emcad,standardized_resnet18,raw,patient,conditional.top_label_ece,5,0.22339356015838704,0.07214551069277164,0.13345315590724366,0.32733160351495544
emcad,standardized_resnet18,raw,patient,conditional_aurc,5,0.20736558294913254,0.11248575237977586,0.1376313864058962,0.40524796714243083
emcad,standardized_resnet18,raw,patient,coverage,5,0.9444444444444443,0.05555555555555558,0.8888888888888888,1.0
emcad,standardized_resnet18,raw,patient,failure_aware.accuracy,5,0.6333333333333334,0.10829771494232182,0.5,0.7777777777777778
emcad,standardized_resnet18,raw,patient,failure_aware.aurc,5,0.21809948584458388,0.10995758373214566,0.1376313864058962,0.41051196896785136
emcad,standardized_resnet18,raw,patient,failure_aware.balanced_accuracy,5,0.53,0.11389566375513258,0.3833333333333333,0.6666666666666666
emcad,standardized_resnet18,raw,patient,failure_aware.correct,5,11.4,1.9493588689617927,9.0,14.0
emcad,standardized_resnet18,raw,patient,failure_aware.incorrect_or_abstained,5,6.6,1.9493588689617927,4.0,9.0
emcad,standardized_resnet18,raw,patient,failure_aware.macro_f1,5,0.5087521834890256,0.10391313275883589,0.37407407407407406,0.6507936507936508
emcad,standardized_resnet18,raw,patient,failure_aware.macro_precision,5,0.5136171236171235,0.1138897902216158,0.3666666666666667,0.6696969696969696
emcad,standardized_resnet18,raw,patient,failure_aware.macro_recall,5,0.53,0.11389566375513258,0.3833333333333333,0.6666666666666666
emcad,standardized_resnet18,raw,patient,failure_aware.macro_specificity,5,0.7833333333333334,0.07664485048961842,0.7083333333333334,0.8869047619047619
emcad,standardized_resnet18,raw,patient,failure_aware.multiclass_mcc,5,0.41612824685022076,0.16145146749718128,0.2269343984146093,0.6237055560836822
emcad,standardized_resnet18,raw,patient,failure_aware.per_class.normal.abstain,5,0.4,0.8944271909999161,0.0,2.0
emcad,standardized_resnet18,raw,patient,failure_aware.per_class.normal.balanced_accuracy_ovr,5,0.7950000000000002,0.11976539567003483,0.6125,0.9375
emcad,standardized_resnet18,raw,patient,failure_aware.per_class.normal.class_index,5,0.0,0.0,0.0,0.0
emcad,standardized_resnet18,raw,patient,failure_aware.per_class.normal.f1,5,0.8436591478696741,0.1078254211339075,0.6666666666666666,0.9523809523809523
emcad,standardized_resnet18,raw,patient,failure_aware.per_class.normal.fn_including_abstain,5,1.6,1.51657508881031,0.0,4.0
emcad,standardized_resnet18,raw,patient,failure_aware.per_class.normal.fp,5,1.4,0.5477225575051661,1.0,2.0
emcad,standardized_resnet18,raw,patient,failure_aware.per_class.normal.precision,5,0.8532323232323232,0.06794158951449807,0.75,0.9090909090909091
emcad,standardized_resnet18,raw,patient,failure_aware.per_class.normal.recall,5,0.8400000000000001,0.15165750888103102,0.6,1.0
emcad,standardized_resnet18,raw,patient,failure_aware.per_class.normal.sensitivity,5,0.8400000000000001,0.15165750888103102,0.6,1.0
emcad,standardized_resnet18,raw,patient,failure_aware.per_class.normal.specificity,5,0.75,0.125,0.625,0.875
emcad,standardized_resnet18,raw,patient,failure_aware.per_class.normal.support,5,10.0,0.0,10.0,10.0
emcad,standardized_resnet18,raw,patient,failure_aware.per_class.normal.tn_excluding_abstain,5,6.0,1.0,5.0,7.0
emcad,standardized_resnet18,raw,patient,failure_aware.per_class.normal.tp,5,8.4,1.51657508881031,6.0,10.0
emcad,standardized_resnet18,raw,patient,failure_aware.per_class.papilledema.abstain,5,0.4,0.894427190999916,0.0,2.0
emcad,standardized_resnet18,raw,patient,failure_aware.per_class.papilledema.balanced_accuracy_ovr,5,0.6535714285714286,0.15078451308988966,0.48214285714285715,0.8214285714285714
emcad,standardized_resnet18,raw,patient,failure_aware.per_class.papilledema.class_index,5,1.0,0.0,1.0,1.0
emcad,standardized_resnet18,raw,patient,failure_aware.per_class.papilledema.f1,5,0.4698989898989899,0.21785235131803946,0.2222222222222222,0.7272727272727273
emcad,standardized_resnet18,raw,patient,failure_aware.per_class.papilledema.fn_including_abstain,5,1.8,1.3038404810405297,0.0,3.0
emcad,standardized_resnet18,raw,patient,failure_aware.per_class.papilledema.fp,5,2.8,1.3038404810405297,1.0,4.0
emcad,standardized_resnet18,raw,patient,failure_aware.per_class.papilledema.precision,5,0.440952380952381,0.169887250859313,0.2,0.6
emcad,standardized_resnet18,raw,patient,failure_aware.per_class.papilledema.recall,5,0.55,0.32596012026013244,0.25,1.0
emcad,standardized_resnet18,raw,patient,failure_aware.per_class.papilledema.sensitivity,5,0.55,0.32596012026013244,0.25,1.0
emcad,standardized_resnet18,raw,patient,failure_aware.per_class.papilledema.specificity,5,0.7571428571428571,0.12975644374703532,0.6428571428571429,0.9285714285714286
emcad,standardized_resnet18,raw,patient,failure_aware.per_class.papilledema.support,5,4.0,0.0,4.0,4.0
emcad,standardized_resnet18,raw,patient,failure_aware.per_class.papilledema.tn_excluding_abstain,5,10.6,1.816590212458495,9.0,13.0
emcad,standardized_resnet18,raw,patient,failure_aware.per_class.papilledema.tp,5,2.2,1.3038404810405297,1.0,4.0
emcad,standardized_resnet18,raw,patient,failure_aware.per_class.pseudopapilledema.abstain,5,0.2,0.447213595499958,0.0,1.0
emcad,standardized_resnet18,raw,patient,failure_aware.per_class.pseudopapilledema.balanced_accuracy_ovr,5,0.5214285714285715,0.10669549461635468,0.39285714285714285,0.6428571428571428
emcad,standardized_resnet18,raw,patient,failure_aware.per_class.pseudopapilledema.class_index,5,2.0,0.0,2.0,2.0
emcad,standardized_resnet18,raw,patient,failure_aware.per_class.pseudopapilledema.f1,5,0.21269841269841266,0.20252873533633753,0.0,0.4444444444444444
emcad,standardized_resnet18,raw,patient,failure_aware.per_class.pseudopapilledema.fn_including_abstain,5,3.2,0.8366600265340756,2.0,4.0
emcad,standardized_resnet18,raw,patient,failure_aware.per_class.pseudopapilledema.fp,5,1.4,1.140175425099138,0.0,3.0
emcad,standardized_resnet18,raw,patient,failure_aware.per_class.pseudopapilledema.precision,5,0.24666666666666667,0.2328566559543064,0.0,0.5
emcad,standardized_resnet18,raw,patient,failure_aware.per_class.pseudopapilledema.recall,5,0.2,0.2091650066335189,0.0,0.5
emcad,standardized_resnet18,raw,patient,failure_aware.per_class.pseudopapilledema.sensitivity,5,0.2,0.2091650066335189,0.0,0.5
emcad,standardized_resnet18,raw,patient,failure_aware.per_class.pseudopapilledema.specificity,5,0.8428571428571429,0.0597614304667197,0.7857142857142857,0.9285714285714286
emcad,standardized_resnet18,raw,patient,failure_aware.per_class.pseudopapilledema.support,5,4.0,0.0,4.0,4.0
emcad,standardized_resnet18,raw,patient,failure_aware.per_class.pseudopapilledema.tn_excluding_abstain,5,11.8,0.8366600265340756,11.0,13.0
emcad,standardized_resnet18,raw,patient,failure_aware.per_class.pseudopapilledema.tp,5,0.8,0.8366600265340756,0.0,2.0
emcad,standardized_resnet18,raw,patient,failure_aware_accuracy,5,0.6333333333333334,0.10829771494232182,0.5,0.7777777777777778
emcad,standardized_resnet18,raw,patient,failure_aware_aurc,5,0.21809948584458388,0.10995758373214566,0.1376313864058962,0.41051196896785136
emcad,standardized_resnet18,raw,patient,failure_aware_balanced_accuracy,5,0.53,0.11389566375513258,0.3833333333333333,0.6666666666666666
emcad,standardized_resnet18,raw,patient,failure_inclusive.accuracy,5,0.6333333333333334,0.10829771494232182,0.5,0.7777777777777778
emcad,standardized_resnet18,raw,patient,failure_inclusive.aurc,5,0.21809948584458388,0.10995758373214566,0.1376313864058962,0.41051196896785136
emcad,standardized_resnet18,raw,patient,failure_inclusive.balanced_accuracy,5,0.53,0.11389566375513258,0.3833333333333333,0.6666666666666666
emcad,standardized_resnet18,raw,patient,failure_inclusive.correct,5,11.4,1.9493588689617927,9.0,14.0
emcad,standardized_resnet18,raw,patient,failure_inclusive.incorrect_or_abstained,5,6.6,1.9493588689617927,4.0,9.0
emcad,standardized_resnet18,raw,patient,failure_inclusive.macro_f1,5,0.5087521834890256,0.10391313275883589,0.37407407407407406,0.6507936507936508
emcad,standardized_resnet18,raw,patient,failure_inclusive.macro_precision,5,0.5136171236171235,0.1138897902216158,0.3666666666666667,0.6696969696969696
emcad,standardized_resnet18,raw,patient,failure_inclusive.macro_recall,5,0.53,0.11389566375513258,0.3833333333333333,0.6666666666666666
emcad,standardized_resnet18,raw,patient,failure_inclusive.macro_specificity,5,0.7833333333333334,0.07664485048961842,0.7083333333333334,0.8869047619047619
emcad,standardized_resnet18,raw,patient,failure_inclusive.multiclass_mcc,5,0.41612824685022076,0.16145146749718128,0.2269343984146093,0.6237055560836822
emcad,standardized_resnet18,raw,patient,failure_inclusive.per_class.normal.abstain,5,0.4,0.8944271909999161,0.0,2.0
emcad,standardized_resnet18,raw,patient,failure_inclusive.per_class.normal.balanced_accuracy_ovr,5,0.7950000000000002,0.11976539567003483,0.6125,0.9375
emcad,standardized_resnet18,raw,patient,failure_inclusive.per_class.normal.class_index,5,0.0,0.0,0.0,0.0
emcad,standardized_resnet18,raw,patient,failure_inclusive.per_class.normal.f1,5,0.8436591478696741,0.1078254211339075,0.6666666666666666,0.9523809523809523
emcad,standardized_resnet18,raw,patient,failure_inclusive.per_class.normal.fn_including_abstain,5,1.6,1.51657508881031,0.0,4.0
emcad,standardized_resnet18,raw,patient,failure_inclusive.per_class.normal.fp,5,1.4,0.5477225575051661,1.0,2.0
emcad,standardized_resnet18,raw,patient,failure_inclusive.per_class.normal.precision,5,0.8532323232323232,0.06794158951449807,0.75,0.9090909090909091
emcad,standardized_resnet18,raw,patient,failure_inclusive.per_class.normal.recall,5,0.8400000000000001,0.15165750888103102,0.6,1.0
emcad,standardized_resnet18,raw,patient,failure_inclusive.per_class.normal.sensitivity,5,0.8400000000000001,0.15165750888103102,0.6,1.0
emcad,standardized_resnet18,raw,patient,failure_inclusive.per_class.normal.specificity,5,0.75,0.125,0.625,0.875
emcad,standardized_resnet18,raw,patient,failure_inclusive.per_class.normal.support,5,10.0,0.0,10.0,10.0
emcad,standardized_resnet18,raw,patient,failure_inclusive.per_class.normal.tn_excluding_abstain,5,6.0,1.0,5.0,7.0
emcad,standardized_resnet18,raw,patient,failure_inclusive.per_class.normal.tp,5,8.4,1.51657508881031,6.0,10.0
emcad,standardized_resnet18,raw,patient,failure_inclusive.per_class.papilledema.abstain,5,0.4,0.894427190999916,0.0,2.0
emcad,standardized_resnet18,raw,patient,failure_inclusive.per_class.papilledema.balanced_accuracy_ovr,5,0.6535714285714286,0.15078451308988966,0.48214285714285715,0.8214285714285714
emcad,standardized_resnet18,raw,patient,failure_inclusive.per_class.papilledema.class_index,5,1.0,0.0,1.0,1.0
emcad,standardized_resnet18,raw,patient,failure_inclusive.per_class.papilledema.f1,5,0.4698989898989899,0.21785235131803946,0.2222222222222222,0.7272727272727273
emcad,standardized_resnet18,raw,patient,failure_inclusive.per_class.papilledema.fn_including_abstain,5,1.8,1.3038404810405297,0.0,3.0
emcad,standardized_resnet18,raw,patient,failure_inclusive.per_class.papilledema.fp,5,2.8,1.3038404810405297,1.0,4.0
emcad,standardized_resnet18,raw,patient,failure_inclusive.per_class.papilledema.precision,5,0.440952380952381,0.169887250859313,0.2,0.6
emcad,standardized_resnet18,raw,patient,failure_inclusive.per_class.papilledema.recall,5,0.55,0.32596012026013244,0.25,1.0
emcad,standardized_resnet18,raw,patient,failure_inclusive.per_class.papilledema.sensitivity,5,0.55,0.32596012026013244,0.25,1.0
emcad,standardized_resnet18,raw,patient,failure_inclusive.per_class.papilledema.specificity,5,0.7571428571428571,0.12975644374703532,0.6428571428571429,0.9285714285714286
emcad,standardized_resnet18,raw,patient,failure_inclusive.per_class.papilledema.support,5,4.0,0.0,4.0,4.0
emcad,standardized_resnet18,raw,patient,failure_inclusive.per_class.papilledema.tn_excluding_abstain,5,10.6,1.816590212458495,9.0,13.0
emcad,standardized_resnet18,raw,patient,failure_inclusive.per_class.papilledema.tp,5,2.2,1.3038404810405297,1.0,4.0
emcad,standardized_resnet18,raw,patient,failure_inclusive.per_class.pseudopapilledema.abstain,5,0.2,0.447213595499958,0.0,1.0
emcad,standardized_resnet18,raw,patient,failure_inclusive.per_class.pseudopapilledema.balanced_accuracy_ovr,5,0.5214285714285715,0.10669549461635468,0.39285714285714285,0.6428571428571428
emcad,standardized_resnet18,raw,patient,failure_inclusive.per_class.pseudopapilledema.class_index,5,2.0,0.0,2.0,2.0
emcad,standardized_resnet18,raw,patient,failure_inclusive.per_class.pseudopapilledema.f1,5,0.21269841269841266,0.20252873533633753,0.0,0.4444444444444444
emcad,standardized_resnet18,raw,patient,failure_inclusive.per_class.pseudopapilledema.fn_including_abstain,5,3.2,0.8366600265340756,2.0,4.0
emcad,standardized_resnet18,raw,patient,failure_inclusive.per_class.pseudopapilledema.fp,5,1.4,1.140175425099138,0.0,3.0
emcad,standardized_resnet18,raw,patient,failure_inclusive.per_class.pseudopapilledema.precision,5,0.24666666666666667,0.2328566559543064,0.0,0.5
emcad,standardized_resnet18,raw,patient,failure_inclusive.per_class.pseudopapilledema.recall,5,0.2,0.2091650066335189,0.0,0.5
emcad,standardized_resnet18,raw,patient,failure_inclusive.per_class.pseudopapilledema.sensitivity,5,0.2,0.2091650066335189,0.0,0.5
emcad,standardized_resnet18,raw,patient,failure_inclusive.per_class.pseudopapilledema.specificity,5,0.8428571428571429,0.0597614304667197,0.7857142857142857,0.9285714285714286
emcad,standardized_resnet18,raw,patient,failure_inclusive.per_class.pseudopapilledema.support,5,4.0,0.0,4.0,4.0
emcad,standardized_resnet18,raw,patient,failure_inclusive.per_class.pseudopapilledema.tn_excluding_abstain,5,11.8,0.8366600265340756,11.0,13.0
emcad,standardized_resnet18,raw,patient,failure_inclusive.per_class.pseudopapilledema.tp,5,0.8,0.8366600265340756,0.0,2.0
emcad,standardized_resnet18,raw,patient,localized_diagnostic_success.localized_rate,5,0.888888888888889,0.10393492741038725,0.7777777777777778,1.0
emcad,standardized_resnet18,raw,patient,localized_diagnostic_success.n_success,5,11.2,2.16794833886788,9.0,14.0
emcad,standardized_resnet18,raw,patient,localized_diagnostic_success.per_class_rate.normal,5,0.8200000000000001,0.14832396974191325,0.6,1.0
emcad,standardized_resnet18,raw,patient,localized_diagnostic_success.per_class_rate.papilledema,5,0.55,0.32596012026013244,0.25,1.0
emcad,standardized_resnet18,raw,patient,localized_diagnostic_success.per_class_rate.pseudopapilledema,5,0.2,0.2091650066335189,0.0,0.5
emcad,standardized_resnet18,raw,patient,localized_diagnostic_success.rate,5,0.6222222222222222,0.12044157438154889,0.5,0.7777777777777778
emcad,standardized_resnet18,raw,patient,n_abstain,5,1.0,1.0,0.0,2.0
emcad,standardized_resnet18,raw,patient,n_covered,5,17.0,1.0,16.0,18.0
emcad,standardized_resnet18,raw,patient,n_total,5,18.0,0.0,18.0,18.0
emcad,standardized_resnet18,raw,patient,selective_risk,5,0.33022875816993463,0.09977092605744393,0.2222222222222222,0.47058823529411764
sam2_unet,model_specific,calibrated,eye,abstention_rate,5,0.0,0.0,0.0,0.0
sam2_unet,model_specific,calibrated,eye,class_conditional_coverage.normal,5,1.0,0.0,1.0,1.0
sam2_unet,model_specific,calibrated,eye,class_conditional_coverage.papilledema,5,1.0,0.0,1.0,1.0
sam2_unet,model_specific,calibrated,eye,class_conditional_coverage.pseudopapilledema,5,1.0,0.0,1.0,1.0
sam2_unet,model_specific,calibrated,eye,conditional.accuracy,5,0.638888888888889,0.04811252243246879,0.6111111111111112,0.7222222222222222
sam2_unet,model_specific,calibrated,eye,conditional.balanced_accuracy,5,0.5183333333333333,0.044253060157839204,0.4666666666666666,0.5833333333333334
sam2_unet,model_specific,calibrated,eye,conditional.class_counts.normal,5,20.0,0.0,20.0,20.0
sam2_unet,model_specific,calibrated,eye,conditional.class_counts.papilledema,5,8.0,0.0,8.0,8.0
sam2_unet,model_specific,calibrated,eye,conditional.class_counts.pseudopapilledema,5,8.0,0.0,8.0,8.0
sam2_unet,model_specific,calibrated,eye,conditional.derived_discrimination.normal_vs_abnormal.auroc,5,0.890625,0.04995114800983054,0.815625,0.94375
sam2_unet,model_specific,calibrated,eye,conditional.derived_discrimination.normal_vs_abnormal.average_precision,5,0.9169749069460211,0.03231693603881248,0.8765129556433904,0.9542224080267558
sam2_unet,model_specific,calibrated,eye,conditional.derived_discrimination.normal_vs_abnormal.n,5,36.0,0.0,36.0,36.0
sam2_unet,model_specific,calibrated,eye,conditional.derived_discrimination.normal_vs_abnormal.negative,5,20.0,0.0,20.0,20.0
sam2_unet,model_specific,calibrated,eye,conditional.derived_discrimination.normal_vs_abnormal.positive,5,16.0,0.0,16.0,16.0
sam2_unet,model_specific,calibrated,eye,conditional.derived_discrimination.papilledema_vs_pseudopapilledema.auroc,5,0.396875,0.22496744556157455,0.21875,0.765625
sam2_unet,model_specific,calibrated,eye,conditional.derived_discrimination.papilledema_vs_pseudopapilledema.average_precision,5,0.5088539238539239,0.17936639536639504,0.3927197802197802,0.8160037878787878
sam2_unet,model_specific,calibrated,eye,conditional.derived_discrimination.papilledema_vs_pseudopapilledema.n,5,16.0,0.0,16.0,16.0
sam2_unet,model_specific,calibrated,eye,conditional.derived_discrimination.papilledema_vs_pseudopapilledema.negative,5,8.0,0.0,8.0,8.0
sam2_unet,model_specific,calibrated,eye,conditional.derived_discrimination.papilledema_vs_pseudopapilledema.positive,5,8.0,0.0,8.0,8.0
sam2_unet,model_specific,calibrated,eye,conditional.macro.adaptive_ece_ovr,5,0.16813106082416665,0.03561229221355797,0.12471294982226228,0.22080012994096854
sam2_unet,model_specific,calibrated,eye,conditional.macro.auroc_ovr,5,0.7930059523809524,0.04187329188143115,0.7272321428571429,0.8331845238095238
sam2_unet,model_specific,calibrated,eye,conditional.macro.average_precision_ovr,5,0.6049609587575009,0.07051642639035505,0.5091216309627268,0.6837090380168184
sam2_unet,model_specific,calibrated,eye,conditional.macro.balanced_accuracy_ovr,5,0.6675,0.03020972609972505,0.6321428571428571,0.7142857142857143
sam2_unet,model_specific,calibrated,eye,conditional.macro.brier_ovr,5,0.14996526251125766,0.01480334093630267,0.12682220197674846,0.16478110245127098
sam2_unet,model_specific,calibrated,eye,conditional.macro.ece_ovr,5,0.14053656676991338,0.031429067922126804,0.09479528765359276,0.18286014279422613
sam2_unet,model_specific,calibrated,eye,conditional.macro.f1,5,0.4902443081458411,0.0696785396906072,0.41269841269841273,0.5845117845117845
sam2_unet,model_specific,calibrated,eye,conditional.macro.mcc_ovr,5,0.34350580603369174,0.09799157103540768,0.24225057517072823,0.5031698130604427
sam2_unet,model_specific,calibrated,eye,conditional.macro.nll_ovr,5,0.45801474449128116,0.04853625619062493,0.389871339248088,0.506496480199794
sam2_unet,model_specific,calibrated,eye,conditional.macro.nll_true_class,5,0.928287993311864,0.0717673250570431,0.8535118179556901,1.0154085660772
sam2_unet,model_specific,calibrated,eye,conditional.macro.precision,5,0.5155106686685634,0.14668064953752183,0.3752913752913753,0.7444444444444445
sam2_unet,model_specific,calibrated,eye,conditional.macro.recall,5,0.5183333333333333,0.044253060157839204,0.4666666666666666,0.5833333333333334
sam2_unet,model_specific,calibrated,eye,conditional.macro.specificity,5,0.8166666666666668,0.017557001433038785,0.7976190476190478,0.8452380952380952
sam2_unet,model_specific,calibrated,eye,conditional.macro_auroc,5,0.7930059523809524,0.04187329188143115,0.7272321428571429,0.8331845238095238
sam2_unet,model_specific,calibrated,eye,conditional.macro_average_precision,5,0.6049609587575009,0.07051642639035505,0.5091216309627268,0.6837090380168184
sam2_unet,model_specific,calibrated,eye,conditional.macro_classwise_adaptive_ece,5,0.16813106082416665,0.03561229221355797,0.12471294982226228,0.22080012994096854
sam2_unet,model_specific,calibrated,eye,conditional.macro_classwise_ece,5,0.14053656676991338,0.031429067922126804,0.09479528765359276,0.18286014279422613
sam2_unet,model_specific,calibrated,eye,conditional.macro_f1,5,0.4902443081458411,0.0696785396906072,0.41269841269841273,0.5845117845117845
sam2_unet,model_specific,calibrated,eye,conditional.macro_precision,5,0.5155106686685634,0.14668064953752183,0.3752913752913753,0.7444444444444445
sam2_unet,model_specific,calibrated,eye,conditional.macro_recall,5,0.5183333333333333,0.044253060157839204,0.4666666666666666,0.5833333333333334
sam2_unet,model_specific,calibrated,eye,conditional.multiclass_brier,5,0.449895787533773,0.04441002280890802,0.3804666059302454,0.494343307353813
sam2_unet,model_specific,calibrated,eye,conditional.multiclass_mcc,5,0.40312234150004167,0.07222779148644465,0.3417929635123316,0.5233973683491399
sam2_unet,model_specific,calibrated,eye,conditional.multiclass_nll,5,0.7513811954301237,0.10563827548153625,0.6032532473460166,0.8716820660661069
sam2_unet,model_specific,calibrated,eye,conditional.n,5,36.0,0.0,36.0,36.0
sam2_unet,model_specific,calibrated,eye,conditional.per_class.normal.adaptive_ece_ovr,5,0.15784936994615303,0.06046387089090123,0.11782603261205374,0.2611836479687843
sam2_unet,model_specific,calibrated,eye,conditional.per_class.normal.auroc_ovr,5,0.890625,0.04995114800983054,0.815625,0.94375
sam2_unet,model_specific,calibrated,eye,conditional.per_class.normal.average_precision_ovr,5,0.8810430334722635,0.07767463485446013,0.7482613004022347,0.9480620871216847
sam2_unet,model_specific,calibrated,eye,conditional.per_class.normal.balanced_accuracy_ovr,5,0.8400000000000001,0.029843340965783303,0.8,0.875
sam2_unet,model_specific,calibrated,eye,conditional.per_class.normal.brier_ovr,5,0.12623181485273155,0.02962091371709808,0.09584043558337199,0.15953097566087884
sam2_unet,model_specific,calibrated,eye,conditional.per_class.normal.class_index,5,0.0,0.0,0.0,0.0
sam2_unet,model_specific,calibrated,eye,conditional.per_class.normal.ece_ovr,5,0.13447500586586464,0.0812604482245114,0.05463199602687411,0.2679645868215885
sam2_unet,model_specific,calibrated,eye,conditional.per_class.normal.f1,5,0.8618804387738919,0.03083901268156195,0.8292682926829268,0.9090909090909091
sam2_unet,model_specific,calibrated,eye,conditional.per_class.normal.fn,5,2.4,1.51657508881031,0.0,4.0
sam2_unet,model_specific,calibrated,eye,conditional.per_class.normal.fp,5,3.2,1.0954451150103321,2.0,4.0
sam2_unet,model_specific,calibrated,eye,conditional.per_class.normal.mcc_ovr,5,0.6900599173152392,0.06982999231254204,0.6047431568147635,0.7905694150420948
sam2_unet,model_specific,calibrated,eye,conditional.per_class.normal.nll_ovr,5,0.3934009214179192,0.09975621462804093,0.2851795488935409,0.5118524726839833
sam2_unet,model_specific,calibrated,eye,conditional.per_class.normal.nll_true_class,5,0.3975675996666432,0.2252791629402332,0.1027361061266691,0.6600937595230537
sam2_unet,model_specific,calibrated,eye,conditional.per_class.normal.precision,5,0.8489329384066225,0.04011400654946095,0.8095238095238095,0.8947368421052632
sam2_unet,model_specific,calibrated,eye,conditional.per_class.normal.recall,5,0.8800000000000001,0.0758287544405155,0.8,1.0
sam2_unet,model_specific,calibrated,eye,conditional.per_class.normal.sensitivity,5,0.8800000000000001,0.0758287544405155,0.8,1.0
sam2_unet,model_specific,calibrated,eye,conditional.per_class.normal.specificity,5,0.8,0.06846531968814576,0.75,0.875
sam2_unet,model_specific,calibrated,eye,conditional.per_class.normal.support,5,20.0,0.0,20.0,20.0
sam2_unet,model_specific,calibrated,eye,conditional.per_class.normal.tn,5,12.8,1.0954451150103321,12.0,14.0
sam2_unet,model_specific,calibrated,eye,conditional.per_class.normal.tp,5,17.6,1.51657508881031,16.0,20.0
sam2_unet,model_specific,calibrated,eye,conditional.per_class.papilledema.adaptive_ece_ovr,5,0.15006889822582314,0.03309021175436372,0.10624174796827984,0.18556434032810656
sam2_unet,model_specific,calibrated,eye,conditional.per_class.papilledema.auroc_ovr,5,0.8321428571428571,0.0904279613779919,0.7142857142857143,0.9330357142857143
sam2_unet,model_specific,calibrated,eye,conditional.per_class.papilledema.average_precision_ovr,5,0.5858922926202338,0.1720232028233495,0.44531822344322347,0.8160037878787878
sam2_unet,model_specific,calibrated,eye,conditional.per_class.papilledema.balanced_accuracy_ovr,5,0.5553571428571429,0.061341300133277384,0.48214285714285715,0.625
sam2_unet,model_specific,calibrated,eye,conditional.per_class.papilledema.brier_ovr,5,0.1391676539534083,0.032979768498723715,0.09465905867610179,0.17976469090625033
sam2_unet,model_specific,calibrated,eye,conditional.per_class.papilledema.class_index,5,1.0,0.0,1.0,1.0
sam2_unet,model_specific,calibrated,eye,conditional.per_class.papilledema.ece_ovr,5,0.1382734578596707,0.040014523387072454,0.09056936738079834,0.1912023088043276
sam2_unet,model_specific,calibrated,eye,conditional.per_class.papilledema.f1,5,0.21725490196078434,0.19979997687037154,0.0,0.4
sam2_unet,model_specific,calibrated,eye,conditional.per_class.papilledema.fn,5,6.6,1.3416407864998738,5.0,8.0
sam2_unet,model_specific,calibrated,eye,conditional.per_class.papilledema.fp,5,1.8,2.4899799195977463,0.0,6.0
sam2_unet,model_specific,calibrated,eye,conditional.per_class.papilledema.mcc_ovr,5,0.15078459235776978,0.2121195105494189,-0.09035079029052513,0.4537426064865151
sam2_unet,model_specific,calibrated,eye,conditional.per_class.papilledema.nll_ovr,5,0.4299010686019553,0.10773655607247261,0.27179413590703216,0.5441546869581633
sam2_unet,model_specific,calibrated,eye,conditional.per_class.papilledema.nll_true_class,5,1.164187499848692,0.32808815123626,0.8321104514013091,1.6240555895775337
sam2_unet,model_specific,calibrated,eye,conditional.per_class.papilledema.precision,5,0.36666666666666664,0.41499665326629104,0.0,1.0
sam2_unet,model_specific,calibrated,eye,conditional.per_class.papilledema.recall,5,0.175,0.16770509831248423,0.0,0.375
sam2_unet,model_specific,calibrated,eye,conditional.per_class.papilledema.sensitivity,5,0.175,0.16770509831248423,0.0,0.375
sam2_unet,model_specific,calibrated,eye,conditional.per_class.papilledema.specificity,5,0.9357142857142857,0.0889278542713481,0.7857142857142857,1.0
sam2_unet,model_specific,calibrated,eye,conditional.per_class.papilledema.support,5,8.0,0.0,8.0,8.0
sam2_unet,model_specific,calibrated,eye,conditional.per_class.papilledema.tn,5,26.2,2.4899799195977463,22.0,28.0
sam2_unet,model_specific,calibrated,eye,conditional.per_class.papilledema.tp,5,1.4,1.3416407864998738,0.0,3.0
sam2_unet,model_specific,calibrated,eye,conditional.per_class.pseudopapilledema.adaptive_ece_ovr,5,0.1964749143005238,0.03958555097810943,0.14290144832375853,0.23421321926853908
sam2_unet,model_specific,calibrated,eye,conditional.per_class.pseudopapilledema.auroc_ovr,5,0.65625,0.08411358786346772,0.5178571428571429,0.7410714285714286
sam2_unet,model_specific,calibrated,eye,conditional.per_class.pseudopapilledema.average_precision_ovr,5,0.34794755018000506,0.045605378732417386,0.2829539088362618,0.4082815734989649
sam2_unet,model_specific,calibrated,eye,conditional.per_class.pseudopapilledema.balanced_accuracy_ovr,5,0.6071428571428571,0.05646924393157821,0.5178571428571428,0.6607142857142857
sam2_unet,model_specific,calibrated,eye,conditional.per_class.pseudopapilledema.brier_ovr,5,0.18449631872763317,0.017745152447591454,0.15883128065910568,0.2063375129656175
sam2_unet,model_specific,calibrated,eye,conditional.per_class.pseudopapilledema.class_index,5,2.0,0.0,2.0,2.0
sam2_unet,model_specific,calibrated,eye,conditional.per_class.pseudopapilledema.ece_ovr,5,0.1488612365842048,0.02979113601476575,0.12062702964513883,0.1964271589373643
sam2_unet,model_specific,calibrated,eye,conditional.per_class.pseudopapilledema.f1,5,0.3915975837028468,0.0847279661329788,0.25,0.46153846153846156
sam2_unet,model_specific,calibrated,eye,conditional.per_class.pseudopapilledema.fn,5,4.0,1.4142135623730951,2.0,6.0
sam2_unet,model_specific,calibrated,eye,conditional.per_class.pseudopapilledema.fp,5,8.0,2.5495097567963922,6.0,12.0
sam2_unet,model_specific,calibrated,eye,conditional.per_class.pseudopapilledema.mcc_ovr,5,0.18967290842806628,0.09740756674604792,0.03571428571428571,0.2672612419124244
sam2_unet,model_specific,calibrated,eye,conditional.per_class.pseudopapilledema.nll_ovr,5,0.5507422434539688,0.06285824535966358,0.45941323345586554,0.627146781368676
sam2_unet,model_specific,calibrated,eye,conditional.per_class.pseudopapilledema.nll_true_class,5,1.2231088804202568,0.36041146212528086,0.8561346061395742,1.625688896339092
sam2_unet,model_specific,calibrated,eye,conditional.per_class.pseudopapilledema.precision,5,0.33093240093240095,0.05686783438023151,0.25,0.4
sam2_unet,model_specific,calibrated,eye,conditional.per_class.pseudopapilledema.recall,5,0.5,0.1767766952966369,0.25,0.75
sam2_unet,model_specific,calibrated,eye,conditional.per_class.pseudopapilledema.sensitivity,5,0.5,0.1767766952966369,0.25,0.75
sam2_unet,model_specific,calibrated,eye,conditional.per_class.pseudopapilledema.specificity,5,0.7142857142857142,0.09105391988558545,0.5714285714285714,0.7857142857142857
sam2_unet,model_specific,calibrated,eye,conditional.per_class.pseudopapilledema.support,5,8.0,0.0,8.0,8.0
sam2_unet,model_specific,calibrated,eye,conditional.per_class.pseudopapilledema.tn,5,20.0,2.5495097567963922,16.0,22.0
sam2_unet,model_specific,calibrated,eye,conditional.per_class.pseudopapilledema.tp,5,4.0,1.4142135623730951,2.0,6.0
sam2_unet,model_specific,calibrated,eye,conditional.top_label_adaptive_ece,5,0.18729816132409122,0.028733256182677566,0.15495312257970648,0.22666082849472746
sam2_unet,model_specific,calibrated,eye,conditional.top_label_ece,5,0.1394971806311636,0.025282271657195488,0.1040781385766932,0.1720133788775211
sam2_unet,model_specific,calibrated,eye,conditional_aurc,5,0.22906784617317752,0.06300425984924539,0.15826069723853675,0.3161802565096865
sam2_unet,model_specific,calibrated,eye,coverage,5,1.0,0.0,1.0,1.0
sam2_unet,model_specific,calibrated,eye,failure_aware.accuracy,5,0.638888888888889,0.04811252243246879,0.6111111111111112,0.7222222222222222
sam2_unet,model_specific,calibrated,eye,failure_aware.aurc,5,0.22906784617317752,0.06300425984924539,0.15826069723853675,0.3161802565096865
sam2_unet,model_specific,calibrated,eye,failure_aware.balanced_accuracy,5,0.5183333333333333,0.044253060157839204,0.4666666666666666,0.5833333333333334
sam2_unet,model_specific,calibrated,eye,failure_aware.correct,5,23.0,1.7320508075688772,22.0,26.0
sam2_unet,model_specific,calibrated,eye,failure_aware.incorrect_or_abstained,5,13.0,1.7320508075688772,10.0,14.0
sam2_unet,model_specific,calibrated,eye,failure_aware.macro_f1,5,0.4902443081458411,0.0696785396906072,0.41269841269841273,0.5845117845117845
sam2_unet,model_specific,calibrated,eye,failure_aware.macro_precision,5,0.5155106686685634,0.14668064953752183,0.3752913752913753,0.7444444444444445
sam2_unet,model_specific,calibrated,eye,failure_aware.macro_recall,5,0.5183333333333333,0.044253060157839204,0.4666666666666666,0.5833333333333334
sam2_unet,model_specific,calibrated,eye,failure_aware.macro_specificity,5,0.8166666666666668,0.017557001433038785,0.7976190476190478,0.8452380952380952
sam2_unet,model_specific,calibrated,eye,failure_aware.multiclass_mcc,5,0.40312234150004167,0.07222779148644465,0.3417929635123316,0.5233973683491399
sam2_unet,model_specific,calibrated,eye,failure_aware.per_class.normal.abstain,5,0.0,0.0,0.0,0.0
sam2_unet,model_specific,calibrated,eye,failure_aware.per_class.normal.balanced_accuracy_ovr,5,0.8400000000000001,0.029843340965783303,0.8,0.875
sam2_unet,model_specific,calibrated,eye,failure_aware.per_class.normal.class_index,5,0.0,0.0,0.0,0.0
sam2_unet,model_specific,calibrated,eye,failure_aware.per_class.normal.f1,5,0.8618804387738919,0.03083901268156195,0.8292682926829268,0.9090909090909091
sam2_unet,model_specific,calibrated,eye,failure_aware.per_class.normal.fn_including_abstain,5,2.4,1.51657508881031,0.0,4.0
sam2_unet,model_specific,calibrated,eye,failure_aware.per_class.normal.fp,5,3.2,1.0954451150103321,2.0,4.0
sam2_unet,model_specific,calibrated,eye,failure_aware.per_class.normal.precision,5,0.8489329384066225,0.04011400654946095,0.8095238095238095,0.8947368421052632
sam2_unet,model_specific,calibrated,eye,failure_aware.per_class.normal.recall,5,0.8800000000000001,0.0758287544405155,0.8,1.0
sam2_unet,model_specific,calibrated,eye,failure_aware.per_class.normal.sensitivity,5,0.8800000000000001,0.0758287544405155,0.8,1.0
sam2_unet,model_specific,calibrated,eye,failure_aware.per_class.normal.specificity,5,0.8,0.06846531968814576,0.75,0.875
sam2_unet,model_specific,calibrated,eye,failure_aware.per_class.normal.support,5,20.0,0.0,20.0,20.0
sam2_unet,model_specific,calibrated,eye,failure_aware.per_class.normal.tn_excluding_abstain,5,12.8,1.0954451150103321,12.0,14.0
sam2_unet,model_specific,calibrated,eye,failure_aware.per_class.normal.tp,5,17.6,1.51657508881031,16.0,20.0
sam2_unet,model_specific,calibrated,eye,failure_aware.per_class.papilledema.abstain,5,0.0,0.0,0.0,0.0
sam2_unet,model_specific,calibrated,eye,failure_aware.per_class.papilledema.balanced_accuracy_ovr,5,0.5553571428571429,0.061341300133277384,0.48214285714285715,0.625
sam2_unet,model_specific,calibrated,eye,failure_aware.per_class.papilledema.class_index,5,1.0,0.0,1.0,1.0
sam2_unet,model_specific,calibrated,eye,failure_aware.per_class.papilledema.f1,5,0.21725490196078434,0.19979997687037154,0.0,0.4
sam2_unet,model_specific,calibrated,eye,failure_aware.per_class.papilledema.fn_including_abstain,5,6.6,1.3416407864998738,5.0,8.0
sam2_unet,model_specific,calibrated,eye,failure_aware.per_class.papilledema.fp,5,1.8,2.4899799195977463,0.0,6.0
sam2_unet,model_specific,calibrated,eye,failure_aware.per_class.papilledema.precision,5,0.36666666666666664,0.41499665326629104,0.0,1.0
sam2_unet,model_specific,calibrated,eye,failure_aware.per_class.papilledema.recall,5,0.175,0.16770509831248423,0.0,0.375
sam2_unet,model_specific,calibrated,eye,failure_aware.per_class.papilledema.sensitivity,5,0.175,0.16770509831248423,0.0,0.375
sam2_unet,model_specific,calibrated,eye,failure_aware.per_class.papilledema.specificity,5,0.9357142857142857,0.0889278542713481,0.7857142857142857,1.0
sam2_unet,model_specific,calibrated,eye,failure_aware.per_class.papilledema.support,5,8.0,0.0,8.0,8.0
sam2_unet,model_specific,calibrated,eye,failure_aware.per_class.papilledema.tn_excluding_abstain,5,26.2,2.4899799195977463,22.0,28.0
sam2_unet,model_specific,calibrated,eye,failure_aware.per_class.papilledema.tp,5,1.4,1.3416407864998738,0.0,3.0
sam2_unet,model_specific,calibrated,eye,failure_aware.per_class.pseudopapilledema.abstain,5,0.0,0.0,0.0,0.0
sam2_unet,model_specific,calibrated,eye,failure_aware.per_class.pseudopapilledema.balanced_accuracy_ovr,5,0.6071428571428571,0.05646924393157821,0.5178571428571428,0.6607142857142857
sam2_unet,model_specific,calibrated,eye,failure_aware.per_class.pseudopapilledema.class_index,5,2.0,0.0,2.0,2.0
sam2_unet,model_specific,calibrated,eye,failure_aware.per_class.pseudopapilledema.f1,5,0.3915975837028468,0.0847279661329788,0.25,0.46153846153846156
sam2_unet,model_specific,calibrated,eye,failure_aware.per_class.pseudopapilledema.fn_including_abstain,5,4.0,1.4142135623730951,2.0,6.0
sam2_unet,model_specific,calibrated,eye,failure_aware.per_class.pseudopapilledema.fp,5,8.0,2.5495097567963922,6.0,12.0
sam2_unet,model_specific,calibrated,eye,failure_aware.per_class.pseudopapilledema.precision,5,0.33093240093240095,0.05686783438023151,0.25,0.4
sam2_unet,model_specific,calibrated,eye,failure_aware.per_class.pseudopapilledema.recall,5,0.5,0.1767766952966369,0.25,0.75
sam2_unet,model_specific,calibrated,eye,failure_aware.per_class.pseudopapilledema.sensitivity,5,0.5,0.1767766952966369,0.25,0.75
sam2_unet,model_specific,calibrated,eye,failure_aware.per_class.pseudopapilledema.specificity,5,0.7142857142857142,0.09105391988558545,0.5714285714285714,0.7857142857142857
sam2_unet,model_specific,calibrated,eye,failure_aware.per_class.pseudopapilledema.support,5,8.0,0.0,8.0,8.0
sam2_unet,model_specific,calibrated,eye,failure_aware.per_class.pseudopapilledema.tn_excluding_abstain,5,20.0,2.5495097567963922,16.0,22.0
sam2_unet,model_specific,calibrated,eye,failure_aware.per_class.pseudopapilledema.tp,5,4.0,1.4142135623730951,2.0,6.0
sam2_unet,model_specific,calibrated,eye,failure_aware_accuracy,5,0.638888888888889,0.04811252243246879,0.6111111111111112,0.7222222222222222
sam2_unet,model_specific,calibrated,eye,failure_aware_aurc,5,0.22906784617317752,0.06300425984924539,0.15826069723853675,0.3161802565096865
sam2_unet,model_specific,calibrated,eye,failure_aware_balanced_accuracy,5,0.5183333333333333,0.044253060157839204,0.4666666666666666,0.5833333333333334
sam2_unet,model_specific,calibrated,eye,failure_inclusive.accuracy,5,0.638888888888889,0.04811252243246879,0.6111111111111112,0.7222222222222222
sam2_unet,model_specific,calibrated,eye,failure_inclusive.aurc,5,0.22906784617317752,0.06300425984924539,0.15826069723853675,0.3161802565096865
sam2_unet,model_specific,calibrated,eye,failure_inclusive.balanced_accuracy,5,0.5183333333333333,0.044253060157839204,0.4666666666666666,0.5833333333333334
sam2_unet,model_specific,calibrated,eye,failure_inclusive.correct,5,23.0,1.7320508075688772,22.0,26.0
sam2_unet,model_specific,calibrated,eye,failure_inclusive.incorrect_or_abstained,5,13.0,1.7320508075688772,10.0,14.0
sam2_unet,model_specific,calibrated,eye,failure_inclusive.macro_f1,5,0.4902443081458411,0.0696785396906072,0.41269841269841273,0.5845117845117845
sam2_unet,model_specific,calibrated,eye,failure_inclusive.macro_precision,5,0.5155106686685634,0.14668064953752183,0.3752913752913753,0.7444444444444445
sam2_unet,model_specific,calibrated,eye,failure_inclusive.macro_recall,5,0.5183333333333333,0.044253060157839204,0.4666666666666666,0.5833333333333334
sam2_unet,model_specific,calibrated,eye,failure_inclusive.macro_specificity,5,0.8166666666666668,0.017557001433038785,0.7976190476190478,0.8452380952380952
sam2_unet,model_specific,calibrated,eye,failure_inclusive.multiclass_mcc,5,0.40312234150004167,0.07222779148644465,0.3417929635123316,0.5233973683491399
sam2_unet,model_specific,calibrated,eye,failure_inclusive.per_class.normal.abstain,5,0.0,0.0,0.0,0.0
sam2_unet,model_specific,calibrated,eye,failure_inclusive.per_class.normal.balanced_accuracy_ovr,5,0.8400000000000001,0.029843340965783303,0.8,0.875
sam2_unet,model_specific,calibrated,eye,failure_inclusive.per_class.normal.class_index,5,0.0,0.0,0.0,0.0
sam2_unet,model_specific,calibrated,eye,failure_inclusive.per_class.normal.f1,5,0.8618804387738919,0.03083901268156195,0.8292682926829268,0.9090909090909091
sam2_unet,model_specific,calibrated,eye,failure_inclusive.per_class.normal.fn_including_abstain,5,2.4,1.51657508881031,0.0,4.0
sam2_unet,model_specific,calibrated,eye,failure_inclusive.per_class.normal.fp,5,3.2,1.0954451150103321,2.0,4.0
sam2_unet,model_specific,calibrated,eye,failure_inclusive.per_class.normal.precision,5,0.8489329384066225,0.04011400654946095,0.8095238095238095,0.8947368421052632
sam2_unet,model_specific,calibrated,eye,failure_inclusive.per_class.normal.recall,5,0.8800000000000001,0.0758287544405155,0.8,1.0
sam2_unet,model_specific,calibrated,eye,failure_inclusive.per_class.normal.sensitivity,5,0.8800000000000001,0.0758287544405155,0.8,1.0
sam2_unet,model_specific,calibrated,eye,failure_inclusive.per_class.normal.specificity,5,0.8,0.06846531968814576,0.75,0.875
sam2_unet,model_specific,calibrated,eye,failure_inclusive.per_class.normal.support,5,20.0,0.0,20.0,20.0
sam2_unet,model_specific,calibrated,eye,failure_inclusive.per_class.normal.tn_excluding_abstain,5,12.8,1.0954451150103321,12.0,14.0
sam2_unet,model_specific,calibrated,eye,failure_inclusive.per_class.normal.tp,5,17.6,1.51657508881031,16.0,20.0
sam2_unet,model_specific,calibrated,eye,failure_inclusive.per_class.papilledema.abstain,5,0.0,0.0,0.0,0.0
sam2_unet,model_specific,calibrated,eye,failure_inclusive.per_class.papilledema.balanced_accuracy_ovr,5,0.5553571428571429,0.061341300133277384,0.48214285714285715,0.625
sam2_unet,model_specific,calibrated,eye,failure_inclusive.per_class.papilledema.class_index,5,1.0,0.0,1.0,1.0
sam2_unet,model_specific,calibrated,eye,failure_inclusive.per_class.papilledema.f1,5,0.21725490196078434,0.19979997687037154,0.0,0.4
sam2_unet,model_specific,calibrated,eye,failure_inclusive.per_class.papilledema.fn_including_abstain,5,6.6,1.3416407864998738,5.0,8.0
sam2_unet,model_specific,calibrated,eye,failure_inclusive.per_class.papilledema.fp,5,1.8,2.4899799195977463,0.0,6.0
sam2_unet,model_specific,calibrated,eye,failure_inclusive.per_class.papilledema.precision,5,0.36666666666666664,0.41499665326629104,0.0,1.0
sam2_unet,model_specific,calibrated,eye,failure_inclusive.per_class.papilledema.recall,5,0.175,0.16770509831248423,0.0,0.375
sam2_unet,model_specific,calibrated,eye,failure_inclusive.per_class.papilledema.sensitivity,5,0.175,0.16770509831248423,0.0,0.375
sam2_unet,model_specific,calibrated,eye,failure_inclusive.per_class.papilledema.specificity,5,0.9357142857142857,0.0889278542713481,0.7857142857142857,1.0
sam2_unet,model_specific,calibrated,eye,failure_inclusive.per_class.papilledema.support,5,8.0,0.0,8.0,8.0
sam2_unet,model_specific,calibrated,eye,failure_inclusive.per_class.papilledema.tn_excluding_abstain,5,26.2,2.4899799195977463,22.0,28.0
sam2_unet,model_specific,calibrated,eye,failure_inclusive.per_class.papilledema.tp,5,1.4,1.3416407864998738,0.0,3.0
sam2_unet,model_specific,calibrated,eye,failure_inclusive.per_class.pseudopapilledema.abstain,5,0.0,0.0,0.0,0.0
sam2_unet,model_specific,calibrated,eye,failure_inclusive.per_class.pseudopapilledema.balanced_accuracy_ovr,5,0.6071428571428571,0.05646924393157821,0.5178571428571428,0.6607142857142857
sam2_unet,model_specific,calibrated,eye,failure_inclusive.per_class.pseudopapilledema.class_index,5,2.0,0.0,2.0,2.0
sam2_unet,model_specific,calibrated,eye,failure_inclusive.per_class.pseudopapilledema.f1,5,0.3915975837028468,0.0847279661329788,0.25,0.46153846153846156
sam2_unet,model_specific,calibrated,eye,failure_inclusive.per_class.pseudopapilledema.fn_including_abstain,5,4.0,1.4142135623730951,2.0,6.0
sam2_unet,model_specific,calibrated,eye,failure_inclusive.per_class.pseudopapilledema.fp,5,8.0,2.5495097567963922,6.0,12.0
sam2_unet,model_specific,calibrated,eye,failure_inclusive.per_class.pseudopapilledema.precision,5,0.33093240093240095,0.05686783438023151,0.25,0.4
sam2_unet,model_specific,calibrated,eye,failure_inclusive.per_class.pseudopapilledema.recall,5,0.5,0.1767766952966369,0.25,0.75
sam2_unet,model_specific,calibrated,eye,failure_inclusive.per_class.pseudopapilledema.sensitivity,5,0.5,0.1767766952966369,0.25,0.75
sam2_unet,model_specific,calibrated,eye,failure_inclusive.per_class.pseudopapilledema.specificity,5,0.7142857142857142,0.09105391988558545,0.5714285714285714,0.7857142857142857
sam2_unet,model_specific,calibrated,eye,failure_inclusive.per_class.pseudopapilledema.support,5,8.0,0.0,8.0,8.0
sam2_unet,model_specific,calibrated,eye,failure_inclusive.per_class.pseudopapilledema.tn_excluding_abstain,5,20.0,2.5495097567963922,16.0,22.0
sam2_unet,model_specific,calibrated,eye,failure_inclusive.per_class.pseudopapilledema.tp,5,4.0,1.4142135623730951,2.0,6.0
sam2_unet,model_specific,calibrated,eye,localized_diagnostic_success.localized_rate,5,0.9944444444444445,0.012422599874998837,0.9722222222222222,1.0
sam2_unet,model_specific,calibrated,eye,localized_diagnostic_success.n_success,5,22.8,1.9235384061671343,21.0,26.0
sam2_unet,model_specific,calibrated,eye,localized_diagnostic_success.per_class_rate.normal,5,0.8700000000000001,0.0758287544405155,0.8,1.0
sam2_unet,model_specific,calibrated,eye,localized_diagnostic_success.per_class_rate.papilledema,5,0.175,0.16770509831248423,0.0,0.375
sam2_unet,model_specific,calibrated,eye,localized_diagnostic_success.per_class_rate.pseudopapilledema,5,0.5,0.1767766952966369,0.25,0.75
sam2_unet,model_specific,calibrated,eye,localized_diagnostic_success.rate,5,0.6333333333333334,0.05343162239353149,0.5833333333333334,0.7222222222222222
sam2_unet,model_specific,calibrated,eye,n_abstain,5,0.0,0.0,0.0,0.0
sam2_unet,model_specific,calibrated,eye,n_covered,5,36.0,0.0,36.0,36.0
sam2_unet,model_specific,calibrated,eye,n_total,5,36.0,0.0,36.0,36.0
sam2_unet,model_specific,calibrated,eye,selective_risk,5,0.36111111111111105,0.04811252243246881,0.2777777777777778,0.3888888888888889
sam2_unet,model_specific,calibrated,patient,abstention_rate,5,0.0,0.0,0.0,0.0
sam2_unet,model_specific,calibrated,patient,class_conditional_coverage.normal,5,1.0,0.0,1.0,1.0
sam2_unet,model_specific,calibrated,patient,class_conditional_coverage.papilledema,5,1.0,0.0,1.0,1.0
sam2_unet,model_specific,calibrated,patient,class_conditional_coverage.pseudopapilledema,5,1.0,0.0,1.0,1.0
sam2_unet,model_specific,calibrated,patient,conditional.accuracy,5,0.6555555555555556,0.0724355822800294,0.5555555555555556,0.7222222222222222
sam2_unet,model_specific,calibrated,patient,conditional.balanced_accuracy,5,0.5133333333333334,0.08692269873603534,0.3833333333333333,0.5833333333333334
sam2_unet,model_specific,calibrated,patient,conditional.class_counts.normal,5,10.0,0.0,10.0,10.0
sam2_unet,model_specific,calibrated,patient,conditional.class_counts.papilledema,5,4.0,0.0,4.0,4.0
sam2_unet,model_specific,calibrated,patient,conditional.class_counts.pseudopapilledema,5,4.0,0.0,4.0,4.0
sam2_unet,model_specific,calibrated,patient,conditional.derived_discrimination.normal_vs_abnormal.auroc,5,0.89,0.05618051263561056,0.8125,0.95
sam2_unet,model_specific,calibrated,patient,conditional.derived_discrimination.normal_vs_abnormal.average_precision,5,0.9175874125874126,0.036171080341929174,0.875,0.9583333333333333
sam2_unet,model_specific,calibrated,patient,conditional.derived_discrimination.normal_vs_abnormal.n,5,18.0,0.0,18.0,18.0
sam2_unet,model_specific,calibrated,patient,conditional.derived_discrimination.normal_vs_abnormal.negative,5,10.0,0.0,10.0,10.0
sam2_unet,model_specific,calibrated,patient,conditional.derived_discrimination.normal_vs_abnormal.positive,5,8.0,0.0,8.0,8.0
sam2_unet,model_specific,calibrated,patient,conditional.derived_discrimination.papilledema_vs_pseudopapilledema.auroc,5,0.3625,0.2091650066335189,0.1875,0.6875
sam2_unet,model_specific,calibrated,patient,conditional.derived_discrimination.papilledema_vs_pseudopapilledema.average_precision,5,0.5408333333333333,0.1655220046205502,0.4125,0.7928571428571428
sam2_unet,model_specific,calibrated,patient,conditional.derived_discrimination.papilledema_vs_pseudopapilledema.n,5,8.0,0.0,8.0,8.0
sam2_unet,model_specific,calibrated,patient,conditional.derived_discrimination.papilledema_vs_pseudopapilledema.negative,5,4.0,0.0,4.0,4.0
sam2_unet,model_specific,calibrated,patient,conditional.derived_discrimination.papilledema_vs_pseudopapilledema.positive,5,4.0,0.0,4.0,4.0
sam2_unet,model_specific,calibrated,patient,conditional.macro.adaptive_ece_ovr,5,0.1911554217270102,0.0337882531247476,0.15736168661272296,0.24375271025407605
sam2_unet,model_specific,calibrated,patient,conditional.macro.auroc_ovr,5,0.7930952380952381,0.04130712220272916,0.7291666666666666,0.8363095238095237
sam2_unet,model_specific,calibrated,patient,conditional.macro.average_precision_ovr,5,0.6166282791282791,0.0601948782223355,0.5455246605246605,0.6927562252562253
sam2_unet,model_specific,calibrated,patient,conditional.macro.balanced_accuracy_ovr,5,0.6685714285714286,0.05647771368298424,0.5875,0.7142857142857144
sam2_unet,model_specific,calibrated,patient,conditional.macro.brier_ovr,5,0.1476510944286149,0.01310905887404964,0.12650660186783455,0.1596159751026656
sam2_unet,model_specific,calibrated,patient,conditional.macro.ece_ovr,5,0.166734492714335,0.04071412926226671,0.10411477229447826,0.20501473504544684
sam2_unet,model_specific,calibrated,patient,conditional.macro.f1,5,0.485021645021645,0.09496337447831646,0.37407407407407406,0.5845117845117845
sam2_unet,model_specific,calibrated,patient,conditional.macro.mcc_ovr,5,0.348121654410242,0.1426409816768942,0.16760153364217714,0.5031698130604427
sam2_unet,model_specific,calibrated,patient,conditional.macro.nll_ovr,5,0.4625342959793345,0.04962955090042982,0.389370129048147,0.5104234354179225
sam2_unet,model_specific,calibrated,patient,conditional.macro.nll_true_class,5,0.9811507704004843,0.13492551567320732,0.8527850448424982,1.1860421414501714
sam2_unet,model_specific,calibrated,patient,conditional.macro.precision,5,0.5062121212121212,0.16492582577433468,0.3666666666666667,0.7444444444444445
sam2_unet,model_specific,calibrated,patient,conditional.macro.recall,5,0.5133333333333334,0.08692269873603534,0.3833333333333333,0.5833333333333334
sam2_unet,model_specific,calibrated,patient,conditional.macro.specificity,5,0.8238095238095238,0.02681876268111624,0.7916666666666666,0.8452380952380952
sam2_unet,model_specific,calibrated,patient,conditional.macro_auroc,5,0.7930952380952381,0.04130712220272916,0.7291666666666666,0.8363095238095237
sam2_unet,model_specific,calibrated,patient,conditional.macro_average_precision,5,0.6166282791282791,0.0601948782223355,0.5455246605246605,0.6927562252562253
sam2_unet,model_specific,calibrated,patient,conditional.macro_classwise_adaptive_ece,5,0.1911554217270102,0.0337882531247476,0.15736168661272296,0.24375271025407605
sam2_unet,model_specific,calibrated,patient,conditional.macro_classwise_ece,5,0.166734492714335,0.04071412926226671,0.10411477229447826,0.20501473504544684
sam2_unet,model_specific,calibrated,patient,conditional.macro_f1,5,0.485021645021645,0.09496337447831646,0.37407407407407406,0.5845117845117845
sam2_unet,model_specific,calibrated,patient,conditional.macro_precision,5,0.5062121212121212,0.16492582577433468,0.3666666666666667,0.7444444444444445
sam2_unet,model_specific,calibrated,patient,conditional.macro_recall,5,0.5133333333333334,0.08692269873603534,0.3833333333333333,0.5833333333333334
sam2_unet,model_specific,calibrated,patient,conditional.multiclass_brier,5,0.4429532832858447,0.0393271766221489,0.3795198056035037,0.47884792530799675
sam2_unet,model_specific,calibrated,patient,conditional.multiclass_mcc,5,0.42070797700268725,0.12086963286129268,0.2513123449750173,0.5233973683491399
sam2_unet,model_specific,calibrated,patient,conditional.multiclass_nll,5,0.7538430990559281,0.10036079274908336,0.6013432256195944,0.8459388761371667
sam2_unet,model_specific,calibrated,patient,conditional.n,5,18.0,0.0,18.0,18.0
sam2_unet,model_specific,calibrated,patient,conditional.per_class.normal.adaptive_ece_ovr,5,0.1747036737376993,0.055900674363106764,0.1214266304245322,0.2550174836925449
sam2_unet,model_specific,calibrated,patient,conditional.per_class.normal.auroc_ovr,5,0.89,0.05618051263561056,0.8125,0.95
sam2_unet,model_specific,calibrated,patient,conditional.per_class.normal.average_precision_ovr,5,0.8983910533910532,0.058942363629645084,0.811024531024531,0.9572979797979797
sam2_unet,model_specific,calibrated,patient,conditional.per_class.normal.balanced_accuracy_ovr,5,0.8700000000000001,0.025920551691659657,0.825,0.8875
sam2_unet,model_specific,calibrated,patient,conditional.per_class.normal.brier_ovr,5,0.11573188660386217,0.027789536289533928,0.08305115404339881,0.15035179348637626
sam2_unet,model_specific,calibrated,patient,conditional.per_class.normal.class_index,5,0.0,0.0,0.0,0.0
sam2_unet,model_specific,calibrated,patient,conditional.per_class.normal.ece_ovr,5,0.14531755335167437,0.06317992265849678,0.0869874510767767,0.2521122849152441
sam2_unet,model_specific,calibrated,patient,conditional.per_class.normal.f1,5,0.8950649350649351,0.021680922607844454,0.8571428571428571,0.9090909090909091
sam2_unet,model_specific,calibrated,patient,conditional.per_class.normal.fn,5,0.6,0.5477225575051662,0.0,1.0
sam2_unet,model_specific,calibrated,patient,conditional.per_class.normal.fp,5,1.6,0.5477225575051661,1.0,2.0
sam2_unet,model_specific,calibrated,patient,conditional.per_class.normal.mcc_ovr,5,0.7587360357906205,0.05433502306226992,0.6625413488689132,0.7905694150420948
sam2_unet,model_specific,calibrated,patient,conditional.per_class.normal.nll_ovr,5,0.37628924257439056,0.08729585587998649,0.2587130485863296,0.47705417596386074
sam2_unet,model_specific,calibrated,patient,conditional.per_class.normal.nll_true_class,5,0.29922775636681564,0.21282346088753995,0.09845958717378629,0.5767580275563244
sam2_unet,model_specific,calibrated,patient,conditional.per_class.normal.precision,5,0.856969696969697,0.03976515079351332,0.8181818181818182,0.9
sam2_unet,model_specific,calibrated,patient,conditional.per_class.normal.recall,5,0.9400000000000001,0.0547722557505166,0.9,1.0
sam2_unet,model_specific,calibrated,patient,conditional.per_class.normal.sensitivity,5,0.9400000000000001,0.0547722557505166,0.9,1.0
sam2_unet,model_specific,calibrated,patient,conditional.per_class.normal.specificity,5,0.8,0.06846531968814576,0.75,0.875
sam2_unet,model_specific,calibrated,patient,conditional.per_class.normal.support,5,10.0,0.0,10.0,10.0
sam2_unet,model_specific,calibrated,patient,conditional.per_class.normal.tn,5,6.4,0.5477225575051661,6.0,7.0
sam2_unet,model_specific,calibrated,patient,conditional.per_class.normal.tp,5,9.4,0.5477225575051662,9.0,10.0
sam2_unet,model_specific,calibrated,patient,conditional.per_class.papilledema.adaptive_ece_ovr,5,0.18501307292660393,0.044994676367280585,0.1425380119614493,0.24860145423798652
sam2_unet,model_specific,calibrated,patient,conditional.per_class.papilledema.auroc_ovr,5,0.825,0.08693329603312921,0.6964285714285714,0.9107142857142858
sam2_unet,model_specific,calibrated,patient,conditional.per_class.papilledema.average_precision_ovr,5,0.5785714285714285,0.16317776848267082,0.3988095238095238,0.7678571428571428
sam2_unet,model_specific,calibrated,patient,conditional.per_class.papilledema.balanced_accuracy_ovr,5,0.5321428571428573,0.07075575984342482,0.4642857142857143,0.625
sam2_unet,model_specific,calibrated,patient,conditional.per_class.papilledema.brier_ovr,5,0.14201227311653053,0.03832553523182086,0.09347130720680294,0.19049409618169083
sam2_unet,model_specific,calibrated,patient,conditional.per_class.papilledema.class_index,5,1.0,0.0,1.0,1.0
sam2_unet,model_specific,calibrated,patient,conditional.per_class.papilledema.ece_ovr,5,0.164575086937942,0.06026072118971616,0.08960426288784842,0.24921097517599142
sam2_unet,model_specific,calibrated,patient,conditional.per_class.papilledema.f1,5,0.19111111111111112,0.1856586539929371,0.0,0.4
sam2_unet,model_specific,calibrated,patient,conditional.per_class.papilledema.fn,5,3.4,0.5477225575051661,3.0,4.0
sam2_unet,model_specific,calibrated,patient,conditional.per_class.papilledema.fp,5,1.2,1.6431676725154982,0.0,4.0
sam2_unet,model_specific,calibrated,patient,conditional.per_class.papilledema.mcc_ovr,5,0.1054359960400519,0.23664731239385306,-0.12964074471043288,0.4537426064865151
sam2_unet,model_specific,calibrated,patient,conditional.per_class.papilledema.nll_ovr,5,0.4504864688562641,0.14073122800050342,0.2678561948297117,0.6038558560364473
sam2_unet,model_specific,calibrated,patient,conditional.per_class.papilledema.nll_true_class,5,1.3207340779869956,0.5286372174269329,0.8194252067706707,2.112731312268751
sam2_unet,model_specific,calibrated,patient,conditional.per_class.papilledema.precision,5,0.33999999999999997,0.42190046219457966,0.0,1.0
sam2_unet,model_specific,calibrated,patient,conditional.per_class.papilledema.recall,5,0.15,0.13693063937629155,0.0,0.25
sam2_unet,model_specific,calibrated,patient,conditional.per_class.papilledema.sensitivity,5,0.15,0.13693063937629155,0.0,0.25
sam2_unet,model_specific,calibrated,patient,conditional.per_class.papilledema.specificity,5,0.9142857142857144,0.11736911946539273,0.7142857142857143,1.0
sam2_unet,model_specific,calibrated,patient,conditional.per_class.papilledema.support,5,4.0,0.0,4.0,4.0
sam2_unet,model_specific,calibrated,patient,conditional.per_class.papilledema.tn,5,12.8,1.6431676725154984,10.0,14.0
sam2_unet,model_specific,calibrated,patient,conditional.per_class.papilledema.tp,5,0.6,0.5477225575051662,0.0,1.0
sam2_unet,model_specific,calibrated,patient,conditional.per_class.pseudopapilledema.adaptive_ece_ovr,5,0.21374951851672738,0.021641895326379272,0.18762579806500934,0.23888621218150094
sam2_unet,model_specific,calibrated,patient,conditional.per_class.pseudopapilledema.auroc_ovr,5,0.6642857142857143,0.07925836078990053,0.5357142857142857,0.75
sam2_unet,model_specific,calibrated,patient,conditional.per_class.pseudopapilledema.average_precision_ovr,5,0.3729223554223554,0.05057641561576076,0.30769230769230765,0.44166666666666665
sam2_unet,model_specific,calibrated,patient,conditional.per_class.pseudopapilledema.balanced_accuracy_ovr,5,0.6035714285714285,0.12268260026655477,0.39285714285714285,0.6964285714285714
sam2_unet,model_specific,calibrated,patient,conditional.per_class.pseudopapilledema.brier_ovr,5,0.185209123565452,0.018937226718656906,0.16009860482846447,0.21068490227702882
sam2_unet,model_specific,calibrated,patient,conditional.per_class.pseudopapilledema.class_index,5,2.0,0.0,2.0,2.0
sam2_unet,model_specific,calibrated,patient,conditional.per_class.pseudopapilledema.ece_ovr,5,0.1903108378533886,0.04305839157141194,0.13575260291880964,0.25170700957488074
sam2_unet,model_specific,calibrated,patient,conditional.per_class.pseudopapilledema.f1,5,0.36888888888888893,0.2104375218854374,0.0,0.5
sam2_unet,model_specific,calibrated,patient,conditional.per_class.pseudopapilledema.fn,5,2.2,1.0954451150103321,1.0,4.0
sam2_unet,model_specific,calibrated,patient,conditional.per_class.pseudopapilledema.fp,5,3.4,1.140175425099138,2.0,5.0
sam2_unet,model_specific,calibrated,patient,conditional.per_class.pseudopapilledema.mcc_ovr,5,0.1801929314000537,0.24311832779943204,-0.23904572186687875,0.35714285714285715
sam2_unet,model_specific,calibrated,patient,conditional.per_class.pseudopapilledema.nll_ovr,5,0.5608271765073488,0.07379485391908916,0.4494318775742427,0.6553465671318045
sam2_unet,model_specific,calibrated,patient,conditional.per_class.pseudopapilledema.nll_true_class,5,1.3234904768476419,0.38068203836185277,0.8201637770089745,1.741285722545166
sam2_unet,model_specific,calibrated,patient,conditional.per_class.pseudopapilledema.precision,5,0.32166666666666666,0.18999268991785506,0.0,0.5
sam2_unet,model_specific,calibrated,patient,conditional.per_class.pseudopapilledema.recall,5,0.45,0.2738612787525831,0.0,0.75
sam2_unet,model_specific,calibrated,patient,conditional.per_class.pseudopapilledema.sensitivity,5,0.45,0.2738612787525831,0.0,0.75
sam2_unet,model_specific,calibrated,patient,conditional.per_class.pseudopapilledema.specificity,5,0.7571428571428571,0.08144110179279554,0.6428571428571429,0.8571428571428571
sam2_unet,model_specific,calibrated,patient,conditional.per_class.pseudopapilledema.support,5,4.0,0.0,4.0,4.0
sam2_unet,model_specific,calibrated,patient,conditional.per_class.pseudopapilledema.tn,5,10.6,1.1401754250991378,9.0,12.0
sam2_unet,model_specific,calibrated,patient,conditional.per_class.pseudopapilledema.tp,5,1.8,1.0954451150103324,0.0,3.0
sam2_unet,model_specific,calibrated,patient,conditional.top_label_adaptive_ece,5,0.2605830309192386,0.032852577941778795,0.22748488363126318,0.31064314991160075
sam2_unet,model_specific,calibrated,patient,conditional.top_label_ece,5,0.17541288917281675,0.05315210068899713,0.09995823234390729,0.24681492975363367
sam2_unet,model_specific,calibrated,patient,conditional_aurc,5,0.20731585589428728,0.04014575338732834,0.16654313823431469,0.26041618602893113
sam2_unet,model_specific,calibrated,patient,coverage,5,1.0,0.0,1.0,1.0
sam2_unet,model_specific,calibrated,patient,failure_aware.accuracy,5,0.6555555555555556,0.0724355822800294,0.5555555555555556,0.7222222222222222
sam2_unet,model_specific,calibrated,patient,failure_aware.aurc,5,0.20731585589428728,0.04014575338732834,0.16654313823431469,0.26041618602893113
sam2_unet,model_specific,calibrated,patient,failure_aware.balanced_accuracy,5,0.5133333333333334,0.08692269873603534,0.3833333333333333,0.5833333333333334
sam2_unet,model_specific,calibrated,patient,failure_aware.correct,5,11.8,1.3038404810405297,10.0,13.0
sam2_unet,model_specific,calibrated,patient,failure_aware.incorrect_or_abstained,5,6.2,1.3038404810405297,5.0,8.0
sam2_unet,model_specific,calibrated,patient,failure_aware.macro_f1,5,0.485021645021645,0.09496337447831646,0.37407407407407406,0.5845117845117845
sam2_unet,model_specific,calibrated,patient,failure_aware.macro_precision,5,0.5062121212121212,0.16492582577433468,0.3666666666666667,0.7444444444444445
sam2_unet,model_specific,calibrated,patient,failure_aware.macro_recall,5,0.5133333333333334,0.08692269873603534,0.3833333333333333,0.5833333333333334
sam2_unet,model_specific,calibrated,patient,failure_aware.macro_specificity,5,0.8238095238095238,0.02681876268111624,0.7916666666666666,0.8452380952380952
sam2_unet,model_specific,calibrated,patient,failure_aware.multiclass_mcc,5,0.42070797700268725,0.12086963286129268,0.2513123449750173,0.5233973683491399
sam2_unet,model_specific,calibrated,patient,failure_aware.per_class.normal.abstain,5,0.0,0.0,0.0,0.0
sam2_unet,model_specific,calibrated,patient,failure_aware.per_class.normal.balanced_accuracy_ovr,5,0.8700000000000001,0.025920551691659657,0.825,0.8875
sam2_unet,model_specific,calibrated,patient,failure_aware.per_class.normal.class_index,5,0.0,0.0,0.0,0.0
sam2_unet,model_specific,calibrated,patient,failure_aware.per_class.normal.f1,5,0.8950649350649351,0.021680922607844454,0.8571428571428571,0.9090909090909091
sam2_unet,model_specific,calibrated,patient,failure_aware.per_class.normal.fn_including_abstain,5,0.6,0.5477225575051662,0.0,1.0
sam2_unet,model_specific,calibrated,patient,failure_aware.per_class.normal.fp,5,1.6,0.5477225575051661,1.0,2.0
sam2_unet,model_specific,calibrated,patient,failure_aware.per_class.normal.precision,5,0.856969696969697,0.03976515079351332,0.8181818181818182,0.9
sam2_unet,model_specific,calibrated,patient,failure_aware.per_class.normal.recall,5,0.9400000000000001,0.0547722557505166,0.9,1.0
sam2_unet,model_specific,calibrated,patient,failure_aware.per_class.normal.sensitivity,5,0.9400000000000001,0.0547722557505166,0.9,1.0
sam2_unet,model_specific,calibrated,patient,failure_aware.per_class.normal.specificity,5,0.8,0.06846531968814576,0.75,0.875
sam2_unet,model_specific,calibrated,patient,failure_aware.per_class.normal.support,5,10.0,0.0,10.0,10.0
sam2_unet,model_specific,calibrated,patient,failure_aware.per_class.normal.tn_excluding_abstain,5,6.4,0.5477225575051661,6.0,7.0
sam2_unet,model_specific,calibrated,patient,failure_aware.per_class.normal.tp,5,9.4,0.5477225575051662,9.0,10.0
sam2_unet,model_specific,calibrated,patient,failure_aware.per_class.papilledema.abstain,5,0.0,0.0,0.0,0.0
sam2_unet,model_specific,calibrated,patient,failure_aware.per_class.papilledema.balanced_accuracy_ovr,5,0.5321428571428573,0.07075575984342482,0.4642857142857143,0.625
sam2_unet,model_specific,calibrated,patient,failure_aware.per_class.papilledema.class_index,5,1.0,0.0,1.0,1.0
sam2_unet,model_specific,calibrated,patient,failure_aware.per_class.papilledema.f1,5,0.19111111111111112,0.1856586539929371,0.0,0.4
sam2_unet,model_specific,calibrated,patient,failure_aware.per_class.papilledema.fn_including_abstain,5,3.4,0.5477225575051661,3.0,4.0
sam2_unet,model_specific,calibrated,patient,failure_aware.per_class.papilledema.fp,5,1.2,1.6431676725154982,0.0,4.0
sam2_unet,model_specific,calibrated,patient,failure_aware.per_class.papilledema.precision,5,0.33999999999999997,0.42190046219457966,0.0,1.0
sam2_unet,model_specific,calibrated,patient,failure_aware.per_class.papilledema.recall,5,0.15,0.13693063937629155,0.0,0.25
sam2_unet,model_specific,calibrated,patient,failure_aware.per_class.papilledema.sensitivity,5,0.15,0.13693063937629155,0.0,0.25
sam2_unet,model_specific,calibrated,patient,failure_aware.per_class.papilledema.specificity,5,0.9142857142857144,0.11736911946539273,0.7142857142857143,1.0
sam2_unet,model_specific,calibrated,patient,failure_aware.per_class.papilledema.support,5,4.0,0.0,4.0,4.0
sam2_unet,model_specific,calibrated,patient,failure_aware.per_class.papilledema.tn_excluding_abstain,5,12.8,1.6431676725154984,10.0,14.0
sam2_unet,model_specific,calibrated,patient,failure_aware.per_class.papilledema.tp,5,0.6,0.5477225575051662,0.0,1.0
sam2_unet,model_specific,calibrated,patient,failure_aware.per_class.pseudopapilledema.abstain,5,0.0,0.0,0.0,0.0
sam2_unet,model_specific,calibrated,patient,failure_aware.per_class.pseudopapilledema.balanced_accuracy_ovr,5,0.6035714285714285,0.12268260026655477,0.39285714285714285,0.6964285714285714
sam2_unet,model_specific,calibrated,patient,failure_aware.per_class.pseudopapilledema.class_index,5,2.0,0.0,2.0,2.0
sam2_unet,model_specific,calibrated,patient,failure_aware.per_class.pseudopapilledema.f1,5,0.36888888888888893,0.2104375218854374,0.0,0.5
sam2_unet,model_specific,calibrated,patient,failure_aware.per_class.pseudopapilledema.fn_including_abstain,5,2.2,1.0954451150103321,1.0,4.0
sam2_unet,model_specific,calibrated,patient,failure_aware.per_class.pseudopapilledema.fp,5,3.4,1.140175425099138,2.0,5.0
sam2_unet,model_specific,calibrated,patient,failure_aware.per_class.pseudopapilledema.precision,5,0.32166666666666666,0.18999268991785506,0.0,0.5
sam2_unet,model_specific,calibrated,patient,failure_aware.per_class.pseudopapilledema.recall,5,0.45,0.2738612787525831,0.0,0.75
sam2_unet,model_specific,calibrated,patient,failure_aware.per_class.pseudopapilledema.sensitivity,5,0.45,0.2738612787525831,0.0,0.75
sam2_unet,model_specific,calibrated,patient,failure_aware.per_class.pseudopapilledema.specificity,5,0.7571428571428571,0.08144110179279554,0.6428571428571429,0.8571428571428571
sam2_unet,model_specific,calibrated,patient,failure_aware.per_class.pseudopapilledema.support,5,4.0,0.0,4.0,4.0
sam2_unet,model_specific,calibrated,patient,failure_aware.per_class.pseudopapilledema.tn_excluding_abstain,5,10.6,1.1401754250991378,9.0,12.0
sam2_unet,model_specific,calibrated,patient,failure_aware.per_class.pseudopapilledema.tp,5,1.8,1.0954451150103324,0.0,3.0
sam2_unet,model_specific,calibrated,patient,failure_aware_accuracy,5,0.6555555555555556,0.0724355822800294,0.5555555555555556,0.7222222222222222
sam2_unet,model_specific,calibrated,patient,failure_aware_aurc,5,0.20731585589428728,0.04014575338732834,0.16654313823431469,0.26041618602893113
sam2_unet,model_specific,calibrated,patient,failure_aware_balanced_accuracy,5,0.5133333333333334,0.08692269873603534,0.3833333333333333,0.5833333333333334
sam2_unet,model_specific,calibrated,patient,failure_inclusive.accuracy,5,0.6555555555555556,0.0724355822800294,0.5555555555555556,0.7222222222222222
sam2_unet,model_specific,calibrated,patient,failure_inclusive.aurc,5,0.20731585589428728,0.04014575338732834,0.16654313823431469,0.26041618602893113
sam2_unet,model_specific,calibrated,patient,failure_inclusive.balanced_accuracy,5,0.5133333333333334,0.08692269873603534,0.3833333333333333,0.5833333333333334
sam2_unet,model_specific,calibrated,patient,failure_inclusive.correct,5,11.8,1.3038404810405297,10.0,13.0
sam2_unet,model_specific,calibrated,patient,failure_inclusive.incorrect_or_abstained,5,6.2,1.3038404810405297,5.0,8.0
sam2_unet,model_specific,calibrated,patient,failure_inclusive.macro_f1,5,0.485021645021645,0.09496337447831646,0.37407407407407406,0.5845117845117845
sam2_unet,model_specific,calibrated,patient,failure_inclusive.macro_precision,5,0.5062121212121212,0.16492582577433468,0.3666666666666667,0.7444444444444445
sam2_unet,model_specific,calibrated,patient,failure_inclusive.macro_recall,5,0.5133333333333334,0.08692269873603534,0.3833333333333333,0.5833333333333334
sam2_unet,model_specific,calibrated,patient,failure_inclusive.macro_specificity,5,0.8238095238095238,0.02681876268111624,0.7916666666666666,0.8452380952380952
sam2_unet,model_specific,calibrated,patient,failure_inclusive.multiclass_mcc,5,0.42070797700268725,0.12086963286129268,0.2513123449750173,0.5233973683491399
sam2_unet,model_specific,calibrated,patient,failure_inclusive.per_class.normal.abstain,5,0.0,0.0,0.0,0.0
sam2_unet,model_specific,calibrated,patient,failure_inclusive.per_class.normal.balanced_accuracy_ovr,5,0.8700000000000001,0.025920551691659657,0.825,0.8875
sam2_unet,model_specific,calibrated,patient,failure_inclusive.per_class.normal.class_index,5,0.0,0.0,0.0,0.0
sam2_unet,model_specific,calibrated,patient,failure_inclusive.per_class.normal.f1,5,0.8950649350649351,0.021680922607844454,0.8571428571428571,0.9090909090909091
sam2_unet,model_specific,calibrated,patient,failure_inclusive.per_class.normal.fn_including_abstain,5,0.6,0.5477225575051662,0.0,1.0
sam2_unet,model_specific,calibrated,patient,failure_inclusive.per_class.normal.fp,5,1.6,0.5477225575051661,1.0,2.0
sam2_unet,model_specific,calibrated,patient,failure_inclusive.per_class.normal.precision,5,0.856969696969697,0.03976515079351332,0.8181818181818182,0.9
sam2_unet,model_specific,calibrated,patient,failure_inclusive.per_class.normal.recall,5,0.9400000000000001,0.0547722557505166,0.9,1.0
sam2_unet,model_specific,calibrated,patient,failure_inclusive.per_class.normal.sensitivity,5,0.9400000000000001,0.0547722557505166,0.9,1.0
sam2_unet,model_specific,calibrated,patient,failure_inclusive.per_class.normal.specificity,5,0.8,0.06846531968814576,0.75,0.875
sam2_unet,model_specific,calibrated,patient,failure_inclusive.per_class.normal.support,5,10.0,0.0,10.0,10.0
sam2_unet,model_specific,calibrated,patient,failure_inclusive.per_class.normal.tn_excluding_abstain,5,6.4,0.5477225575051661,6.0,7.0
sam2_unet,model_specific,calibrated,patient,failure_inclusive.per_class.normal.tp,5,9.4,0.5477225575051662,9.0,10.0
sam2_unet,model_specific,calibrated,patient,failure_inclusive.per_class.papilledema.abstain,5,0.0,0.0,0.0,0.0
sam2_unet,model_specific,calibrated,patient,failure_inclusive.per_class.papilledema.balanced_accuracy_ovr,5,0.5321428571428573,0.07075575984342482,0.4642857142857143,0.625
sam2_unet,model_specific,calibrated,patient,failure_inclusive.per_class.papilledema.class_index,5,1.0,0.0,1.0,1.0
sam2_unet,model_specific,calibrated,patient,failure_inclusive.per_class.papilledema.f1,5,0.19111111111111112,0.1856586539929371,0.0,0.4
sam2_unet,model_specific,calibrated,patient,failure_inclusive.per_class.papilledema.fn_including_abstain,5,3.4,0.5477225575051661,3.0,4.0
sam2_unet,model_specific,calibrated,patient,failure_inclusive.per_class.papilledema.fp,5,1.2,1.6431676725154982,0.0,4.0
sam2_unet,model_specific,calibrated,patient,failure_inclusive.per_class.papilledema.precision,5,0.33999999999999997,0.42190046219457966,0.0,1.0
sam2_unet,model_specific,calibrated,patient,failure_inclusive.per_class.papilledema.recall,5,0.15,0.13693063937629155,0.0,0.25
sam2_unet,model_specific,calibrated,patient,failure_inclusive.per_class.papilledema.sensitivity,5,0.15,0.13693063937629155,0.0,0.25
sam2_unet,model_specific,calibrated,patient,failure_inclusive.per_class.papilledema.specificity,5,0.9142857142857144,0.11736911946539273,0.7142857142857143,1.0
sam2_unet,model_specific,calibrated,patient,failure_inclusive.per_class.papilledema.support,5,4.0,0.0,4.0,4.0
sam2_unet,model_specific,calibrated,patient,failure_inclusive.per_class.papilledema.tn_excluding_abstain,5,12.8,1.6431676725154984,10.0,14.0
sam2_unet,model_specific,calibrated,patient,failure_inclusive.per_class.papilledema.tp,5,0.6,0.5477225575051662,0.0,1.0
sam2_unet,model_specific,calibrated,patient,failure_inclusive.per_class.pseudopapilledema.abstain,5,0.0,0.0,0.0,0.0
sam2_unet,model_specific,calibrated,patient,failure_inclusive.per_class.pseudopapilledema.balanced_accuracy_ovr,5,0.6035714285714285,0.12268260026655477,0.39285714285714285,0.6964285714285714
sam2_unet,model_specific,calibrated,patient,failure_inclusive.per_class.pseudopapilledema.class_index,5,2.0,0.0,2.0,2.0
sam2_unet,model_specific,calibrated,patient,failure_inclusive.per_class.pseudopapilledema.f1,5,0.36888888888888893,0.2104375218854374,0.0,0.5
sam2_unet,model_specific,calibrated,patient,failure_inclusive.per_class.pseudopapilledema.fn_including_abstain,5,2.2,1.0954451150103321,1.0,4.0
sam2_unet,model_specific,calibrated,patient,failure_inclusive.per_class.pseudopapilledema.fp,5,3.4,1.140175425099138,2.0,5.0
sam2_unet,model_specific,calibrated,patient,failure_inclusive.per_class.pseudopapilledema.precision,5,0.32166666666666666,0.18999268991785506,0.0,0.5
sam2_unet,model_specific,calibrated,patient,failure_inclusive.per_class.pseudopapilledema.recall,5,0.45,0.2738612787525831,0.0,0.75
sam2_unet,model_specific,calibrated,patient,failure_inclusive.per_class.pseudopapilledema.sensitivity,5,0.45,0.2738612787525831,0.0,0.75
sam2_unet,model_specific,calibrated,patient,failure_inclusive.per_class.pseudopapilledema.specificity,5,0.7571428571428571,0.08144110179279554,0.6428571428571429,0.8571428571428571
sam2_unet,model_specific,calibrated,patient,failure_inclusive.per_class.pseudopapilledema.support,5,4.0,0.0,4.0,4.0
sam2_unet,model_specific,calibrated,patient,failure_inclusive.per_class.pseudopapilledema.tn_excluding_abstain,5,10.6,1.1401754250991378,9.0,12.0
sam2_unet,model_specific,calibrated,patient,failure_inclusive.per_class.pseudopapilledema.tp,5,1.8,1.0954451150103324,0.0,3.0
sam2_unet,model_specific,calibrated,patient,localized_diagnostic_success.localized_rate,5,0.9888888888888889,0.024845199749997673,0.9444444444444444,1.0
sam2_unet,model_specific,calibrated,patient,localized_diagnostic_success.n_success,5,11.6,1.51657508881031,10.0,13.0
sam2_unet,model_specific,calibrated,patient,localized_diagnostic_success.per_class_rate.normal,5,0.9200000000000002,0.08366600265340754,0.8,1.0
sam2_unet,model_specific,calibrated,patient,localized_diagnostic_success.per_class_rate.papilledema,5,0.15,0.13693063937629155,0.0,0.25
sam2_unet,model_specific,calibrated,patient,localized_diagnostic_success.per_class_rate.pseudopapilledema,5,0.45,0.2738612787525831,0.0,0.75
sam2_unet,model_specific,calibrated,patient,localized_diagnostic_success.rate,5,0.6444444444444445,0.08425417160057277,0.5555555555555556,0.7222222222222222
sam2_unet,model_specific,calibrated,patient,n_abstain,5,0.0,0.0,0.0,0.0
sam2_unet,model_specific,calibrated,patient,n_covered,5,18.0,0.0,18.0,18.0
sam2_unet,model_specific,calibrated,patient,n_total,5,18.0,0.0,18.0,18.0
sam2_unet,model_specific,calibrated,patient,selective_risk,5,0.34444444444444444,0.07243558228002941,0.2777777777777778,0.4444444444444444
sam2_unet,model_specific,raw,eye,abstention_rate,5,0.0,0.0,0.0,0.0
sam2_unet,model_specific,raw,eye,class_conditional_coverage.normal,5,1.0,0.0,1.0,1.0
sam2_unet,model_specific,raw,eye,class_conditional_coverage.papilledema,5,1.0,0.0,1.0,1.0
sam2_unet,model_specific,raw,eye,class_conditional_coverage.pseudopapilledema,5,1.0,0.0,1.0,1.0
sam2_unet,model_specific,raw,eye,conditional.accuracy,5,0.638888888888889,0.04811252243246879,0.6111111111111112,0.7222222222222222
sam2_unet,model_specific,raw,eye,conditional.balanced_accuracy,5,0.5183333333333333,0.044253060157839204,0.4666666666666666,0.5833333333333334
sam2_unet,model_specific,raw,eye,conditional.class_counts.normal,5,20.0,0.0,20.0,20.0
sam2_unet,model_specific,raw,eye,conditional.class_counts.papilledema,5,8.0,0.0,8.0,8.0
sam2_unet,model_specific,raw,eye,conditional.class_counts.pseudopapilledema,5,8.0,0.0,8.0,8.0
sam2_unet,model_specific,raw,eye,conditional.derived_discrimination.normal_vs_abnormal.auroc,5,0.890625,0.0506789835632089,0.815625,0.94375
sam2_unet,model_specific,raw,eye,conditional.derived_discrimination.normal_vs_abnormal.average_precision,5,0.9169938463399605,0.03299723367206677,0.8765129556433904,0.9542224080267558
sam2_unet,model_specific,raw,eye,conditional.derived_discrimination.normal_vs_abnormal.n,5,36.0,0.0,36.0,36.0
sam2_unet,model_specific,raw,eye,conditional.derived_discrimination.normal_vs_abnormal.negative,5,20.0,0.0,20.0,20.0
sam2_unet,model_specific,raw,eye,conditional.derived_discrimination.normal_vs_abnormal.positive,5,16.0,0.0,16.0,16.0
sam2_unet,model_specific,raw,eye,conditional.derived_discrimination.papilledema_vs_pseudopapilledema.auroc,5,0.396875,0.22496744556157455,0.21875,0.765625
sam2_unet,model_specific,raw,eye,conditional.derived_discrimination.papilledema_vs_pseudopapilledema.average_precision,5,0.5088539238539239,0.17936639536639504,0.3927197802197802,0.8160037878787878
sam2_unet,model_specific,raw,eye,conditional.derived_discrimination.papilledema_vs_pseudopapilledema.n,5,16.0,0.0,16.0,16.0
sam2_unet,model_specific,raw,eye,conditional.derived_discrimination.papilledema_vs_pseudopapilledema.negative,5,8.0,0.0,8.0,8.0
sam2_unet,model_specific,raw,eye,conditional.derived_discrimination.papilledema_vs_pseudopapilledema.positive,5,8.0,0.0,8.0,8.0
sam2_unet,model_specific,raw,eye,conditional.macro.adaptive_ece_ovr,5,0.19280965828955823,0.06499345253744782,0.1262592277221488,0.29973445874307086
sam2_unet,model_specific,raw,eye,conditional.macro.auroc_ovr,5,0.796577380952381,0.04113096314864445,0.734672619047619,0.8416666666666667
sam2_unet,model_specific,raw,eye,conditional.macro.average_precision_ovr,5,0.6132209362670913,0.06705732406138809,0.5313438531849489,0.6827735805004784
sam2_unet,model_specific,raw,eye,conditional.macro.balanced_accuracy_ovr,5,0.6675,0.03020972609972505,0.6321428571428571,0.7142857142857143
sam2_unet,model_specific,raw,eye,conditional.macro.brier_ovr,5,0.15779787681491547,0.03182566175287294,0.12413883231161316,0.20938661174170056
sam2_unet,model_specific,raw,eye,conditional.macro.ece_ovr,5,0.1340111598654137,0.032208785562659374,0.08651762733703013,0.1767941917024366
sam2_unet,model_specific,raw,eye,conditional.macro.f1,5,0.4902443081458411,0.0696785396906072,0.41269841269841273,0.5845117845117845
sam2_unet,model_specific,raw,eye,conditional.macro.mcc_ovr,5,0.34350580603369174,0.09799157103540768,0.24225057517072823,0.5031698130604427
sam2_unet,model_specific,raw,eye,conditional.macro.nll_ovr,5,0.4782632537332635,0.0838886028432141,0.3897412376934571,0.6076910147873918
sam2_unet,model_specific,raw,eye,conditional.macro.nll_true_class,5,0.9298147382533217,0.11869064354560381,0.7797096631447573,1.0530486311626903
sam2_unet,model_specific,raw,eye,conditional.macro.precision,5,0.5155106686685634,0.14668064953752183,0.3752913752913753,0.7444444444444445
sam2_unet,model_specific,raw,eye,conditional.macro.recall,5,0.5183333333333333,0.044253060157839204,0.4666666666666666,0.5833333333333334
sam2_unet,model_specific,raw,eye,conditional.macro.specificity,5,0.8166666666666668,0.017557001433038785,0.7976190476190478,0.8452380952380952
sam2_unet,model_specific,raw,eye,conditional.macro_auroc,5,0.796577380952381,0.04113096314864445,0.734672619047619,0.8416666666666667
sam2_unet,model_specific,raw,eye,conditional.macro_average_precision,5,0.6132209362670913,0.06705732406138809,0.5313438531849489,0.6827735805004784
sam2_unet,model_specific,raw,eye,conditional.macro_classwise_adaptive_ece,5,0.19280965828955823,0.06499345253744782,0.1262592277221488,0.29973445874307086
sam2_unet,model_specific,raw,eye,conditional.macro_classwise_ece,5,0.1340111598654137,0.032208785562659374,0.08651762733703013,0.1767941917024366
sam2_unet,model_specific,raw,eye,conditional.macro_f1,5,0.4902443081458411,0.0696785396906072,0.41269841269841273,0.5845117845117845
sam2_unet,model_specific,raw,eye,conditional.macro_precision,5,0.5155106686685634,0.14668064953752183,0.3752913752913753,0.7444444444444445
sam2_unet,model_specific,raw,eye,conditional.macro_recall,5,0.5183333333333333,0.044253060157839204,0.4666666666666666,0.5833333333333334
sam2_unet,model_specific,raw,eye,conditional.multiclass_brier,5,0.47339363044474625,0.09547698525861881,0.37241649693483936,0.6281598352251015
sam2_unet,model_specific,raw,eye,conditional.multiclass_mcc,5,0.40312234150004167,0.07222779148644465,0.3417929635123316,0.5233973683491399
sam2_unet,model_specific,raw,eye,conditional.multiclass_nll,5,0.7927092500066953,0.1652509096759575,0.6153801610526697,1.041201511717337
sam2_unet,model_specific,raw,eye,conditional.n,5,36.0,0.0,36.0,36.0
sam2_unet,model_specific,raw,eye,conditional.per_class.normal.adaptive_ece_ovr,5,0.20602959906483967,0.12000726437086277,0.12551864244933475,0.4161233085496908
sam2_unet,model_specific,raw,eye,conditional.per_class.normal.auroc_ovr,5,0.890625,0.05067898356320891,0.815625,0.94375
sam2_unet,model_specific,raw,eye,conditional.per_class.normal.average_precision_ovr,5,0.8811484256291262,0.07791489827793131,0.7482613004022347,0.9480620871216847
sam2_unet,model_specific,raw,eye,conditional.per_class.normal.balanced_accuracy_ovr,5,0.8400000000000001,0.029843340965783303,0.8,0.875
sam2_unet,model_specific,raw,eye,conditional.per_class.normal.brier_ovr,5,0.14939665183646111,0.07068694686294236,0.09778663486796457,0.2693409561707877
sam2_unet,model_specific,raw,eye,conditional.per_class.normal.class_index,5,0.0,0.0,0.0,0.0
sam2_unet,model_specific,raw,eye,conditional.per_class.normal.ece_ovr,5,0.1500780263902579,0.096614271365669,0.06681569008171925,0.31385813386430844
sam2_unet,model_specific,raw,eye,conditional.per_class.normal.f1,5,0.8618804387738919,0.03083901268156195,0.8292682926829268,0.9090909090909091
sam2_unet,model_specific,raw,eye,conditional.per_class.normal.fn,5,2.4,1.51657508881031,0.0,4.0
sam2_unet,model_specific,raw,eye,conditional.per_class.normal.fp,5,3.2,1.0954451150103321,2.0,4.0
sam2_unet,model_specific,raw,eye,conditional.per_class.normal.mcc_ovr,5,0.6900599173152392,0.06982999231254204,0.6047431568147635,0.7905694150420948
sam2_unet,model_specific,raw,eye,conditional.per_class.normal.nll_ovr,5,0.44513207389288645,0.17734350186178838,0.29743546087498823,0.73062048575161
sam2_unet,model_specific,raw,eye,conditional.per_class.normal.nll_true_class,5,0.5184982735134426,0.30636194486265333,0.28672115686849453,1.0175072728266312
sam2_unet,model_specific,raw,eye,conditional.per_class.normal.precision,5,0.8489329384066225,0.04011400654946095,0.8095238095238095,0.8947368421052632
sam2_unet,model_specific,raw,eye,conditional.per_class.normal.recall,5,0.8800000000000001,0.0758287544405155,0.8,1.0
sam2_unet,model_specific,raw,eye,conditional.per_class.normal.sensitivity,5,0.8800000000000001,0.0758287544405155,0.8,1.0
sam2_unet,model_specific,raw,eye,conditional.per_class.normal.specificity,5,0.8,0.06846531968814576,0.75,0.875
sam2_unet,model_specific,raw,eye,conditional.per_class.normal.support,5,20.0,0.0,20.0,20.0
sam2_unet,model_specific,raw,eye,conditional.per_class.normal.tn,5,12.8,1.0954451150103321,12.0,14.0
sam2_unet,model_specific,raw,eye,conditional.per_class.normal.tp,5,17.6,1.51657508881031,16.0,20.0
sam2_unet,model_specific,raw,eye,conditional.per_class.papilledema.adaptive_ece_ovr,5,0.17390996862221214,0.05577530016264255,0.10878600087687305,0.2623419702894252
sam2_unet,model_specific,raw,eye,conditional.per_class.papilledema.auroc_ovr,5,0.8375,0.0936755656889397,0.7142857142857143,0.9330357142857143
sam2_unet,model_specific,raw,eye,conditional.per_class.papilledema.average_precision_ovr,5,0.5992462303491715,0.16904569379355078,0.44531822344322347,0.8160037878787878
sam2_unet,model_specific,raw,eye,conditional.per_class.papilledema.balanced_accuracy_ovr,5,0.5553571428571429,0.061341300133277384,0.48214285714285715,0.625
sam2_unet,model_specific,raw,eye,conditional.per_class.papilledema.brier_ovr,5,0.14501674815035467,0.03426360721629003,0.09703836990196096,0.1754177694698904
sam2_unet,model_specific,raw,eye,conditional.per_class.papilledema.class_index,5,1.0,0.0,1.0,1.0
sam2_unet,model_specific,raw,eye,conditional.per_class.papilledema.ece_ovr,5,0.13144475563958152,0.02104846131744273,0.0973404965509736,0.1508246192719412
sam2_unet,model_specific,raw,eye,conditional.per_class.papilledema.f1,5,0.21725490196078434,0.19979997687037154,0.0,0.4
sam2_unet,model_specific,raw,eye,conditional.per_class.papilledema.fn,5,6.6,1.3416407864998738,5.0,8.0
sam2_unet,model_specific,raw,eye,conditional.per_class.papilledema.fp,5,1.8,2.4899799195977463,0.0,6.0
sam2_unet,model_specific,raw,eye,conditional.per_class.papilledema.mcc_ovr,5,0.15078459235776978,0.2121195105494189,-0.09035079029052513,0.4537426064865151
sam2_unet,model_specific,raw,eye,conditional.per_class.papilledema.nll_ovr,5,0.45302990892953654,0.09778155644084262,0.3102827369920725,0.5371084016411566
sam2_unet,model_specific,raw,eye,conditional.per_class.papilledema.nll_true_class,5,1.1168941175962992,0.3443153001726363,0.8060023436409628,1.6649811442534648
sam2_unet,model_specific,raw,eye,conditional.per_class.papilledema.precision,5,0.36666666666666664,0.41499665326629104,0.0,1.0
sam2_unet,model_specific,raw,eye,conditional.per_class.papilledema.recall,5,0.175,0.16770509831248423,0.0,0.375
sam2_unet,model_specific,raw,eye,conditional.per_class.papilledema.sensitivity,5,0.175,0.16770509831248423,0.0,0.375
sam2_unet,model_specific,raw,eye,conditional.per_class.papilledema.specificity,5,0.9357142857142857,0.0889278542713481,0.7857142857142857,1.0
sam2_unet,model_specific,raw,eye,conditional.per_class.papilledema.support,5,8.0,0.0,8.0,8.0
sam2_unet,model_specific,raw,eye,conditional.per_class.papilledema.tn,5,26.2,2.4899799195977463,22.0,28.0
sam2_unet,model_specific,raw,eye,conditional.per_class.papilledema.tp,5,1.4,1.3416407864998738,0.0,3.0
sam2_unet,model_specific,raw,eye,conditional.per_class.pseudopapilledema.adaptive_ece_ovr,5,0.19848940718162286,0.040897718437578424,0.1444730398402385,0.24981554149892915
sam2_unet,model_specific,raw,eye,conditional.per_class.pseudopapilledema.auroc_ovr,5,0.6616071428571428,0.08330409776284496,0.5267857142857143,0.75
sam2_unet,model_specific,raw,eye,conditional.per_class.pseudopapilledema.average_precision_ovr,5,0.3592681528229761,0.04501071325255845,0.29545390883626177,0.4082815734989649
sam2_unet,model_specific,raw,eye,conditional.per_class.pseudopapilledema.balanced_accuracy_ovr,5,0.6071428571428571,0.05646924393157821,0.5178571428571428,0.6607142857142857
sam2_unet,model_specific,raw,eye,conditional.per_class.pseudopapilledema.brier_ovr,5,0.17898023045793057,0.017330064743816164,0.15367494013487,0.20218841440313215
sam2_unet,model_specific,raw,eye,conditional.per_class.pseudopapilledema.class_index,5,2.0,0.0,2.0,2.0
sam2_unet,model_specific,raw,eye,conditional.per_class.pseudopapilledema.ece_ovr,5,0.12051069756640165,0.03695265649817599,0.06296075092382597,0.16327014664205922
sam2_unet,model_specific,raw,eye,conditional.per_class.pseudopapilledema.f1,5,0.3915975837028468,0.0847279661329788,0.25,0.46153846153846156
sam2_unet,model_specific,raw,eye,conditional.per_class.pseudopapilledema.fn,5,4.0,1.4142135623730951,2.0,6.0
sam2_unet,model_specific,raw,eye,conditional.per_class.pseudopapilledema.fp,5,8.0,2.5495097567963922,6.0,12.0
sam2_unet,model_specific,raw,eye,conditional.per_class.pseudopapilledema.mcc_ovr,5,0.18967290842806628,0.09740756674604792,0.03571428571428571,0.2672612419124244
sam2_unet,model_specific,raw,eye,conditional.per_class.pseudopapilledema.nll_ovr,5,0.5366277783773674,0.05350769282820461,0.45840581741723835,0.6067398088657274
sam2_unet,model_specific,raw,eye,conditional.per_class.pseudopapilledema.nll_true_class,5,1.1540518236502235,0.21603168025495534,0.9257260146530993,1.4818666930747861
sam2_unet,model_specific,raw,eye,conditional.per_class.pseudopapilledema.precision,5,0.33093240093240095,0.05686783438023151,0.25,0.4
sam2_unet,model_specific,raw,eye,conditional.per_class.pseudopapilledema.recall,5,0.5,0.1767766952966369,0.25,0.75
sam2_unet,model_specific,raw,eye,conditional.per_class.pseudopapilledema.sensitivity,5,0.5,0.1767766952966369,0.25,0.75
sam2_unet,model_specific,raw,eye,conditional.per_class.pseudopapilledema.specificity,5,0.7142857142857142,0.09105391988558545,0.5714285714285714,0.7857142857142857
sam2_unet,model_specific,raw,eye,conditional.per_class.pseudopapilledema.support,5,8.0,0.0,8.0,8.0
sam2_unet,model_specific,raw,eye,conditional.per_class.pseudopapilledema.tn,5,20.0,2.5495097567963922,16.0,22.0
sam2_unet,model_specific,raw,eye,conditional.per_class.pseudopapilledema.tp,5,4.0,1.4142135623730951,2.0,6.0
sam2_unet,model_specific,raw,eye,conditional.top_label_adaptive_ece,5,0.2206848444782469,0.06043091445517559,0.13673451907384024,0.30166760913188384
sam2_unet,model_specific,raw,eye,conditional.top_label_ece,5,0.15198238388772892,0.06604583108914518,0.08922244884625917,0.24703617927031876
sam2_unet,model_specific,raw,eye,conditional_aurc,5,0.23006648867493232,0.061624278354062624,0.16142039686473963,0.3142964761776303
sam2_unet,model_specific,raw,eye,coverage,5,1.0,0.0,1.0,1.0
sam2_unet,model_specific,raw,eye,failure_aware.accuracy,5,0.638888888888889,0.04811252243246879,0.6111111111111112,0.7222222222222222
sam2_unet,model_specific,raw,eye,failure_aware.aurc,5,0.23006648867493232,0.061624278354062624,0.16142039686473963,0.3142964761776303
sam2_unet,model_specific,raw,eye,failure_aware.balanced_accuracy,5,0.5183333333333333,0.044253060157839204,0.4666666666666666,0.5833333333333334
sam2_unet,model_specific,raw,eye,failure_aware.correct,5,23.0,1.7320508075688772,22.0,26.0
sam2_unet,model_specific,raw,eye,failure_aware.incorrect_or_abstained,5,13.0,1.7320508075688772,10.0,14.0
sam2_unet,model_specific,raw,eye,failure_aware.macro_f1,5,0.4902443081458411,0.0696785396906072,0.41269841269841273,0.5845117845117845
sam2_unet,model_specific,raw,eye,failure_aware.macro_precision,5,0.5155106686685634,0.14668064953752183,0.3752913752913753,0.7444444444444445
sam2_unet,model_specific,raw,eye,failure_aware.macro_recall,5,0.5183333333333333,0.044253060157839204,0.4666666666666666,0.5833333333333334
sam2_unet,model_specific,raw,eye,failure_aware.macro_specificity,5,0.8166666666666668,0.017557001433038785,0.7976190476190478,0.8452380952380952
sam2_unet,model_specific,raw,eye,failure_aware.multiclass_mcc,5,0.40312234150004167,0.07222779148644465,0.3417929635123316,0.5233973683491399
sam2_unet,model_specific,raw,eye,failure_aware.per_class.normal.abstain,5,0.0,0.0,0.0,0.0
sam2_unet,model_specific,raw,eye,failure_aware.per_class.normal.balanced_accuracy_ovr,5,0.8400000000000001,0.029843340965783303,0.8,0.875
sam2_unet,model_specific,raw,eye,failure_aware.per_class.normal.class_index,5,0.0,0.0,0.0,0.0
sam2_unet,model_specific,raw,eye,failure_aware.per_class.normal.f1,5,0.8618804387738919,0.03083901268156195,0.8292682926829268,0.9090909090909091
sam2_unet,model_specific,raw,eye,failure_aware.per_class.normal.fn_including_abstain,5,2.4,1.51657508881031,0.0,4.0
sam2_unet,model_specific,raw,eye,failure_aware.per_class.normal.fp,5,3.2,1.0954451150103321,2.0,4.0
sam2_unet,model_specific,raw,eye,failure_aware.per_class.normal.precision,5,0.8489329384066225,0.04011400654946095,0.8095238095238095,0.8947368421052632
sam2_unet,model_specific,raw,eye,failure_aware.per_class.normal.recall,5,0.8800000000000001,0.0758287544405155,0.8,1.0
sam2_unet,model_specific,raw,eye,failure_aware.per_class.normal.sensitivity,5,0.8800000000000001,0.0758287544405155,0.8,1.0
sam2_unet,model_specific,raw,eye,failure_aware.per_class.normal.specificity,5,0.8,0.06846531968814576,0.75,0.875
sam2_unet,model_specific,raw,eye,failure_aware.per_class.normal.support,5,20.0,0.0,20.0,20.0
sam2_unet,model_specific,raw,eye,failure_aware.per_class.normal.tn_excluding_abstain,5,12.8,1.0954451150103321,12.0,14.0
sam2_unet,model_specific,raw,eye,failure_aware.per_class.normal.tp,5,17.6,1.51657508881031,16.0,20.0
sam2_unet,model_specific,raw,eye,failure_aware.per_class.papilledema.abstain,5,0.0,0.0,0.0,0.0
sam2_unet,model_specific,raw,eye,failure_aware.per_class.papilledema.balanced_accuracy_ovr,5,0.5553571428571429,0.061341300133277384,0.48214285714285715,0.625
sam2_unet,model_specific,raw,eye,failure_aware.per_class.papilledema.class_index,5,1.0,0.0,1.0,1.0
sam2_unet,model_specific,raw,eye,failure_aware.per_class.papilledema.f1,5,0.21725490196078434,0.19979997687037154,0.0,0.4
sam2_unet,model_specific,raw,eye,failure_aware.per_class.papilledema.fn_including_abstain,5,6.6,1.3416407864998738,5.0,8.0
sam2_unet,model_specific,raw,eye,failure_aware.per_class.papilledema.fp,5,1.8,2.4899799195977463,0.0,6.0
sam2_unet,model_specific,raw,eye,failure_aware.per_class.papilledema.precision,5,0.36666666666666664,0.41499665326629104,0.0,1.0
sam2_unet,model_specific,raw,eye,failure_aware.per_class.papilledema.recall,5,0.175,0.16770509831248423,0.0,0.375
sam2_unet,model_specific,raw,eye,failure_aware.per_class.papilledema.sensitivity,5,0.175,0.16770509831248423,0.0,0.375
sam2_unet,model_specific,raw,eye,failure_aware.per_class.papilledema.specificity,5,0.9357142857142857,0.0889278542713481,0.7857142857142857,1.0
sam2_unet,model_specific,raw,eye,failure_aware.per_class.papilledema.support,5,8.0,0.0,8.0,8.0
sam2_unet,model_specific,raw,eye,failure_aware.per_class.papilledema.tn_excluding_abstain,5,26.2,2.4899799195977463,22.0,28.0
sam2_unet,model_specific,raw,eye,failure_aware.per_class.papilledema.tp,5,1.4,1.3416407864998738,0.0,3.0
sam2_unet,model_specific,raw,eye,failure_aware.per_class.pseudopapilledema.abstain,5,0.0,0.0,0.0,0.0
sam2_unet,model_specific,raw,eye,failure_aware.per_class.pseudopapilledema.balanced_accuracy_ovr,5,0.6071428571428571,0.05646924393157821,0.5178571428571428,0.6607142857142857
sam2_unet,model_specific,raw,eye,failure_aware.per_class.pseudopapilledema.class_index,5,2.0,0.0,2.0,2.0
sam2_unet,model_specific,raw,eye,failure_aware.per_class.pseudopapilledema.f1,5,0.3915975837028468,0.0847279661329788,0.25,0.46153846153846156
sam2_unet,model_specific,raw,eye,failure_aware.per_class.pseudopapilledema.fn_including_abstain,5,4.0,1.4142135623730951,2.0,6.0
sam2_unet,model_specific,raw,eye,failure_aware.per_class.pseudopapilledema.fp,5,8.0,2.5495097567963922,6.0,12.0
sam2_unet,model_specific,raw,eye,failure_aware.per_class.pseudopapilledema.precision,5,0.33093240093240095,0.05686783438023151,0.25,0.4
sam2_unet,model_specific,raw,eye,failure_aware.per_class.pseudopapilledema.recall,5,0.5,0.1767766952966369,0.25,0.75
sam2_unet,model_specific,raw,eye,failure_aware.per_class.pseudopapilledema.sensitivity,5,0.5,0.1767766952966369,0.25,0.75
sam2_unet,model_specific,raw,eye,failure_aware.per_class.pseudopapilledema.specificity,5,0.7142857142857142,0.09105391988558545,0.5714285714285714,0.7857142857142857
sam2_unet,model_specific,raw,eye,failure_aware.per_class.pseudopapilledema.support,5,8.0,0.0,8.0,8.0
sam2_unet,model_specific,raw,eye,failure_aware.per_class.pseudopapilledema.tn_excluding_abstain,5,20.0,2.5495097567963922,16.0,22.0
sam2_unet,model_specific,raw,eye,failure_aware.per_class.pseudopapilledema.tp,5,4.0,1.4142135623730951,2.0,6.0
sam2_unet,model_specific,raw,eye,failure_aware_accuracy,5,0.638888888888889,0.04811252243246879,0.6111111111111112,0.7222222222222222
sam2_unet,model_specific,raw,eye,failure_aware_aurc,5,0.23006648867493232,0.061624278354062624,0.16142039686473963,0.3142964761776303
sam2_unet,model_specific,raw,eye,failure_aware_balanced_accuracy,5,0.5183333333333333,0.044253060157839204,0.4666666666666666,0.5833333333333334
sam2_unet,model_specific,raw,eye,failure_inclusive.accuracy,5,0.638888888888889,0.04811252243246879,0.6111111111111112,0.7222222222222222
sam2_unet,model_specific,raw,eye,failure_inclusive.aurc,5,0.23006648867493232,0.061624278354062624,0.16142039686473963,0.3142964761776303
sam2_unet,model_specific,raw,eye,failure_inclusive.balanced_accuracy,5,0.5183333333333333,0.044253060157839204,0.4666666666666666,0.5833333333333334
sam2_unet,model_specific,raw,eye,failure_inclusive.correct,5,23.0,1.7320508075688772,22.0,26.0
sam2_unet,model_specific,raw,eye,failure_inclusive.incorrect_or_abstained,5,13.0,1.7320508075688772,10.0,14.0
sam2_unet,model_specific,raw,eye,failure_inclusive.macro_f1,5,0.4902443081458411,0.0696785396906072,0.41269841269841273,0.5845117845117845
sam2_unet,model_specific,raw,eye,failure_inclusive.macro_precision,5,0.5155106686685634,0.14668064953752183,0.3752913752913753,0.7444444444444445
sam2_unet,model_specific,raw,eye,failure_inclusive.macro_recall,5,0.5183333333333333,0.044253060157839204,0.4666666666666666,0.5833333333333334
sam2_unet,model_specific,raw,eye,failure_inclusive.macro_specificity,5,0.8166666666666668,0.017557001433038785,0.7976190476190478,0.8452380952380952
sam2_unet,model_specific,raw,eye,failure_inclusive.multiclass_mcc,5,0.40312234150004167,0.07222779148644465,0.3417929635123316,0.5233973683491399
sam2_unet,model_specific,raw,eye,failure_inclusive.per_class.normal.abstain,5,0.0,0.0,0.0,0.0
sam2_unet,model_specific,raw,eye,failure_inclusive.per_class.normal.balanced_accuracy_ovr,5,0.8400000000000001,0.029843340965783303,0.8,0.875
sam2_unet,model_specific,raw,eye,failure_inclusive.per_class.normal.class_index,5,0.0,0.0,0.0,0.0
sam2_unet,model_specific,raw,eye,failure_inclusive.per_class.normal.f1,5,0.8618804387738919,0.03083901268156195,0.8292682926829268,0.9090909090909091
sam2_unet,model_specific,raw,eye,failure_inclusive.per_class.normal.fn_including_abstain,5,2.4,1.51657508881031,0.0,4.0
sam2_unet,model_specific,raw,eye,failure_inclusive.per_class.normal.fp,5,3.2,1.0954451150103321,2.0,4.0
sam2_unet,model_specific,raw,eye,failure_inclusive.per_class.normal.precision,5,0.8489329384066225,0.04011400654946095,0.8095238095238095,0.8947368421052632
sam2_unet,model_specific,raw,eye,failure_inclusive.per_class.normal.recall,5,0.8800000000000001,0.0758287544405155,0.8,1.0
sam2_unet,model_specific,raw,eye,failure_inclusive.per_class.normal.sensitivity,5,0.8800000000000001,0.0758287544405155,0.8,1.0
sam2_unet,model_specific,raw,eye,failure_inclusive.per_class.normal.specificity,5,0.8,0.06846531968814576,0.75,0.875
sam2_unet,model_specific,raw,eye,failure_inclusive.per_class.normal.support,5,20.0,0.0,20.0,20.0
sam2_unet,model_specific,raw,eye,failure_inclusive.per_class.normal.tn_excluding_abstain,5,12.8,1.0954451150103321,12.0,14.0
sam2_unet,model_specific,raw,eye,failure_inclusive.per_class.normal.tp,5,17.6,1.51657508881031,16.0,20.0
sam2_unet,model_specific,raw,eye,failure_inclusive.per_class.papilledema.abstain,5,0.0,0.0,0.0,0.0
sam2_unet,model_specific,raw,eye,failure_inclusive.per_class.papilledema.balanced_accuracy_ovr,5,0.5553571428571429,0.061341300133277384,0.48214285714285715,0.625
sam2_unet,model_specific,raw,eye,failure_inclusive.per_class.papilledema.class_index,5,1.0,0.0,1.0,1.0
sam2_unet,model_specific,raw,eye,failure_inclusive.per_class.papilledema.f1,5,0.21725490196078434,0.19979997687037154,0.0,0.4
sam2_unet,model_specific,raw,eye,failure_inclusive.per_class.papilledema.fn_including_abstain,5,6.6,1.3416407864998738,5.0,8.0
sam2_unet,model_specific,raw,eye,failure_inclusive.per_class.papilledema.fp,5,1.8,2.4899799195977463,0.0,6.0
sam2_unet,model_specific,raw,eye,failure_inclusive.per_class.papilledema.precision,5,0.36666666666666664,0.41499665326629104,0.0,1.0
sam2_unet,model_specific,raw,eye,failure_inclusive.per_class.papilledema.recall,5,0.175,0.16770509831248423,0.0,0.375
sam2_unet,model_specific,raw,eye,failure_inclusive.per_class.papilledema.sensitivity,5,0.175,0.16770509831248423,0.0,0.375
sam2_unet,model_specific,raw,eye,failure_inclusive.per_class.papilledema.specificity,5,0.9357142857142857,0.0889278542713481,0.7857142857142857,1.0
sam2_unet,model_specific,raw,eye,failure_inclusive.per_class.papilledema.support,5,8.0,0.0,8.0,8.0
sam2_unet,model_specific,raw,eye,failure_inclusive.per_class.papilledema.tn_excluding_abstain,5,26.2,2.4899799195977463,22.0,28.0
sam2_unet,model_specific,raw,eye,failure_inclusive.per_class.papilledema.tp,5,1.4,1.3416407864998738,0.0,3.0
sam2_unet,model_specific,raw,eye,failure_inclusive.per_class.pseudopapilledema.abstain,5,0.0,0.0,0.0,0.0
sam2_unet,model_specific,raw,eye,failure_inclusive.per_class.pseudopapilledema.balanced_accuracy_ovr,5,0.6071428571428571,0.05646924393157821,0.5178571428571428,0.6607142857142857
sam2_unet,model_specific,raw,eye,failure_inclusive.per_class.pseudopapilledema.class_index,5,2.0,0.0,2.0,2.0
sam2_unet,model_specific,raw,eye,failure_inclusive.per_class.pseudopapilledema.f1,5,0.3915975837028468,0.0847279661329788,0.25,0.46153846153846156
sam2_unet,model_specific,raw,eye,failure_inclusive.per_class.pseudopapilledema.fn_including_abstain,5,4.0,1.4142135623730951,2.0,6.0
sam2_unet,model_specific,raw,eye,failure_inclusive.per_class.pseudopapilledema.fp,5,8.0,2.5495097567963922,6.0,12.0
sam2_unet,model_specific,raw,eye,failure_inclusive.per_class.pseudopapilledema.precision,5,0.33093240093240095,0.05686783438023151,0.25,0.4
sam2_unet,model_specific,raw,eye,failure_inclusive.per_class.pseudopapilledema.recall,5,0.5,0.1767766952966369,0.25,0.75
sam2_unet,model_specific,raw,eye,failure_inclusive.per_class.pseudopapilledema.sensitivity,5,0.5,0.1767766952966369,0.25,0.75
sam2_unet,model_specific,raw,eye,failure_inclusive.per_class.pseudopapilledema.specificity,5,0.7142857142857142,0.09105391988558545,0.5714285714285714,0.7857142857142857
sam2_unet,model_specific,raw,eye,failure_inclusive.per_class.pseudopapilledema.support,5,8.0,0.0,8.0,8.0
sam2_unet,model_specific,raw,eye,failure_inclusive.per_class.pseudopapilledema.tn_excluding_abstain,5,20.0,2.5495097567963922,16.0,22.0
sam2_unet,model_specific,raw,eye,failure_inclusive.per_class.pseudopapilledema.tp,5,4.0,1.4142135623730951,2.0,6.0
sam2_unet,model_specific,raw,eye,localized_diagnostic_success.localized_rate,5,0.9944444444444445,0.012422599874998837,0.9722222222222222,1.0
sam2_unet,model_specific,raw,eye,localized_diagnostic_success.n_success,5,22.8,1.9235384061671343,21.0,26.0
sam2_unet,model_specific,raw,eye,localized_diagnostic_success.per_class_rate.normal,5,0.8700000000000001,0.0758287544405155,0.8,1.0
sam2_unet,model_specific,raw,eye,localized_diagnostic_success.per_class_rate.papilledema,5,0.175,0.16770509831248423,0.0,0.375
sam2_unet,model_specific,raw,eye,localized_diagnostic_success.per_class_rate.pseudopapilledema,5,0.5,0.1767766952966369,0.25,0.75
sam2_unet,model_specific,raw,eye,localized_diagnostic_success.rate,5,0.6333333333333334,0.05343162239353149,0.5833333333333334,0.7222222222222222
sam2_unet,model_specific,raw,eye,n_abstain,5,0.0,0.0,0.0,0.0
sam2_unet,model_specific,raw,eye,n_covered,5,36.0,0.0,36.0,36.0
sam2_unet,model_specific,raw,eye,n_total,5,36.0,0.0,36.0,36.0
sam2_unet,model_specific,raw,eye,selective_risk,5,0.36111111111111105,0.04811252243246881,0.2777777777777778,0.3888888888888889
sam2_unet,model_specific,raw,patient,abstention_rate,5,0.0,0.0,0.0,0.0
sam2_unet,model_specific,raw,patient,class_conditional_coverage.normal,5,1.0,0.0,1.0,1.0
sam2_unet,model_specific,raw,patient,class_conditional_coverage.papilledema,5,1.0,0.0,1.0,1.0
sam2_unet,model_specific,raw,patient,class_conditional_coverage.pseudopapilledema,5,1.0,0.0,1.0,1.0
sam2_unet,model_specific,raw,patient,conditional.accuracy,5,0.6555555555555556,0.0724355822800294,0.5555555555555556,0.7222222222222222
sam2_unet,model_specific,raw,patient,conditional.balanced_accuracy,5,0.5133333333333334,0.08692269873603534,0.3833333333333333,0.5833333333333334
sam2_unet,model_specific,raw,patient,conditional.class_counts.normal,5,10.0,0.0,10.0,10.0
sam2_unet,model_specific,raw,patient,conditional.class_counts.papilledema,5,4.0,0.0,4.0,4.0
sam2_unet,model_specific,raw,patient,conditional.class_counts.pseudopapilledema,5,4.0,0.0,4.0,4.0
sam2_unet,model_specific,raw,patient,conditional.derived_discrimination.normal_vs_abnormal.auroc,5,0.89,0.05618051263561056,0.8125,0.95
sam2_unet,model_specific,raw,patient,conditional.derived_discrimination.normal_vs_abnormal.average_precision,5,0.9175874125874126,0.036171080341929174,0.875,0.9583333333333333
sam2_unet,model_specific,raw,patient,conditional.derived_discrimination.normal_vs_abnormal.n,5,18.0,0.0,18.0,18.0
sam2_unet,model_specific,raw,patient,conditional.derived_discrimination.normal_vs_abnormal.negative,5,10.0,0.0,10.0,10.0
sam2_unet,model_specific,raw,patient,conditional.derived_discrimination.normal_vs_abnormal.positive,5,8.0,0.0,8.0,8.0
sam2_unet,model_specific,raw,patient,conditional.derived_discrimination.papilledema_vs_pseudopapilledema.auroc,5,0.3625,0.2091650066335189,0.1875,0.6875
sam2_unet,model_specific,raw,patient,conditional.derived_discrimination.papilledema_vs_pseudopapilledema.average_precision,5,0.5408333333333333,0.1655220046205502,0.4125,0.7928571428571428
sam2_unet,model_specific,raw,patient,conditional.derived_discrimination.papilledema_vs_pseudopapilledema.n,5,8.0,0.0,8.0,8.0
sam2_unet,model_specific,raw,patient,conditional.derived_discrimination.papilledema_vs_pseudopapilledema.negative,5,4.0,0.0,4.0,4.0
sam2_unet,model_specific,raw,patient,conditional.derived_discrimination.papilledema_vs_pseudopapilledema.positive,5,4.0,0.0,4.0,4.0
sam2_unet,model_specific,raw,patient,conditional.macro.adaptive_ece_ovr,5,0.23224752537513366,0.06546926325693232,0.18229879141959934,0.34150267225720476
sam2_unet,model_specific,raw,patient,conditional.macro.auroc_ovr,5,0.7966666666666666,0.04089333367712908,0.7351190476190478,0.8422619047619048
sam2_unet,model_specific,raw,patient,conditional.macro.average_precision_ovr,5,0.6169192844192845,0.053585553541670494,0.5538579938579938,0.6812482887482888
sam2_unet,model_specific,raw,patient,conditional.macro.balanced_accuracy_ovr,5,0.6685714285714286,0.05647771368298424,0.5875,0.7142857142857144
sam2_unet,model_specific,raw,patient,conditional.macro.brier_ovr,5,0.15403812701079894,0.03321251862708072,0.12381718293655203,0.20930381534303544
sam2_unet,model_specific,raw,patient,conditional.macro.ece_ovr,5,0.15606417370893833,0.04830196395002683,0.08651762733703013,0.2125804877869617
sam2_unet,model_specific,raw,patient,conditional.macro.f1,5,0.485021645021645,0.09496337447831646,0.37407407407407406,0.5845117845117845
sam2_unet,model_specific,raw,patient,conditional.macro.mcc_ovr,5,0.348121654410242,0.1426409816768942,0.16760153364217714,0.5031698130604427
sam2_unet,model_specific,raw,patient,conditional.macro.nll_ovr,5,0.4655766209503766,0.08670925636808927,0.38912972800268214,0.6074764043685766
sam2_unet,model_specific,raw,patient,conditional.macro.nll_true_class,5,0.9010006985111293,0.10999606123568409,0.7776771751771078,1.0526801762166897
sam2_unet,model_specific,raw,patient,conditional.macro.precision,5,0.5062121212121212,0.16492582577433468,0.3666666666666667,0.7444444444444445
sam2_unet,model_specific,raw,patient,conditional.macro.recall,5,0.5133333333333334,0.08692269873603534,0.3833333333333333,0.5833333333333334
sam2_unet,model_specific,raw,patient,conditional.macro.specificity,5,0.8238095238095238,0.02681876268111624,0.7916666666666666,0.8452380952380952
sam2_unet,model_specific,raw,patient,conditional.macro_auroc,5,0.7966666666666666,0.04089333367712908,0.7351190476190478,0.8422619047619048
sam2_unet,model_specific,raw,patient,conditional.macro_average_precision,5,0.6169192844192845,0.053585553541670494,0.5538579938579938,0.6812482887482888
sam2_unet,model_specific,raw,patient,conditional.macro_classwise_adaptive_ece,5,0.23224752537513366,0.06546926325693232,0.18229879141959934,0.34150267225720476
sam2_unet,model_specific,raw,patient,conditional.macro_classwise_ece,5,0.15606417370893833,0.04830196395002683,0.08651762733703013,0.2125804877869617
sam2_unet,model_specific,raw,patient,conditional.macro_f1,5,0.485021645021645,0.09496337447831646,0.37407407407407406,0.5845117845117845
sam2_unet,model_specific,raw,patient,conditional.macro_precision,5,0.5062121212121212,0.16492582577433468,0.3666666666666667,0.7444444444444445
sam2_unet,model_specific,raw,patient,conditional.macro_recall,5,0.5133333333333334,0.08692269873603534,0.3833333333333333,0.5833333333333334
sam2_unet,model_specific,raw,patient,conditional.multiclass_brier,5,0.4621143810323969,0.09963755588124215,0.3714515488096561,0.6279114460291063
sam2_unet,model_specific,raw,patient,conditional.multiclass_mcc,5,0.42070797700268725,0.12086963286129268,0.2513123449750173,0.5233973683491399
sam2_unet,model_specific,raw,patient,conditional.multiclass_nll,5,0.7648192684252713,0.1699301694017153,0.6139691446698978,1.040684142371534
sam2_unet,model_specific,raw,patient,conditional.n,5,18.0,0.0,18.0,18.0
sam2_unet,model_specific,raw,patient,conditional.per_class.normal.adaptive_ece_ovr,5,0.23047965439717516,0.10625587045620553,0.15998155572545256,0.41614441752535214
sam2_unet,model_specific,raw,patient,conditional.per_class.normal.auroc_ovr,5,0.89,0.05618051263561056,0.8125,0.95
sam2_unet,model_specific,raw,patient,conditional.per_class.normal.average_precision_ovr,5,0.8983910533910532,0.058942363629645084,0.811024531024531,0.9572979797979797
sam2_unet,model_specific,raw,patient,conditional.per_class.normal.balanced_accuracy_ovr,5,0.8700000000000001,0.025920551691659657,0.825,0.8875
sam2_unet,model_specific,raw,patient,conditional.per_class.normal.brier_ovr,5,0.14411799389099547,0.07360643637872089,0.09119179498535429,0.26918251709492974
sam2_unet,model_specific,raw,patient,conditional.per_class.normal.class_index,5,0.0,0.0,0.0,0.0
sam2_unet,model_specific,raw,patient,conditional.per_class.normal.ece_ovr,5,0.15808918668230576,0.11093152080770503,0.06681569008171924,0.3483732575766051
sam2_unet,model_specific,raw,patient,conditional.per_class.normal.f1,5,0.8950649350649351,0.021680922607844454,0.8571428571428571,0.9090909090909091
sam2_unet,model_specific,raw,patient,conditional.per_class.normal.fn,5,0.6,0.5477225575051662,0.0,1.0
sam2_unet,model_specific,raw,patient,conditional.per_class.normal.fp,5,1.6,0.5477225575051661,1.0,2.0
sam2_unet,model_specific,raw,patient,conditional.per_class.normal.mcc_ovr,5,0.7587360357906205,0.05433502306226992,0.6625413488689132,0.7905694150420948
sam2_unet,model_specific,raw,patient,conditional.per_class.normal.nll_ovr,5,0.42696844839869386,0.18110811609158894,0.2838652890680507,0.7301242390940746
sam2_unet,model_specific,raw,patient,conditional.per_class.normal.nll_true_class,5,0.4924564082535553,0.31020034197138535,0.26672363520755166,1.0166920746812222
sam2_unet,model_specific,raw,patient,conditional.per_class.normal.precision,5,0.856969696969697,0.03976515079351332,0.8181818181818182,0.9
sam2_unet,model_specific,raw,patient,conditional.per_class.normal.recall,5,0.9400000000000001,0.0547722557505166,0.9,1.0
sam2_unet,model_specific,raw,patient,conditional.per_class.normal.sensitivity,5,0.9400000000000001,0.0547722557505166,0.9,1.0
sam2_unet,model_specific,raw,patient,conditional.per_class.normal.specificity,5,0.8,0.06846531968814576,0.75,0.875
sam2_unet,model_specific,raw,patient,conditional.per_class.normal.support,5,10.0,0.0,10.0,10.0
sam2_unet,model_specific,raw,patient,conditional.per_class.normal.tn,5,6.4,0.5477225575051661,6.0,7.0
sam2_unet,model_specific,raw,patient,conditional.per_class.normal.tp,5,9.4,0.5477225575051662,9.0,10.0
sam2_unet,model_specific,raw,patient,conditional.per_class.papilledema.adaptive_ece_ovr,5,0.21598670589609092,0.0809373574852662,0.15409374572161663,0.35538086732116614
sam2_unet,model_specific,raw,patient,conditional.per_class.papilledema.auroc_ovr,5,0.8285714285714286,0.09070303642285932,0.6964285714285714,0.9107142857142858
sam2_unet,model_specific,raw,patient,conditional.per_class.papilledema.average_precision_ovr,5,0.5716666666666665,0.1536161802643272,0.3988095238095238,0.7333333333333333
sam2_unet,model_specific,raw,patient,conditional.per_class.papilledema.balanced_accuracy_ovr,5,0.5321428571428573,0.07075575984342482,0.4642857142857143,0.625
sam2_unet,model_specific,raw,patient,conditional.per_class.papilledema.brier_ovr,5,0.14277268619371733,0.03349393848071439,0.09653569843793099,0.1753969722379661
sam2_unet,model_specific,raw,patient,conditional.per_class.papilledema.class_index,5,1.0,0.0,1.0,1.0
sam2_unet,model_specific,raw,patient,conditional.per_class.papilledema.ece_ovr,5,0.15099713387498664,0.05456292993327953,0.0973404965509736,0.2422008760886835
sam2_unet,model_specific,raw,patient,conditional.per_class.papilledema.f1,5,0.19111111111111112,0.1856586539929371,0.0,0.4
sam2_unet,model_specific,raw,patient,conditional.per_class.papilledema.fn,5,3.4,0.5477225575051661,3.0,4.0
sam2_unet,model_specific,raw,patient,conditional.per_class.papilledema.fp,5,1.2,1.6431676725154982,0.0,4.0
sam2_unet,model_specific,raw,patient,conditional.per_class.papilledema.mcc_ovr,5,0.1054359960400519,0.23664731239385306,-0.12964074471043288,0.4537426064865151
sam2_unet,model_specific,raw,patient,conditional.per_class.papilledema.nll_ovr,5,0.44014486710579837,0.0915974606159467,0.3089665587301216,0.5370764547697503
sam2_unet,model_specific,raw,patient,conditional.per_class.papilledema.nll_true_class,5,1.0728309469859767,0.2684587640723552,0.8003266080373279,1.4660911735432196
sam2_unet,model_specific,raw,patient,conditional.per_class.papilledema.precision,5,0.33999999999999997,0.42190046219457966,0.0,1.0
sam2_unet,model_specific,raw,patient,conditional.per_class.papilledema.recall,5,0.15,0.13693063937629155,0.0,0.25
sam2_unet,model_specific,raw,patient,conditional.per_class.papilledema.sensitivity,5,0.15,0.13693063937629155,0.0,0.25
sam2_unet,model_specific,raw,patient,conditional.per_class.papilledema.specificity,5,0.9142857142857144,0.11736911946539273,0.7142857142857143,1.0
sam2_unet,model_specific,raw,patient,conditional.per_class.papilledema.support,5,4.0,0.0,4.0,4.0
sam2_unet,model_specific,raw,patient,conditional.per_class.papilledema.tn,5,12.8,1.6431676725154984,10.0,14.0
sam2_unet,model_specific,raw,patient,conditional.per_class.papilledema.tp,5,0.6,0.5477225575051662,0.0,1.0
sam2_unet,model_specific,raw,patient,conditional.per_class.pseudopapilledema.adaptive_ece_ovr,5,0.2502762158321349,0.05065049216179649,0.2058087419904123,0.33414430355543184
sam2_unet,model_specific,raw,patient,conditional.per_class.pseudopapilledema.auroc_ovr,5,0.6714285714285715,0.07742672638813858,0.5535714285714286,0.7678571428571429
sam2_unet,model_specific,raw,patient,conditional.per_class.pseudopapilledema.average_precision_ovr,5,0.3807001332001332,0.04527527339874823,0.3326923076923077,0.44166666666666665
sam2_unet,model_specific,raw,patient,conditional.per_class.pseudopapilledema.balanced_accuracy_ovr,5,0.6035714285714285,0.12268260026655477,0.39285714285714285,0.6964285714285714
sam2_unet,model_specific,raw,patient,conditional.per_class.pseudopapilledema.brier_ovr,5,0.1752237009476841,0.019885543409857803,0.1482168211532104,0.2014960003845857
sam2_unet,model_specific,raw,patient,conditional.per_class.pseudopapilledema.class_index,5,2.0,0.0,2.0,2.0
sam2_unet,model_specific,raw,patient,conditional.per_class.pseudopapilledema.ece_ovr,5,0.15910620056952257,0.07097920433560978,0.06296075092382591,0.24258016988835418
sam2_unet,model_specific,raw,patient,conditional.per_class.pseudopapilledema.f1,5,0.36888888888888893,0.2104375218854374,0.0,0.5
sam2_unet,model_specific,raw,patient,conditional.per_class.pseudopapilledema.fn,5,2.2,1.0954451150103321,1.0,4.0
sam2_unet,model_specific,raw,patient,conditional.per_class.pseudopapilledema.fp,5,3.4,1.140175425099138,2.0,5.0
sam2_unet,model_specific,raw,patient,conditional.per_class.pseudopapilledema.mcc_ovr,5,0.1801929314000537,0.24311832779943204,-0.23904572186687875,0.35714285714285715
sam2_unet,model_specific,raw,patient,conditional.per_class.pseudopapilledema.nll_ovr,5,0.5296165473466375,0.05764689864480807,0.45137179758631407,0.6055538803345971
sam2_unet,model_specific,raw,patient,conditional.per_class.pseudopapilledema.nll_true_class,5,1.137714740293856,0.22702820951526415,0.9137371747553433,1.4801500119186222
sam2_unet,model_specific,raw,patient,conditional.per_class.pseudopapilledema.precision,5,0.32166666666666666,0.18999268991785506,0.0,0.5
sam2_unet,model_specific,raw,patient,conditional.per_class.pseudopapilledema.recall,5,0.45,0.2738612787525831,0.0,0.75
sam2_unet,model_specific,raw,patient,conditional.per_class.pseudopapilledema.sensitivity,5,0.45,0.2738612787525831,0.0,0.75
sam2_unet,model_specific,raw,patient,conditional.per_class.pseudopapilledema.specificity,5,0.7571428571428571,0.08144110179279554,0.6428571428571429,0.8571428571428571
sam2_unet,model_specific,raw,patient,conditional.per_class.pseudopapilledema.support,5,4.0,0.0,4.0,4.0
sam2_unet,model_specific,raw,patient,conditional.per_class.pseudopapilledema.tn,5,10.6,1.1401754250991378,9.0,12.0
sam2_unet,model_specific,raw,patient,conditional.per_class.pseudopapilledema.tp,5,1.8,1.0954451150103324,0.0,3.0
sam2_unet,model_specific,raw,patient,conditional.top_label_adaptive_ece,5,0.3040105468838295,0.05721688801094478,0.2276115879920343,0.3844127276888573
sam2_unet,model_specific,raw,patient,conditional.top_label_ece,5,0.17566597357861383,0.07895805648414946,0.10572415160247255,0.3035044363939862
sam2_unet,model_specific,raw,patient,conditional_aurc,5,0.2223288059072373,0.04932636919552443,0.16654313823431469,0.27906759634700806
sam2_unet,model_specific,raw,patient,coverage,5,1.0,0.0,1.0,1.0
sam2_unet,model_specific,raw,patient,failure_aware.accuracy,5,0.6555555555555556,0.0724355822800294,0.5555555555555556,0.7222222222222222
sam2_unet,model_specific,raw,patient,failure_aware.aurc,5,0.2223288059072373,0.04932636919552443,0.16654313823431469,0.27906759634700806
sam2_unet,model_specific,raw,patient,failure_aware.balanced_accuracy,5,0.5133333333333334,0.08692269873603534,0.3833333333333333,0.5833333333333334
sam2_unet,model_specific,raw,patient,failure_aware.correct,5,11.8,1.3038404810405297,10.0,13.0
sam2_unet,model_specific,raw,patient,failure_aware.incorrect_or_abstained,5,6.2,1.3038404810405297,5.0,8.0
sam2_unet,model_specific,raw,patient,failure_aware.macro_f1,5,0.485021645021645,0.09496337447831646,0.37407407407407406,0.5845117845117845
sam2_unet,model_specific,raw,patient,failure_aware.macro_precision,5,0.5062121212121212,0.16492582577433468,0.3666666666666667,0.7444444444444445
sam2_unet,model_specific,raw,patient,failure_aware.macro_recall,5,0.5133333333333334,0.08692269873603534,0.3833333333333333,0.5833333333333334
sam2_unet,model_specific,raw,patient,failure_aware.macro_specificity,5,0.8238095238095238,0.02681876268111624,0.7916666666666666,0.8452380952380952
sam2_unet,model_specific,raw,patient,failure_aware.multiclass_mcc,5,0.42070797700268725,0.12086963286129268,0.2513123449750173,0.5233973683491399
sam2_unet,model_specific,raw,patient,failure_aware.per_class.normal.abstain,5,0.0,0.0,0.0,0.0
sam2_unet,model_specific,raw,patient,failure_aware.per_class.normal.balanced_accuracy_ovr,5,0.8700000000000001,0.025920551691659657,0.825,0.8875
sam2_unet,model_specific,raw,patient,failure_aware.per_class.normal.class_index,5,0.0,0.0,0.0,0.0
sam2_unet,model_specific,raw,patient,failure_aware.per_class.normal.f1,5,0.8950649350649351,0.021680922607844454,0.8571428571428571,0.9090909090909091
sam2_unet,model_specific,raw,patient,failure_aware.per_class.normal.fn_including_abstain,5,0.6,0.5477225575051662,0.0,1.0
sam2_unet,model_specific,raw,patient,failure_aware.per_class.normal.fp,5,1.6,0.5477225575051661,1.0,2.0
sam2_unet,model_specific,raw,patient,failure_aware.per_class.normal.precision,5,0.856969696969697,0.03976515079351332,0.8181818181818182,0.9
sam2_unet,model_specific,raw,patient,failure_aware.per_class.normal.recall,5,0.9400000000000001,0.0547722557505166,0.9,1.0
sam2_unet,model_specific,raw,patient,failure_aware.per_class.normal.sensitivity,5,0.9400000000000001,0.0547722557505166,0.9,1.0
sam2_unet,model_specific,raw,patient,failure_aware.per_class.normal.specificity,5,0.8,0.06846531968814576,0.75,0.875
sam2_unet,model_specific,raw,patient,failure_aware.per_class.normal.support,5,10.0,0.0,10.0,10.0
sam2_unet,model_specific,raw,patient,failure_aware.per_class.normal.tn_excluding_abstain,5,6.4,0.5477225575051661,6.0,7.0
sam2_unet,model_specific,raw,patient,failure_aware.per_class.normal.tp,5,9.4,0.5477225575051662,9.0,10.0
sam2_unet,model_specific,raw,patient,failure_aware.per_class.papilledema.abstain,5,0.0,0.0,0.0,0.0
sam2_unet,model_specific,raw,patient,failure_aware.per_class.papilledema.balanced_accuracy_ovr,5,0.5321428571428573,0.07075575984342482,0.4642857142857143,0.625
sam2_unet,model_specific,raw,patient,failure_aware.per_class.papilledema.class_index,5,1.0,0.0,1.0,1.0
sam2_unet,model_specific,raw,patient,failure_aware.per_class.papilledema.f1,5,0.19111111111111112,0.1856586539929371,0.0,0.4
sam2_unet,model_specific,raw,patient,failure_aware.per_class.papilledema.fn_including_abstain,5,3.4,0.5477225575051661,3.0,4.0
sam2_unet,model_specific,raw,patient,failure_aware.per_class.papilledema.fp,5,1.2,1.6431676725154982,0.0,4.0
sam2_unet,model_specific,raw,patient,failure_aware.per_class.papilledema.precision,5,0.33999999999999997,0.42190046219457966,0.0,1.0
sam2_unet,model_specific,raw,patient,failure_aware.per_class.papilledema.recall,5,0.15,0.13693063937629155,0.0,0.25
sam2_unet,model_specific,raw,patient,failure_aware.per_class.papilledema.sensitivity,5,0.15,0.13693063937629155,0.0,0.25
sam2_unet,model_specific,raw,patient,failure_aware.per_class.papilledema.specificity,5,0.9142857142857144,0.11736911946539273,0.7142857142857143,1.0
sam2_unet,model_specific,raw,patient,failure_aware.per_class.papilledema.support,5,4.0,0.0,4.0,4.0
sam2_unet,model_specific,raw,patient,failure_aware.per_class.papilledema.tn_excluding_abstain,5,12.8,1.6431676725154984,10.0,14.0
sam2_unet,model_specific,raw,patient,failure_aware.per_class.papilledema.tp,5,0.6,0.5477225575051662,0.0,1.0
sam2_unet,model_specific,raw,patient,failure_aware.per_class.pseudopapilledema.abstain,5,0.0,0.0,0.0,0.0
sam2_unet,model_specific,raw,patient,failure_aware.per_class.pseudopapilledema.balanced_accuracy_ovr,5,0.6035714285714285,0.12268260026655477,0.39285714285714285,0.6964285714285714
sam2_unet,model_specific,raw,patient,failure_aware.per_class.pseudopapilledema.class_index,5,2.0,0.0,2.0,2.0
sam2_unet,model_specific,raw,patient,failure_aware.per_class.pseudopapilledema.f1,5,0.36888888888888893,0.2104375218854374,0.0,0.5
sam2_unet,model_specific,raw,patient,failure_aware.per_class.pseudopapilledema.fn_including_abstain,5,2.2,1.0954451150103321,1.0,4.0
sam2_unet,model_specific,raw,patient,failure_aware.per_class.pseudopapilledema.fp,5,3.4,1.140175425099138,2.0,5.0
sam2_unet,model_specific,raw,patient,failure_aware.per_class.pseudopapilledema.precision,5,0.32166666666666666,0.18999268991785506,0.0,0.5
sam2_unet,model_specific,raw,patient,failure_aware.per_class.pseudopapilledema.recall,5,0.45,0.2738612787525831,0.0,0.75
sam2_unet,model_specific,raw,patient,failure_aware.per_class.pseudopapilledema.sensitivity,5,0.45,0.2738612787525831,0.0,0.75
sam2_unet,model_specific,raw,patient,failure_aware.per_class.pseudopapilledema.specificity,5,0.7571428571428571,0.08144110179279554,0.6428571428571429,0.8571428571428571
sam2_unet,model_specific,raw,patient,failure_aware.per_class.pseudopapilledema.support,5,4.0,0.0,4.0,4.0
sam2_unet,model_specific,raw,patient,failure_aware.per_class.pseudopapilledema.tn_excluding_abstain,5,10.6,1.1401754250991378,9.0,12.0
sam2_unet,model_specific,raw,patient,failure_aware.per_class.pseudopapilledema.tp,5,1.8,1.0954451150103324,0.0,3.0
sam2_unet,model_specific,raw,patient,failure_aware_accuracy,5,0.6555555555555556,0.0724355822800294,0.5555555555555556,0.7222222222222222
sam2_unet,model_specific,raw,patient,failure_aware_aurc,5,0.2223288059072373,0.04932636919552443,0.16654313823431469,0.27906759634700806
sam2_unet,model_specific,raw,patient,failure_aware_balanced_accuracy,5,0.5133333333333334,0.08692269873603534,0.3833333333333333,0.5833333333333334
sam2_unet,model_specific,raw,patient,failure_inclusive.accuracy,5,0.6555555555555556,0.0724355822800294,0.5555555555555556,0.7222222222222222
sam2_unet,model_specific,raw,patient,failure_inclusive.aurc,5,0.2223288059072373,0.04932636919552443,0.16654313823431469,0.27906759634700806
sam2_unet,model_specific,raw,patient,failure_inclusive.balanced_accuracy,5,0.5133333333333334,0.08692269873603534,0.3833333333333333,0.5833333333333334
sam2_unet,model_specific,raw,patient,failure_inclusive.correct,5,11.8,1.3038404810405297,10.0,13.0
sam2_unet,model_specific,raw,patient,failure_inclusive.incorrect_or_abstained,5,6.2,1.3038404810405297,5.0,8.0
sam2_unet,model_specific,raw,patient,failure_inclusive.macro_f1,5,0.485021645021645,0.09496337447831646,0.37407407407407406,0.5845117845117845
sam2_unet,model_specific,raw,patient,failure_inclusive.macro_precision,5,0.5062121212121212,0.16492582577433468,0.3666666666666667,0.7444444444444445
sam2_unet,model_specific,raw,patient,failure_inclusive.macro_recall,5,0.5133333333333334,0.08692269873603534,0.3833333333333333,0.5833333333333334
sam2_unet,model_specific,raw,patient,failure_inclusive.macro_specificity,5,0.8238095238095238,0.02681876268111624,0.7916666666666666,0.8452380952380952
sam2_unet,model_specific,raw,patient,failure_inclusive.multiclass_mcc,5,0.42070797700268725,0.12086963286129268,0.2513123449750173,0.5233973683491399
sam2_unet,model_specific,raw,patient,failure_inclusive.per_class.normal.abstain,5,0.0,0.0,0.0,0.0
sam2_unet,model_specific,raw,patient,failure_inclusive.per_class.normal.balanced_accuracy_ovr,5,0.8700000000000001,0.025920551691659657,0.825,0.8875
sam2_unet,model_specific,raw,patient,failure_inclusive.per_class.normal.class_index,5,0.0,0.0,0.0,0.0
sam2_unet,model_specific,raw,patient,failure_inclusive.per_class.normal.f1,5,0.8950649350649351,0.021680922607844454,0.8571428571428571,0.9090909090909091
sam2_unet,model_specific,raw,patient,failure_inclusive.per_class.normal.fn_including_abstain,5,0.6,0.5477225575051662,0.0,1.0
sam2_unet,model_specific,raw,patient,failure_inclusive.per_class.normal.fp,5,1.6,0.5477225575051661,1.0,2.0
sam2_unet,model_specific,raw,patient,failure_inclusive.per_class.normal.precision,5,0.856969696969697,0.03976515079351332,0.8181818181818182,0.9
sam2_unet,model_specific,raw,patient,failure_inclusive.per_class.normal.recall,5,0.9400000000000001,0.0547722557505166,0.9,1.0
sam2_unet,model_specific,raw,patient,failure_inclusive.per_class.normal.sensitivity,5,0.9400000000000001,0.0547722557505166,0.9,1.0
sam2_unet,model_specific,raw,patient,failure_inclusive.per_class.normal.specificity,5,0.8,0.06846531968814576,0.75,0.875
sam2_unet,model_specific,raw,patient,failure_inclusive.per_class.normal.support,5,10.0,0.0,10.0,10.0
sam2_unet,model_specific,raw,patient,failure_inclusive.per_class.normal.tn_excluding_abstain,5,6.4,0.5477225575051661,6.0,7.0
sam2_unet,model_specific,raw,patient,failure_inclusive.per_class.normal.tp,5,9.4,0.5477225575051662,9.0,10.0
sam2_unet,model_specific,raw,patient,failure_inclusive.per_class.papilledema.abstain,5,0.0,0.0,0.0,0.0
sam2_unet,model_specific,raw,patient,failure_inclusive.per_class.papilledema.balanced_accuracy_ovr,5,0.5321428571428573,0.07075575984342482,0.4642857142857143,0.625
sam2_unet,model_specific,raw,patient,failure_inclusive.per_class.papilledema.class_index,5,1.0,0.0,1.0,1.0
sam2_unet,model_specific,raw,patient,failure_inclusive.per_class.papilledema.f1,5,0.19111111111111112,0.1856586539929371,0.0,0.4
sam2_unet,model_specific,raw,patient,failure_inclusive.per_class.papilledema.fn_including_abstain,5,3.4,0.5477225575051661,3.0,4.0
sam2_unet,model_specific,raw,patient,failure_inclusive.per_class.papilledema.fp,5,1.2,1.6431676725154982,0.0,4.0
sam2_unet,model_specific,raw,patient,failure_inclusive.per_class.papilledema.precision,5,0.33999999999999997,0.42190046219457966,0.0,1.0
sam2_unet,model_specific,raw,patient,failure_inclusive.per_class.papilledema.recall,5,0.15,0.13693063937629155,0.0,0.25
sam2_unet,model_specific,raw,patient,failure_inclusive.per_class.papilledema.sensitivity,5,0.15,0.13693063937629155,0.0,0.25
sam2_unet,model_specific,raw,patient,failure_inclusive.per_class.papilledema.specificity,5,0.9142857142857144,0.11736911946539273,0.7142857142857143,1.0
sam2_unet,model_specific,raw,patient,failure_inclusive.per_class.papilledema.support,5,4.0,0.0,4.0,4.0
sam2_unet,model_specific,raw,patient,failure_inclusive.per_class.papilledema.tn_excluding_abstain,5,12.8,1.6431676725154984,10.0,14.0
sam2_unet,model_specific,raw,patient,failure_inclusive.per_class.papilledema.tp,5,0.6,0.5477225575051662,0.0,1.0
sam2_unet,model_specific,raw,patient,failure_inclusive.per_class.pseudopapilledema.abstain,5,0.0,0.0,0.0,0.0
sam2_unet,model_specific,raw,patient,failure_inclusive.per_class.pseudopapilledema.balanced_accuracy_ovr,5,0.6035714285714285,0.12268260026655477,0.39285714285714285,0.6964285714285714
sam2_unet,model_specific,raw,patient,failure_inclusive.per_class.pseudopapilledema.class_index,5,2.0,0.0,2.0,2.0
sam2_unet,model_specific,raw,patient,failure_inclusive.per_class.pseudopapilledema.f1,5,0.36888888888888893,0.2104375218854374,0.0,0.5
sam2_unet,model_specific,raw,patient,failure_inclusive.per_class.pseudopapilledema.fn_including_abstain,5,2.2,1.0954451150103321,1.0,4.0
sam2_unet,model_specific,raw,patient,failure_inclusive.per_class.pseudopapilledema.fp,5,3.4,1.140175425099138,2.0,5.0
sam2_unet,model_specific,raw,patient,failure_inclusive.per_class.pseudopapilledema.precision,5,0.32166666666666666,0.18999268991785506,0.0,0.5
sam2_unet,model_specific,raw,patient,failure_inclusive.per_class.pseudopapilledema.recall,5,0.45,0.2738612787525831,0.0,0.75
sam2_unet,model_specific,raw,patient,failure_inclusive.per_class.pseudopapilledema.sensitivity,5,0.45,0.2738612787525831,0.0,0.75
sam2_unet,model_specific,raw,patient,failure_inclusive.per_class.pseudopapilledema.specificity,5,0.7571428571428571,0.08144110179279554,0.6428571428571429,0.8571428571428571
sam2_unet,model_specific,raw,patient,failure_inclusive.per_class.pseudopapilledema.support,5,4.0,0.0,4.0,4.0
sam2_unet,model_specific,raw,patient,failure_inclusive.per_class.pseudopapilledema.tn_excluding_abstain,5,10.6,1.1401754250991378,9.0,12.0
sam2_unet,model_specific,raw,patient,failure_inclusive.per_class.pseudopapilledema.tp,5,1.8,1.0954451150103324,0.0,3.0
sam2_unet,model_specific,raw,patient,localized_diagnostic_success.localized_rate,5,0.9888888888888889,0.024845199749997673,0.9444444444444444,1.0
sam2_unet,model_specific,raw,patient,localized_diagnostic_success.n_success,5,11.6,1.51657508881031,10.0,13.0
sam2_unet,model_specific,raw,patient,localized_diagnostic_success.per_class_rate.normal,5,0.9200000000000002,0.08366600265340754,0.8,1.0
sam2_unet,model_specific,raw,patient,localized_diagnostic_success.per_class_rate.papilledema,5,0.15,0.13693063937629155,0.0,0.25
sam2_unet,model_specific,raw,patient,localized_diagnostic_success.per_class_rate.pseudopapilledema,5,0.45,0.2738612787525831,0.0,0.75
sam2_unet,model_specific,raw,patient,localized_diagnostic_success.rate,5,0.6444444444444445,0.08425417160057277,0.5555555555555556,0.7222222222222222
sam2_unet,model_specific,raw,patient,n_abstain,5,0.0,0.0,0.0,0.0
sam2_unet,model_specific,raw,patient,n_covered,5,18.0,0.0,18.0,18.0
sam2_unet,model_specific,raw,patient,n_total,5,18.0,0.0,18.0,18.0
sam2_unet,model_specific,raw,patient,selective_risk,5,0.34444444444444444,0.07243558228002941,0.2777777777777778,0.4444444444444444
sam2_unet,standardized_resnet18,calibrated,eye,abstention_rate,5,0.0,0.0,0.0,0.0
sam2_unet,standardized_resnet18,calibrated,eye,class_conditional_coverage.normal,5,1.0,0.0,1.0,1.0
sam2_unet,standardized_resnet18,calibrated,eye,class_conditional_coverage.papilledema,5,1.0,0.0,1.0,1.0
sam2_unet,standardized_resnet18,calibrated,eye,class_conditional_coverage.pseudopapilledema,5,1.0,0.0,1.0,1.0
sam2_unet,standardized_resnet18,calibrated,eye,conditional.accuracy,5,0.6333333333333334,0.09899183156225255,0.5277777777777778,0.75
sam2_unet,standardized_resnet18,calibrated,eye,conditional.balanced_accuracy,5,0.5199999999999999,0.09621301598247733,0.4166666666666667,0.625
sam2_unet,standardized_resnet18,calibrated,eye,conditional.class_counts.normal,5,20.0,0.0,20.0,20.0
sam2_unet,standardized_resnet18,calibrated,eye,conditional.class_counts.papilledema,5,8.0,0.0,8.0,8.0
sam2_unet,standardized_resnet18,calibrated,eye,conditional.class_counts.pseudopapilledema,5,8.0,0.0,8.0,8.0
sam2_unet,standardized_resnet18,calibrated,eye,conditional.derived_discrimination.normal_vs_abnormal.auroc,5,0.89125,0.05967850063046155,0.796875,0.95625
sam2_unet,standardized_resnet18,calibrated,eye,conditional.derived_discrimination.normal_vs_abnormal.average_precision,5,0.9117796806106897,0.06220692206097283,0.8054165217951983,0.9613095238095238
sam2_unet,standardized_resnet18,calibrated,eye,conditional.derived_discrimination.normal_vs_abnormal.n,5,36.0,0.0,36.0,36.0
sam2_unet,standardized_resnet18,calibrated,eye,conditional.derived_discrimination.normal_vs_abnormal.negative,5,20.0,0.0,20.0,20.0
sam2_unet,standardized_resnet18,calibrated,eye,conditional.derived_discrimination.normal_vs_abnormal.positive,5,16.0,0.0,16.0,16.0
sam2_unet,standardized_resnet18,calibrated,eye,conditional.derived_discrimination.papilledema_vs_pseudopapilledema.auroc,5,0.434375,0.15873031374000368,0.25,0.640625
sam2_unet,standardized_resnet18,calibrated,eye,conditional.derived_discrimination.papilledema_vs_pseudopapilledema.average_precision,5,0.5220375457875457,0.10554577167072943,0.3993589743589744,0.6760732323232322
sam2_unet,standardized_resnet18,calibrated,eye,conditional.derived_discrimination.papilledema_vs_pseudopapilledema.n,5,16.0,0.0,16.0,16.0
sam2_unet,standardized_resnet18,calibrated,eye,conditional.derived_discrimination.papilledema_vs_pseudopapilledema.negative,5,8.0,0.0,8.0,8.0
sam2_unet,standardized_resnet18,calibrated,eye,conditional.derived_discrimination.papilledema_vs_pseudopapilledema.positive,5,8.0,0.0,8.0,8.0
sam2_unet,standardized_resnet18,calibrated,eye,conditional.macro.adaptive_ece_ovr,5,0.18933106196894817,0.031003692134507717,0.1499236286159492,0.2337248398230777
sam2_unet,standardized_resnet18,calibrated,eye,conditional.macro.auroc_ovr,5,0.7548214285714285,0.08189585826380542,0.6153273809523809,0.8148809523809524
sam2_unet,standardized_resnet18,calibrated,eye,conditional.macro.average_precision_ovr,5,0.5666374632518117,0.06727369908757216,0.47415323083161565,0.6457817535570541
sam2_unet,standardized_resnet18,calibrated,eye,conditional.macro.balanced_accuracy_ovr,5,0.6689285714285714,0.07193569974608705,0.5892857142857143,0.75
sam2_unet,standardized_resnet18,calibrated,eye,conditional.macro.brier_ovr,5,0.17314155099806638,0.043019789710220635,0.1321921980536302,0.23876485713403497
sam2_unet,standardized_resnet18,calibrated,eye,conditional.macro.ece_ovr,5,0.18301621835314277,0.04365854338661367,0.13469822136540277,0.22624162396813555
sam2_unet,standardized_resnet18,calibrated,eye,conditional.macro.f1,5,0.5087009682350617,0.0856226416791539,0.40769230769230774,0.5966923771801821
sam2_unet,standardized_resnet18,calibrated,eye,conditional.macro.mcc_ovr,5,0.33575300472043357,0.14440114370468926,0.1744837404608461,0.4960638594648754
sam2_unet,standardized_resnet18,calibrated,eye,conditional.macro.nll_ovr,5,0.5545402347682551,0.1474125229387017,0.4165966166753045,0.732208726326974
sam2_unet,standardized_resnet18,calibrated,eye,conditional.macro.nll_true_class,5,1.10232445225587,0.3403958217084484,0.8174732170147956,1.4825004390608643
sam2_unet,standardized_resnet18,calibrated,eye,conditional.macro.precision,5,0.5134107997265891,0.08537516646037847,0.4131578947368421,0.6015873015873016
sam2_unet,standardized_resnet18,calibrated,eye,conditional.macro.recall,5,0.5199999999999999,0.09621301598247733,0.4166666666666667,0.625
sam2_unet,standardized_resnet18,calibrated,eye,conditional.macro.specificity,5,0.8178571428571428,0.04883129595712785,0.7619047619047619,0.875
sam2_unet,standardized_resnet18,calibrated,eye,conditional.macro_auroc,5,0.7548214285714285,0.08189585826380542,0.6153273809523809,0.8148809523809524
sam2_unet,standardized_resnet18,calibrated,eye,conditional.macro_average_precision,5,0.5666374632518117,0.06727369908757216,0.47415323083161565,0.6457817535570541
sam2_unet,standardized_resnet18,calibrated,eye,conditional.macro_classwise_adaptive_ece,5,0.18933106196894817,0.031003692134507717,0.1499236286159492,0.2337248398230777
sam2_unet,standardized_resnet18,calibrated,eye,conditional.macro_classwise_ece,5,0.18301621835314277,0.04365854338661367,0.13469822136540277,0.22624162396813555
sam2_unet,standardized_resnet18,calibrated,eye,conditional.macro_f1,5,0.5087009682350617,0.0856226416791539,0.40769230769230774,0.5966923771801821
sam2_unet,standardized_resnet18,calibrated,eye,conditional.macro_precision,5,0.5134107997265891,0.08537516646037847,0.4131578947368421,0.6015873015873016
sam2_unet,standardized_resnet18,calibrated,eye,conditional.macro_recall,5,0.5199999999999999,0.09621301598247733,0.4166666666666667,0.625
sam2_unet,standardized_resnet18,calibrated,eye,conditional.multiclass_brier,5,0.5194246529941992,0.1290593691306619,0.3965765941608905,0.716294571402105
sam2_unet,standardized_resnet18,calibrated,eye,conditional.multiclass_mcc,5,0.38932819175916394,0.1583087331445737,0.21903538824921198,0.5803319658745637
sam2_unet,standardized_resnet18,calibrated,eye,conditional.multiclass_nll,5,0.9151500554761235,0.26915316630527425,0.6588003697177576,1.259942684424335
sam2_unet,standardized_resnet18,calibrated,eye,conditional.n,5,36.0,0.0,36.0,36.0
sam2_unet,standardized_resnet18,calibrated,eye,conditional.per_class.normal.adaptive_ece_ovr,5,0.1820291734463159,0.03231531952459729,0.14859533351597307,0.23314121077052802
sam2_unet,standardized_resnet18,calibrated,eye,conditional.per_class.normal.auroc_ovr,5,0.89125,0.05967850063046157,0.796875,0.95625
sam2_unet,standardized_resnet18,calibrated,eye,conditional.per_class.normal.average_precision_ovr,5,0.8749088823409368,0.057760138757713436,0.8212028718301314,0.9620868123964101
sam2_unet,standardized_resnet18,calibrated,eye,conditional.per_class.normal.balanced_accuracy_ovr,5,0.8425,0.0822534193818105,0.75,0.9375
sam2_unet,standardized_resnet18,calibrated,eye,conditional.per_class.normal.brier_ovr,5,0.13993835635207455,0.042826526843407306,0.10245614008135344,0.21335808897481978
sam2_unet,standardized_resnet18,calibrated,eye,conditional.per_class.normal.class_index,5,0.0,0.0,0.0,0.0
sam2_unet,standardized_resnet18,calibrated,eye,conditional.per_class.normal.ece_ovr,5,0.1768854635908908,0.046693694921725384,0.13846086685006936,0.24901298918258577
sam2_unet,standardized_resnet18,calibrated,eye,conditional.per_class.normal.f1,5,0.8581092506124598,0.07928081681308667,0.7692307692307693,0.9523809523809523
sam2_unet,standardized_resnet18,calibrated,eye,conditional.per_class.normal.fn,5,2.8,2.16794833886788,0.0,5.0
sam2_unet,standardized_resnet18,calibrated,eye,conditional.per_class.normal.fp,5,2.8,1.0954451150103321,2.0,4.0
sam2_unet,standardized_resnet18,calibrated,eye,conditional.per_class.normal.mcc_ovr,5,0.6883794841359042,0.17155871047756535,0.4976726017934395,0.8918825850158447
sam2_unet,standardized_resnet18,calibrated,eye,conditional.per_class.normal.nll_ovr,5,0.45792709408528876,0.119671093110092,0.3400724830231786,0.6505811156758495
sam2_unet,standardized_resnet18,calibrated,eye,conditional.per_class.normal.nll_true_class,5,0.5408012619166309,0.18738231221124244,0.341454675123682,0.8480330411643118
sam2_unet,standardized_resnet18,calibrated,eye,conditional.per_class.normal.precision,5,0.8584430773904458,0.05875788149962554,0.7894736842105263,0.9090909090909091
sam2_unet,standardized_resnet18,calibrated,eye,conditional.per_class.normal.recall,5,0.86,0.10839741694339398,0.75,1.0
sam2_unet,standardized_resnet18,calibrated,eye,conditional.per_class.normal.sensitivity,5,0.86,0.10839741694339398,0.75,1.0
sam2_unet,standardized_resnet18,calibrated,eye,conditional.per_class.normal.specificity,5,0.825,0.06846531968814577,0.75,0.875
sam2_unet,standardized_resnet18,calibrated,eye,conditional.per_class.normal.support,5,20.0,0.0,20.0,20.0
sam2_unet,standardized_resnet18,calibrated,eye,conditional.per_class.normal.tn,5,13.2,1.0954451150103324,12.0,14.0
sam2_unet,standardized_resnet18,calibrated,eye,conditional.per_class.normal.tp,5,17.2,2.16794833886788,15.0,20.0
sam2_unet,standardized_resnet18,calibrated,eye,conditional.per_class.papilledema.adaptive_ece_ovr,5,0.18176839004967046,0.0508258129051248,0.11547496535677292,0.2484893329201357
sam2_unet,standardized_resnet18,calibrated,eye,conditional.per_class.papilledema.auroc_ovr,5,0.7428571428571428,0.17222540811093928,0.4821428571428571,0.8928571428571428
sam2_unet,standardized_resnet18,calibrated,eye,conditional.per_class.papilledema.average_precision_ovr,5,0.4697719497564699,0.17119199419082395,0.24502971443760918,0.6823645104895105
sam2_unet,standardized_resnet18,calibrated,eye,conditional.per_class.papilledema.balanced_accuracy_ovr,5,0.6357142857142857,0.12805576153076634,0.49107142857142855,0.7857142857142857
sam2_unet,standardized_resnet18,calibrated,eye,conditional.per_class.papilledema.brier_ovr,5,0.174037866046303,0.05907351173082706,0.11621707130728315,0.24471903618955546
sam2_unet,standardized_resnet18,calibrated,eye,conditional.per_class.papilledema.class_index,5,1.0,0.0,1.0,1.0
sam2_unet,standardized_resnet18,calibrated,eye,conditional.per_class.papilledema.ece_ovr,5,0.1818970146432355,0.08484946499530283,0.0746493251644614,0.27047503546023427
sam2_unet,standardized_resnet18,calibrated,eye,conditional.per_class.papilledema.f1,5,0.4123137784128496,0.20318871091471144,0.15384615384615385,0.631578947368421
sam2_unet,standardized_resnet18,calibrated,eye,conditional.per_class.papilledema.fn,5,4.4,2.073644135332772,2.0,7.0
sam2_unet,standardized_resnet18,calibrated,eye,conditional.per_class.papilledema.fp,5,5.0,0.7071067811865476,4.0,6.0
sam2_unet,standardized_resnet18,calibrated,eye,conditional.per_class.papilledema.mcc_ovr,5,0.25059034163200616,0.23487984216209323,-0.021466939537054593,0.5157266969762434
sam2_unet,standardized_resnet18,calibrated,eye,conditional.per_class.papilledema.nll_ovr,5,0.5757502406803076,0.2350480149072004,0.365076572935221,0.8973087926481155
sam2_unet,standardized_resnet18,calibrated,eye,conditional.per_class.papilledema.nll_true_class,5,1.3665085728712882,0.8406906718863001,0.610625123365434,2.529876827669106
sam2_unet,standardized_resnet18,calibrated,eye,conditional.per_class.papilledema.precision,5,0.387979797979798,0.15403725779201227,0.2,0.5454545454545454
sam2_unet,standardized_resnet18,calibrated,eye,conditional.per_class.papilledema.recall,5,0.45,0.25920551691659655,0.125,0.75
sam2_unet,standardized_resnet18,calibrated,eye,conditional.per_class.papilledema.sensitivity,5,0.45,0.25920551691659655,0.125,0.75
sam2_unet,standardized_resnet18,calibrated,eye,conditional.per_class.papilledema.specificity,5,0.8214285714285715,0.025253813613805257,0.7857142857142857,0.8571428571428571
sam2_unet,standardized_resnet18,calibrated,eye,conditional.per_class.papilledema.support,5,8.0,0.0,8.0,8.0
sam2_unet,standardized_resnet18,calibrated,eye,conditional.per_class.papilledema.tn,5,23.0,0.7071067811865476,22.0,24.0
sam2_unet,standardized_resnet18,calibrated,eye,conditional.per_class.papilledema.tp,5,3.6,2.0736441353327724,1.0,6.0
sam2_unet,standardized_resnet18,calibrated,eye,conditional.per_class.pseudopapilledema.adaptive_ece_ovr,5,0.20419562241085815,0.0414128902833531,0.1732186185361465,0.26789710164743646
sam2_unet,standardized_resnet18,calibrated,eye,conditional.per_class.pseudopapilledema.auroc_ovr,5,0.6303571428571428,0.043672489647841435,0.5669642857142857,0.6785714285714286
sam2_unet,standardized_resnet18,calibrated,eye,conditional.per_class.pseudopapilledema.average_precision_ovr,5,0.3552315576580282,0.031142366942471203,0.31758449883449885,0.3912011191422956
sam2_unet,standardized_resnet18,calibrated,eye,conditional.per_class.pseudopapilledema.balanced_accuracy_ovr,5,0.5285714285714287,0.0318188030021526,0.48214285714285715,0.5714285714285714
sam2_unet,standardized_resnet18,calibrated,eye,conditional.per_class.pseudopapilledema.brier_ovr,5,0.2054484305958216,0.035589713729935725,0.17765050395844556,0.2582174462377297
sam2_unet,standardized_resnet18,calibrated,eye,conditional.per_class.pseudopapilledema.class_index,5,2.0,0.0,2.0,2.0
sam2_unet,standardized_resnet18,calibrated,eye,conditional.per_class.pseudopapilledema.ece_ovr,5,0.190266176825302,0.06325451961175912,0.10536640093399338,0.26193874597262307
sam2_unet,standardized_resnet18,calibrated,eye,conditional.per_class.pseudopapilledema.f1,5,0.25567987567987566,0.05330394093028579,0.18181818181818182,0.3076923076923077
sam2_unet,standardized_resnet18,calibrated,eye,conditional.per_class.pseudopapilledema.fn,5,6.0,0.7071067811865476,5.0,7.0
sam2_unet,standardized_resnet18,calibrated,eye,conditional.per_class.pseudopapilledema.fp,5,5.4,3.0495901363953815,2.0,9.0
sam2_unet,standardized_resnet18,calibrated,eye,conditional.per_class.pseudopapilledema.mcc_ovr,5,0.06828918839339025,0.07353640236673233,-0.033149677206589796,0.17173551629643674
sam2_unet,standardized_resnet18,calibrated,eye,conditional.per_class.pseudopapilledema.nll_ovr,5,0.629943369539169,0.11295259611017867,0.5375622874434044,0.7928916239478196
sam2_unet,standardized_resnet18,calibrated,eye,conditional.per_class.pseudopapilledema.nll_true_class,5,1.3996635219796907,0.2201640844752311,1.035857647955075,1.6225471712608732
sam2_unet,standardized_resnet18,calibrated,eye,conditional.per_class.pseudopapilledema.precision,5,0.2938095238095238,0.0768498255795677,0.2,0.4
sam2_unet,standardized_resnet18,calibrated,eye,conditional.per_class.pseudopapilledema.recall,5,0.25,0.08838834764831845,0.125,0.375
sam2_unet,standardized_resnet18,calibrated,eye,conditional.per_class.pseudopapilledema.sensitivity,5,0.25,0.08838834764831845,0.125,0.375
sam2_unet,standardized_resnet18,calibrated,eye,conditional.per_class.pseudopapilledema.specificity,5,0.8071428571428573,0.10891393344269219,0.6785714285714286,0.9285714285714286
sam2_unet,standardized_resnet18,calibrated,eye,conditional.per_class.pseudopapilledema.support,5,8.0,0.0,8.0,8.0
sam2_unet,standardized_resnet18,calibrated,eye,conditional.per_class.pseudopapilledema.tn,5,22.6,3.049590136395381,19.0,26.0
sam2_unet,standardized_resnet18,calibrated,eye,conditional.per_class.pseudopapilledema.tp,5,2.0,0.7071067811865476,1.0,3.0
sam2_unet,standardized_resnet18,calibrated,eye,conditional.top_label_adaptive_ece,5,0.2355509928691384,0.07817297600373616,0.14612336840342638,0.3218273354005373
sam2_unet,standardized_resnet18,calibrated,eye,conditional.top_label_ece,5,0.2051418393139229,0.09677935276920578,0.11998489450264718,0.3218273354005374
sam2_unet,standardized_resnet18,calibrated,eye,conditional_aurc,5,0.30680968205469034,0.0958355361514791,0.20243424253896955,0.4596087120173814
sam2_unet,standardized_resnet18,calibrated,eye,coverage,5,1.0,0.0,1.0,1.0
sam2_unet,standardized_resnet18,calibrated,eye,failure_aware.accuracy,5,0.6333333333333334,0.09899183156225255,0.5277777777777778,0.75
sam2_unet,standardized_resnet18,calibrated,eye,failure_aware.aurc,5,0.30680968205469034,0.0958355361514791,0.20243424253896955,0.4596087120173814
sam2_unet,standardized_resnet18,calibrated,eye,failure_aware.balanced_accuracy,5,0.5199999999999999,0.09621301598247733,0.4166666666666667,0.625
sam2_unet,standardized_resnet18,calibrated,eye,failure_aware.correct,5,22.8,3.5637059362410923,19.0,27.0
sam2_unet,standardized_resnet18,calibrated,eye,failure_aware.incorrect_or_abstained,5,13.2,3.5637059362410923,9.0,17.0
sam2_unet,standardized_resnet18,calibrated,eye,failure_aware.macro_f1,5,0.5087009682350617,0.0856226416791539,0.40769230769230774,0.5966923771801821
sam2_unet,standardized_resnet18,calibrated,eye,failure_aware.macro_precision,5,0.5134107997265891,0.08537516646037847,0.4131578947368421,0.6015873015873016
sam2_unet,standardized_resnet18,calibrated,eye,failure_aware.macro_recall,5,0.5199999999999999,0.09621301598247733,0.4166666666666667,0.625
sam2_unet,standardized_resnet18,calibrated,eye,failure_aware.macro_specificity,5,0.8178571428571428,0.04883129595712785,0.7619047619047619,0.875
sam2_unet,standardized_resnet18,calibrated,eye,failure_aware.multiclass_mcc,5,0.38932819175916394,0.1583087331445737,0.21903538824921198,0.5803319658745637
sam2_unet,standardized_resnet18,calibrated,eye,failure_aware.per_class.normal.abstain,5,0.0,0.0,0.0,0.0
sam2_unet,standardized_resnet18,calibrated,eye,failure_aware.per_class.normal.balanced_accuracy_ovr,5,0.8425,0.0822534193818105,0.75,0.9375
sam2_unet,standardized_resnet18,calibrated,eye,failure_aware.per_class.normal.class_index,5,0.0,0.0,0.0,0.0
sam2_unet,standardized_resnet18,calibrated,eye,failure_aware.per_class.normal.f1,5,0.8581092506124598,0.07928081681308667,0.7692307692307693,0.9523809523809523
sam2_unet,standardized_resnet18,calibrated,eye,failure_aware.per_class.normal.fn_including_abstain,5,2.8,2.16794833886788,0.0,5.0
sam2_unet,standardized_resnet18,calibrated,eye,failure_aware.per_class.normal.fp,5,2.8,1.0954451150103321,2.0,4.0
sam2_unet,standardized_resnet18,calibrated,eye,failure_aware.per_class.normal.precision,5,0.8584430773904458,0.05875788149962554,0.7894736842105263,0.9090909090909091
sam2_unet,standardized_resnet18,calibrated,eye,failure_aware.per_class.normal.recall,5,0.86,0.10839741694339398,0.75,1.0
sam2_unet,standardized_resnet18,calibrated,eye,failure_aware.per_class.normal.sensitivity,5,0.86,0.10839741694339398,0.75,1.0
sam2_unet,standardized_resnet18,calibrated,eye,failure_aware.per_class.normal.specificity,5,0.825,0.06846531968814577,0.75,0.875
sam2_unet,standardized_resnet18,calibrated,eye,failure_aware.per_class.normal.support,5,20.0,0.0,20.0,20.0
sam2_unet,standardized_resnet18,calibrated,eye,failure_aware.per_class.normal.tn_excluding_abstain,5,13.2,1.0954451150103324,12.0,14.0
sam2_unet,standardized_resnet18,calibrated,eye,failure_aware.per_class.normal.tp,5,17.2,2.16794833886788,15.0,20.0
sam2_unet,standardized_resnet18,calibrated,eye,failure_aware.per_class.papilledema.abstain,5,0.0,0.0,0.0,0.0
sam2_unet,standardized_resnet18,calibrated,eye,failure_aware.per_class.papilledema.balanced_accuracy_ovr,5,0.6357142857142857,0.12805576153076634,0.49107142857142855,0.7857142857142857
sam2_unet,standardized_resnet18,calibrated,eye,failure_aware.per_class.papilledema.class_index,5,1.0,0.0,1.0,1.0
sam2_unet,standardized_resnet18,calibrated,eye,failure_aware.per_class.papilledema.f1,5,0.4123137784128496,0.20318871091471144,0.15384615384615385,0.631578947368421
sam2_unet,standardized_resnet18,calibrated,eye,failure_aware.per_class.papilledema.fn_including_abstain,5,4.4,2.073644135332772,2.0,7.0
sam2_unet,standardized_resnet18,calibrated,eye,failure_aware.per_class.papilledema.fp,5,5.0,0.7071067811865476,4.0,6.0
sam2_unet,standardized_resnet18,calibrated,eye,failure_aware.per_class.papilledema.precision,5,0.387979797979798,0.15403725779201227,0.2,0.5454545454545454
sam2_unet,standardized_resnet18,calibrated,eye,failure_aware.per_class.papilledema.recall,5,0.45,0.25920551691659655,0.125,0.75
sam2_unet,standardized_resnet18,calibrated,eye,failure_aware.per_class.papilledema.sensitivity,5,0.45,0.25920551691659655,0.125,0.75
sam2_unet,standardized_resnet18,calibrated,eye,failure_aware.per_class.papilledema.specificity,5,0.8214285714285715,0.025253813613805257,0.7857142857142857,0.8571428571428571
sam2_unet,standardized_resnet18,calibrated,eye,failure_aware.per_class.papilledema.support,5,8.0,0.0,8.0,8.0
sam2_unet,standardized_resnet18,calibrated,eye,failure_aware.per_class.papilledema.tn_excluding_abstain,5,23.0,0.7071067811865476,22.0,24.0
sam2_unet,standardized_resnet18,calibrated,eye,failure_aware.per_class.papilledema.tp,5,3.6,2.0736441353327724,1.0,6.0
sam2_unet,standardized_resnet18,calibrated,eye,failure_aware.per_class.pseudopapilledema.abstain,5,0.0,0.0,0.0,0.0
sam2_unet,standardized_resnet18,calibrated,eye,failure_aware.per_class.pseudopapilledema.balanced_accuracy_ovr,5,0.5285714285714287,0.0318188030021526,0.48214285714285715,0.5714285714285714
sam2_unet,standardized_resnet18,calibrated,eye,failure_aware.per_class.pseudopapilledema.class_index,5,2.0,0.0,2.0,2.0
sam2_unet,standardized_resnet18,calibrated,eye,failure_aware.per_class.pseudopapilledema.f1,5,0.25567987567987566,0.05330394093028579,0.18181818181818182,0.3076923076923077
sam2_unet,standardized_resnet18,calibrated,eye,failure_aware.per_class.pseudopapilledema.fn_including_abstain,5,6.0,0.7071067811865476,5.0,7.0
sam2_unet,standardized_resnet18,calibrated,eye,failure_aware.per_class.pseudopapilledema.fp,5,5.4,3.0495901363953815,2.0,9.0
sam2_unet,standardized_resnet18,calibrated,eye,failure_aware.per_class.pseudopapilledema.precision,5,0.2938095238095238,0.0768498255795677,0.2,0.4
sam2_unet,standardized_resnet18,calibrated,eye,failure_aware.per_class.pseudopapilledema.recall,5,0.25,0.08838834764831845,0.125,0.375
sam2_unet,standardized_resnet18,calibrated,eye,failure_aware.per_class.pseudopapilledema.sensitivity,5,0.25,0.08838834764831845,0.125,0.375
sam2_unet,standardized_resnet18,calibrated,eye,failure_aware.per_class.pseudopapilledema.specificity,5,0.8071428571428573,0.10891393344269219,0.6785714285714286,0.9285714285714286
sam2_unet,standardized_resnet18,calibrated,eye,failure_aware.per_class.pseudopapilledema.support,5,8.0,0.0,8.0,8.0
sam2_unet,standardized_resnet18,calibrated,eye,failure_aware.per_class.pseudopapilledema.tn_excluding_abstain,5,22.6,3.049590136395381,19.0,26.0
sam2_unet,standardized_resnet18,calibrated,eye,failure_aware.per_class.pseudopapilledema.tp,5,2.0,0.7071067811865476,1.0,3.0
sam2_unet,standardized_resnet18,calibrated,eye,failure_aware_accuracy,5,0.6333333333333334,0.09899183156225255,0.5277777777777778,0.75
sam2_unet,standardized_resnet18,calibrated,eye,failure_aware_aurc,5,0.30680968205469034,0.0958355361514791,0.20243424253896955,0.4596087120173814
sam2_unet,standardized_resnet18,calibrated,eye,failure_aware_balanced_accuracy,5,0.5199999999999999,0.09621301598247733,0.4166666666666667,0.625
sam2_unet,standardized_resnet18,calibrated,eye,failure_inclusive.accuracy,5,0.6333333333333334,0.09899183156225255,0.5277777777777778,0.75
sam2_unet,standardized_resnet18,calibrated,eye,failure_inclusive.aurc,5,0.30680968205469034,0.0958355361514791,0.20243424253896955,0.4596087120173814
sam2_unet,standardized_resnet18,calibrated,eye,failure_inclusive.balanced_accuracy,5,0.5199999999999999,0.09621301598247733,0.4166666666666667,0.625
sam2_unet,standardized_resnet18,calibrated,eye,failure_inclusive.correct,5,22.8,3.5637059362410923,19.0,27.0
sam2_unet,standardized_resnet18,calibrated,eye,failure_inclusive.incorrect_or_abstained,5,13.2,3.5637059362410923,9.0,17.0
sam2_unet,standardized_resnet18,calibrated,eye,failure_inclusive.macro_f1,5,0.5087009682350617,0.0856226416791539,0.40769230769230774,0.5966923771801821
sam2_unet,standardized_resnet18,calibrated,eye,failure_inclusive.macro_precision,5,0.5134107997265891,0.08537516646037847,0.4131578947368421,0.6015873015873016
sam2_unet,standardized_resnet18,calibrated,eye,failure_inclusive.macro_recall,5,0.5199999999999999,0.09621301598247733,0.4166666666666667,0.625
sam2_unet,standardized_resnet18,calibrated,eye,failure_inclusive.macro_specificity,5,0.8178571428571428,0.04883129595712785,0.7619047619047619,0.875
sam2_unet,standardized_resnet18,calibrated,eye,failure_inclusive.multiclass_mcc,5,0.38932819175916394,0.1583087331445737,0.21903538824921198,0.5803319658745637
sam2_unet,standardized_resnet18,calibrated,eye,failure_inclusive.per_class.normal.abstain,5,0.0,0.0,0.0,0.0
sam2_unet,standardized_resnet18,calibrated,eye,failure_inclusive.per_class.normal.balanced_accuracy_ovr,5,0.8425,0.0822534193818105,0.75,0.9375
sam2_unet,standardized_resnet18,calibrated,eye,failure_inclusive.per_class.normal.class_index,5,0.0,0.0,0.0,0.0
sam2_unet,standardized_resnet18,calibrated,eye,failure_inclusive.per_class.normal.f1,5,0.8581092506124598,0.07928081681308667,0.7692307692307693,0.9523809523809523
sam2_unet,standardized_resnet18,calibrated,eye,failure_inclusive.per_class.normal.fn_including_abstain,5,2.8,2.16794833886788,0.0,5.0
sam2_unet,standardized_resnet18,calibrated,eye,failure_inclusive.per_class.normal.fp,5,2.8,1.0954451150103321,2.0,4.0
sam2_unet,standardized_resnet18,calibrated,eye,failure_inclusive.per_class.normal.precision,5,0.8584430773904458,0.05875788149962554,0.7894736842105263,0.9090909090909091
sam2_unet,standardized_resnet18,calibrated,eye,failure_inclusive.per_class.normal.recall,5,0.86,0.10839741694339398,0.75,1.0
sam2_unet,standardized_resnet18,calibrated,eye,failure_inclusive.per_class.normal.sensitivity,5,0.86,0.10839741694339398,0.75,1.0
sam2_unet,standardized_resnet18,calibrated,eye,failure_inclusive.per_class.normal.specificity,5,0.825,0.06846531968814577,0.75,0.875
sam2_unet,standardized_resnet18,calibrated,eye,failure_inclusive.per_class.normal.support,5,20.0,0.0,20.0,20.0
sam2_unet,standardized_resnet18,calibrated,eye,failure_inclusive.per_class.normal.tn_excluding_abstain,5,13.2,1.0954451150103324,12.0,14.0
sam2_unet,standardized_resnet18,calibrated,eye,failure_inclusive.per_class.normal.tp,5,17.2,2.16794833886788,15.0,20.0
sam2_unet,standardized_resnet18,calibrated,eye,failure_inclusive.per_class.papilledema.abstain,5,0.0,0.0,0.0,0.0
sam2_unet,standardized_resnet18,calibrated,eye,failure_inclusive.per_class.papilledema.balanced_accuracy_ovr,5,0.6357142857142857,0.12805576153076634,0.49107142857142855,0.7857142857142857
sam2_unet,standardized_resnet18,calibrated,eye,failure_inclusive.per_class.papilledema.class_index,5,1.0,0.0,1.0,1.0
sam2_unet,standardized_resnet18,calibrated,eye,failure_inclusive.per_class.papilledema.f1,5,0.4123137784128496,0.20318871091471144,0.15384615384615385,0.631578947368421
sam2_unet,standardized_resnet18,calibrated,eye,failure_inclusive.per_class.papilledema.fn_including_abstain,5,4.4,2.073644135332772,2.0,7.0
sam2_unet,standardized_resnet18,calibrated,eye,failure_inclusive.per_class.papilledema.fp,5,5.0,0.7071067811865476,4.0,6.0
sam2_unet,standardized_resnet18,calibrated,eye,failure_inclusive.per_class.papilledema.precision,5,0.387979797979798,0.15403725779201227,0.2,0.5454545454545454
sam2_unet,standardized_resnet18,calibrated,eye,failure_inclusive.per_class.papilledema.recall,5,0.45,0.25920551691659655,0.125,0.75
sam2_unet,standardized_resnet18,calibrated,eye,failure_inclusive.per_class.papilledema.sensitivity,5,0.45,0.25920551691659655,0.125,0.75
sam2_unet,standardized_resnet18,calibrated,eye,failure_inclusive.per_class.papilledema.specificity,5,0.8214285714285715,0.025253813613805257,0.7857142857142857,0.8571428571428571
sam2_unet,standardized_resnet18,calibrated,eye,failure_inclusive.per_class.papilledema.support,5,8.0,0.0,8.0,8.0
sam2_unet,standardized_resnet18,calibrated,eye,failure_inclusive.per_class.papilledema.tn_excluding_abstain,5,23.0,0.7071067811865476,22.0,24.0
sam2_unet,standardized_resnet18,calibrated,eye,failure_inclusive.per_class.papilledema.tp,5,3.6,2.0736441353327724,1.0,6.0
sam2_unet,standardized_resnet18,calibrated,eye,failure_inclusive.per_class.pseudopapilledema.abstain,5,0.0,0.0,0.0,0.0
sam2_unet,standardized_resnet18,calibrated,eye,failure_inclusive.per_class.pseudopapilledema.balanced_accuracy_ovr,5,0.5285714285714287,0.0318188030021526,0.48214285714285715,0.5714285714285714
sam2_unet,standardized_resnet18,calibrated,eye,failure_inclusive.per_class.pseudopapilledema.class_index,5,2.0,0.0,2.0,2.0
sam2_unet,standardized_resnet18,calibrated,eye,failure_inclusive.per_class.pseudopapilledema.f1,5,0.25567987567987566,0.05330394093028579,0.18181818181818182,0.3076923076923077
sam2_unet,standardized_resnet18,calibrated,eye,failure_inclusive.per_class.pseudopapilledema.fn_including_abstain,5,6.0,0.7071067811865476,5.0,7.0
sam2_unet,standardized_resnet18,calibrated,eye,failure_inclusive.per_class.pseudopapilledema.fp,5,5.4,3.0495901363953815,2.0,9.0
sam2_unet,standardized_resnet18,calibrated,eye,failure_inclusive.per_class.pseudopapilledema.precision,5,0.2938095238095238,0.0768498255795677,0.2,0.4
sam2_unet,standardized_resnet18,calibrated,eye,failure_inclusive.per_class.pseudopapilledema.recall,5,0.25,0.08838834764831845,0.125,0.375
sam2_unet,standardized_resnet18,calibrated,eye,failure_inclusive.per_class.pseudopapilledema.sensitivity,5,0.25,0.08838834764831845,0.125,0.375
sam2_unet,standardized_resnet18,calibrated,eye,failure_inclusive.per_class.pseudopapilledema.specificity,5,0.8071428571428573,0.10891393344269219,0.6785714285714286,0.9285714285714286
sam2_unet,standardized_resnet18,calibrated,eye,failure_inclusive.per_class.pseudopapilledema.support,5,8.0,0.0,8.0,8.0
sam2_unet,standardized_resnet18,calibrated,eye,failure_inclusive.per_class.pseudopapilledema.tn_excluding_abstain,5,22.6,3.049590136395381,19.0,26.0
sam2_unet,standardized_resnet18,calibrated,eye,failure_inclusive.per_class.pseudopapilledema.tp,5,2.0,0.7071067811865476,1.0,3.0
sam2_unet,standardized_resnet18,calibrated,eye,localized_diagnostic_success.localized_rate,5,0.9944444444444445,0.012422599874998837,0.9722222222222222,1.0
sam2_unet,standardized_resnet18,calibrated,eye,localized_diagnostic_success.n_success,5,22.6,3.847076812334269,18.0,27.0
sam2_unet,standardized_resnet18,calibrated,eye,localized_diagnostic_success.per_class_rate.normal,5,0.85,0.1224744871391589,0.7,1.0
sam2_unet,standardized_resnet18,calibrated,eye,localized_diagnostic_success.per_class_rate.papilledema,5,0.45,0.25920551691659655,0.125,0.75
sam2_unet,standardized_resnet18,calibrated,eye,localized_diagnostic_success.per_class_rate.pseudopapilledema,5,0.25,0.08838834764831845,0.125,0.375
sam2_unet,standardized_resnet18,calibrated,eye,localized_diagnostic_success.rate,5,0.6277777777777779,0.10686324478706302,0.5,0.75
sam2_unet,standardized_resnet18,calibrated,eye,n_abstain,5,0.0,0.0,0.0,0.0
sam2_unet,standardized_resnet18,calibrated,eye,n_covered,5,36.0,0.0,36.0,36.0
sam2_unet,standardized_resnet18,calibrated,eye,n_total,5,36.0,0.0,36.0,36.0
sam2_unet,standardized_resnet18,calibrated,eye,selective_risk,5,0.36666666666666664,0.09899183156225255,0.25,0.4722222222222222
sam2_unet,standardized_resnet18,calibrated,patient,abstention_rate,5,0.0,0.0,0.0,0.0
sam2_unet,standardized_resnet18,calibrated,patient,class_conditional_coverage.normal,5,1.0,0.0,1.0,1.0
sam2_unet,standardized_resnet18,calibrated,patient,class_conditional_coverage.papilledema,5,1.0,0.0,1.0,1.0
sam2_unet,standardized_resnet18,calibrated,patient,class_conditional_coverage.pseudopapilledema,5,1.0,0.0,1.0,1.0
sam2_unet,standardized_resnet18,calibrated,patient,conditional.accuracy,5,0.6777777777777778,0.1326370709590369,0.4444444444444444,0.7777777777777778
sam2_unet,standardized_resnet18,calibrated,patient,conditional.balanced_accuracy,5,0.5666666666666667,0.11726039399558572,0.3666666666666667,0.6666666666666666
sam2_unet,standardized_resnet18,calibrated,patient,conditional.class_counts.normal,5,10.0,0.0,10.0,10.0
sam2_unet,standardized_resnet18,calibrated,patient,conditional.class_counts.papilledema,5,4.0,0.0,4.0,4.0
sam2_unet,standardized_resnet18,calibrated,patient,conditional.class_counts.pseudopapilledema,5,4.0,0.0,4.0,4.0
sam2_unet,standardized_resnet18,calibrated,patient,conditional.derived_discrimination.normal_vs_abnormal.auroc,5,0.89,0.04873397172404479,0.8250000000000001,0.95
sam2_unet,standardized_resnet18,calibrated,patient,conditional.derived_discrimination.normal_vs_abnormal.average_precision,5,0.9207702020202019,0.036702720472218675,0.8675595238095238,0.9583333333333333
sam2_unet,standardized_resnet18,calibrated,patient,conditional.derived_discrimination.normal_vs_abnormal.n,5,18.0,0.0,18.0,18.0
sam2_unet,standardized_resnet18,calibrated,patient,conditional.derived_discrimination.normal_vs_abnormal.negative,5,10.0,0.0,10.0,10.0
sam2_unet,standardized_resnet18,calibrated,patient,conditional.derived_discrimination.normal_vs_abnormal.positive,5,8.0,0.0,8.0,8.0
sam2_unet,standardized_resnet18,calibrated,patient,conditional.derived_discrimination.papilledema_vs_pseudopapilledema.auroc,5,0.4375,0.1711632992203644,0.25,0.6875
sam2_unet,standardized_resnet18,calibrated,patient,conditional.derived_discrimination.papilledema_vs_pseudopapilledema.average_precision,5,0.6122619047619049,0.11368860631720844,0.44047619047619047,0.7470238095238095
sam2_unet,standardized_resnet18,calibrated,patient,conditional.derived_discrimination.papilledema_vs_pseudopapilledema.n,5,8.0,0.0,8.0,8.0
sam2_unet,standardized_resnet18,calibrated,patient,conditional.derived_discrimination.papilledema_vs_pseudopapilledema.negative,5,4.0,0.0,4.0,4.0
sam2_unet,standardized_resnet18,calibrated,patient,conditional.derived_discrimination.papilledema_vs_pseudopapilledema.positive,5,4.0,0.0,4.0,4.0
sam2_unet,standardized_resnet18,calibrated,patient,conditional.macro.adaptive_ece_ovr,5,0.22220098505927152,0.03630512919707957,0.17378141795631322,0.2740986961222103
sam2_unet,standardized_resnet18,calibrated,patient,conditional.macro.auroc_ovr,5,0.7442857142857143,0.09191139255626939,0.5904761904761905,0.8214285714285715
sam2_unet,standardized_resnet18,calibrated,patient,conditional.macro.average_precision_ovr,5,0.6043548668107492,0.06843037426412271,0.5043952343952344,0.6739129389129389
sam2_unet,standardized_resnet18,calibrated,patient,conditional.macro.balanced_accuracy_ovr,5,0.7017857142857142,0.0901829914051176,0.5464285714285714,0.7767857142857143
sam2_unet,standardized_resnet18,calibrated,patient,conditional.macro.brier_ovr,5,0.16659602353232053,0.04911229138509342,0.1191891494876512,0.24579932628922543
sam2_unet,standardized_resnet18,calibrated,patient,conditional.macro.ece_ovr,5,0.2189675949667167,0.04487255207195896,0.1726657963528669,0.28898450215299615
sam2_unet,standardized_resnet18,calibrated,patient,conditional.macro.f1,5,0.5451659451659452,0.12416149091941205,0.3434343434343434,0.6507936507936508
sam2_unet,standardized_resnet18,calibrated,patient,conditional.macro.mcc_ovr,5,0.4021574243823182,0.18971816754016116,0.07759441963591858,0.5638849643862128
sam2_unet,standardized_resnet18,calibrated,patient,conditional.macro.nll_ovr,5,0.596609238576885,0.23843496039052012,0.3948786446691428,0.8711592358218495
sam2_unet,standardized_resnet18,calibrated,patient,conditional.macro.nll_true_class,5,1.2896793769470771,0.6326707442809013,0.8029053221314744,2.0954245910447686
sam2_unet,standardized_resnet18,calibrated,patient,conditional.macro.precision,5,0.5458152958152958,0.13536509194796273,0.3452380952380952,0.6696969696969696
sam2_unet,standardized_resnet18,calibrated,patient,conditional.macro.recall,5,0.5666666666666667,0.11726039399558572,0.3666666666666667,0.6666666666666666
sam2_unet,standardized_resnet18,calibrated,patient,conditional.macro.specificity,5,0.836904761904762,0.06363760600430524,0.7261904761904762,0.8869047619047619
sam2_unet,standardized_resnet18,calibrated,patient,conditional.macro_auroc,5,0.7442857142857143,0.09191139255626939,0.5904761904761905,0.8214285714285715
sam2_unet,standardized_resnet18,calibrated,patient,conditional.macro_average_precision,5,0.6043548668107492,0.06843037426412271,0.5043952343952344,0.6739129389129389
sam2_unet,standardized_resnet18,calibrated,patient,conditional.macro_classwise_adaptive_ece,5,0.22220098505927152,0.03630512919707957,0.17378141795631322,0.2740986961222103
sam2_unet,standardized_resnet18,calibrated,patient,conditional.macro_classwise_ece,5,0.2189675949667167,0.04487255207195896,0.1726657963528669,0.28898450215299615
sam2_unet,standardized_resnet18,calibrated,patient,conditional.macro_f1,5,0.5451659451659452,0.12416149091941205,0.3434343434343434,0.6507936507936508
sam2_unet,standardized_resnet18,calibrated,patient,conditional.macro_precision,5,0.5458152958152958,0.13536509194796273,0.3452380952380952,0.6696969696969696
sam2_unet,standardized_resnet18,calibrated,patient,conditional.macro_recall,5,0.5666666666666667,0.11726039399558572,0.3666666666666667,0.6666666666666666
sam2_unet,standardized_resnet18,calibrated,patient,conditional.multiclass_brier,5,0.49978807059696156,0.14733687415528024,0.35756744846295363,0.7373979788676763
sam2_unet,standardized_resnet18,calibrated,patient,conditional.multiclass_mcc,5,0.4656089962475997,0.19682256153113364,0.12186666955535813,0.6237055560836822
sam2_unet,standardized_resnet18,calibrated,patient,conditional.multiclass_nll,5,0.9845637965340153,0.42629778242572614,0.6144247982172948,1.4694382015175842
sam2_unet,standardized_resnet18,calibrated,patient,conditional.n,5,18.0,0.0,18.0,18.0
sam2_unet,standardized_resnet18,calibrated,patient,conditional.per_class.normal.adaptive_ece_ovr,5,0.1785303172168337,0.03454904274670136,0.14561244750953972,0.2173845735574239
sam2_unet,standardized_resnet18,calibrated,patient,conditional.per_class.normal.auroc_ovr,5,0.89,0.048733971724044825,0.825,0.95
sam2_unet,standardized_resnet18,calibrated,patient,conditional.per_class.normal.average_precision_ovr,5,0.8806970251970251,0.06614507318942406,0.7980122655122655,0.9572979797979797
sam2_unet,standardized_resnet18,calibrated,patient,conditional.per_class.normal.balanced_accuracy_ovr,5,0.8625,0.10861341998114227,0.675,0.9375
sam2_unet,standardized_resnet18,calibrated,patient,conditional.per_class.normal.brier_ovr,5,0.12049631558526959,0.04506939498677205,0.08423682835117002,0.19756831390487606
sam2_unet,standardized_resnet18,calibrated,patient,conditional.per_class.normal.class_index,5,0.0,0.0,0.0,0.0
sam2_unet,standardized_resnet18,calibrated,patient,conditional.per_class.normal.ece_ovr,5,0.1884892293570493,0.04889620745135756,0.13961844116589464,0.25739582664193783
sam2_unet,standardized_resnet18,calibrated,patient,conditional.per_class.normal.f1,5,0.8761038961038959,0.11954026362501033,0.6666666666666666,0.9523809523809523
sam2_unet,standardized_resnet18,calibrated,patient,conditional.per_class.normal.fn,5,1.0,1.7320508075688772,0.0,4.0
sam2_unet,standardized_resnet18,calibrated,patient,conditional.per_class.normal.fp,5,1.4,0.5477225575051661,1.0,2.0
sam2_unet,standardized_resnet18,calibrated,patient,conditional.per_class.normal.mcc_ovr,5,0.7398669170147569,0.22473251680858594,0.35,0.8918825850158447
sam2_unet,standardized_resnet18,calibrated,patient,conditional.per_class.normal.nll_ovr,5,0.40754289853041037,0.11073421146029927,0.3176950751157201,0.5892200195348584
sam2_unet,standardized_resnet18,calibrated,patient,conditional.per_class.normal.nll_true_class,5,0.37433263570789194,0.15445256339402758,0.2174654224632156,0.5694825354137792
sam2_unet,standardized_resnet18,calibrated,patient,conditional.per_class.normal.precision,5,0.8603030303030303,0.06933701515971129,0.75,0.9090909090909091
sam2_unet,standardized_resnet18,calibrated,patient,conditional.per_class.normal.recall,5,0.9,0.17320508075688773,0.6,1.0
sam2_unet,standardized_resnet18,calibrated,patient,conditional.per_class.normal.sensitivity,5,0.9,0.17320508075688773,0.6,1.0
sam2_unet,standardized_resnet18,calibrated,patient,conditional.per_class.normal.specificity,5,0.825,0.06846531968814577,0.75,0.875
sam2_unet,standardized_resnet18,calibrated,patient,conditional.per_class.normal.support,5,10.0,0.0,10.0,10.0
sam2_unet,standardized_resnet18,calibrated,patient,conditional.per_class.normal.tn,5,6.6,0.5477225575051662,6.0,7.0
sam2_unet,standardized_resnet18,calibrated,patient,conditional.per_class.normal.tp,5,9.0,1.7320508075688772,6.0,10.0
sam2_unet,standardized_resnet18,calibrated,patient,conditional.per_class.papilledema.adaptive_ece_ovr,5,0.21146109683445008,0.077726710247095,0.11289981656542716,0.29527832995988046
sam2_unet,standardized_resnet18,calibrated,patient,conditional.per_class.papilledema.auroc_ovr,5,0.7285714285714285,0.223891828837964,0.3928571428571429,0.9285714285714286
sam2_unet,standardized_resnet18,calibrated,patient,conditional.per_class.papilledema.average_precision_ovr,5,0.4932528011204481,0.20879185266107506,0.22499999999999998,0.7708333333333333
sam2_unet,standardized_resnet18,calibrated,patient,conditional.per_class.papilledema.balanced_accuracy_ovr,5,0.6464285714285714,0.1643439337834791,0.39285714285714285,0.8035714285714286
sam2_unet,standardized_resnet18,calibrated,patient,conditional.per_class.papilledema.brier_ovr,5,0.1710293230860255,0.061222672015527724,0.10495478690024831,0.238524619591282
sam2_unet,standardized_resnet18,calibrated,patient,conditional.per_class.papilledema.class_index,5,1.0,0.0,1.0,1.0
sam2_unet,standardized_resnet18,calibrated,patient,conditional.per_class.papilledema.ece_ovr,5,0.22212930128865133,0.05485233588610706,0.17606411685610665,0.29826912352733925
sam2_unet,standardized_resnet18,calibrated,patient,conditional.per_class.papilledema.f1,5,0.42000000000000004,0.2662496739695448,0.0,0.6666666666666666
sam2_unet,standardized_resnet18,calibrated,patient,conditional.per_class.papilledema.fn,5,2.2,1.3038404810405297,1.0,4.0
sam2_unet,standardized_resnet18,calibrated,patient,conditional.per_class.papilledema.fp,5,2.2,0.8366600265340756,1.0,3.0
sam2_unet,standardized_resnet18,calibrated,patient,conditional.per_class.papilledema.mcc_ovr,5,0.2780650069360612,0.3141231493636439,-0.23904572186687875,0.5635445125120265
sam2_unet,standardized_resnet18,calibrated,patient,conditional.per_class.papilledema.nll_ovr,5,0.665638380883367,0.4311367923918384,0.3253355448272042,1.3557103595920226
sam2_unet,standardized_resnet18,calibrated,patient,conditional.per_class.papilledema.nll_true_class,5,1.8340289117018738,1.657377964956057,0.5264993084506437,4.365084655251072
sam2_unet,standardized_resnet18,calibrated,patient,conditional.per_class.papilledema.precision,5,0.42000000000000004,0.23874672772626643,0.0,0.6
sam2_unet,standardized_resnet18,calibrated,patient,conditional.per_class.papilledema.recall,5,0.45,0.32596012026013244,0.0,0.75
sam2_unet,standardized_resnet18,calibrated,patient,conditional.per_class.papilledema.sensitivity,5,0.45,0.32596012026013244,0.0,0.75
sam2_unet,standardized_resnet18,calibrated,patient,conditional.per_class.papilledema.specificity,5,0.8428571428571429,0.0597614304667197,0.7857142857142857,0.9285714285714286
sam2_unet,standardized_resnet18,calibrated,patient,conditional.per_class.papilledema.support,5,4.0,0.0,4.0,4.0
sam2_unet,standardized_resnet18,calibrated,patient,conditional.per_class.papilledema.tn,5,11.8,0.8366600265340756,11.0,13.0
sam2_unet,standardized_resnet18,calibrated,patient,conditional.per_class.papilledema.tp,5,1.8,1.3038404810405297,0.0,3.0
sam2_unet,standardized_resnet18,calibrated,patient,conditional.per_class.pseudopapilledema.adaptive_ece_ovr,5,0.2766115411265308,0.03089923137825396,0.2415940381624232,0.3126074190975301
sam2_unet,standardized_resnet18,calibrated,patient,conditional.per_class.pseudopapilledema.auroc_ovr,5,0.6142857142857144,0.08241414828010232,0.5,0.6785714285714286
sam2_unet,standardized_resnet18,calibrated,patient,conditional.per_class.pseudopapilledema.average_precision_ovr,5,0.43911477411477406,0.08821028060606004,0.31805555555555554,0.5630952380952381
sam2_unet,standardized_resnet18,calibrated,patient,conditional.per_class.pseudopapilledema.balanced_accuracy_ovr,5,0.5964285714285715,0.08892785427134811,0.4642857142857143,0.6785714285714286
sam2_unet,standardized_resnet18,calibrated,patient,conditional.per_class.pseudopapilledema.brier_ovr,5,0.20826243192566643,0.05420750965350621,0.16837583321153526,0.3013050453715182
sam2_unet,standardized_resnet18,calibrated,patient,conditional.per_class.pseudopapilledema.class_index,5,2.0,0.0,2.0,2.0
sam2_unet,standardized_resnet18,calibrated,patient,conditional.per_class.pseudopapilledema.ece_ovr,5,0.24628425425444936,0.07320591151131811,0.1713004382042645,0.34764618574163536
sam2_unet,standardized_resnet18,calibrated,patient,conditional.per_class.pseudopapilledema.f1,5,0.33939393939393936,0.20457351098266838,0.0,0.5
sam2_unet,standardized_resnet18,calibrated,patient,conditional.per_class.pseudopapilledema.fn,5,2.6,0.8944271909999159,2.0,4.0
sam2_unet,standardized_resnet18,calibrated,patient,conditional.per_class.pseudopapilledema.fp,5,2.2,1.6431676725154984,1.0,5.0
sam2_unet,standardized_resnet18,calibrated,patient,conditional.per_class.pseudopapilledema.mcc_ovr,5,0.1885403491961366,0.20298849666640856,-0.12964074471043288,0.35714285714285715
sam2_unet,standardized_resnet18,calibrated,patient,conditional.per_class.pseudopapilledema.nll_ovr,5,0.7166464363168774,0.25454198208710965,0.5338386617112062,1.1165139743080394
sam2_unet,standardized_resnet18,calibrated,patient,conditional.per_class.pseudopapilledema.nll_true_class,5,1.6606765834314658,0.44744837116358294,1.095094727541888,2.3384899287793006
sam2_unet,standardized_resnet18,calibrated,patient,conditional.per_class.pseudopapilledema.precision,5,0.3571428571428571,0.22015764296317775,0.0,0.5
sam2_unet,standardized_resnet18,calibrated,patient,conditional.per_class.pseudopapilledema.recall,5,0.35,0.22360679774997896,0.0,0.5
sam2_unet,standardized_resnet18,calibrated,patient,conditional.per_class.pseudopapilledema.sensitivity,5,0.35,0.22360679774997896,0.0,0.5
sam2_unet,standardized_resnet18,calibrated,patient,conditional.per_class.pseudopapilledema.specificity,5,0.8428571428571429,0.11736911946539273,0.6428571428571429,0.9285714285714286
sam2_unet,standardized_resnet18,calibrated,patient,conditional.per_class.pseudopapilledema.support,5,4.0,0.0,4.0,4.0
sam2_unet,standardized_resnet18,calibrated,patient,conditional.per_class.pseudopapilledema.tn,5,11.8,1.6431676725154984,9.0,13.0
sam2_unet,standardized_resnet18,calibrated,patient,conditional.per_class.pseudopapilledema.tp,5,1.4,0.8944271909999159,0.0,2.0
sam2_unet,standardized_resnet18,calibrated,patient,conditional.top_label_adaptive_ece,5,0.29090582858469416,0.06703946408660917,0.18374012368941883,0.3595316746885981
sam2_unet,standardized_resnet18,calibrated,patient,conditional.top_label_ece,5,0.24161593287240754,0.08154343674254526,0.1563295390315174,0.3279816630397787
sam2_unet,standardized_resnet18,calibrated,patient,conditional_aurc,5,0.28902815775364793,0.08145595468818456,0.21243019870470847,0.42027105973184403
sam2_unet,standardized_resnet18,calibrated,patient,coverage,5,1.0,0.0,1.0,1.0
sam2_unet,standardized_resnet18,calibrated,patient,failure_aware.accuracy,5,0.6777777777777778,0.1326370709590369,0.4444444444444444,0.7777777777777778
sam2_unet,standardized_resnet18,calibrated,patient,failure_aware.aurc,5,0.28902815775364793,0.08145595468818456,0.21243019870470847,0.42027105973184403
sam2_unet,standardized_resnet18,calibrated,patient,failure_aware.balanced_accuracy,5,0.5666666666666667,0.11726039399558572,0.3666666666666667,0.6666666666666666
sam2_unet,standardized_resnet18,calibrated,patient,failure_aware.correct,5,12.2,2.3874672772626644,8.0,14.0
sam2_unet,standardized_resnet18,calibrated,patient,failure_aware.incorrect_or_abstained,5,5.8,2.3874672772626644,4.0,10.0
sam2_unet,standardized_resnet18,calibrated,patient,failure_aware.macro_f1,5,0.5451659451659452,0.12416149091941205,0.3434343434343434,0.6507936507936508
sam2_unet,standardized_resnet18,calibrated,patient,failure_aware.macro_precision,5,0.5458152958152958,0.13536509194796273,0.3452380952380952,0.6696969696969696
sam2_unet,standardized_resnet18,calibrated,patient,failure_aware.macro_recall,5,0.5666666666666667,0.11726039399558572,0.3666666666666667,0.6666666666666666
sam2_unet,standardized_resnet18,calibrated,patient,failure_aware.macro_specificity,5,0.836904761904762,0.06363760600430524,0.7261904761904762,0.8869047619047619
sam2_unet,standardized_resnet18,calibrated,patient,failure_aware.multiclass_mcc,5,0.4656089962475997,0.19682256153113364,0.12186666955535813,0.6237055560836822
sam2_unet,standardized_resnet18,calibrated,patient,failure_aware.per_class.normal.abstain,5,0.0,0.0,0.0,0.0
sam2_unet,standardized_resnet18,calibrated,patient,failure_aware.per_class.normal.balanced_accuracy_ovr,5,0.8625,0.10861341998114227,0.675,0.9375
sam2_unet,standardized_resnet18,calibrated,patient,failure_aware.per_class.normal.class_index,5,0.0,0.0,0.0,0.0
sam2_unet,standardized_resnet18,calibrated,patient,failure_aware.per_class.normal.f1,5,0.8761038961038959,0.11954026362501033,0.6666666666666666,0.9523809523809523
sam2_unet,standardized_resnet18,calibrated,patient,failure_aware.per_class.normal.fn_including_abstain,5,1.0,1.7320508075688772,0.0,4.0
sam2_unet,standardized_resnet18,calibrated,patient,failure_aware.per_class.normal.fp,5,1.4,0.5477225575051661,1.0,2.0
sam2_unet,standardized_resnet18,calibrated,patient,failure_aware.per_class.normal.precision,5,0.8603030303030303,0.06933701515971129,0.75,0.9090909090909091
sam2_unet,standardized_resnet18,calibrated,patient,failure_aware.per_class.normal.recall,5,0.9,0.17320508075688773,0.6,1.0
sam2_unet,standardized_resnet18,calibrated,patient,failure_aware.per_class.normal.sensitivity,5,0.9,0.17320508075688773,0.6,1.0
sam2_unet,standardized_resnet18,calibrated,patient,failure_aware.per_class.normal.specificity,5,0.825,0.06846531968814577,0.75,0.875
sam2_unet,standardized_resnet18,calibrated,patient,failure_aware.per_class.normal.support,5,10.0,0.0,10.0,10.0
sam2_unet,standardized_resnet18,calibrated,patient,failure_aware.per_class.normal.tn_excluding_abstain,5,6.6,0.5477225575051662,6.0,7.0
sam2_unet,standardized_resnet18,calibrated,patient,failure_aware.per_class.normal.tp,5,9.0,1.7320508075688772,6.0,10.0
sam2_unet,standardized_resnet18,calibrated,patient,failure_aware.per_class.papilledema.abstain,5,0.0,0.0,0.0,0.0
sam2_unet,standardized_resnet18,calibrated,patient,failure_aware.per_class.papilledema.balanced_accuracy_ovr,5,0.6464285714285714,0.1643439337834791,0.39285714285714285,0.8035714285714286
sam2_unet,standardized_resnet18,calibrated,patient,failure_aware.per_class.papilledema.class_index,5,1.0,0.0,1.0,1.0
sam2_unet,standardized_resnet18,calibrated,patient,failure_aware.per_class.papilledema.f1,5,0.42000000000000004,0.2662496739695448,0.0,0.6666666666666666
sam2_unet,standardized_resnet18,calibrated,patient,failure_aware.per_class.papilledema.fn_including_abstain,5,2.2,1.3038404810405297,1.0,4.0
sam2_unet,standardized_resnet18,calibrated,patient,failure_aware.per_class.papilledema.fp,5,2.2,0.8366600265340756,1.0,3.0
sam2_unet,standardized_resnet18,calibrated,patient,failure_aware.per_class.papilledema.precision,5,0.42000000000000004,0.23874672772626643,0.0,0.6
sam2_unet,standardized_resnet18,calibrated,patient,failure_aware.per_class.papilledema.recall,5,0.45,0.32596012026013244,0.0,0.75
sam2_unet,standardized_resnet18,calibrated,patient,failure_aware.per_class.papilledema.sensitivity,5,0.45,0.32596012026013244,0.0,0.75
sam2_unet,standardized_resnet18,calibrated,patient,failure_aware.per_class.papilledema.specificity,5,0.8428571428571429,0.0597614304667197,0.7857142857142857,0.9285714285714286
sam2_unet,standardized_resnet18,calibrated,patient,failure_aware.per_class.papilledema.support,5,4.0,0.0,4.0,4.0
sam2_unet,standardized_resnet18,calibrated,patient,failure_aware.per_class.papilledema.tn_excluding_abstain,5,11.8,0.8366600265340756,11.0,13.0
sam2_unet,standardized_resnet18,calibrated,patient,failure_aware.per_class.papilledema.tp,5,1.8,1.3038404810405297,0.0,3.0
sam2_unet,standardized_resnet18,calibrated,patient,failure_aware.per_class.pseudopapilledema.abstain,5,0.0,0.0,0.0,0.0
sam2_unet,standardized_resnet18,calibrated,patient,failure_aware.per_class.pseudopapilledema.balanced_accuracy_ovr,5,0.5964285714285715,0.08892785427134811,0.4642857142857143,0.6785714285714286
sam2_unet,standardized_resnet18,calibrated,patient,failure_aware.per_class.pseudopapilledema.class_index,5,2.0,0.0,2.0,2.0
sam2_unet,standardized_resnet18,calibrated,patient,failure_aware.per_class.pseudopapilledema.f1,5,0.33939393939393936,0.20457351098266838,0.0,0.5
sam2_unet,standardized_resnet18,calibrated,patient,failure_aware.per_class.pseudopapilledema.fn_including_abstain,5,2.6,0.8944271909999159,2.0,4.0
sam2_unet,standardized_resnet18,calibrated,patient,failure_aware.per_class.pseudopapilledema.fp,5,2.2,1.6431676725154984,1.0,5.0
sam2_unet,standardized_resnet18,calibrated,patient,failure_aware.per_class.pseudopapilledema.precision,5,0.3571428571428571,0.22015764296317775,0.0,0.5
sam2_unet,standardized_resnet18,calibrated,patient,failure_aware.per_class.pseudopapilledema.recall,5,0.35,0.22360679774997896,0.0,0.5
sam2_unet,standardized_resnet18,calibrated,patient,failure_aware.per_class.pseudopapilledema.sensitivity,5,0.35,0.22360679774997896,0.0,0.5
sam2_unet,standardized_resnet18,calibrated,patient,failure_aware.per_class.pseudopapilledema.specificity,5,0.8428571428571429,0.11736911946539273,0.6428571428571429,0.9285714285714286
sam2_unet,standardized_resnet18,calibrated,patient,failure_aware.per_class.pseudopapilledema.support,5,4.0,0.0,4.0,4.0
sam2_unet,standardized_resnet18,calibrated,patient,failure_aware.per_class.pseudopapilledema.tn_excluding_abstain,5,11.8,1.6431676725154984,9.0,13.0
sam2_unet,standardized_resnet18,calibrated,patient,failure_aware.per_class.pseudopapilledema.tp,5,1.4,0.8944271909999159,0.0,2.0
sam2_unet,standardized_resnet18,calibrated,patient,failure_aware_accuracy,5,0.6777777777777778,0.1326370709590369,0.4444444444444444,0.7777777777777778
sam2_unet,standardized_resnet18,calibrated,patient,failure_aware_aurc,5,0.28902815775364793,0.08145595468818456,0.21243019870470847,0.42027105973184403
sam2_unet,standardized_resnet18,calibrated,patient,failure_aware_balanced_accuracy,5,0.5666666666666667,0.11726039399558572,0.3666666666666667,0.6666666666666666
sam2_unet,standardized_resnet18,calibrated,patient,failure_inclusive.accuracy,5,0.6777777777777778,0.1326370709590369,0.4444444444444444,0.7777777777777778
sam2_unet,standardized_resnet18,calibrated,patient,failure_inclusive.aurc,5,0.28902815775364793,0.08145595468818456,0.21243019870470847,0.42027105973184403
sam2_unet,standardized_resnet18,calibrated,patient,failure_inclusive.balanced_accuracy,5,0.5666666666666667,0.11726039399558572,0.3666666666666667,0.6666666666666666
sam2_unet,standardized_resnet18,calibrated,patient,failure_inclusive.correct,5,12.2,2.3874672772626644,8.0,14.0
sam2_unet,standardized_resnet18,calibrated,patient,failure_inclusive.incorrect_or_abstained,5,5.8,2.3874672772626644,4.0,10.0
sam2_unet,standardized_resnet18,calibrated,patient,failure_inclusive.macro_f1,5,0.5451659451659452,0.12416149091941205,0.3434343434343434,0.6507936507936508
sam2_unet,standardized_resnet18,calibrated,patient,failure_inclusive.macro_precision,5,0.5458152958152958,0.13536509194796273,0.3452380952380952,0.6696969696969696
sam2_unet,standardized_resnet18,calibrated,patient,failure_inclusive.macro_recall,5,0.5666666666666667,0.11726039399558572,0.3666666666666667,0.6666666666666666
sam2_unet,standardized_resnet18,calibrated,patient,failure_inclusive.macro_specificity,5,0.836904761904762,0.06363760600430524,0.7261904761904762,0.8869047619047619
sam2_unet,standardized_resnet18,calibrated,patient,failure_inclusive.multiclass_mcc,5,0.4656089962475997,0.19682256153113364,0.12186666955535813,0.6237055560836822
sam2_unet,standardized_resnet18,calibrated,patient,failure_inclusive.per_class.normal.abstain,5,0.0,0.0,0.0,0.0
sam2_unet,standardized_resnet18,calibrated,patient,failure_inclusive.per_class.normal.balanced_accuracy_ovr,5,0.8625,0.10861341998114227,0.675,0.9375
sam2_unet,standardized_resnet18,calibrated,patient,failure_inclusive.per_class.normal.class_index,5,0.0,0.0,0.0,0.0
sam2_unet,standardized_resnet18,calibrated,patient,failure_inclusive.per_class.normal.f1,5,0.8761038961038959,0.11954026362501033,0.6666666666666666,0.9523809523809523
sam2_unet,standardized_resnet18,calibrated,patient,failure_inclusive.per_class.normal.fn_including_abstain,5,1.0,1.7320508075688772,0.0,4.0
sam2_unet,standardized_resnet18,calibrated,patient,failure_inclusive.per_class.normal.fp,5,1.4,0.5477225575051661,1.0,2.0
sam2_unet,standardized_resnet18,calibrated,patient,failure_inclusive.per_class.normal.precision,5,0.8603030303030303,0.06933701515971129,0.75,0.9090909090909091
sam2_unet,standardized_resnet18,calibrated,patient,failure_inclusive.per_class.normal.recall,5,0.9,0.17320508075688773,0.6,1.0
sam2_unet,standardized_resnet18,calibrated,patient,failure_inclusive.per_class.normal.sensitivity,5,0.9,0.17320508075688773,0.6,1.0
sam2_unet,standardized_resnet18,calibrated,patient,failure_inclusive.per_class.normal.specificity,5,0.825,0.06846531968814577,0.75,0.875
sam2_unet,standardized_resnet18,calibrated,patient,failure_inclusive.per_class.normal.support,5,10.0,0.0,10.0,10.0
sam2_unet,standardized_resnet18,calibrated,patient,failure_inclusive.per_class.normal.tn_excluding_abstain,5,6.6,0.5477225575051662,6.0,7.0
sam2_unet,standardized_resnet18,calibrated,patient,failure_inclusive.per_class.normal.tp,5,9.0,1.7320508075688772,6.0,10.0
sam2_unet,standardized_resnet18,calibrated,patient,failure_inclusive.per_class.papilledema.abstain,5,0.0,0.0,0.0,0.0
sam2_unet,standardized_resnet18,calibrated,patient,failure_inclusive.per_class.papilledema.balanced_accuracy_ovr,5,0.6464285714285714,0.1643439337834791,0.39285714285714285,0.8035714285714286
sam2_unet,standardized_resnet18,calibrated,patient,failure_inclusive.per_class.papilledema.class_index,5,1.0,0.0,1.0,1.0
sam2_unet,standardized_resnet18,calibrated,patient,failure_inclusive.per_class.papilledema.f1,5,0.42000000000000004,0.2662496739695448,0.0,0.6666666666666666
sam2_unet,standardized_resnet18,calibrated,patient,failure_inclusive.per_class.papilledema.fn_including_abstain,5,2.2,1.3038404810405297,1.0,4.0
sam2_unet,standardized_resnet18,calibrated,patient,failure_inclusive.per_class.papilledema.fp,5,2.2,0.8366600265340756,1.0,3.0
sam2_unet,standardized_resnet18,calibrated,patient,failure_inclusive.per_class.papilledema.precision,5,0.42000000000000004,0.23874672772626643,0.0,0.6
sam2_unet,standardized_resnet18,calibrated,patient,failure_inclusive.per_class.papilledema.recall,5,0.45,0.32596012026013244,0.0,0.75
sam2_unet,standardized_resnet18,calibrated,patient,failure_inclusive.per_class.papilledema.sensitivity,5,0.45,0.32596012026013244,0.0,0.75
sam2_unet,standardized_resnet18,calibrated,patient,failure_inclusive.per_class.papilledema.specificity,5,0.8428571428571429,0.0597614304667197,0.7857142857142857,0.9285714285714286
sam2_unet,standardized_resnet18,calibrated,patient,failure_inclusive.per_class.papilledema.support,5,4.0,0.0,4.0,4.0
sam2_unet,standardized_resnet18,calibrated,patient,failure_inclusive.per_class.papilledema.tn_excluding_abstain,5,11.8,0.8366600265340756,11.0,13.0
sam2_unet,standardized_resnet18,calibrated,patient,failure_inclusive.per_class.papilledema.tp,5,1.8,1.3038404810405297,0.0,3.0
sam2_unet,standardized_resnet18,calibrated,patient,failure_inclusive.per_class.pseudopapilledema.abstain,5,0.0,0.0,0.0,0.0
sam2_unet,standardized_resnet18,calibrated,patient,failure_inclusive.per_class.pseudopapilledema.balanced_accuracy_ovr,5,0.5964285714285715,0.08892785427134811,0.4642857142857143,0.6785714285714286
sam2_unet,standardized_resnet18,calibrated,patient,failure_inclusive.per_class.pseudopapilledema.class_index,5,2.0,0.0,2.0,2.0
sam2_unet,standardized_resnet18,calibrated,patient,failure_inclusive.per_class.pseudopapilledema.f1,5,0.33939393939393936,0.20457351098266838,0.0,0.5
sam2_unet,standardized_resnet18,calibrated,patient,failure_inclusive.per_class.pseudopapilledema.fn_including_abstain,5,2.6,0.8944271909999159,2.0,4.0
sam2_unet,standardized_resnet18,calibrated,patient,failure_inclusive.per_class.pseudopapilledema.fp,5,2.2,1.6431676725154984,1.0,5.0
sam2_unet,standardized_resnet18,calibrated,patient,failure_inclusive.per_class.pseudopapilledema.precision,5,0.3571428571428571,0.22015764296317775,0.0,0.5
sam2_unet,standardized_resnet18,calibrated,patient,failure_inclusive.per_class.pseudopapilledema.recall,5,0.35,0.22360679774997896,0.0,0.5
sam2_unet,standardized_resnet18,calibrated,patient,failure_inclusive.per_class.pseudopapilledema.sensitivity,5,0.35,0.22360679774997896,0.0,0.5
sam2_unet,standardized_resnet18,calibrated,patient,failure_inclusive.per_class.pseudopapilledema.specificity,5,0.8428571428571429,0.11736911946539273,0.6428571428571429,0.9285714285714286
sam2_unet,standardized_resnet18,calibrated,patient,failure_inclusive.per_class.pseudopapilledema.support,5,4.0,0.0,4.0,4.0
sam2_unet,standardized_resnet18,calibrated,patient,failure_inclusive.per_class.pseudopapilledema.tn_excluding_abstain,5,11.8,1.6431676725154984,9.0,13.0
sam2_unet,standardized_resnet18,calibrated,patient,failure_inclusive.per_class.pseudopapilledema.tp,5,1.4,0.8944271909999159,0.0,2.0
sam2_unet,standardized_resnet18,calibrated,patient,localized_diagnostic_success.localized_rate,5,0.9888888888888889,0.024845199749997673,0.9444444444444444,1.0
sam2_unet,standardized_resnet18,calibrated,patient,localized_diagnostic_success.n_success,5,12.2,2.3874672772626644,8.0,14.0
sam2_unet,standardized_resnet18,calibrated,patient,localized_diagnostic_success.per_class_rate.normal,5,0.9,0.17320508075688773,0.6,1.0
sam2_unet,standardized_resnet18,calibrated,patient,localized_diagnostic_success.per_class_rate.papilledema,5,0.45,0.32596012026013244,0.0,0.75
sam2_unet,standardized_resnet18,calibrated,patient,localized_diagnostic_success.per_class_rate.pseudopapilledema,5,0.35,0.22360679774997896,0.0,0.5
sam2_unet,standardized_resnet18,calibrated,patient,localized_diagnostic_success.rate,5,0.6777777777777778,0.1326370709590369,0.4444444444444444,0.7777777777777778
sam2_unet,standardized_resnet18,calibrated,patient,n_abstain,5,0.0,0.0,0.0,0.0
sam2_unet,standardized_resnet18,calibrated,patient,n_covered,5,18.0,0.0,18.0,18.0
sam2_unet,standardized_resnet18,calibrated,patient,n_total,5,18.0,0.0,18.0,18.0
sam2_unet,standardized_resnet18,calibrated,patient,selective_risk,5,0.32222222222222224,0.13263707095903693,0.2222222222222222,0.5555555555555556
sam2_unet,standardized_resnet18,raw,eye,abstention_rate,5,0.0,0.0,0.0,0.0
sam2_unet,standardized_resnet18,raw,eye,class_conditional_coverage.normal,5,1.0,0.0,1.0,1.0
sam2_unet,standardized_resnet18,raw,eye,class_conditional_coverage.papilledema,5,1.0,0.0,1.0,1.0
sam2_unet,standardized_resnet18,raw,eye,class_conditional_coverage.pseudopapilledema,5,1.0,0.0,1.0,1.0
sam2_unet,standardized_resnet18,raw,eye,conditional.accuracy,5,0.6333333333333334,0.09899183156225255,0.5277777777777778,0.75
sam2_unet,standardized_resnet18,raw,eye,conditional.balanced_accuracy,5,0.5199999999999999,0.09621301598247733,0.4166666666666667,0.625
sam2_unet,standardized_resnet18,raw,eye,conditional.class_counts.normal,5,20.0,0.0,20.0,20.0
sam2_unet,standardized_resnet18,raw,eye,conditional.class_counts.papilledema,5,8.0,0.0,8.0,8.0
sam2_unet,standardized_resnet18,raw,eye,conditional.class_counts.pseudopapilledema,5,8.0,0.0,8.0,8.0
sam2_unet,standardized_resnet18,raw,eye,conditional.derived_discrimination.normal_vs_abnormal.auroc,5,0.884375,0.06400530983832513,0.7875,0.953125
sam2_unet,standardized_resnet18,raw,eye,conditional.derived_discrimination.normal_vs_abnormal.average_precision,5,0.9053464701462971,0.06900083022935125,0.7895351061042342,0.9603365384615384
sam2_unet,standardized_resnet18,raw,eye,conditional.derived_discrimination.normal_vs_abnormal.n,5,36.0,0.0,36.0,36.0
sam2_unet,standardized_resnet18,raw,eye,conditional.derived_discrimination.normal_vs_abnormal.negative,5,20.0,0.0,20.0,20.0
sam2_unet,standardized_resnet18,raw,eye,conditional.derived_discrimination.normal_vs_abnormal.positive,5,16.0,0.0,16.0,16.0
sam2_unet,standardized_resnet18,raw,eye,conditional.derived_discrimination.papilledema_vs_pseudopapilledema.auroc,5,0.434375,0.15873031374000368,0.25,0.640625
sam2_unet,standardized_resnet18,raw,eye,conditional.derived_discrimination.papilledema_vs_pseudopapilledema.average_precision,5,0.5220375457875457,0.10554577167072943,0.3993589743589744,0.6760732323232322
sam2_unet,standardized_resnet18,raw,eye,conditional.derived_discrimination.papilledema_vs_pseudopapilledema.n,5,16.0,0.0,16.0,16.0
sam2_unet,standardized_resnet18,raw,eye,conditional.derived_discrimination.papilledema_vs_pseudopapilledema.negative,5,8.0,0.0,8.0,8.0
sam2_unet,standardized_resnet18,raw,eye,conditional.derived_discrimination.papilledema_vs_pseudopapilledema.positive,5,8.0,0.0,8.0,8.0
sam2_unet,standardized_resnet18,raw,eye,conditional.macro.adaptive_ece_ovr,5,0.1966055771938764,0.06023063180852933,0.13610213118222933,0.28919315010296015
sam2_unet,standardized_resnet18,raw,eye,conditional.macro.auroc_ovr,5,0.7462797619047619,0.081267645367217,0.6092261904761904,0.8163690476190476
sam2_unet,standardized_resnet18,raw,eye,conditional.macro.average_precision_ovr,5,0.5600947881855295,0.07062173450900149,0.46386485549567064,0.6509693129112802
sam2_unet,standardized_resnet18,raw,eye,conditional.macro.balanced_accuracy_ovr,5,0.6689285714285714,0.07193569974608705,0.5892857142857143,0.75
sam2_unet,standardized_resnet18,raw,eye,conditional.macro.brier_ovr,5,0.19340713266899925,0.06226162362835705,0.13210508191108003,0.28651830996615796
sam2_unet,standardized_resnet18,raw,eye,conditional.macro.ece_ovr,5,0.21574119600491226,0.05812853663780505,0.15821379475767985,0.2954192276683293
sam2_unet,standardized_resnet18,raw,eye,conditional.macro.f1,5,0.5087009682350617,0.0856226416791539,0.40769230769230774,0.5966923771801821
sam2_unet,standardized_resnet18,raw,eye,conditional.macro.mcc_ovr,5,0.33575300472043357,0.14440114370468926,0.1744837404608461,0.4960638594648754
sam2_unet,standardized_resnet18,raw,eye,conditional.macro.nll_ovr,5,0.8699848181519212,0.40107808308892023,0.43296827411236016,1.383365938391216
sam2_unet,standardized_resnet18,raw,eye,conditional.macro.nll_true_class,5,1.8531758915621197,0.842415138137265,0.8885850430817724,2.8559547074929985
sam2_unet,standardized_resnet18,raw,eye,conditional.macro.precision,5,0.5134107997265891,0.08537516646037847,0.4131578947368421,0.6015873015873016
sam2_unet,standardized_resnet18,raw,eye,conditional.macro.recall,5,0.5199999999999999,0.09621301598247733,0.4166666666666667,0.625
sam2_unet,standardized_resnet18,raw,eye,conditional.macro.specificity,5,0.8178571428571428,0.04883129595712785,0.7619047619047619,0.875
sam2_unet,standardized_resnet18,raw,eye,conditional.macro_auroc,5,0.7462797619047619,0.081267645367217,0.6092261904761904,0.8163690476190476
sam2_unet,standardized_resnet18,raw,eye,conditional.macro_average_precision,5,0.5600947881855295,0.07062173450900149,0.46386485549567064,0.6509693129112802
sam2_unet,standardized_resnet18,raw,eye,conditional.macro_classwise_adaptive_ece,5,0.1966055771938764,0.06023063180852933,0.13610213118222933,0.28919315010296015
sam2_unet,standardized_resnet18,raw,eye,conditional.macro_classwise_ece,5,0.21574119600491226,0.05812853663780505,0.15821379475767985,0.2954192276683293
sam2_unet,standardized_resnet18,raw,eye,conditional.macro_f1,5,0.5087009682350617,0.0856226416791539,0.40769230769230774,0.5966923771801821
sam2_unet,standardized_resnet18,raw,eye,conditional.macro_precision,5,0.5134107997265891,0.08537516646037847,0.4131578947368421,0.6015873015873016
sam2_unet,standardized_resnet18,raw,eye,conditional.macro_recall,5,0.5199999999999999,0.09621301598247733,0.4166666666666667,0.625
sam2_unet,standardized_resnet18,raw,eye,conditional.multiclass_brier,5,0.5802213980069977,0.18678487088507112,0.3963152457332401,0.8595549298984738
sam2_unet,standardized_resnet18,raw,eye,conditional.multiclass_mcc,5,0.38932819175916394,0.1583087331445737,0.21903538824921198,0.5803319658745637
sam2_unet,standardized_resnet18,raw,eye,conditional.multiclass_nll,5,1.4221774146488766,0.7057716238807866,0.6747538228662449,2.346829479793839
sam2_unet,standardized_resnet18,raw,eye,conditional.n,5,36.0,0.0,36.0,36.0
sam2_unet,standardized_resnet18,raw,eye,conditional.per_class.normal.adaptive_ece_ovr,5,0.1525258685343321,0.06237423269740902,0.07273274934737813,0.24670796070992468
sam2_unet,standardized_resnet18,raw,eye,conditional.per_class.normal.auroc_ovr,5,0.884375,0.06400530983832514,0.7875,0.953125
sam2_unet,standardized_resnet18,raw,eye,conditional.per_class.normal.average_precision_ovr,5,0.8693317564597904,0.061182773635884626,0.8060145398098858,0.9568313448247661
sam2_unet,standardized_resnet18,raw,eye,conditional.per_class.normal.balanced_accuracy_ovr,5,0.8425,0.0822534193818105,0.75,0.9375
sam2_unet,standardized_resnet18,raw,eye,conditional.per_class.normal.brier_ovr,5,0.1353808777575398,0.0653120107650323,0.06499041783306139,0.2339519739933098
sam2_unet,standardized_resnet18,raw,eye,conditional.per_class.normal.class_index,5,0.0,0.0,0.0,0.0
sam2_unet,standardized_resnet18,raw,eye,conditional.per_class.normal.ece_ovr,5,0.16609617261127102,0.06113619446901841,0.09175609361410467,0.24496576465014788
sam2_unet,standardized_resnet18,raw,eye,conditional.per_class.normal.f1,5,0.8581092506124598,0.07928081681308667,0.7692307692307693,0.9523809523809523
sam2_unet,standardized_resnet18,raw,eye,conditional.per_class.normal.fn,5,2.8,2.16794833886788,0.0,5.0
sam2_unet,standardized_resnet18,raw,eye,conditional.per_class.normal.fp,5,2.8,1.0954451150103321,2.0,4.0
sam2_unet,standardized_resnet18,raw,eye,conditional.per_class.normal.mcc_ovr,5,0.6883794841359042,0.17155871047756535,0.4976726017934395,0.8918825850158447
sam2_unet,standardized_resnet18,raw,eye,conditional.per_class.normal.nll_ovr,5,0.6378339311465917,0.35933798724934746,0.22011224328178883,1.0959686868275216
sam2_unet,standardized_resnet18,raw,eye,conditional.per_class.normal.nll_true_class,5,0.5601804608223913,0.4746860981887582,0.17732393098631546,1.3285790243955202
sam2_unet,standardized_resnet18,raw,eye,conditional.per_class.normal.precision,5,0.8584430773904458,0.05875788149962554,0.7894736842105263,0.9090909090909091
sam2_unet,standardized_resnet18,raw,eye,conditional.per_class.normal.recall,5,0.86,0.10839741694339398,0.75,1.0
sam2_unet,standardized_resnet18,raw,eye,conditional.per_class.normal.sensitivity,5,0.86,0.10839741694339398,0.75,1.0
sam2_unet,standardized_resnet18,raw,eye,conditional.per_class.normal.specificity,5,0.825,0.06846531968814577,0.75,0.875
sam2_unet,standardized_resnet18,raw,eye,conditional.per_class.normal.support,5,20.0,0.0,20.0,20.0
sam2_unet,standardized_resnet18,raw,eye,conditional.per_class.normal.tn,5,13.2,1.0954451150103324,12.0,14.0
sam2_unet,standardized_resnet18,raw,eye,conditional.per_class.normal.tp,5,17.2,2.16794833886788,15.0,20.0
sam2_unet,standardized_resnet18,raw,eye,conditional.per_class.papilledema.adaptive_ece_ovr,5,0.1830151311566951,0.07199468724101557,0.10134211636069451,0.2756443177520425
sam2_unet,standardized_resnet18,raw,eye,conditional.per_class.papilledema.auroc_ovr,5,0.7366071428571429,0.1743930802198626,0.47321428571428575,0.8928571428571429
sam2_unet,standardized_resnet18,raw,eye,conditional.per_class.papilledema.average_precision_ovr,5,0.46351412819132226,0.174735840346096,0.23218897648245476,0.6838068181818182
sam2_unet,standardized_resnet18,raw,eye,conditional.per_class.papilledema.balanced_accuracy_ovr,5,0.6357142857142857,0.12805576153076634,0.49107142857142855,0.7857142857142857
sam2_unet,standardized_resnet18,raw,eye,conditional.per_class.papilledema.brier_ovr,5,0.1995791899694826,0.06936576548330367,0.12104545715120556,0.28670607195146824
sam2_unet,standardized_resnet18,raw,eye,conditional.per_class.papilledema.class_index,5,1.0,0.0,1.0,1.0
sam2_unet,standardized_resnet18,raw,eye,conditional.per_class.papilledema.ece_ovr,5,0.2221875663978285,0.05990046652248684,0.16005534780387995,0.28928312810668566
sam2_unet,standardized_resnet18,raw,eye,conditional.per_class.papilledema.f1,5,0.4123137784128496,0.20318871091471144,0.15384615384615385,0.631578947368421
sam2_unet,standardized_resnet18,raw,eye,conditional.per_class.papilledema.fn,5,4.4,2.073644135332772,2.0,7.0
sam2_unet,standardized_resnet18,raw,eye,conditional.per_class.papilledema.fp,5,5.0,0.7071067811865476,4.0,6.0
sam2_unet,standardized_resnet18,raw,eye,conditional.per_class.papilledema.mcc_ovr,5,0.25059034163200616,0.23487984216209323,-0.021466939537054593,0.5157266969762434
sam2_unet,standardized_resnet18,raw,eye,conditional.per_class.papilledema.nll_ovr,5,0.9326644019450392,0.48987855187867896,0.3723584492145529,1.4907148632995508
sam2_unet,standardized_resnet18,raw,eye,conditional.per_class.papilledema.nll_true_class,5,2.4511912372772833,1.8031801530248293,0.5271128047507028,4.369319162674616
sam2_unet,standardized_resnet18,raw,eye,conditional.per_class.papilledema.precision,5,0.387979797979798,0.15403725779201227,0.2,0.5454545454545454
sam2_unet,standardized_resnet18,raw,eye,conditional.per_class.papilledema.recall,5,0.45,0.25920551691659655,0.125,0.75
sam2_unet,standardized_resnet18,raw,eye,conditional.per_class.papilledema.sensitivity,5,0.45,0.25920551691659655,0.125,0.75
sam2_unet,standardized_resnet18,raw,eye,conditional.per_class.papilledema.specificity,5,0.8214285714285715,0.025253813613805257,0.7857142857142857,0.8571428571428571
sam2_unet,standardized_resnet18,raw,eye,conditional.per_class.papilledema.support,5,8.0,0.0,8.0,8.0
sam2_unet,standardized_resnet18,raw,eye,conditional.per_class.papilledema.tn,5,23.0,0.7071067811865476,22.0,24.0
sam2_unet,standardized_resnet18,raw,eye,conditional.per_class.papilledema.tp,5,3.6,2.0736441353327724,1.0,6.0
sam2_unet,standardized_resnet18,raw,eye,conditional.per_class.pseudopapilledema.adaptive_ece_ovr,5,0.25427573189060204,0.05605389201831429,0.20021717065811684,0.3452271718469132
sam2_unet,standardized_resnet18,raw,eye,conditional.per_class.pseudopapilledema.auroc_ovr,5,0.6178571428571429,0.04977228118631693,0.5669642857142857,0.6785714285714286
sam2_unet,standardized_resnet18,raw,eye,conditional.per_class.pseudopapilledema.average_precision_ovr,5,0.3474384799054759,0.03610326251087625,0.299611066017316,0.3938492063492064
sam2_unet,standardized_resnet18,raw,eye,conditional.per_class.pseudopapilledema.balanced_accuracy_ovr,5,0.5285714285714287,0.0318188030021526,0.48214285714285715,0.5714285714285714
sam2_unet,standardized_resnet18,raw,eye,conditional.per_class.pseudopapilledema.brier_ovr,5,0.2452613302799754,0.05964446486239457,0.18415595929950285,0.3388968839536958
sam2_unet,standardized_resnet18,raw,eye,conditional.per_class.pseudopapilledema.class_index,5,2.0,0.0,2.0,2.0
sam2_unet,standardized_resnet18,raw,eye,conditional.per_class.pseudopapilledema.ece_ovr,5,0.25893984900563727,0.07354530905679625,0.1768737023460856,0.36183351580023904
sam2_unet,standardized_resnet18,raw,eye,conditional.per_class.pseudopapilledema.f1,5,0.25567987567987566,0.05330394093028579,0.18181818181818182,0.3076923076923077
sam2_unet,standardized_resnet18,raw,eye,conditional.per_class.pseudopapilledema.fn,5,6.0,0.7071067811865476,5.0,7.0
sam2_unet,standardized_resnet18,raw,eye,conditional.per_class.pseudopapilledema.fp,5,5.4,3.0495901363953815,2.0,9.0
sam2_unet,standardized_resnet18,raw,eye,conditional.per_class.pseudopapilledema.mcc_ovr,5,0.06828918839339025,0.07353640236673233,-0.033149677206589796,0.17173551629643674
sam2_unet,standardized_resnet18,raw,eye,conditional.per_class.pseudopapilledema.nll_ovr,5,1.0394561213641331,0.41176139626955033,0.5954304315182983,1.6705926562239428
sam2_unet,standardized_resnet18,raw,eye,conditional.per_class.pseudopapilledema.nll_true_class,5,2.548155976586684,0.5648660836658544,1.8126555280500394,3.359290539475331
sam2_unet,standardized_resnet18,raw,eye,conditional.per_class.pseudopapilledema.precision,5,0.2938095238095238,0.0768498255795677,0.2,0.4
sam2_unet,standardized_resnet18,raw,eye,conditional.per_class.pseudopapilledema.recall,5,0.25,0.08838834764831845,0.125,0.375
sam2_unet,standardized_resnet18,raw,eye,conditional.per_class.pseudopapilledema.sensitivity,5,0.25,0.08838834764831845,0.125,0.375
sam2_unet,standardized_resnet18,raw,eye,conditional.per_class.pseudopapilledema.specificity,5,0.8071428571428573,0.10891393344269219,0.6785714285714286,0.9285714285714286
sam2_unet,standardized_resnet18,raw,eye,conditional.per_class.pseudopapilledema.support,5,8.0,0.0,8.0,8.0
sam2_unet,standardized_resnet18,raw,eye,conditional.per_class.pseudopapilledema.tn,5,22.6,3.049590136395381,19.0,26.0
sam2_unet,standardized_resnet18,raw,eye,conditional.per_class.pseudopapilledema.tp,5,2.0,0.7071067811865476,1.0,3.0
sam2_unet,standardized_resnet18,raw,eye,conditional.top_label_adaptive_ece,5,0.2889215624265606,0.12548950292023217,0.1474390325994303,0.4506802860616712
sam2_unet,standardized_resnet18,raw,eye,conditional.top_label_ece,5,0.2701041375537306,0.1289941249547521,0.136943350574933,0.4506802860616712
sam2_unet,standardized_resnet18,raw,eye,conditional_aurc,5,0.2986176981733223,0.10162556103861789,0.19553503010814793,0.4627638917891425
sam2_unet,standardized_resnet18,raw,eye,coverage,5,1.0,0.0,1.0,1.0
sam2_unet,standardized_resnet18,raw,eye,failure_aware.accuracy,5,0.6333333333333334,0.09899183156225255,0.5277777777777778,0.75
sam2_unet,standardized_resnet18,raw,eye,failure_aware.aurc,5,0.2986176981733223,0.10162556103861789,0.19553503010814793,0.4627638917891425
sam2_unet,standardized_resnet18,raw,eye,failure_aware.balanced_accuracy,5,0.5199999999999999,0.09621301598247733,0.4166666666666667,0.625
sam2_unet,standardized_resnet18,raw,eye,failure_aware.correct,5,22.8,3.5637059362410923,19.0,27.0
sam2_unet,standardized_resnet18,raw,eye,failure_aware.incorrect_or_abstained,5,13.2,3.5637059362410923,9.0,17.0
sam2_unet,standardized_resnet18,raw,eye,failure_aware.macro_f1,5,0.5087009682350617,0.0856226416791539,0.40769230769230774,0.5966923771801821
sam2_unet,standardized_resnet18,raw,eye,failure_aware.macro_precision,5,0.5134107997265891,0.08537516646037847,0.4131578947368421,0.6015873015873016
sam2_unet,standardized_resnet18,raw,eye,failure_aware.macro_recall,5,0.5199999999999999,0.09621301598247733,0.4166666666666667,0.625
sam2_unet,standardized_resnet18,raw,eye,failure_aware.macro_specificity,5,0.8178571428571428,0.04883129595712785,0.7619047619047619,0.875
sam2_unet,standardized_resnet18,raw,eye,failure_aware.multiclass_mcc,5,0.38932819175916394,0.1583087331445737,0.21903538824921198,0.5803319658745637
sam2_unet,standardized_resnet18,raw,eye,failure_aware.per_class.normal.abstain,5,0.0,0.0,0.0,0.0
sam2_unet,standardized_resnet18,raw,eye,failure_aware.per_class.normal.balanced_accuracy_ovr,5,0.8425,0.0822534193818105,0.75,0.9375
sam2_unet,standardized_resnet18,raw,eye,failure_aware.per_class.normal.class_index,5,0.0,0.0,0.0,0.0
sam2_unet,standardized_resnet18,raw,eye,failure_aware.per_class.normal.f1,5,0.8581092506124598,0.07928081681308667,0.7692307692307693,0.9523809523809523
sam2_unet,standardized_resnet18,raw,eye,failure_aware.per_class.normal.fn_including_abstain,5,2.8,2.16794833886788,0.0,5.0
sam2_unet,standardized_resnet18,raw,eye,failure_aware.per_class.normal.fp,5,2.8,1.0954451150103321,2.0,4.0
sam2_unet,standardized_resnet18,raw,eye,failure_aware.per_class.normal.precision,5,0.8584430773904458,0.05875788149962554,0.7894736842105263,0.9090909090909091
sam2_unet,standardized_resnet18,raw,eye,failure_aware.per_class.normal.recall,5,0.86,0.10839741694339398,0.75,1.0
sam2_unet,standardized_resnet18,raw,eye,failure_aware.per_class.normal.sensitivity,5,0.86,0.10839741694339398,0.75,1.0
sam2_unet,standardized_resnet18,raw,eye,failure_aware.per_class.normal.specificity,5,0.825,0.06846531968814577,0.75,0.875
sam2_unet,standardized_resnet18,raw,eye,failure_aware.per_class.normal.support,5,20.0,0.0,20.0,20.0
sam2_unet,standardized_resnet18,raw,eye,failure_aware.per_class.normal.tn_excluding_abstain,5,13.2,1.0954451150103324,12.0,14.0
sam2_unet,standardized_resnet18,raw,eye,failure_aware.per_class.normal.tp,5,17.2,2.16794833886788,15.0,20.0
sam2_unet,standardized_resnet18,raw,eye,failure_aware.per_class.papilledema.abstain,5,0.0,0.0,0.0,0.0
sam2_unet,standardized_resnet18,raw,eye,failure_aware.per_class.papilledema.balanced_accuracy_ovr,5,0.6357142857142857,0.12805576153076634,0.49107142857142855,0.7857142857142857
sam2_unet,standardized_resnet18,raw,eye,failure_aware.per_class.papilledema.class_index,5,1.0,0.0,1.0,1.0
sam2_unet,standardized_resnet18,raw,eye,failure_aware.per_class.papilledema.f1,5,0.4123137784128496,0.20318871091471144,0.15384615384615385,0.631578947368421
sam2_unet,standardized_resnet18,raw,eye,failure_aware.per_class.papilledema.fn_including_abstain,5,4.4,2.073644135332772,2.0,7.0
sam2_unet,standardized_resnet18,raw,eye,failure_aware.per_class.papilledema.fp,5,5.0,0.7071067811865476,4.0,6.0
sam2_unet,standardized_resnet18,raw,eye,failure_aware.per_class.papilledema.precision,5,0.387979797979798,0.15403725779201227,0.2,0.5454545454545454
sam2_unet,standardized_resnet18,raw,eye,failure_aware.per_class.papilledema.recall,5,0.45,0.25920551691659655,0.125,0.75
sam2_unet,standardized_resnet18,raw,eye,failure_aware.per_class.papilledema.sensitivity,5,0.45,0.25920551691659655,0.125,0.75
sam2_unet,standardized_resnet18,raw,eye,failure_aware.per_class.papilledema.specificity,5,0.8214285714285715,0.025253813613805257,0.7857142857142857,0.8571428571428571
sam2_unet,standardized_resnet18,raw,eye,failure_aware.per_class.papilledema.support,5,8.0,0.0,8.0,8.0
sam2_unet,standardized_resnet18,raw,eye,failure_aware.per_class.papilledema.tn_excluding_abstain,5,23.0,0.7071067811865476,22.0,24.0
sam2_unet,standardized_resnet18,raw,eye,failure_aware.per_class.papilledema.tp,5,3.6,2.0736441353327724,1.0,6.0
sam2_unet,standardized_resnet18,raw,eye,failure_aware.per_class.pseudopapilledema.abstain,5,0.0,0.0,0.0,0.0
sam2_unet,standardized_resnet18,raw,eye,failure_aware.per_class.pseudopapilledema.balanced_accuracy_ovr,5,0.5285714285714287,0.0318188030021526,0.48214285714285715,0.5714285714285714
sam2_unet,standardized_resnet18,raw,eye,failure_aware.per_class.pseudopapilledema.class_index,5,2.0,0.0,2.0,2.0
sam2_unet,standardized_resnet18,raw,eye,failure_aware.per_class.pseudopapilledema.f1,5,0.25567987567987566,0.05330394093028579,0.18181818181818182,0.3076923076923077
sam2_unet,standardized_resnet18,raw,eye,failure_aware.per_class.pseudopapilledema.fn_including_abstain,5,6.0,0.7071067811865476,5.0,7.0
sam2_unet,standardized_resnet18,raw,eye,failure_aware.per_class.pseudopapilledema.fp,5,5.4,3.0495901363953815,2.0,9.0
sam2_unet,standardized_resnet18,raw,eye,failure_aware.per_class.pseudopapilledema.precision,5,0.2938095238095238,0.0768498255795677,0.2,0.4
sam2_unet,standardized_resnet18,raw,eye,failure_aware.per_class.pseudopapilledema.recall,5,0.25,0.08838834764831845,0.125,0.375
sam2_unet,standardized_resnet18,raw,eye,failure_aware.per_class.pseudopapilledema.sensitivity,5,0.25,0.08838834764831845,0.125,0.375
sam2_unet,standardized_resnet18,raw,eye,failure_aware.per_class.pseudopapilledema.specificity,5,0.8071428571428573,0.10891393344269219,0.6785714285714286,0.9285714285714286
sam2_unet,standardized_resnet18,raw,eye,failure_aware.per_class.pseudopapilledema.support,5,8.0,0.0,8.0,8.0
sam2_unet,standardized_resnet18,raw,eye,failure_aware.per_class.pseudopapilledema.tn_excluding_abstain,5,22.6,3.049590136395381,19.0,26.0
sam2_unet,standardized_resnet18,raw,eye,failure_aware.per_class.pseudopapilledema.tp,5,2.0,0.7071067811865476,1.0,3.0
sam2_unet,standardized_resnet18,raw,eye,failure_aware_accuracy,5,0.6333333333333334,0.09899183156225255,0.5277777777777778,0.75
sam2_unet,standardized_resnet18,raw,eye,failure_aware_aurc,5,0.2986176981733223,0.10162556103861789,0.19553503010814793,0.4627638917891425
sam2_unet,standardized_resnet18,raw,eye,failure_aware_balanced_accuracy,5,0.5199999999999999,0.09621301598247733,0.4166666666666667,0.625
sam2_unet,standardized_resnet18,raw,eye,failure_inclusive.accuracy,5,0.6333333333333334,0.09899183156225255,0.5277777777777778,0.75
sam2_unet,standardized_resnet18,raw,eye,failure_inclusive.aurc,5,0.2986176981733223,0.10162556103861789,0.19553503010814793,0.4627638917891425
sam2_unet,standardized_resnet18,raw,eye,failure_inclusive.balanced_accuracy,5,0.5199999999999999,0.09621301598247733,0.4166666666666667,0.625
sam2_unet,standardized_resnet18,raw,eye,failure_inclusive.correct,5,22.8,3.5637059362410923,19.0,27.0
sam2_unet,standardized_resnet18,raw,eye,failure_inclusive.incorrect_or_abstained,5,13.2,3.5637059362410923,9.0,17.0
sam2_unet,standardized_resnet18,raw,eye,failure_inclusive.macro_f1,5,0.5087009682350617,0.0856226416791539,0.40769230769230774,0.5966923771801821
sam2_unet,standardized_resnet18,raw,eye,failure_inclusive.macro_precision,5,0.5134107997265891,0.08537516646037847,0.4131578947368421,0.6015873015873016
sam2_unet,standardized_resnet18,raw,eye,failure_inclusive.macro_recall,5,0.5199999999999999,0.09621301598247733,0.4166666666666667,0.625
sam2_unet,standardized_resnet18,raw,eye,failure_inclusive.macro_specificity,5,0.8178571428571428,0.04883129595712785,0.7619047619047619,0.875
sam2_unet,standardized_resnet18,raw,eye,failure_inclusive.multiclass_mcc,5,0.38932819175916394,0.1583087331445737,0.21903538824921198,0.5803319658745637
sam2_unet,standardized_resnet18,raw,eye,failure_inclusive.per_class.normal.abstain,5,0.0,0.0,0.0,0.0
sam2_unet,standardized_resnet18,raw,eye,failure_inclusive.per_class.normal.balanced_accuracy_ovr,5,0.8425,0.0822534193818105,0.75,0.9375
sam2_unet,standardized_resnet18,raw,eye,failure_inclusive.per_class.normal.class_index,5,0.0,0.0,0.0,0.0
sam2_unet,standardized_resnet18,raw,eye,failure_inclusive.per_class.normal.f1,5,0.8581092506124598,0.07928081681308667,0.7692307692307693,0.9523809523809523
sam2_unet,standardized_resnet18,raw,eye,failure_inclusive.per_class.normal.fn_including_abstain,5,2.8,2.16794833886788,0.0,5.0
sam2_unet,standardized_resnet18,raw,eye,failure_inclusive.per_class.normal.fp,5,2.8,1.0954451150103321,2.0,4.0
sam2_unet,standardized_resnet18,raw,eye,failure_inclusive.per_class.normal.precision,5,0.8584430773904458,0.05875788149962554,0.7894736842105263,0.9090909090909091
sam2_unet,standardized_resnet18,raw,eye,failure_inclusive.per_class.normal.recall,5,0.86,0.10839741694339398,0.75,1.0
sam2_unet,standardized_resnet18,raw,eye,failure_inclusive.per_class.normal.sensitivity,5,0.86,0.10839741694339398,0.75,1.0
sam2_unet,standardized_resnet18,raw,eye,failure_inclusive.per_class.normal.specificity,5,0.825,0.06846531968814577,0.75,0.875
sam2_unet,standardized_resnet18,raw,eye,failure_inclusive.per_class.normal.support,5,20.0,0.0,20.0,20.0
sam2_unet,standardized_resnet18,raw,eye,failure_inclusive.per_class.normal.tn_excluding_abstain,5,13.2,1.0954451150103324,12.0,14.0
sam2_unet,standardized_resnet18,raw,eye,failure_inclusive.per_class.normal.tp,5,17.2,2.16794833886788,15.0,20.0
sam2_unet,standardized_resnet18,raw,eye,failure_inclusive.per_class.papilledema.abstain,5,0.0,0.0,0.0,0.0
sam2_unet,standardized_resnet18,raw,eye,failure_inclusive.per_class.papilledema.balanced_accuracy_ovr,5,0.6357142857142857,0.12805576153076634,0.49107142857142855,0.7857142857142857
sam2_unet,standardized_resnet18,raw,eye,failure_inclusive.per_class.papilledema.class_index,5,1.0,0.0,1.0,1.0
sam2_unet,standardized_resnet18,raw,eye,failure_inclusive.per_class.papilledema.f1,5,0.4123137784128496,0.20318871091471144,0.15384615384615385,0.631578947368421
sam2_unet,standardized_resnet18,raw,eye,failure_inclusive.per_class.papilledema.fn_including_abstain,5,4.4,2.073644135332772,2.0,7.0
sam2_unet,standardized_resnet18,raw,eye,failure_inclusive.per_class.papilledema.fp,5,5.0,0.7071067811865476,4.0,6.0
sam2_unet,standardized_resnet18,raw,eye,failure_inclusive.per_class.papilledema.precision,5,0.387979797979798,0.15403725779201227,0.2,0.5454545454545454
sam2_unet,standardized_resnet18,raw,eye,failure_inclusive.per_class.papilledema.recall,5,0.45,0.25920551691659655,0.125,0.75
sam2_unet,standardized_resnet18,raw,eye,failure_inclusive.per_class.papilledema.sensitivity,5,0.45,0.25920551691659655,0.125,0.75
sam2_unet,standardized_resnet18,raw,eye,failure_inclusive.per_class.papilledema.specificity,5,0.8214285714285715,0.025253813613805257,0.7857142857142857,0.8571428571428571
sam2_unet,standardized_resnet18,raw,eye,failure_inclusive.per_class.papilledema.support,5,8.0,0.0,8.0,8.0
sam2_unet,standardized_resnet18,raw,eye,failure_inclusive.per_class.papilledema.tn_excluding_abstain,5,23.0,0.7071067811865476,22.0,24.0
sam2_unet,standardized_resnet18,raw,eye,failure_inclusive.per_class.papilledema.tp,5,3.6,2.0736441353327724,1.0,6.0
sam2_unet,standardized_resnet18,raw,eye,failure_inclusive.per_class.pseudopapilledema.abstain,5,0.0,0.0,0.0,0.0
sam2_unet,standardized_resnet18,raw,eye,failure_inclusive.per_class.pseudopapilledema.balanced_accuracy_ovr,5,0.5285714285714287,0.0318188030021526,0.48214285714285715,0.5714285714285714
sam2_unet,standardized_resnet18,raw,eye,failure_inclusive.per_class.pseudopapilledema.class_index,5,2.0,0.0,2.0,2.0
sam2_unet,standardized_resnet18,raw,eye,failure_inclusive.per_class.pseudopapilledema.f1,5,0.25567987567987566,0.05330394093028579,0.18181818181818182,0.3076923076923077
sam2_unet,standardized_resnet18,raw,eye,failure_inclusive.per_class.pseudopapilledema.fn_including_abstain,5,6.0,0.7071067811865476,5.0,7.0
sam2_unet,standardized_resnet18,raw,eye,failure_inclusive.per_class.pseudopapilledema.fp,5,5.4,3.0495901363953815,2.0,9.0
sam2_unet,standardized_resnet18,raw,eye,failure_inclusive.per_class.pseudopapilledema.precision,5,0.2938095238095238,0.0768498255795677,0.2,0.4
sam2_unet,standardized_resnet18,raw,eye,failure_inclusive.per_class.pseudopapilledema.recall,5,0.25,0.08838834764831845,0.125,0.375
sam2_unet,standardized_resnet18,raw,eye,failure_inclusive.per_class.pseudopapilledema.sensitivity,5,0.25,0.08838834764831845,0.125,0.375
sam2_unet,standardized_resnet18,raw,eye,failure_inclusive.per_class.pseudopapilledema.specificity,5,0.8071428571428573,0.10891393344269219,0.6785714285714286,0.9285714285714286
sam2_unet,standardized_resnet18,raw,eye,failure_inclusive.per_class.pseudopapilledema.support,5,8.0,0.0,8.0,8.0
sam2_unet,standardized_resnet18,raw,eye,failure_inclusive.per_class.pseudopapilledema.tn_excluding_abstain,5,22.6,3.049590136395381,19.0,26.0
sam2_unet,standardized_resnet18,raw,eye,failure_inclusive.per_class.pseudopapilledema.tp,5,2.0,0.7071067811865476,1.0,3.0
sam2_unet,standardized_resnet18,raw,eye,localized_diagnostic_success.localized_rate,5,0.9944444444444445,0.012422599874998837,0.9722222222222222,1.0
sam2_unet,standardized_resnet18,raw,eye,localized_diagnostic_success.n_success,5,22.6,3.847076812334269,18.0,27.0
sam2_unet,standardized_resnet18,raw,eye,localized_diagnostic_success.per_class_rate.normal,5,0.85,0.1224744871391589,0.7,1.0
sam2_unet,standardized_resnet18,raw,eye,localized_diagnostic_success.per_class_rate.papilledema,5,0.45,0.25920551691659655,0.125,0.75
sam2_unet,standardized_resnet18,raw,eye,localized_diagnostic_success.per_class_rate.pseudopapilledema,5,0.25,0.08838834764831845,0.125,0.375
sam2_unet,standardized_resnet18,raw,eye,localized_diagnostic_success.rate,5,0.6277777777777779,0.10686324478706302,0.5,0.75
sam2_unet,standardized_resnet18,raw,eye,n_abstain,5,0.0,0.0,0.0,0.0
sam2_unet,standardized_resnet18,raw,eye,n_covered,5,36.0,0.0,36.0,36.0
sam2_unet,standardized_resnet18,raw,eye,n_total,5,36.0,0.0,36.0,36.0
sam2_unet,standardized_resnet18,raw,eye,selective_risk,5,0.36666666666666664,0.09899183156225255,0.25,0.4722222222222222
sam2_unet,standardized_resnet18,raw,patient,abstention_rate,5,0.0,0.0,0.0,0.0
sam2_unet,standardized_resnet18,raw,patient,class_conditional_coverage.normal,5,1.0,0.0,1.0,1.0
sam2_unet,standardized_resnet18,raw,patient,class_conditional_coverage.papilledema,5,1.0,0.0,1.0,1.0
sam2_unet,standardized_resnet18,raw,patient,class_conditional_coverage.pseudopapilledema,5,1.0,0.0,1.0,1.0
sam2_unet,standardized_resnet18,raw,patient,conditional.accuracy,5,0.6777777777777778,0.1326370709590369,0.4444444444444444,0.7777777777777778
sam2_unet,standardized_resnet18,raw,patient,conditional.balanced_accuracy,5,0.5666666666666667,0.11726039399558572,0.3666666666666667,0.6666666666666666
sam2_unet,standardized_resnet18,raw,patient,conditional.class_counts.normal,5,10.0,0.0,10.0,10.0
sam2_unet,standardized_resnet18,raw,patient,conditional.class_counts.papilledema,5,4.0,0.0,4.0,4.0
sam2_unet,standardized_resnet18,raw,patient,conditional.class_counts.pseudopapilledema,5,4.0,0.0,4.0,4.0
sam2_unet,standardized_resnet18,raw,patient,conditional.derived_discrimination.normal_vs_abnormal.auroc,5,0.8825000000000001,0.058363087649643694,0.8000000000000002,0.95
sam2_unet,standardized_resnet18,raw,patient,conditional.derived_discrimination.normal_vs_abnormal.average_precision,5,0.9145424836601308,0.04666348567134274,0.8430497198879552,0.9583333333333333
sam2_unet,standardized_resnet18,raw,patient,conditional.derived_discrimination.normal_vs_abnormal.n,5,18.0,0.0,18.0,18.0
sam2_unet,standardized_resnet18,raw,patient,conditional.derived_discrimination.normal_vs_abnormal.negative,5,10.0,0.0,10.0,10.0
sam2_unet,standardized_resnet18,raw,patient,conditional.derived_discrimination.normal_vs_abnormal.positive,5,8.0,0.0,8.0,8.0
sam2_unet,standardized_resnet18,raw,patient,conditional.derived_discrimination.papilledema_vs_pseudopapilledema.auroc,5,0.4375,0.1711632992203644,0.25,0.6875
sam2_unet,standardized_resnet18,raw,patient,conditional.derived_discrimination.papilledema_vs_pseudopapilledema.average_precision,5,0.6122619047619049,0.11368860631720844,0.44047619047619047,0.7470238095238095
sam2_unet,standardized_resnet18,raw,patient,conditional.derived_discrimination.papilledema_vs_pseudopapilledema.n,5,8.0,0.0,8.0,8.0
sam2_unet,standardized_resnet18,raw,patient,conditional.derived_discrimination.papilledema_vs_pseudopapilledema.negative,5,4.0,0.0,4.0,4.0
sam2_unet,standardized_resnet18,raw,patient,conditional.derived_discrimination.papilledema_vs_pseudopapilledema.positive,5,4.0,0.0,4.0,4.0
sam2_unet,standardized_resnet18,raw,patient,conditional.macro.adaptive_ece_ovr,5,0.21366297049147703,0.04256697954223537,0.17596292747292486,0.2809443260887167
sam2_unet,standardized_resnet18,raw,patient,conditional.macro.auroc_ovr,5,0.7417857142857144,0.09437330587447917,0.5821428571428572,0.8214285714285715
sam2_unet,standardized_resnet18,raw,patient,conditional.macro.average_precision_ovr,5,0.5999409473968296,0.07051819723341751,0.49145262145262136,0.6620081770081769
sam2_unet,standardized_resnet18,raw,patient,conditional.macro.balanced_accuracy_ovr,5,0.7017857142857142,0.0901829914051176,0.5464285714285714,0.7767857142857143
sam2_unet,standardized_resnet18,raw,patient,conditional.macro.brier_ovr,5,0.16866230042150662,0.055131756300532846,0.11885619735893853,0.25842116888376515
sam2_unet,standardized_resnet18,raw,patient,conditional.macro.ece_ovr,5,0.2211598022931728,0.048930500821017624,0.17084477786784236,0.2984738957661746
sam2_unet,standardized_resnet18,raw,patient,conditional.macro.f1,5,0.5451659451659452,0.12416149091941205,0.3434343434343434,0.6507936507936508
sam2_unet,standardized_resnet18,raw,patient,conditional.macro.mcc_ovr,5,0.4021574243823182,0.18971816754016116,0.07759441963591858,0.5638849643862128
sam2_unet,standardized_resnet18,raw,patient,conditional.macro.nll_ovr,5,0.6458489944597191,0.26803371181161295,0.39552328728729796,1.0073907261602886
sam2_unet,standardized_resnet18,raw,patient,conditional.macro.nll_true_class,5,1.4399671358568498,0.6620203875361607,0.8082213099660347,2.2581270093545807
sam2_unet,standardized_resnet18,raw,patient,conditional.macro.precision,5,0.5458152958152958,0.13536509194796273,0.3452380952380952,0.6696969696969696
sam2_unet,standardized_resnet18,raw,patient,conditional.macro.recall,5,0.5666666666666667,0.11726039399558572,0.3666666666666667,0.6666666666666666
sam2_unet,standardized_resnet18,raw,patient,conditional.macro.specificity,5,0.836904761904762,0.06363760600430524,0.7261904761904762,0.8869047619047619
sam2_unet,standardized_resnet18,raw,patient,conditional.macro_auroc,5,0.7417857142857144,0.09437330587447917,0.5821428571428572,0.8214285714285715
sam2_unet,standardized_resnet18,raw,patient,conditional.macro_average_precision,5,0.5999409473968296,0.07051819723341751,0.49145262145262136,0.6620081770081769
sam2_unet,standardized_resnet18,raw,patient,conditional.macro_classwise_adaptive_ece,5,0.21366297049147703,0.04256697954223537,0.17596292747292486,0.2809443260887167
sam2_unet,standardized_resnet18,raw,patient,conditional.macro_classwise_ece,5,0.2211598022931728,0.048930500821017624,0.17084477786784236,0.2984738957661746
sam2_unet,standardized_resnet18,raw,patient,conditional.macro_f1,5,0.5451659451659452,0.12416149091941205,0.3434343434343434,0.6507936507936508
sam2_unet,standardized_resnet18,raw,patient,conditional.macro_precision,5,0.5458152958152958,0.13536509194796273,0.3452380952380952,0.6696969696969696
sam2_unet,standardized_resnet18,raw,patient,conditional.macro_recall,5,0.5666666666666667,0.11726039399558572,0.3666666666666667,0.6666666666666666
sam2_unet,standardized_resnet18,raw,patient,conditional.multiclass_brier,5,0.50598690126452,0.1653952689015986,0.35656859207681557,0.7752635066512956
sam2_unet,standardized_resnet18,raw,patient,conditional.multiclass_mcc,5,0.4656089962475997,0.19682256153113364,0.12186666955535813,0.6237055560836822
sam2_unet,standardized_resnet18,raw,patient,conditional.multiclass_nll,5,1.0585630215801767,0.4805561051885316,0.6146329177374883,1.7027439041482724
sam2_unet,standardized_resnet18,raw,patient,conditional.n,5,18.0,0.0,18.0,18.0
sam2_unet,standardized_resnet18,raw,patient,conditional.per_class.normal.adaptive_ece_ovr,5,0.16172157201281803,0.04301951840473486,0.1102376400731932,0.22658419062658114
sam2_unet,standardized_resnet18,raw,patient,conditional.per_class.normal.auroc_ovr,5,0.8825,0.05836308764964378,0.7999999999999999,0.95
sam2_unet,standardized_resnet18,raw,patient,conditional.per_class.normal.average_precision_ovr,5,0.8707886002886001,0.07473095024972107,0.791024531024531,0.9572979797979797
sam2_unet,standardized_resnet18,raw,patient,conditional.per_class.normal.balanced_accuracy_ovr,5,0.8625,0.10861341998114227,0.675,0.9375
sam2_unet,standardized_resnet18,raw,patient,conditional.per_class.normal.brier_ovr,5,0.11494177049210526,0.057908386640590725,0.059371282216956506,0.20745406380866555
sam2_unet,standardized_resnet18,raw,patient,conditional.per_class.normal.class_index,5,0.0,0.0,0.0,0.0
sam2_unet,standardized_resnet18,raw,patient,conditional.per_class.normal.ece_ovr,5,0.18057615359719553,0.05172370774132378,0.13996512071990336,0.26329250381780295
sam2_unet,standardized_resnet18,raw,patient,conditional.per_class.normal.f1,5,0.8761038961038959,0.11954026362501033,0.6666666666666666,0.9523809523809523
sam2_unet,standardized_resnet18,raw,patient,conditional.per_class.normal.fn,5,1.0,1.7320508075688772,0.0,4.0
sam2_unet,standardized_resnet18,raw,patient,conditional.per_class.normal.fp,5,1.4,0.5477225575051661,1.0,2.0
sam2_unet,standardized_resnet18,raw,patient,conditional.per_class.normal.mcc_ovr,5,0.7398669170147569,0.22473251680858594,0.35,0.8918825850158447
sam2_unet,standardized_resnet18,raw,patient,conditional.per_class.normal.nll_ovr,5,0.40310357524322293,0.16950973303141958,0.21429052213787883,0.6701129622614144
sam2_unet,standardized_resnet18,raw,patient,conditional.per_class.normal.nll_true_class,5,0.29575479302683055,0.16955177194498072,0.16804619556425612,0.5919776937356559
sam2_unet,standardized_resnet18,raw,patient,conditional.per_class.normal.precision,5,0.8603030303030303,0.06933701515971129,0.75,0.9090909090909091
sam2_unet,standardized_resnet18,raw,patient,conditional.per_class.normal.recall,5,0.9,0.17320508075688773,0.6,1.0
sam2_unet,standardized_resnet18,raw,patient,conditional.per_class.normal.sensitivity,5,0.9,0.17320508075688773,0.6,1.0
sam2_unet,standardized_resnet18,raw,patient,conditional.per_class.normal.specificity,5,0.825,0.06846531968814577,0.75,0.875
sam2_unet,standardized_resnet18,raw,patient,conditional.per_class.normal.support,5,10.0,0.0,10.0,10.0
sam2_unet,standardized_resnet18,raw,patient,conditional.per_class.normal.tn,5,6.6,0.5477225575051662,6.0,7.0
sam2_unet,standardized_resnet18,raw,patient,conditional.per_class.normal.tp,5,9.0,1.7320508075688772,6.0,10.0
sam2_unet,standardized_resnet18,raw,patient,conditional.per_class.papilledema.adaptive_ece_ovr,5,0.20597587652764188,0.07931616233340934,0.12394283845679659,0.2949894406539064
sam2_unet,standardized_resnet18,raw,patient,conditional.per_class.papilledema.auroc_ovr,5,0.725,0.2214573713989642,0.3928571428571429,0.9285714285714286
sam2_unet,standardized_resnet18,raw,patient,conditional.per_class.papilledema.average_precision_ovr,5,0.48825280112044817,0.20688490621192338,0.22499999999999998,0.7708333333333333
sam2_unet,standardized_resnet18,raw,patient,conditional.per_class.papilledema.balanced_accuracy_ovr,5,0.6464285714285714,0.1643439337834791,0.39285714285714285,0.8035714285714286
sam2_unet,standardized_resnet18,raw,patient,conditional.per_class.papilledema.brier_ovr,5,0.1763071521155118,0.06094472795178444,0.10507969276269104,0.24610851151425633
sam2_unet,standardized_resnet18,raw,patient,conditional.per_class.papilledema.class_index,5,1.0,0.0,1.0,1.0
sam2_unet,standardized_resnet18,raw,patient,conditional.per_class.papilledema.ece_ovr,5,0.2252335767965225,0.06353626049633435,0.15134084045994017,0.29874179787239735
sam2_unet,standardized_resnet18,raw,patient,conditional.per_class.papilledema.f1,5,0.42000000000000004,0.2662496739695448,0.0,0.6666666666666666
sam2_unet,standardized_resnet18,raw,patient,conditional.per_class.papilledema.fn,5,2.2,1.3038404810405297,1.0,4.0
sam2_unet,standardized_resnet18,raw,patient,conditional.per_class.papilledema.fp,5,2.2,0.8366600265340756,1.0,3.0
sam2_unet,standardized_resnet18,raw,patient,conditional.per_class.papilledema.mcc_ovr,5,0.2780650069360612,0.3141231493636439,-0.23904572186687875,0.5635445125120265
sam2_unet,standardized_resnet18,raw,patient,conditional.per_class.papilledema.nll_ovr,5,0.7216009858512618,0.40916532991688087,0.3242748284917903,1.322459744160349
sam2_unet,standardized_resnet18,raw,patient,conditional.per_class.papilledema.nll_true_class,5,1.9478926583006562,1.7249693900427467,0.4223273693140415,4.249529871983566
sam2_unet,standardized_resnet18,raw,patient,conditional.per_class.papilledema.precision,5,0.42000000000000004,0.23874672772626643,0.0,0.6
sam2_unet,standardized_resnet18,raw,patient,conditional.per_class.papilledema.recall,5,0.45,0.32596012026013244,0.0,0.75
sam2_unet,standardized_resnet18,raw,patient,conditional.per_class.papilledema.sensitivity,5,0.45,0.32596012026013244,0.0,0.75
sam2_unet,standardized_resnet18,raw,patient,conditional.per_class.papilledema.specificity,5,0.8428571428571429,0.0597614304667197,0.7857142857142857,0.9285714285714286
sam2_unet,standardized_resnet18,raw,patient,conditional.per_class.papilledema.support,5,4.0,0.0,4.0,4.0
sam2_unet,standardized_resnet18,raw,patient,conditional.per_class.papilledema.tn,5,11.8,0.8366600265340756,11.0,13.0
sam2_unet,standardized_resnet18,raw,patient,conditional.per_class.papilledema.tp,5,1.8,1.3038404810405297,0.0,3.0
sam2_unet,standardized_resnet18,raw,patient,conditional.per_class.pseudopapilledema.adaptive_ece_ovr,5,0.2732914629339713,0.03455191592668641,0.24166682274295123,0.3212593469856626
sam2_unet,standardized_resnet18,raw,patient,conditional.per_class.pseudopapilledema.auroc_ovr,5,0.6178571428571429,0.07639017727216944,0.5178571428571428,0.6785714285714286
sam2_unet,standardized_resnet18,raw,patient,conditional.per_class.pseudopapilledema.average_precision_ovr,5,0.4407814407814408,0.0853845951142554,0.3263888888888889,0.5630952380952381
sam2_unet,standardized_resnet18,raw,patient,conditional.per_class.pseudopapilledema.balanced_accuracy_ovr,5,0.5964285714285715,0.08892785427134811,0.4642857142857143,0.6785714285714286
sam2_unet,standardized_resnet18,raw,patient,conditional.per_class.pseudopapilledema.brier_ovr,5,0.21473797865690286,0.061742426141951516,0.16853859011009367,0.32170093132837363
sam2_unet,standardized_resnet18,raw,patient,conditional.per_class.pseudopapilledema.class_index,5,2.0,0.0,2.0,2.0
sam2_unet,standardized_resnet18,raw,patient,conditional.per_class.pseudopapilledema.ece_ovr,5,0.25766967648580047,0.06420244911370662,0.17818164615678186,0.3555385758034601
sam2_unet,standardized_resnet18,raw,patient,conditional.per_class.pseudopapilledema.f1,5,0.33939393939393936,0.20457351098266838,0.0,0.5
sam2_unet,standardized_resnet18,raw,patient,conditional.per_class.pseudopapilledema.fn,5,2.6,0.8944271909999159,2.0,4.0
sam2_unet,standardized_resnet18,raw,patient,conditional.per_class.pseudopapilledema.fp,5,2.2,1.6431676725154984,1.0,5.0
sam2_unet,standardized_resnet18,raw,patient,conditional.per_class.pseudopapilledema.mcc_ovr,5,0.1885403491961366,0.20298849666640856,-0.12964074471043288,0.35714285714285715
sam2_unet,standardized_resnet18,raw,patient,conditional.per_class.pseudopapilledema.nll_ovr,5,0.8128424222846725,0.3476554489981085,0.5450855612520077,1.402808883154066
sam2_unet,standardized_resnet18,raw,patient,conditional.per_class.pseudopapilledema.nll_true_class,5,2.076253956243062,0.6522003885890431,1.4798953710346519,2.9012121141286262
sam2_unet,standardized_resnet18,raw,patient,conditional.per_class.pseudopapilledema.precision,5,0.3571428571428571,0.22015764296317775,0.0,0.5
sam2_unet,standardized_resnet18,raw,patient,conditional.per_class.pseudopapilledema.recall,5,0.35,0.22360679774997896,0.0,0.5
sam2_unet,standardized_resnet18,raw,patient,conditional.per_class.pseudopapilledema.sensitivity,5,0.35,0.22360679774997896,0.0,0.5
sam2_unet,standardized_resnet18,raw,patient,conditional.per_class.pseudopapilledema.specificity,5,0.8428571428571429,0.11736911946539273,0.6428571428571429,0.9285714285714286
sam2_unet,standardized_resnet18,raw,patient,conditional.per_class.pseudopapilledema.support,5,4.0,0.0,4.0,4.0
sam2_unet,standardized_resnet18,raw,patient,conditional.per_class.pseudopapilledema.tn,5,11.8,1.6431676725154984,9.0,13.0
sam2_unet,standardized_resnet18,raw,patient,conditional.per_class.pseudopapilledema.tp,5,1.4,0.8944271909999159,0.0,2.0
sam2_unet,standardized_resnet18,raw,patient,conditional.top_label_adaptive_ece,5,0.29833938597152254,0.05093017778990182,0.24937909116520704,0.37530680520838355
sam2_unet,standardized_resnet18,raw,patient,conditional.top_label_ece,5,0.27067904091853395,0.07997817118295864,0.1553683389097772,0.3639485966942155
sam2_unet,standardized_resnet18,raw,patient,conditional_aurc,5,0.29230196727745744,0.09286645949205609,0.21937464314915292,0.45244698565777
sam2_unet,standardized_resnet18,raw,patient,coverage,5,1.0,0.0,1.0,1.0
sam2_unet,standardized_resnet18,raw,patient,failure_aware.accuracy,5,0.6777777777777778,0.1326370709590369,0.4444444444444444,0.7777777777777778
sam2_unet,standardized_resnet18,raw,patient,failure_aware.aurc,5,0.29230196727745744,0.09286645949205609,0.21937464314915292,0.45244698565777
sam2_unet,standardized_resnet18,raw,patient,failure_aware.balanced_accuracy,5,0.5666666666666667,0.11726039399558572,0.3666666666666667,0.6666666666666666
sam2_unet,standardized_resnet18,raw,patient,failure_aware.correct,5,12.2,2.3874672772626644,8.0,14.0
sam2_unet,standardized_resnet18,raw,patient,failure_aware.incorrect_or_abstained,5,5.8,2.3874672772626644,4.0,10.0
sam2_unet,standardized_resnet18,raw,patient,failure_aware.macro_f1,5,0.5451659451659452,0.12416149091941205,0.3434343434343434,0.6507936507936508
sam2_unet,standardized_resnet18,raw,patient,failure_aware.macro_precision,5,0.5458152958152958,0.13536509194796273,0.3452380952380952,0.6696969696969696
sam2_unet,standardized_resnet18,raw,patient,failure_aware.macro_recall,5,0.5666666666666667,0.11726039399558572,0.3666666666666667,0.6666666666666666
sam2_unet,standardized_resnet18,raw,patient,failure_aware.macro_specificity,5,0.836904761904762,0.06363760600430524,0.7261904761904762,0.8869047619047619
sam2_unet,standardized_resnet18,raw,patient,failure_aware.multiclass_mcc,5,0.4656089962475997,0.19682256153113364,0.12186666955535813,0.6237055560836822
sam2_unet,standardized_resnet18,raw,patient,failure_aware.per_class.normal.abstain,5,0.0,0.0,0.0,0.0
sam2_unet,standardized_resnet18,raw,patient,failure_aware.per_class.normal.balanced_accuracy_ovr,5,0.8625,0.10861341998114227,0.675,0.9375
sam2_unet,standardized_resnet18,raw,patient,failure_aware.per_class.normal.class_index,5,0.0,0.0,0.0,0.0
sam2_unet,standardized_resnet18,raw,patient,failure_aware.per_class.normal.f1,5,0.8761038961038959,0.11954026362501033,0.6666666666666666,0.9523809523809523
sam2_unet,standardized_resnet18,raw,patient,failure_aware.per_class.normal.fn_including_abstain,5,1.0,1.7320508075688772,0.0,4.0
sam2_unet,standardized_resnet18,raw,patient,failure_aware.per_class.normal.fp,5,1.4,0.5477225575051661,1.0,2.0
sam2_unet,standardized_resnet18,raw,patient,failure_aware.per_class.normal.precision,5,0.8603030303030303,0.06933701515971129,0.75,0.9090909090909091
sam2_unet,standardized_resnet18,raw,patient,failure_aware.per_class.normal.recall,5,0.9,0.17320508075688773,0.6,1.0
sam2_unet,standardized_resnet18,raw,patient,failure_aware.per_class.normal.sensitivity,5,0.9,0.17320508075688773,0.6,1.0
sam2_unet,standardized_resnet18,raw,patient,failure_aware.per_class.normal.specificity,5,0.825,0.06846531968814577,0.75,0.875
sam2_unet,standardized_resnet18,raw,patient,failure_aware.per_class.normal.support,5,10.0,0.0,10.0,10.0
sam2_unet,standardized_resnet18,raw,patient,failure_aware.per_class.normal.tn_excluding_abstain,5,6.6,0.5477225575051662,6.0,7.0
sam2_unet,standardized_resnet18,raw,patient,failure_aware.per_class.normal.tp,5,9.0,1.7320508075688772,6.0,10.0
sam2_unet,standardized_resnet18,raw,patient,failure_aware.per_class.papilledema.abstain,5,0.0,0.0,0.0,0.0
sam2_unet,standardized_resnet18,raw,patient,failure_aware.per_class.papilledema.balanced_accuracy_ovr,5,0.6464285714285714,0.1643439337834791,0.39285714285714285,0.8035714285714286
sam2_unet,standardized_resnet18,raw,patient,failure_aware.per_class.papilledema.class_index,5,1.0,0.0,1.0,1.0
sam2_unet,standardized_resnet18,raw,patient,failure_aware.per_class.papilledema.f1,5,0.42000000000000004,0.2662496739695448,0.0,0.6666666666666666
sam2_unet,standardized_resnet18,raw,patient,failure_aware.per_class.papilledema.fn_including_abstain,5,2.2,1.3038404810405297,1.0,4.0
sam2_unet,standardized_resnet18,raw,patient,failure_aware.per_class.papilledema.fp,5,2.2,0.8366600265340756,1.0,3.0
sam2_unet,standardized_resnet18,raw,patient,failure_aware.per_class.papilledema.precision,5,0.42000000000000004,0.23874672772626643,0.0,0.6
sam2_unet,standardized_resnet18,raw,patient,failure_aware.per_class.papilledema.recall,5,0.45,0.32596012026013244,0.0,0.75
sam2_unet,standardized_resnet18,raw,patient,failure_aware.per_class.papilledema.sensitivity,5,0.45,0.32596012026013244,0.0,0.75
sam2_unet,standardized_resnet18,raw,patient,failure_aware.per_class.papilledema.specificity,5,0.8428571428571429,0.0597614304667197,0.7857142857142857,0.9285714285714286
sam2_unet,standardized_resnet18,raw,patient,failure_aware.per_class.papilledema.support,5,4.0,0.0,4.0,4.0
sam2_unet,standardized_resnet18,raw,patient,failure_aware.per_class.papilledema.tn_excluding_abstain,5,11.8,0.8366600265340756,11.0,13.0
sam2_unet,standardized_resnet18,raw,patient,failure_aware.per_class.papilledema.tp,5,1.8,1.3038404810405297,0.0,3.0
sam2_unet,standardized_resnet18,raw,patient,failure_aware.per_class.pseudopapilledema.abstain,5,0.0,0.0,0.0,0.0
sam2_unet,standardized_resnet18,raw,patient,failure_aware.per_class.pseudopapilledema.balanced_accuracy_ovr,5,0.5964285714285715,0.08892785427134811,0.4642857142857143,0.6785714285714286
sam2_unet,standardized_resnet18,raw,patient,failure_aware.per_class.pseudopapilledema.class_index,5,2.0,0.0,2.0,2.0
sam2_unet,standardized_resnet18,raw,patient,failure_aware.per_class.pseudopapilledema.f1,5,0.33939393939393936,0.20457351098266838,0.0,0.5
sam2_unet,standardized_resnet18,raw,patient,failure_aware.per_class.pseudopapilledema.fn_including_abstain,5,2.6,0.8944271909999159,2.0,4.0
sam2_unet,standardized_resnet18,raw,patient,failure_aware.per_class.pseudopapilledema.fp,5,2.2,1.6431676725154984,1.0,5.0
sam2_unet,standardized_resnet18,raw,patient,failure_aware.per_class.pseudopapilledema.precision,5,0.3571428571428571,0.22015764296317775,0.0,0.5
sam2_unet,standardized_resnet18,raw,patient,failure_aware.per_class.pseudopapilledema.recall,5,0.35,0.22360679774997896,0.0,0.5
sam2_unet,standardized_resnet18,raw,patient,failure_aware.per_class.pseudopapilledema.sensitivity,5,0.35,0.22360679774997896,0.0,0.5
sam2_unet,standardized_resnet18,raw,patient,failure_aware.per_class.pseudopapilledema.specificity,5,0.8428571428571429,0.11736911946539273,0.6428571428571429,0.9285714285714286
sam2_unet,standardized_resnet18,raw,patient,failure_aware.per_class.pseudopapilledema.support,5,4.0,0.0,4.0,4.0
sam2_unet,standardized_resnet18,raw,patient,failure_aware.per_class.pseudopapilledema.tn_excluding_abstain,5,11.8,1.6431676725154984,9.0,13.0
sam2_unet,standardized_resnet18,raw,patient,failure_aware.per_class.pseudopapilledema.tp,5,1.4,0.8944271909999159,0.0,2.0
sam2_unet,standardized_resnet18,raw,patient,failure_aware_accuracy,5,0.6777777777777778,0.1326370709590369,0.4444444444444444,0.7777777777777778
sam2_unet,standardized_resnet18,raw,patient,failure_aware_aurc,5,0.29230196727745744,0.09286645949205609,0.21937464314915292,0.45244698565777
sam2_unet,standardized_resnet18,raw,patient,failure_aware_balanced_accuracy,5,0.5666666666666667,0.11726039399558572,0.3666666666666667,0.6666666666666666
sam2_unet,standardized_resnet18,raw,patient,failure_inclusive.accuracy,5,0.6777777777777778,0.1326370709590369,0.4444444444444444,0.7777777777777778
sam2_unet,standardized_resnet18,raw,patient,failure_inclusive.aurc,5,0.29230196727745744,0.09286645949205609,0.21937464314915292,0.45244698565777
sam2_unet,standardized_resnet18,raw,patient,failure_inclusive.balanced_accuracy,5,0.5666666666666667,0.11726039399558572,0.3666666666666667,0.6666666666666666
sam2_unet,standardized_resnet18,raw,patient,failure_inclusive.correct,5,12.2,2.3874672772626644,8.0,14.0
sam2_unet,standardized_resnet18,raw,patient,failure_inclusive.incorrect_or_abstained,5,5.8,2.3874672772626644,4.0,10.0
sam2_unet,standardized_resnet18,raw,patient,failure_inclusive.macro_f1,5,0.5451659451659452,0.12416149091941205,0.3434343434343434,0.6507936507936508
sam2_unet,standardized_resnet18,raw,patient,failure_inclusive.macro_precision,5,0.5458152958152958,0.13536509194796273,0.3452380952380952,0.6696969696969696
sam2_unet,standardized_resnet18,raw,patient,failure_inclusive.macro_recall,5,0.5666666666666667,0.11726039399558572,0.3666666666666667,0.6666666666666666
sam2_unet,standardized_resnet18,raw,patient,failure_inclusive.macro_specificity,5,0.836904761904762,0.06363760600430524,0.7261904761904762,0.8869047619047619
sam2_unet,standardized_resnet18,raw,patient,failure_inclusive.multiclass_mcc,5,0.4656089962475997,0.19682256153113364,0.12186666955535813,0.6237055560836822
sam2_unet,standardized_resnet18,raw,patient,failure_inclusive.per_class.normal.abstain,5,0.0,0.0,0.0,0.0
sam2_unet,standardized_resnet18,raw,patient,failure_inclusive.per_class.normal.balanced_accuracy_ovr,5,0.8625,0.10861341998114227,0.675,0.9375
sam2_unet,standardized_resnet18,raw,patient,failure_inclusive.per_class.normal.class_index,5,0.0,0.0,0.0,0.0
sam2_unet,standardized_resnet18,raw,patient,failure_inclusive.per_class.normal.f1,5,0.8761038961038959,0.11954026362501033,0.6666666666666666,0.9523809523809523
sam2_unet,standardized_resnet18,raw,patient,failure_inclusive.per_class.normal.fn_including_abstain,5,1.0,1.7320508075688772,0.0,4.0
sam2_unet,standardized_resnet18,raw,patient,failure_inclusive.per_class.normal.fp,5,1.4,0.5477225575051661,1.0,2.0
sam2_unet,standardized_resnet18,raw,patient,failure_inclusive.per_class.normal.precision,5,0.8603030303030303,0.06933701515971129,0.75,0.9090909090909091
sam2_unet,standardized_resnet18,raw,patient,failure_inclusive.per_class.normal.recall,5,0.9,0.17320508075688773,0.6,1.0
sam2_unet,standardized_resnet18,raw,patient,failure_inclusive.per_class.normal.sensitivity,5,0.9,0.17320508075688773,0.6,1.0
sam2_unet,standardized_resnet18,raw,patient,failure_inclusive.per_class.normal.specificity,5,0.825,0.06846531968814577,0.75,0.875
sam2_unet,standardized_resnet18,raw,patient,failure_inclusive.per_class.normal.support,5,10.0,0.0,10.0,10.0
sam2_unet,standardized_resnet18,raw,patient,failure_inclusive.per_class.normal.tn_excluding_abstain,5,6.6,0.5477225575051662,6.0,7.0
sam2_unet,standardized_resnet18,raw,patient,failure_inclusive.per_class.normal.tp,5,9.0,1.7320508075688772,6.0,10.0
sam2_unet,standardized_resnet18,raw,patient,failure_inclusive.per_class.papilledema.abstain,5,0.0,0.0,0.0,0.0
sam2_unet,standardized_resnet18,raw,patient,failure_inclusive.per_class.papilledema.balanced_accuracy_ovr,5,0.6464285714285714,0.1643439337834791,0.39285714285714285,0.8035714285714286
sam2_unet,standardized_resnet18,raw,patient,failure_inclusive.per_class.papilledema.class_index,5,1.0,0.0,1.0,1.0
sam2_unet,standardized_resnet18,raw,patient,failure_inclusive.per_class.papilledema.f1,5,0.42000000000000004,0.2662496739695448,0.0,0.6666666666666666
sam2_unet,standardized_resnet18,raw,patient,failure_inclusive.per_class.papilledema.fn_including_abstain,5,2.2,1.3038404810405297,1.0,4.0
sam2_unet,standardized_resnet18,raw,patient,failure_inclusive.per_class.papilledema.fp,5,2.2,0.8366600265340756,1.0,3.0
sam2_unet,standardized_resnet18,raw,patient,failure_inclusive.per_class.papilledema.precision,5,0.42000000000000004,0.23874672772626643,0.0,0.6
sam2_unet,standardized_resnet18,raw,patient,failure_inclusive.per_class.papilledema.recall,5,0.45,0.32596012026013244,0.0,0.75
sam2_unet,standardized_resnet18,raw,patient,failure_inclusive.per_class.papilledema.sensitivity,5,0.45,0.32596012026013244,0.0,0.75
sam2_unet,standardized_resnet18,raw,patient,failure_inclusive.per_class.papilledema.specificity,5,0.8428571428571429,0.0597614304667197,0.7857142857142857,0.9285714285714286
sam2_unet,standardized_resnet18,raw,patient,failure_inclusive.per_class.papilledema.support,5,4.0,0.0,4.0,4.0
sam2_unet,standardized_resnet18,raw,patient,failure_inclusive.per_class.papilledema.tn_excluding_abstain,5,11.8,0.8366600265340756,11.0,13.0
sam2_unet,standardized_resnet18,raw,patient,failure_inclusive.per_class.papilledema.tp,5,1.8,1.3038404810405297,0.0,3.0
sam2_unet,standardized_resnet18,raw,patient,failure_inclusive.per_class.pseudopapilledema.abstain,5,0.0,0.0,0.0,0.0
sam2_unet,standardized_resnet18,raw,patient,failure_inclusive.per_class.pseudopapilledema.balanced_accuracy_ovr,5,0.5964285714285715,0.08892785427134811,0.4642857142857143,0.6785714285714286
sam2_unet,standardized_resnet18,raw,patient,failure_inclusive.per_class.pseudopapilledema.class_index,5,2.0,0.0,2.0,2.0
sam2_unet,standardized_resnet18,raw,patient,failure_inclusive.per_class.pseudopapilledema.f1,5,0.33939393939393936,0.20457351098266838,0.0,0.5
sam2_unet,standardized_resnet18,raw,patient,failure_inclusive.per_class.pseudopapilledema.fn_including_abstain,5,2.6,0.8944271909999159,2.0,4.0
sam2_unet,standardized_resnet18,raw,patient,failure_inclusive.per_class.pseudopapilledema.fp,5,2.2,1.6431676725154984,1.0,5.0
sam2_unet,standardized_resnet18,raw,patient,failure_inclusive.per_class.pseudopapilledema.precision,5,0.3571428571428571,0.22015764296317775,0.0,0.5
sam2_unet,standardized_resnet18,raw,patient,failure_inclusive.per_class.pseudopapilledema.recall,5,0.35,0.22360679774997896,0.0,0.5
sam2_unet,standardized_resnet18,raw,patient,failure_inclusive.per_class.pseudopapilledema.sensitivity,5,0.35,0.22360679774997896,0.0,0.5
sam2_unet,standardized_resnet18,raw,patient,failure_inclusive.per_class.pseudopapilledema.specificity,5,0.8428571428571429,0.11736911946539273,0.6428571428571429,0.9285714285714286
sam2_unet,standardized_resnet18,raw,patient,failure_inclusive.per_class.pseudopapilledema.support,5,4.0,0.0,4.0,4.0
sam2_unet,standardized_resnet18,raw,patient,failure_inclusive.per_class.pseudopapilledema.tn_excluding_abstain,5,11.8,1.6431676725154984,9.0,13.0
sam2_unet,standardized_resnet18,raw,patient,failure_inclusive.per_class.pseudopapilledema.tp,5,1.4,0.8944271909999159,0.0,2.0
sam2_unet,standardized_resnet18,raw,patient,localized_diagnostic_success.localized_rate,5,0.9888888888888889,0.024845199749997673,0.9444444444444444,1.0
sam2_unet,standardized_resnet18,raw,patient,localized_diagnostic_success.n_success,5,12.2,2.3874672772626644,8.0,14.0
sam2_unet,standardized_resnet18,raw,patient,localized_diagnostic_success.per_class_rate.normal,5,0.9,0.17320508075688773,0.6,1.0
sam2_unet,standardized_resnet18,raw,patient,localized_diagnostic_success.per_class_rate.papilledema,5,0.45,0.32596012026013244,0.0,0.75
sam2_unet,standardized_resnet18,raw,patient,localized_diagnostic_success.per_class_rate.pseudopapilledema,5,0.35,0.22360679774997896,0.0,0.5
sam2_unet,standardized_resnet18,raw,patient,localized_diagnostic_success.rate,5,0.6777777777777778,0.1326370709590369,0.4444444444444444,0.7777777777777778
sam2_unet,standardized_resnet18,raw,patient,n_abstain,5,0.0,0.0,0.0,0.0
sam2_unet,standardized_resnet18,raw,patient,n_covered,5,18.0,0.0,18.0,18.0
sam2_unet,standardized_resnet18,raw,patient,n_total,5,18.0,0.0,18.0,18.0
sam2_unet,standardized_resnet18,raw,patient,selective_risk,5,0.32222222222222224,0.13263707095903693,0.2222222222222222,0.5555555555555556
vit_method2,model_specific,calibrated,eye,abstention_rate,5,0.016666666666666666,0.015214515486254614,0.0,0.027777777777777776
vit_method2,model_specific,calibrated,eye,class_conditional_coverage.normal,5,1.0,0.0,1.0,1.0
vit_method2,model_specific,calibrated,eye,class_conditional_coverage.papilledema,5,0.975,0.05590169943749474,0.875,1.0
vit_method2,model_specific,calibrated,eye,class_conditional_coverage.pseudopapilledema,5,0.95,0.06846531968814577,0.875,1.0
vit_method2,model_specific,calibrated,eye,conditional.accuracy,5,0.5636507936507936,0.18641537723519616,0.2857142857142857,0.7142857142857143
vit_method2,model_specific,calibrated,eye,conditional.balanced_accuracy,5,0.4916666666666667,0.13866109437391053,0.31666666666666665,0.6
vit_method2,model_specific,calibrated,eye,conditional.class_counts.normal,5,20.0,0.0,20.0,20.0
vit_method2,model_specific,calibrated,eye,conditional.class_counts.papilledema,5,7.8,0.4472135954999579,7.0,8.0
vit_method2,model_specific,calibrated,eye,conditional.class_counts.pseudopapilledema,5,7.6,0.5477225575051662,7.0,8.0
vit_method2,model_specific,calibrated,eye,conditional.derived_discrimination.normal_vs_abnormal.auroc,5,0.8608750000000001,0.09648919592656763,0.72,0.971875
vit_method2,model_specific,calibrated,eye,conditional.derived_discrimination.normal_vs_abnormal.average_precision,5,0.8882591854745054,0.07607096619039075,0.7784511137334725,0.9719611528822055
vit_method2,model_specific,calibrated,eye,conditional.derived_discrimination.normal_vs_abnormal.n,5,35.4,0.5477225575051661,35.0,36.0
vit_method2,model_specific,calibrated,eye,conditional.derived_discrimination.normal_vs_abnormal.negative,5,20.0,0.0,20.0,20.0
vit_method2,model_specific,calibrated,eye,conditional.derived_discrimination.normal_vs_abnormal.positive,5,15.4,0.5477225575051661,15.0,16.0
vit_method2,model_specific,calibrated,eye,conditional.derived_discrimination.papilledema_vs_pseudopapilledema.auroc,5,0.4366071428571428,0.1825559915505936,0.14285714285714285,0.625
vit_method2,model_specific,calibrated,eye,conditional.derived_discrimination.papilledema_vs_pseudopapilledema.average_precision,5,0.5319202127237841,0.09922353383476021,0.4031468531468531,0.657318722943723
vit_method2,model_specific,calibrated,eye,conditional.derived_discrimination.papilledema_vs_pseudopapilledema.n,5,15.4,0.5477225575051661,15.0,16.0
vit_method2,model_specific,calibrated,eye,conditional.derived_discrimination.papilledema_vs_pseudopapilledema.negative,5,7.8,0.4472135954999579,7.0,8.0
vit_method2,model_specific,calibrated,eye,conditional.derived_discrimination.papilledema_vs_pseudopapilledema.positive,5,7.6,0.5477225575051662,7.0,8.0
vit_method2,model_specific,calibrated,eye,conditional.macro.adaptive_ece_ovr,5,0.1959340184980089,0.06650175928669677,0.11398308104535908,0.2642034188124709
vit_method2,model_specific,calibrated,eye,conditional.macro.auroc_ovr,5,0.7542092151675485,0.098401731720287,0.646809019904258,0.8566964285714286
vit_method2,model_specific,calibrated,eye,conditional.macro.average_precision_ovr,5,0.5783093840340412,0.0994189063512932,0.43837717116562613,0.660913469055884
vit_method2,model_specific,calibrated,eye,conditional.macro.balanced_accuracy_ovr,5,0.6427623456790122,0.10286905636058552,0.5271164021164022,0.7241071428571427
vit_method2,model_specific,calibrated,eye,conditional.macro.brier_ovr,5,0.17299683383871542,0.045095310231871126,0.13320959832732263,0.22322387032407365
vit_method2,model_specific,calibrated,eye,conditional.macro.ece_ovr,5,0.1645648188402187,0.03946865886849384,0.11956861864592642,0.22495229491271895
vit_method2,model_specific,calibrated,eye,conditional.macro.f1,5,0.46764505766040293,0.1435094928105272,0.3106217454043541,0.5887667887667888
vit_method2,model_specific,calibrated,eye,conditional.macro.mcc_ovr,5,0.30025467536308137,0.19800770054725933,0.04960060093163187,0.4557977606546049
vit_method2,model_specific,calibrated,eye,conditional.macro.nll_ovr,5,0.547513249897156,0.12534604328079305,0.4133819690066649,0.7156666953132015
vit_method2,model_specific,calibrated,eye,conditional.macro.nll_true_class,5,1.0428773378936542,0.21663221909163213,0.7835621231502018,1.3800065627068523
vit_method2,model_specific,calibrated,eye,conditional.macro.precision,5,0.5390365081541553,0.1240534108927379,0.3221288515406162,0.6176470588235294
vit_method2,model_specific,calibrated,eye,conditional.macro.recall,5,0.4916666666666667,0.13866109437391053,0.31666666666666665,0.6
vit_method2,model_specific,calibrated,eye,conditional.macro.specificity,5,0.793858024691358,0.06954705263507965,0.701058201058201,0.8491181657848325
vit_method2,model_specific,calibrated,eye,conditional.macro_auroc,5,0.7542092151675485,0.098401731720287,0.646809019904258,0.8566964285714286
vit_method2,model_specific,calibrated,eye,conditional.macro_average_precision,5,0.5783093840340412,0.0994189063512932,0.43837717116562613,0.660913469055884
vit_method2,model_specific,calibrated,eye,conditional.macro_classwise_adaptive_ece,5,0.1959340184980089,0.06650175928669677,0.11398308104535908,0.2642034188124709
vit_method2,model_specific,calibrated,eye,conditional.macro_classwise_ece,5,0.1645648188402187,0.03946865886849384,0.11956861864592642,0.22495229491271895
vit_method2,model_specific,calibrated,eye,conditional.macro_f1,5,0.46764505766040293,0.1435094928105272,0.3106217454043541,0.5887667887667888
vit_method2,model_specific,calibrated,eye,conditional.macro_precision,5,0.5390365081541553,0.1240534108927379,0.3221288515406162,0.6176470588235294
vit_method2,model_specific,calibrated,eye,conditional.macro_recall,5,0.4916666666666667,0.13866109437391053,0.31666666666666665,0.6
vit_method2,model_specific,calibrated,eye,conditional.multiclass_brier,5,0.5189905015161462,0.13528593069561334,0.39962879498196785,0.6696716109722207
vit_method2,model_specific,calibrated,eye,conditional.multiclass_mcc,5,0.3368189238171864,0.2112371238155358,0.10016038502687549,0.5023578857529274
vit_method2,model_specific,calibrated,eye,conditional.multiclass_nll,5,0.9463417734102467,0.2342092739061253,0.6600503467122332,1.2236933710680682
vit_method2,model_specific,calibrated,eye,conditional.n,5,35.4,0.5477225575051661,35.0,36.0
vit_method2,model_specific,calibrated,eye,conditional.per_class.normal.adaptive_ece_ovr,5,0.20497571272965515,0.11090683270421178,0.11282814691504339,0.3813022750885553
vit_method2,model_specific,calibrated,eye,conditional.per_class.normal.auroc_ovr,5,0.8608750000000001,0.09648919592656764,0.72,0.971875
vit_method2,model_specific,calibrated,eye,conditional.per_class.normal.average_precision_ovr,5,0.8557086402956811,0.08501080412950623,0.7689082583696598,0.9774883063273159
vit_method2,model_specific,calibrated,eye,conditional.per_class.normal.balanced_accuracy_ovr,5,0.7787499999999999,0.12434201824001413,0.575,0.875
vit_method2,model_specific,calibrated,eye,conditional.per_class.normal.brier_ovr,5,0.17772727130777888,0.08032894614370828,0.11013098747060018,0.2989597117596992
vit_method2,model_specific,calibrated,eye,conditional.per_class.normal.class_index,5,0.0,0.0,0.0,0.0
vit_method2,model_specific,calibrated,eye,conditional.per_class.normal.ece_ovr,5,0.1878968080933992,0.06006674188873587,0.12714563771357815,0.25683990357864817
vit_method2,model_specific,calibrated,eye,conditional.per_class.normal.f1,5,0.7288791897487549,0.2672492137719209,0.2608695652173913,0.9047619047619048
vit_method2,model_specific,calibrated,eye,conditional.per_class.normal.fn,5,6.0,6.442049363362563,1.0,17.0
vit_method2,model_specific,calibrated,eye,conditional.per_class.normal.fp,5,2.2,1.6431676725154984,0.0,4.0
vit_method2,model_specific,calibrated,eye,conditional.per_class.normal.mcc_ovr,5,0.5849969171392626,0.20745726491471142,0.2651650429449553,0.7681373347487838
vit_method2,model_specific,calibrated,eye,conditional.per_class.normal.nll_ovr,5,0.5993701501313108,0.2091394014112712,0.3524295419745611,0.806436851774351
vit_method2,model_specific,calibrated,eye,conditional.per_class.normal.nll_true_class,5,0.7567186366832367,0.37280906893858484,0.2790458797160649,1.1238208892840942
vit_method2,model_specific,calibrated,eye,conditional.per_class.normal.precision,5,0.8893048128342246,0.07903772260481179,0.8181818181818182,1.0
vit_method2,model_specific,calibrated,eye,conditional.per_class.normal.recall,5,0.7,0.32210246816812815,0.15,0.95
vit_method2,model_specific,calibrated,eye,conditional.per_class.normal.sensitivity,5,0.7,0.32210246816812815,0.15,0.95
vit_method2,model_specific,calibrated,eye,conditional.per_class.normal.specificity,5,0.8574999999999999,0.1059186008215743,0.75,1.0
vit_method2,model_specific,calibrated,eye,conditional.per_class.normal.support,5,20.0,0.0,20.0,20.0
vit_method2,model_specific,calibrated,eye,conditional.per_class.normal.tn,5,13.2,1.6431676725154984,12.0,15.0
vit_method2,model_specific,calibrated,eye,conditional.per_class.normal.tp,5,14.0,6.442049363362563,3.0,19.0
vit_method2,model_specific,calibrated,eye,conditional.per_class.papilledema.adaptive_ece_ovr,5,0.18675783692901662,0.05120031901506083,0.11394626215898887,0.24808656527593784
vit_method2,model_specific,calibrated,eye,conditional.per_class.papilledema.auroc_ovr,5,0.7885770975056688,0.08477753631991417,0.6898148148148149,0.9074074074074074
vit_method2,model_specific,calibrated,eye,conditional.per_class.papilledema.average_precision_ovr,5,0.5643692980823933,0.15879474453528533,0.32449067223503314,0.7448232323232322
vit_method2,model_specific,calibrated,eye,conditional.per_class.papilledema.balanced_accuracy_ovr,5,0.5993386243386244,0.11823502801577974,0.42857142857142855,0.7410714285714286
vit_method2,model_specific,calibrated,eye,conditional.per_class.papilledema.brier_ovr,5,0.1496318102200191,0.02742372086035931,0.1150492299128512,0.17877522402158041
vit_method2,model_specific,calibrated,eye,conditional.per_class.papilledema.class_index,5,1.0,0.0,1.0,1.0
vit_method2,model_specific,calibrated,eye,conditional.per_class.papilledema.ece_ovr,5,0.13034683417882145,0.02264727574950511,0.09816077473650676,0.15330914793174313
vit_method2,model_specific,calibrated,eye,conditional.per_class.papilledema.f1,5,0.3356690368455074,0.23417059520185632,0.0,0.5882352941176471
vit_method2,model_specific,calibrated,eye,conditional.per_class.papilledema.fn,5,5.4,1.6733200530681511,3.0,7.0
vit_method2,model_specific,calibrated,eye,conditional.per_class.papilledema.fp,5,2.8,1.3038404810405297,1.0,4.0
vit_method2,model_specific,calibrated,eye,conditional.per_class.papilledema.mcc_ovr,5,0.220096881727797,0.24871604843334022,-0.1796053020267749,0.46291004988627577
vit_method2,model_specific,calibrated,eye,conditional.per_class.papilledema.nll_ovr,5,0.4609309219078209,0.06502147339000186,0.3631116769563262,0.5445342126540625
vit_method2,model_specific,calibrated,eye,conditional.per_class.papilledema.nll_true_class,5,1.1562864552354035,0.24411799150292793,0.8330233801272611,1.456210494507251
vit_method2,model_specific,calibrated,eye,conditional.per_class.papilledema.precision,5,0.4311111111111111,0.24462114825345643,0.0,0.6
vit_method2,model_specific,calibrated,eye,conditional.per_class.papilledema.recall,5,0.3,0.2436698586202241,0.0,0.625
vit_method2,model_specific,calibrated,eye,conditional.per_class.papilledema.sensitivity,5,0.3,0.2436698586202241,0.0,0.625
vit_method2,model_specific,calibrated,eye,conditional.per_class.papilledema.specificity,5,0.8986772486772485,0.04634917614939465,0.8571428571428571,0.9642857142857143
vit_method2,model_specific,calibrated,eye,conditional.per_class.papilledema.support,5,7.8,0.4472135954999579,7.0,8.0
vit_method2,model_specific,calibrated,eye,conditional.per_class.papilledema.tn,5,24.8,1.3038404810405297,24.0,27.0
vit_method2,model_specific,calibrated,eye,conditional.per_class.papilledema.tp,5,2.4,1.949358868961793,0.0,5.0
vit_method2,model_specific,calibrated,eye,conditional.per_class.pseudopapilledema.adaptive_ece_ovr,5,0.1960685058353549,0.07979356104286177,0.11258054553946664,0.32426019937227274
vit_method2,model_specific,calibrated,eye,conditional.per_class.pseudopapilledema.auroc_ovr,5,0.6131755479969766,0.1567915858253181,0.39814814814814814,0.8080357142857144
vit_method2,model_specific,calibrated,eye,conditional.per_class.pseudopapilledema.average_precision_ovr,5,0.31485021372404914,0.10376623820315374,0.2028001743626744,0.4320874183006536
vit_method2,model_specific,calibrated,eye,conditional.per_class.pseudopapilledema.balanced_accuracy_ovr,5,0.5501984126984126,0.1550027379288253,0.39285714285714285,0.7589285714285714
vit_method2,model_specific,calibrated,eye,conditional.per_class.pseudopapilledema.brier_ovr,5,0.1916314199883483,0.04761999222829201,0.15634141735308227,0.2747276650423383
vit_method2,model_specific,calibrated,eye,conditional.per_class.pseudopapilledema.class_index,5,2.0,0.0,2.0,2.0
vit_method2,model_specific,calibrated,eye,conditional.per_class.pseudopapilledema.ece_ovr,5,0.17545081424843545,0.06457082912497948,0.11092281491158786,0.274256872952795
vit_method2,model_specific,calibrated,eye,conditional.per_class.pseudopapilledema.f1,5,0.3383869463869464,0.14796392579125867,0.18181818181818182,0.56
vit_method2,model_specific,calibrated,eye,conditional.per_class.pseudopapilledema.fn,5,4.0,2.1213203435596424,1.0,6.0
vit_method2,model_specific,calibrated,eye,conditional.per_class.pseudopapilledema.fp,5,10.4,7.436396977031283,3.0,22.0
vit_method2,model_specific,calibrated,eye,conditional.per_class.pseudopapilledema.mcc_ovr,5,0.09567022722218452,0.27049078537727655,-0.19611613513818404,0.43125358551541654
vit_method2,model_specific,calibrated,eye,conditional.per_class.pseudopapilledema.nll_ovr,5,0.5822386776523362,0.15930444758759643,0.4770725860029557,0.8611170587484377
vit_method2,model_specific,calibrated,eye,conditional.per_class.pseudopapilledema.nll_true_class,5,1.215626921762322,0.6182174065964238,0.4613815597104518,2.1533723670103857
vit_method2,model_specific,calibrated,eye,conditional.per_class.pseudopapilledema.precision,5,0.29669360051712995,0.13612173998837382,0.14285714285714285,0.4117647058823529
vit_method2,model_specific,calibrated,eye,conditional.per_class.pseudopapilledema.recall,5,0.475,0.2611053818062034,0.25,0.875
vit_method2,model_specific,calibrated,eye,conditional.per_class.pseudopapilledema.sensitivity,5,0.475,0.2611053818062034,0.25,0.875
vit_method2,model_specific,calibrated,eye,conditional.per_class.pseudopapilledema.specificity,5,0.6253968253968254,0.2665325862845373,0.21428571428571427,0.8928571428571429
vit_method2,model_specific,calibrated,eye,conditional.per_class.pseudopapilledema.support,5,7.6,0.5477225575051662,7.0,8.0
vit_method2,model_specific,calibrated,eye,conditional.per_class.pseudopapilledema.tn,5,17.4,7.503332592921629,6.0,25.0
vit_method2,model_specific,calibrated,eye,conditional.per_class.pseudopapilledema.tp,5,3.6,2.073644135332772,2.0,7.0
vit_method2,model_specific,calibrated,eye,conditional.top_label_adaptive_ece,5,0.21640916896300108,0.06274810749125966,0.1574031326899666,0.30680555223211764
vit_method2,model_specific,calibrated,eye,conditional.top_label_ece,5,0.16669816255754338,0.08608368933708832,0.07660661363528104,0.3035254770158945
vit_method2,model_specific,calibrated,eye,conditional_aurc,5,0.3108945839061543,0.20631361543598736,0.1394055335567245,0.6306171791545782
vit_method2,model_specific,calibrated,eye,coverage,5,0.9833333333333334,0.015214515486254621,0.9722222222222222,1.0
vit_method2,model_specific,calibrated,eye,failure_aware.accuracy,5,0.5555555555555555,0.18737135504488944,0.2777777777777778,0.6944444444444444
vit_method2,model_specific,calibrated,eye,failure_aware.aurc,5,0.31293588999491406,0.20722929721084152,0.1394055335567245,0.6331617636842348
vit_method2,model_specific,calibrated,eye,failure_aware.balanced_accuracy,5,0.4833333333333333,0.14154406459552524,0.31666666666666665,0.6
vit_method2,model_specific,calibrated,eye,failure_aware.correct,5,20.0,6.745368781616021,10.0,25.0
vit_method2,model_specific,calibrated,eye,failure_aware.incorrect_or_abstained,5,16.0,6.745368781616021,11.0,26.0
vit_method2,model_specific,calibrated,eye,failure_aware.macro_f1,5,0.46550304934192405,0.1424427533986184,0.3082450371452929,0.5843568196509373
vit_method2,model_specific,calibrated,eye,failure_aware.macro_precision,5,0.5390365081541553,0.1240534108927379,0.3221288515406162,0.6176470588235294
vit_method2,model_specific,calibrated,eye,failure_aware.macro_recall,5,0.4833333333333333,0.14154406459552524,0.31666666666666665,0.6
vit_method2,model_specific,calibrated,eye,failure_aware.macro_specificity,5,0.7773809523809524,0.08011979940211923,0.6696428571428572,0.8482142857142857
vit_method2,model_specific,calibrated,eye,failure_aware.multiclass_mcc,5,0.32742496018265294,0.2159362588163362,0.06626987024788349,0.5023578857529274
vit_method2,model_specific,calibrated,eye,failure_aware.per_class.normal.abstain,5,0.0,0.0,0.0,0.0
vit_method2,model_specific,calibrated,eye,failure_aware.per_class.normal.balanced_accuracy_ovr,5,0.7625,0.13426594411838025,0.54375,0.86875
vit_method2,model_specific,calibrated,eye,failure_aware.per_class.normal.class_index,5,0.0,0.0,0.0,0.0
vit_method2,model_specific,calibrated,eye,failure_aware.per_class.normal.f1,5,0.7288791897487549,0.2672492137719209,0.2608695652173913,0.9047619047619048
vit_method2,model_specific,calibrated,eye,failure_aware.per_class.normal.fn_including_abstain,5,6.0,6.442049363362563,1.0,17.0
vit_method2,model_specific,calibrated,eye,failure_aware.per_class.normal.fp,5,2.2,1.6431676725154984,0.0,4.0
vit_method2,model_specific,calibrated,eye,failure_aware.per_class.normal.precision,5,0.8893048128342246,0.07903772260481179,0.8181818181818182,1.0
vit_method2,model_specific,calibrated,eye,failure_aware.per_class.normal.recall,5,0.7,0.32210246816812815,0.15,0.95
vit_method2,model_specific,calibrated,eye,failure_aware.per_class.normal.sensitivity,5,0.7,0.32210246816812815,0.15,0.95
vit_method2,model_specific,calibrated,eye,failure_aware.per_class.normal.specificity,5,0.825,0.10269797953221865,0.75,0.9375
vit_method2,model_specific,calibrated,eye,failure_aware.per_class.normal.support,5,20.0,0.0,20.0,20.0
vit_method2,model_specific,calibrated,eye,failure_aware.per_class.normal.tn_excluding_abstain,5,13.2,1.6431676725154984,12.0,15.0
vit_method2,model_specific,calibrated,eye,failure_aware.per_class.normal.tp,5,14.0,6.442049363362563,3.0,19.0
vit_method2,model_specific,calibrated,eye,failure_aware.per_class.papilledema.abstain,5,0.2,0.447213595499958,0.0,1.0
vit_method2,model_specific,calibrated,eye,failure_aware.per_class.papilledema.balanced_accuracy_ovr,5,0.5928571428571429,0.11565860653365198,0.42857142857142855,0.7410714285714286
vit_method2,model_specific,calibrated,eye,failure_aware.per_class.papilledema.class_index,5,1.0,0.0,1.0,1.0
vit_method2,model_specific,calibrated,eye,failure_aware.per_class.papilledema.f1,5,0.3356690368455074,0.23417059520185632,0.0,0.5882352941176471
vit_method2,model_specific,calibrated,eye,failure_aware.per_class.papilledema.fn_including_abstain,5,5.6,1.9493588689617927,3.0,8.0
vit_method2,model_specific,calibrated,eye,failure_aware.per_class.papilledema.fp,5,2.8,1.3038404810405297,1.0,4.0
vit_method2,model_specific,calibrated,eye,failure_aware.per_class.papilledema.precision,5,0.4311111111111111,0.24462114825345643,0.0,0.6
vit_method2,model_specific,calibrated,eye,failure_aware.per_class.papilledema.recall,5,0.3,0.2436698586202241,0.0,0.625
vit_method2,model_specific,calibrated,eye,failure_aware.per_class.papilledema.sensitivity,5,0.3,0.2436698586202241,0.0,0.625
vit_method2,model_specific,calibrated,eye,failure_aware.per_class.papilledema.specificity,5,0.8857142857142858,0.046565731465733236,0.8571428571428571,0.9642857142857143
vit_method2,model_specific,calibrated,eye,failure_aware.per_class.papilledema.support,5,8.0,0.0,8.0,8.0
vit_method2,model_specific,calibrated,eye,failure_aware.per_class.papilledema.tn_excluding_abstain,5,24.8,1.3038404810405297,24.0,27.0
vit_method2,model_specific,calibrated,eye,failure_aware.per_class.papilledema.tp,5,2.4,1.949358868961793,0.0,5.0
vit_method2,model_specific,calibrated,eye,failure_aware.per_class.pseudopapilledema.abstain,5,0.4,0.5477225575051662,0.0,1.0
vit_method2,model_specific,calibrated,eye,failure_aware.per_class.pseudopapilledema.balanced_accuracy_ovr,5,0.5357142857142858,0.16378514578432266,0.35714285714285715,0.7589285714285714
vit_method2,model_specific,calibrated,eye,failure_aware.per_class.pseudopapilledema.class_index,5,2.0,0.0,2.0,2.0
vit_method2,model_specific,calibrated,eye,failure_aware.per_class.pseudopapilledema.f1,5,0.3319609214315097,0.14691022978651835,0.18181818181818182,0.56
vit_method2,model_specific,calibrated,eye,failure_aware.per_class.pseudopapilledema.fn_including_abstain,5,4.4,2.073644135332772,1.0,6.0
vit_method2,model_specific,calibrated,eye,failure_aware.per_class.pseudopapilledema.fp,5,10.4,7.436396977031283,3.0,22.0
vit_method2,model_specific,calibrated,eye,failure_aware.per_class.pseudopapilledema.precision,5,0.29669360051712995,0.13612173998837382,0.14285714285714285,0.4117647058823529
vit_method2,model_specific,calibrated,eye,failure_aware.per_class.pseudopapilledema.recall,5,0.45,0.2592055169165965,0.25,0.875
vit_method2,model_specific,calibrated,eye,failure_aware.per_class.pseudopapilledema.sensitivity,5,0.45,0.2592055169165965,0.25,0.875
vit_method2,model_specific,calibrated,eye,failure_aware.per_class.pseudopapilledema.specificity,5,0.6214285714285714,0.2679761640329153,0.21428571428571427,0.8928571428571429
vit_method2,model_specific,calibrated,eye,failure_aware.per_class.pseudopapilledema.support,5,8.0,0.0,8.0,8.0
vit_method2,model_specific,calibrated,eye,failure_aware.per_class.pseudopapilledema.tn_excluding_abstain,5,17.4,7.503332592921629,6.0,25.0
vit_method2,model_specific,calibrated,eye,failure_aware.per_class.pseudopapilledema.tp,5,3.6,2.073644135332772,2.0,7.0
vit_method2,model_specific,calibrated,eye,failure_aware_accuracy,5,0.5555555555555555,0.18737135504488944,0.2777777777777778,0.6944444444444444
vit_method2,model_specific,calibrated,eye,failure_aware_aurc,5,0.31293588999491406,0.20722929721084152,0.1394055335567245,0.6331617636842348
vit_method2,model_specific,calibrated,eye,failure_aware_balanced_accuracy,5,0.4833333333333333,0.14154406459552524,0.31666666666666665,0.6
vit_method2,model_specific,calibrated,eye,failure_inclusive.accuracy,5,0.5555555555555555,0.18737135504488944,0.2777777777777778,0.6944444444444444
vit_method2,model_specific,calibrated,eye,failure_inclusive.aurc,5,0.31293588999491406,0.20722929721084152,0.1394055335567245,0.6331617636842348
vit_method2,model_specific,calibrated,eye,failure_inclusive.balanced_accuracy,5,0.4833333333333333,0.14154406459552524,0.31666666666666665,0.6
vit_method2,model_specific,calibrated,eye,failure_inclusive.correct,5,20.0,6.745368781616021,10.0,25.0
vit_method2,model_specific,calibrated,eye,failure_inclusive.incorrect_or_abstained,5,16.0,6.745368781616021,11.0,26.0
vit_method2,model_specific,calibrated,eye,failure_inclusive.macro_f1,5,0.46550304934192405,0.1424427533986184,0.3082450371452929,0.5843568196509373
vit_method2,model_specific,calibrated,eye,failure_inclusive.macro_precision,5,0.5390365081541553,0.1240534108927379,0.3221288515406162,0.6176470588235294
vit_method2,model_specific,calibrated,eye,failure_inclusive.macro_recall,5,0.4833333333333333,0.14154406459552524,0.31666666666666665,0.6
vit_method2,model_specific,calibrated,eye,failure_inclusive.macro_specificity,5,0.7773809523809524,0.08011979940211923,0.6696428571428572,0.8482142857142857
vit_method2,model_specific,calibrated,eye,failure_inclusive.multiclass_mcc,5,0.32742496018265294,0.2159362588163362,0.06626987024788349,0.5023578857529274
vit_method2,model_specific,calibrated,eye,failure_inclusive.per_class.normal.abstain,5,0.0,0.0,0.0,0.0
vit_method2,model_specific,calibrated,eye,failure_inclusive.per_class.normal.balanced_accuracy_ovr,5,0.7625,0.13426594411838025,0.54375,0.86875
vit_method2,model_specific,calibrated,eye,failure_inclusive.per_class.normal.class_index,5,0.0,0.0,0.0,0.0
vit_method2,model_specific,calibrated,eye,failure_inclusive.per_class.normal.f1,5,0.7288791897487549,0.2672492137719209,0.2608695652173913,0.9047619047619048
vit_method2,model_specific,calibrated,eye,failure_inclusive.per_class.normal.fn_including_abstain,5,6.0,6.442049363362563,1.0,17.0
vit_method2,model_specific,calibrated,eye,failure_inclusive.per_class.normal.fp,5,2.2,1.6431676725154984,0.0,4.0
vit_method2,model_specific,calibrated,eye,failure_inclusive.per_class.normal.precision,5,0.8893048128342246,0.07903772260481179,0.8181818181818182,1.0
vit_method2,model_specific,calibrated,eye,failure_inclusive.per_class.normal.recall,5,0.7,0.32210246816812815,0.15,0.95
vit_method2,model_specific,calibrated,eye,failure_inclusive.per_class.normal.sensitivity,5,0.7,0.32210246816812815,0.15,0.95
vit_method2,model_specific,calibrated,eye,failure_inclusive.per_class.normal.specificity,5,0.825,0.10269797953221865,0.75,0.9375
vit_method2,model_specific,calibrated,eye,failure_inclusive.per_class.normal.support,5,20.0,0.0,20.0,20.0
vit_method2,model_specific,calibrated,eye,failure_inclusive.per_class.normal.tn_excluding_abstain,5,13.2,1.6431676725154984,12.0,15.0
vit_method2,model_specific,calibrated,eye,failure_inclusive.per_class.normal.tp,5,14.0,6.442049363362563,3.0,19.0
vit_method2,model_specific,calibrated,eye,failure_inclusive.per_class.papilledema.abstain,5,0.2,0.447213595499958,0.0,1.0
vit_method2,model_specific,calibrated,eye,failure_inclusive.per_class.papilledema.balanced_accuracy_ovr,5,0.5928571428571429,0.11565860653365198,0.42857142857142855,0.7410714285714286
vit_method2,model_specific,calibrated,eye,failure_inclusive.per_class.papilledema.class_index,5,1.0,0.0,1.0,1.0
vit_method2,model_specific,calibrated,eye,failure_inclusive.per_class.papilledema.f1,5,0.3356690368455074,0.23417059520185632,0.0,0.5882352941176471
vit_method2,model_specific,calibrated,eye,failure_inclusive.per_class.papilledema.fn_including_abstain,5,5.6,1.9493588689617927,3.0,8.0
vit_method2,model_specific,calibrated,eye,failure_inclusive.per_class.papilledema.fp,5,2.8,1.3038404810405297,1.0,4.0
vit_method2,model_specific,calibrated,eye,failure_inclusive.per_class.papilledema.precision,5,0.4311111111111111,0.24462114825345643,0.0,0.6
vit_method2,model_specific,calibrated,eye,failure_inclusive.per_class.papilledema.recall,5,0.3,0.2436698586202241,0.0,0.625
vit_method2,model_specific,calibrated,eye,failure_inclusive.per_class.papilledema.sensitivity,5,0.3,0.2436698586202241,0.0,0.625
vit_method2,model_specific,calibrated,eye,failure_inclusive.per_class.papilledema.specificity,5,0.8857142857142858,0.046565731465733236,0.8571428571428571,0.9642857142857143
vit_method2,model_specific,calibrated,eye,failure_inclusive.per_class.papilledema.support,5,8.0,0.0,8.0,8.0
vit_method2,model_specific,calibrated,eye,failure_inclusive.per_class.papilledema.tn_excluding_abstain,5,24.8,1.3038404810405297,24.0,27.0
vit_method2,model_specific,calibrated,eye,failure_inclusive.per_class.papilledema.tp,5,2.4,1.949358868961793,0.0,5.0
vit_method2,model_specific,calibrated,eye,failure_inclusive.per_class.pseudopapilledema.abstain,5,0.4,0.5477225575051662,0.0,1.0
vit_method2,model_specific,calibrated,eye,failure_inclusive.per_class.pseudopapilledema.balanced_accuracy_ovr,5,0.5357142857142858,0.16378514578432266,0.35714285714285715,0.7589285714285714
vit_method2,model_specific,calibrated,eye,failure_inclusive.per_class.pseudopapilledema.class_index,5,2.0,0.0,2.0,2.0
vit_method2,model_specific,calibrated,eye,failure_inclusive.per_class.pseudopapilledema.f1,5,0.3319609214315097,0.14691022978651835,0.18181818181818182,0.56
vit_method2,model_specific,calibrated,eye,failure_inclusive.per_class.pseudopapilledema.fn_including_abstain,5,4.4,2.073644135332772,1.0,6.0
vit_method2,model_specific,calibrated,eye,failure_inclusive.per_class.pseudopapilledema.fp,5,10.4,7.436396977031283,3.0,22.0
vit_method2,model_specific,calibrated,eye,failure_inclusive.per_class.pseudopapilledema.precision,5,0.29669360051712995,0.13612173998837382,0.14285714285714285,0.4117647058823529
vit_method2,model_specific,calibrated,eye,failure_inclusive.per_class.pseudopapilledema.recall,5,0.45,0.2592055169165965,0.25,0.875
vit_method2,model_specific,calibrated,eye,failure_inclusive.per_class.pseudopapilledema.sensitivity,5,0.45,0.2592055169165965,0.25,0.875
vit_method2,model_specific,calibrated,eye,failure_inclusive.per_class.pseudopapilledema.specificity,5,0.6214285714285714,0.2679761640329153,0.21428571428571427,0.8928571428571429
vit_method2,model_specific,calibrated,eye,failure_inclusive.per_class.pseudopapilledema.support,5,8.0,0.0,8.0,8.0
vit_method2,model_specific,calibrated,eye,failure_inclusive.per_class.pseudopapilledema.tn_excluding_abstain,5,17.4,7.503332592921629,6.0,25.0
vit_method2,model_specific,calibrated,eye,failure_inclusive.per_class.pseudopapilledema.tp,5,3.6,2.073644135332772,2.0,7.0
vit_method2,model_specific,calibrated,eye,localized_diagnostic_success.localized_rate,5,0.8666666666666668,0.11180339887498948,0.6944444444444444,1.0
vit_method2,model_specific,calibrated,eye,localized_diagnostic_success.n_success,5,18.2,6.870225614927067,9.0,25.0
vit_method2,model_specific,calibrated,eye,localized_diagnostic_success.per_class_rate.normal,5,0.6599999999999999,0.3189827581547316,0.15,0.95
vit_method2,model_specific,calibrated,eye,localized_diagnostic_success.per_class_rate.papilledema,5,0.275,0.24044230077089182,0.0,0.625
vit_method2,model_specific,calibrated,eye,localized_diagnostic_success.per_class_rate.pseudopapilledema,5,0.35,0.24044230077089182,0.125,0.75
vit_method2,model_specific,calibrated,eye,localized_diagnostic_success.rate,5,0.5055555555555555,0.19083960041464074,0.25,0.6944444444444444
vit_method2,model_specific,calibrated,eye,n_abstain,5,0.6,0.5477225575051662,0.0,1.0
vit_method2,model_specific,calibrated,eye,n_covered,5,35.4,0.5477225575051661,35.0,36.0
vit_method2,model_specific,calibrated,eye,n_total,5,36.0,0.0,36.0,36.0
vit_method2,model_specific,calibrated,eye,selective_risk,5,0.4363492063492064,0.18641537723519616,0.2857142857142857,0.7142857142857143
vit_method2,model_specific,calibrated,patient,abstention_rate,5,0.03333333333333333,0.03042903097250923,0.0,0.05555555555555555
vit_method2,model_specific,calibrated,patient,class_conditional_coverage.normal,5,1.0,0.0,1.0,1.0
vit_method2,model_specific,calibrated,patient,class_conditional_coverage.papilledema,5,0.95,0.11180339887498948,0.75,1.0
vit_method2,model_specific,calibrated,patient,class_conditional_coverage.pseudopapilledema,5,0.9,0.13693063937629152,0.75,1.0
vit_method2,model_specific,calibrated,patient,conditional.accuracy,5,0.5941176470588235,0.19178858488623668,0.29411764705882354,0.7777777777777778
vit_method2,model_specific,calibrated,patient,conditional.balanced_accuracy,5,0.5133333333333333,0.1632331514380429,0.3,0.6833333333333332
vit_method2,model_specific,calibrated,patient,conditional.class_counts.normal,5,10.0,0.0,10.0,10.0
vit_method2,model_specific,calibrated,patient,conditional.class_counts.papilledema,5,3.8,0.4472135954999579,3.0,4.0
vit_method2,model_specific,calibrated,patient,conditional.class_counts.pseudopapilledema,5,3.6,0.5477225575051661,3.0,4.0
vit_method2,model_specific,calibrated,patient,conditional.derived_discrimination.normal_vs_abnormal.auroc,5,0.8617857142857144,0.12093913969515444,0.6714285714285715,0.9750000000000001
vit_method2,model_specific,calibrated,patient,conditional.derived_discrimination.normal_vs_abnormal.average_precision,5,0.882293956043956,0.105454323940919,0.7087912087912087,0.975
vit_method2,model_specific,calibrated,patient,conditional.derived_discrimination.normal_vs_abnormal.n,5,17.4,0.5477225575051661,17.0,18.0
vit_method2,model_specific,calibrated,patient,conditional.derived_discrimination.normal_vs_abnormal.negative,5,10.0,0.0,10.0,10.0
vit_method2,model_specific,calibrated,patient,conditional.derived_discrimination.normal_vs_abnormal.positive,5,7.4,0.5477225575051661,7.0,8.0
vit_method2,model_specific,calibrated,patient,conditional.derived_discrimination.papilledema_vs_pseudopapilledema.auroc,5,0.4708333333333334,0.22224392255157643,0.16666666666666669,0.6875
vit_method2,model_specific,calibrated,patient,conditional.derived_discrimination.papilledema_vs_pseudopapilledema.average_precision,5,0.5826587301587302,0.1420372747822332,0.44285714285714284,0.7470238095238095
vit_method2,model_specific,calibrated,patient,conditional.derived_discrimination.papilledema_vs_pseudopapilledema.n,5,7.4,0.5477225575051661,7.0,8.0
vit_method2,model_specific,calibrated,patient,conditional.derived_discrimination.papilledema_vs_pseudopapilledema.negative,5,3.8,0.4472135954999579,3.0,4.0
vit_method2,model_specific,calibrated,patient,conditional.derived_discrimination.papilledema_vs_pseudopapilledema.positive,5,3.6,0.5477225575051661,3.0,4.0
vit_method2,model_specific,calibrated,patient,conditional.macro.adaptive_ece_ovr,5,0.2365997152099511,0.06587320652847362,0.17478343571885668,0.3388197344053618
vit_method2,model_specific,calibrated,patient,conditional.macro.auroc_ovr,5,0.7541117216117217,0.11023636772117061,0.6023199023199023,0.8607142857142858
vit_method2,model_specific,calibrated,patient,conditional.macro.average_precision_ovr,5,0.6211556869056869,0.11611513766124733,0.48044973544973546,0.7491113516113517
vit_method2,model_specific,calibrated,patient,conditional.macro.balanced_accuracy_ovr,5,0.6597344322344323,0.11226153856386162,0.5282051282051282,0.7732142857142857
vit_method2,model_specific,calibrated,patient,conditional.macro.brier_ovr,5,0.16636024247377512,0.04607850132208735,0.12705199116095384,0.22142471195201188
vit_method2,model_specific,calibrated,patient,conditional.macro.ece_ovr,5,0.1719416647757721,0.0420879576660287,0.12479776655549533,0.2366684086919114
vit_method2,model_specific,calibrated,patient,conditional.macro.f1,5,0.48108984582668796,0.16981963106546186,0.2857142857142857,0.6585858585858585
vit_method2,model_specific,calibrated,patient,conditional.macro.mcc_ovr,5,0.34904353234199126,0.23858734163274684,0.05385487267315838,0.6026188446802122
vit_method2,model_specific,calibrated,patient,conditional.macro.nll_ovr,5,0.5400670984701594,0.13530860287188454,0.37941814240194355,0.7192471853526672
vit_method2,model_specific,calibrated,patient,conditional.macro.nll_true_class,5,1.0867399215638371,0.23902831645594594,0.8295529915329242,1.4605496910266453
vit_method2,model_specific,calibrated,patient,conditional.macro.precision,5,0.5962833462833463,0.22434751825705598,0.27272727272727276,0.8111111111111112
vit_method2,model_specific,calibrated,patient,conditional.macro.recall,5,0.5133333333333333,0.1632331514380429,0.3,0.6833333333333332
vit_method2,model_specific,calibrated,patient,conditional.macro.specificity,5,0.8061355311355312,0.0689293445871248,0.7124542124542125,0.8690476190476191
vit_method2,model_specific,calibrated,patient,conditional.macro_auroc,5,0.7541117216117217,0.11023636772117061,0.6023199023199023,0.8607142857142858
vit_method2,model_specific,calibrated,patient,conditional.macro_average_precision,5,0.6211556869056869,0.11611513766124733,0.48044973544973546,0.7491113516113517
vit_method2,model_specific,calibrated,patient,conditional.macro_classwise_adaptive_ece,5,0.2365997152099511,0.06587320652847362,0.17478343571885668,0.3388197344053618
vit_method2,model_specific,calibrated,patient,conditional.macro_classwise_ece,5,0.1719416647757721,0.0420879576660287,0.12479776655549533,0.2366684086919114
vit_method2,model_specific,calibrated,patient,conditional.macro_f1,5,0.48108984582668796,0.16981963106546186,0.2857142857142857,0.6585858585858585
vit_method2,model_specific,calibrated,patient,conditional.macro_precision,5,0.5962833462833463,0.22434751825705598,0.27272727272727276,0.8111111111111112
vit_method2,model_specific,calibrated,patient,conditional.macro_recall,5,0.5133333333333333,0.1632331514380429,0.3,0.6833333333333332
vit_method2,model_specific,calibrated,patient,conditional.multiclass_brier,5,0.4990807274213253,0.13823550396626197,0.3811559734828615,0.6642741358560356
vit_method2,model_specific,calibrated,patient,conditional.multiclass_mcc,5,0.3830758405732089,0.2242818601272258,0.14026687687393444,0.6280768420189679
vit_method2,model_specific,calibrated,patient,conditional.multiclass_nll,5,0.9203593320467762,0.23303229828416636,0.6011288283146441,1.1840180839777001
vit_method2,model_specific,calibrated,patient,conditional.n,5,17.4,0.5477225575051661,17.0,18.0
vit_method2,model_specific,calibrated,patient,conditional.per_class.normal.adaptive_ece_ovr,5,0.20999499481240358,0.12370455725400398,0.08837719087052004,0.412991082976508
vit_method2,model_specific,calibrated,patient,conditional.per_class.normal.auroc_ovr,5,0.8617857142857144,0.12093913969515442,0.6714285714285715,0.975
vit_method2,model_specific,calibrated,patient,conditional.per_class.normal.average_precision_ovr,5,0.8928786213786214,0.08490432645955691,0.7757242757242756,0.9809090909090908
vit_method2,model_specific,calibrated,patient,conditional.per_class.normal.balanced_accuracy_ovr,5,0.7896428571428571,0.13713076583602785,0.55,0.8785714285714286
vit_method2,model_specific,calibrated,patient,conditional.per_class.normal.brier_ovr,5,0.1622623485187506,0.08683315736778396,0.08914198680498203,0.30576503208634037
vit_method2,model_specific,calibrated,patient,conditional.per_class.normal.class_index,5,0.0,0.0,0.0,0.0
vit_method2,model_specific,calibrated,patient,conditional.per_class.normal.ece_ovr,5,0.17296853301217077,0.06644275001550458,0.09373291969501144,0.27637174855757385
vit_method2,model_specific,calibrated,patient,conditional.per_class.normal.f1,5,0.7380314422419685,0.31220475466104436,0.18181818181818182,0.9090909090909091
vit_method2,model_specific,calibrated,patient,conditional.per_class.normal.fn,5,2.6,3.646916505762094,0.0,9.0
vit_method2,model_specific,calibrated,patient,conditional.per_class.normal.fp,5,1.2,0.8366600265340756,0.0,2.0
vit_method2,model_specific,calibrated,patient,conditional.per_class.normal.mcc_ovr,5,0.612064859976029,0.23404849510919704,0.2091650066335189,0.7905694150420948
vit_method2,model_specific,calibrated,patient,conditional.per_class.normal.nll_ovr,5,0.5639464121248582,0.21961788623587528,0.2847436518053631,0.8097576806278891
vit_method2,model_specific,calibrated,patient,conditional.per_class.normal.nll_true_class,5,0.610190267188704,0.42124062096298204,0.1224493291238212,1.1311271629400381
vit_method2,model_specific,calibrated,patient,conditional.per_class.normal.precision,5,0.888080808080808,0.0716794608492703,0.8181818181818182,1.0
vit_method2,model_specific,calibrated,patient,conditional.per_class.normal.recall,5,0.74,0.3646916505762094,0.1,1.0
vit_method2,model_specific,calibrated,patient,conditional.per_class.normal.sensitivity,5,0.74,0.3646916505762094,0.1,1.0
vit_method2,model_specific,calibrated,patient,conditional.per_class.normal.specificity,5,0.8392857142857142,0.1129384878631564,0.7142857142857143,1.0
vit_method2,model_specific,calibrated,patient,conditional.per_class.normal.support,5,10.0,0.0,10.0,10.0
vit_method2,model_specific,calibrated,patient,conditional.per_class.normal.tn,5,6.2,0.8366600265340756,5.0,7.0
vit_method2,model_specific,calibrated,patient,conditional.per_class.normal.tp,5,7.4,3.646916505762094,1.0,10.0
vit_method2,model_specific,calibrated,patient,conditional.per_class.papilledema.adaptive_ece_ovr,5,0.2451290214263052,0.04603396150703512,0.20180816712842448,0.31894846222573847
vit_method2,model_specific,calibrated,patient,conditional.per_class.papilledema.auroc_ovr,5,0.7918498168498168,0.057096537181264104,0.7307692307692308,0.8653846153846153
vit_method2,model_specific,calibrated,patient,conditional.per_class.papilledema.average_precision_ovr,5,0.6007615995115996,0.1521493340812209,0.33730158730158727,0.69375
vit_method2,model_specific,calibrated,patient,conditional.per_class.papilledema.balanced_accuracy_ovr,5,0.6162087912087912,0.15716050677030322,0.39285714285714285,0.8035714285714286
vit_method2,model_specific,calibrated,patient,conditional.per_class.papilledema.brier_ovr,5,0.14922456411324417,0.029257452719309428,0.11290031931463053,0.17827843862476012
vit_method2,model_specific,calibrated,patient,conditional.per_class.papilledema.class_index,5,1.0,0.0,1.0,1.0
vit_method2,model_specific,calibrated,patient,conditional.per_class.papilledema.ece_ovr,5,0.14451980985573062,0.0676996104402262,0.08816559220446275,0.25495689190074206
vit_method2,model_specific,calibrated,patient,conditional.per_class.papilledema.f1,5,0.38476190476190475,0.26095933254557185,0.0,0.6666666666666666
vit_method2,model_specific,calibrated,patient,conditional.per_class.papilledema.fn,5,2.4,0.8944271909999159,1.0,3.0
vit_method2,model_specific,calibrated,patient,conditional.per_class.papilledema.fp,5,1.6,1.140175425099138,0.0,3.0
vit_method2,model_specific,calibrated,patient,conditional.per_class.papilledema.mcc_ovr,5,0.27614961392051196,0.32447985283639025,-0.21428571428571427,0.5635445125120265
vit_method2,model_specific,calibrated,patient,conditional.per_class.papilledema.nll_ovr,5,0.4675295228453386,0.08352902639463054,0.3302458316193362,0.541012405965476
vit_method2,model_specific,calibrated,patient,conditional.per_class.papilledema.nll_true_class,5,1.2590330122659406,0.3037141502658317,0.89142444897039,1.6237840295116441
vit_method2,model_specific,calibrated,patient,conditional.per_class.papilledema.precision,5,0.52,0.3753516869402466,0.0,1.0
vit_method2,model_specific,calibrated,patient,conditional.per_class.papilledema.recall,5,0.35,0.2850438562747845,0.0,0.75
vit_method2,model_specific,calibrated,patient,conditional.per_class.papilledema.sensitivity,5,0.35,0.2850438562747845,0.0,0.75
vit_method2,model_specific,calibrated,patient,conditional.per_class.papilledema.specificity,5,0.8824175824175825,0.08182940303794052,0.7857142857142857,1.0
vit_method2,model_specific,calibrated,patient,conditional.per_class.papilledema.support,5,3.8,0.4472135954999579,3.0,4.0
vit_method2,model_specific,calibrated,patient,conditional.per_class.papilledema.tn,5,12.0,1.224744871391589,11.0,14.0
vit_method2,model_specific,calibrated,patient,conditional.per_class.papilledema.tp,5,1.4,1.140175425099138,0.0,3.0
vit_method2,model_specific,calibrated,patient,conditional.per_class.pseudopapilledema.adaptive_ece_ovr,5,0.25467512939114456,0.03967776722997363,0.22197996174752854,0.3090771519567184
vit_method2,model_specific,calibrated,patient,conditional.per_class.pseudopapilledema.auroc_ovr,5,0.6086996336996338,0.1791538590356595,0.4047619047619047,0.8035714285714286
vit_method2,model_specific,calibrated,patient,conditional.per_class.pseudopapilledema.average_precision_ovr,5,0.36982683982683984,0.19772437233826012,0.19345238095238093,0.6785714285714286
vit_method2,model_specific,calibrated,patient,conditional.per_class.pseudopapilledema.balanced_accuracy_ovr,5,0.5733516483516483,0.18484687994158372,0.38461538461538464,0.8571428571428572
vit_method2,model_specific,calibrated,patient,conditional.per_class.pseudopapilledema.brier_ovr,5,0.18759381478933057,0.05080963207832855,0.13873444918676175,0.27327502661646347
vit_method2,model_specific,calibrated,patient,conditional.per_class.pseudopapilledema.class_index,5,2.0,0.0,2.0,2.0
vit_method2,model_specific,calibrated,patient,conditional.per_class.pseudopapilledema.ece_ovr,5,0.1983366514594149,0.04837415640705192,0.13814649650431254,0.2722466322523601
vit_method2,model_specific,calibrated,patient,conditional.per_class.pseudopapilledema.f1,5,0.32047619047619047,0.24241088785108814,0.0,0.6666666666666666
vit_method2,model_specific,calibrated,patient,conditional.per_class.pseudopapilledema.fn,5,2.0,1.5811388300841898,0.0,4.0
vit_method2,model_specific,calibrated,patient,conditional.per_class.pseudopapilledema.fp,5,4.2,4.08656334834051,0.0,11.0
vit_method2,model_specific,calibrated,patient,conditional.per_class.pseudopapilledema.mcc_ovr,5,0.15891612312943285,0.36248495760494226,-0.25677629550654774,0.5976143046671968
vit_method2,model_specific,calibrated,patient,conditional.per_class.pseudopapilledema.nll_ovr,5,0.5887253604402816,0.18906346606333618,0.4651885344925834,0.9213308839029013
vit_method2,model_specific,calibrated,patient,conditional.per_class.pseudopapilledema.nll_true_class,5,1.390996485236867,0.7796818021282137,0.43333425781727053,2.5314526175745353
vit_method2,model_specific,calibrated,patient,conditional.per_class.pseudopapilledema.precision,5,0.38076923076923075,0.39091002914682804,0.0,1.0
vit_method2,model_specific,calibrated,patient,conditional.per_class.pseudopapilledema.recall,5,0.45,0.3890872509976251,0.0,1.0
vit_method2,model_specific,calibrated,patient,conditional.per_class.pseudopapilledema.sensitivity,5,0.45,0.3890872509976251,0.0,1.0
vit_method2,model_specific,calibrated,patient,conditional.per_class.pseudopapilledema.specificity,5,0.6967032967032967,0.29077824278144226,0.21428571428571427,1.0
vit_method2,model_specific,calibrated,patient,conditional.per_class.pseudopapilledema.support,5,3.6,0.5477225575051661,3.0,4.0
vit_method2,model_specific,calibrated,patient,conditional.per_class.pseudopapilledema.tn,5,9.6,4.03732584763727,3.0,14.0
vit_method2,model_specific,calibrated,patient,conditional.per_class.pseudopapilledema.tp,5,1.6,1.51657508881031,0.0,4.0
vit_method2,model_specific,calibrated,patient,conditional.top_label_adaptive_ece,5,0.26286172511007605,0.05975741899791319,0.18017048462599922,0.3198156425783754
vit_method2,model_specific,calibrated,patient,conditional.top_label_ece,5,0.17969301797104137,0.08754381602703094,0.0748183031706422,0.2974994221925124
vit_method2,model_specific,calibrated,patient,conditional_aurc,5,0.26342882303522436,0.1779415677108309,0.12647479608263923,0.5460451745486347
vit_method2,model_specific,calibrated,patient,coverage,5,0.9666666666666666,0.030429030972509243,0.9444444444444444,1.0
vit_method2,model_specific,calibrated,patient,failure_aware.accuracy,5,0.5777777777777777,0.1987615979999813,0.2777777777777778,0.7777777777777778
vit_method2,model_specific,calibrated,patient,failure_aware.aurc,5,0.2699446386946387,0.18059555323221135,0.12647479608263923,0.5558327883082783
vit_method2,model_specific,calibrated,patient,failure_aware.balanced_accuracy,5,0.4966666666666667,0.1733653816526112,0.3,0.6833333333333332
vit_method2,model_specific,calibrated,patient,failure_aware.correct,5,10.4,3.5777087639996634,5.0,14.0
vit_method2,model_specific,calibrated,patient,failure_aware.incorrect_or_abstained,5,7.6,3.5777087639996634,4.0,13.0
vit_method2,model_specific,calibrated,patient,failure_aware.macro_f1,5,0.47772850128887284,0.17079123684301176,0.2857142857142857,0.6585858585858585
vit_method2,model_specific,calibrated,patient,failure_aware.macro_precision,5,0.5962833462833463,0.22434751825705598,0.27272727272727276,0.8111111111111112
vit_method2,model_specific,calibrated,patient,failure_aware.macro_recall,5,0.4966666666666667,0.1733653816526112,0.3,0.6833333333333332
vit_method2,model_specific,calibrated,patient,failure_aware.macro_specificity,5,0.7726190476190476,0.09610837491026034,0.6488095238095238,0.8690476190476191
vit_method2,model_specific,calibrated,patient,failure_aware.multiclass_mcc,5,0.3632981527414185,0.24299655412845306,0.09622504486493763,0.6280768420189679
vit_method2,model_specific,calibrated,patient,failure_aware.per_class.normal.abstain,5,0.0,0.0,0.0,0.0
vit_method2,model_specific,calibrated,patient,failure_aware.per_class.normal.balanced_accuracy_ovr,5,0.7575000000000001,0.1562749980003199,0.4875,0.875
vit_method2,model_specific,calibrated,patient,failure_aware.per_class.normal.class_index,5,0.0,0.0,0.0,0.0
vit_method2,model_specific,calibrated,patient,failure_aware.per_class.normal.f1,5,0.7380314422419685,0.31220475466104436,0.18181818181818182,0.9090909090909091
vit_method2,model_specific,calibrated,patient,failure_aware.per_class.normal.fn_including_abstain,5,2.6,3.646916505762094,0.0,9.0
vit_method2,model_specific,calibrated,patient,failure_aware.per_class.normal.fp,5,1.2,0.8366600265340756,0.0,2.0
vit_method2,model_specific,calibrated,patient,failure_aware.per_class.normal.precision,5,0.888080808080808,0.0716794608492703,0.8181818181818182,1.0
vit_method2,model_specific,calibrated,patient,failure_aware.per_class.normal.recall,5,0.74,0.3646916505762094,0.1,1.0
vit_method2,model_specific,calibrated,patient,failure_aware.per_class.normal.sensitivity,5,0.74,0.3646916505762094,0.1,1.0
vit_method2,model_specific,calibrated,patient,failure_aware.per_class.normal.specificity,5,0.775,0.10458250331675945,0.625,0.875
vit_method2,model_specific,calibrated,patient,failure_aware.per_class.normal.support,5,10.0,0.0,10.0,10.0
vit_method2,model_specific,calibrated,patient,failure_aware.per_class.normal.tn_excluding_abstain,5,6.2,0.8366600265340756,5.0,7.0
vit_method2,model_specific,calibrated,patient,failure_aware.per_class.normal.tp,5,7.4,3.646916505762094,1.0,10.0
vit_method2,model_specific,calibrated,patient,failure_aware.per_class.papilledema.abstain,5,0.2,0.447213595499958,0.0,1.0
vit_method2,model_specific,calibrated,patient,failure_aware.per_class.papilledema.balanced_accuracy_ovr,5,0.6035714285714285,0.1563902431843666,0.39285714285714285,0.8035714285714286
vit_method2,model_specific,calibrated,patient,failure_aware.per_class.papilledema.class_index,5,1.0,0.0,1.0,1.0
vit_method2,model_specific,calibrated,patient,failure_aware.per_class.papilledema.f1,5,0.38476190476190475,0.26095933254557185,0.0,0.6666666666666666
vit_method2,model_specific,calibrated,patient,failure_aware.per_class.papilledema.fn_including_abstain,5,2.6,1.140175425099138,1.0,4.0
vit_method2,model_specific,calibrated,patient,failure_aware.per_class.papilledema.fp,5,1.6,1.140175425099138,0.0,3.0
vit_method2,model_specific,calibrated,patient,failure_aware.per_class.papilledema.precision,5,0.52,0.3753516869402466,0.0,1.0
vit_method2,model_specific,calibrated,patient,failure_aware.per_class.papilledema.recall,5,0.35,0.2850438562747845,0.0,0.75
vit_method2,model_specific,calibrated,patient,failure_aware.per_class.papilledema.sensitivity,5,0.35,0.2850438562747845,0.0,0.75
vit_method2,model_specific,calibrated,patient,failure_aware.per_class.papilledema.specificity,5,0.8571428571428571,0.08748177652797065,0.7857142857142857,1.0
vit_method2,model_specific,calibrated,patient,failure_aware.per_class.papilledema.support,5,4.0,0.0,4.0,4.0
vit_method2,model_specific,calibrated,patient,failure_aware.per_class.papilledema.tn_excluding_abstain,5,12.0,1.224744871391589,11.0,14.0
vit_method2,model_specific,calibrated,patient,failure_aware.per_class.papilledema.tp,5,1.4,1.140175425099138,0.0,3.0
vit_method2,model_specific,calibrated,patient,failure_aware.per_class.pseudopapilledema.abstain,5,0.4,0.5477225575051662,0.0,1.0
vit_method2,model_specific,calibrated,patient,failure_aware.per_class.pseudopapilledema.balanced_accuracy_ovr,5,0.5428571428571429,0.2092412190633147,0.35714285714285715,0.8571428571428572
vit_method2,model_specific,calibrated,patient,failure_aware.per_class.pseudopapilledema.class_index,5,2.0,0.0,2.0,2.0
vit_method2,model_specific,calibrated,patient,failure_aware.per_class.pseudopapilledema.f1,5,0.31039215686274507,0.24525054079156358,0.0,0.6666666666666666
vit_method2,model_specific,calibrated,patient,failure_aware.per_class.pseudopapilledema.fn_including_abstain,5,2.4,1.51657508881031,0.0,4.0
vit_method2,model_specific,calibrated,patient,failure_aware.per_class.pseudopapilledema.fp,5,4.2,4.08656334834051,0.0,11.0
vit_method2,model_specific,calibrated,patient,failure_aware.per_class.pseudopapilledema.precision,5,0.38076923076923075,0.39091002914682804,0.0,1.0
vit_method2,model_specific,calibrated,patient,failure_aware.per_class.pseudopapilledema.recall,5,0.4,0.3791437722025775,0.0,1.0
vit_method2,model_specific,calibrated,patient,failure_aware.per_class.pseudopapilledema.sensitivity,5,0.4,0.3791437722025775,0.0,1.0
vit_method2,model_specific,calibrated,patient,failure_aware.per_class.pseudopapilledema.specificity,5,0.6857142857142857,0.2883804176883764,0.21428571428571427,1.0
vit_method2,model_specific,calibrated,patient,failure_aware.per_class.pseudopapilledema.support,5,4.0,0.0,4.0,4.0
vit_method2,model_specific,calibrated,patient,failure_aware.per_class.pseudopapilledema.tn_excluding_abstain,5,9.6,4.03732584763727,3.0,14.0
vit_method2,model_specific,calibrated,patient,failure_aware.per_class.pseudopapilledema.tp,5,1.6,1.51657508881031,0.0,4.0
vit_method2,model_specific,calibrated,patient,failure_aware_accuracy,5,0.5777777777777777,0.1987615979999813,0.2777777777777778,0.7777777777777778
vit_method2,model_specific,calibrated,patient,failure_aware_aurc,5,0.2699446386946387,0.18059555323221135,0.12647479608263923,0.5558327883082783
vit_method2,model_specific,calibrated,patient,failure_aware_balanced_accuracy,5,0.4966666666666667,0.1733653816526112,0.3,0.6833333333333332
vit_method2,model_specific,calibrated,patient,failure_inclusive.accuracy,5,0.5777777777777777,0.1987615979999813,0.2777777777777778,0.7777777777777778
vit_method2,model_specific,calibrated,patient,failure_inclusive.aurc,5,0.2699446386946387,0.18059555323221135,0.12647479608263923,0.5558327883082783
vit_method2,model_specific,calibrated,patient,failure_inclusive.balanced_accuracy,5,0.4966666666666667,0.1733653816526112,0.3,0.6833333333333332
vit_method2,model_specific,calibrated,patient,failure_inclusive.correct,5,10.4,3.5777087639996634,5.0,14.0
vit_method2,model_specific,calibrated,patient,failure_inclusive.incorrect_or_abstained,5,7.6,3.5777087639996634,4.0,13.0
vit_method2,model_specific,calibrated,patient,failure_inclusive.macro_f1,5,0.47772850128887284,0.17079123684301176,0.2857142857142857,0.6585858585858585
vit_method2,model_specific,calibrated,patient,failure_inclusive.macro_precision,5,0.5962833462833463,0.22434751825705598,0.27272727272727276,0.8111111111111112
vit_method2,model_specific,calibrated,patient,failure_inclusive.macro_recall,5,0.4966666666666667,0.1733653816526112,0.3,0.6833333333333332
vit_method2,model_specific,calibrated,patient,failure_inclusive.macro_specificity,5,0.7726190476190476,0.09610837491026034,0.6488095238095238,0.8690476190476191
vit_method2,model_specific,calibrated,patient,failure_inclusive.multiclass_mcc,5,0.3632981527414185,0.24299655412845306,0.09622504486493763,0.6280768420189679
vit_method2,model_specific,calibrated,patient,failure_inclusive.per_class.normal.abstain,5,0.0,0.0,0.0,0.0
vit_method2,model_specific,calibrated,patient,failure_inclusive.per_class.normal.balanced_accuracy_ovr,5,0.7575000000000001,0.1562749980003199,0.4875,0.875
vit_method2,model_specific,calibrated,patient,failure_inclusive.per_class.normal.class_index,5,0.0,0.0,0.0,0.0
vit_method2,model_specific,calibrated,patient,failure_inclusive.per_class.normal.f1,5,0.7380314422419685,0.31220475466104436,0.18181818181818182,0.9090909090909091
vit_method2,model_specific,calibrated,patient,failure_inclusive.per_class.normal.fn_including_abstain,5,2.6,3.646916505762094,0.0,9.0
vit_method2,model_specific,calibrated,patient,failure_inclusive.per_class.normal.fp,5,1.2,0.8366600265340756,0.0,2.0
vit_method2,model_specific,calibrated,patient,failure_inclusive.per_class.normal.precision,5,0.888080808080808,0.0716794608492703,0.8181818181818182,1.0
vit_method2,model_specific,calibrated,patient,failure_inclusive.per_class.normal.recall,5,0.74,0.3646916505762094,0.1,1.0
vit_method2,model_specific,calibrated,patient,failure_inclusive.per_class.normal.sensitivity,5,0.74,0.3646916505762094,0.1,1.0
vit_method2,model_specific,calibrated,patient,failure_inclusive.per_class.normal.specificity,5,0.775,0.10458250331675945,0.625,0.875
vit_method2,model_specific,calibrated,patient,failure_inclusive.per_class.normal.support,5,10.0,0.0,10.0,10.0
vit_method2,model_specific,calibrated,patient,failure_inclusive.per_class.normal.tn_excluding_abstain,5,6.2,0.8366600265340756,5.0,7.0
vit_method2,model_specific,calibrated,patient,failure_inclusive.per_class.normal.tp,5,7.4,3.646916505762094,1.0,10.0
vit_method2,model_specific,calibrated,patient,failure_inclusive.per_class.papilledema.abstain,5,0.2,0.447213595499958,0.0,1.0
vit_method2,model_specific,calibrated,patient,failure_inclusive.per_class.papilledema.balanced_accuracy_ovr,5,0.6035714285714285,0.1563902431843666,0.39285714285714285,0.8035714285714286
vit_method2,model_specific,calibrated,patient,failure_inclusive.per_class.papilledema.class_index,5,1.0,0.0,1.0,1.0
vit_method2,model_specific,calibrated,patient,failure_inclusive.per_class.papilledema.f1,5,0.38476190476190475,0.26095933254557185,0.0,0.6666666666666666
vit_method2,model_specific,calibrated,patient,failure_inclusive.per_class.papilledema.fn_including_abstain,5,2.6,1.140175425099138,1.0,4.0
vit_method2,model_specific,calibrated,patient,failure_inclusive.per_class.papilledema.fp,5,1.6,1.140175425099138,0.0,3.0
vit_method2,model_specific,calibrated,patient,failure_inclusive.per_class.papilledema.precision,5,0.52,0.3753516869402466,0.0,1.0
vit_method2,model_specific,calibrated,patient,failure_inclusive.per_class.papilledema.recall,5,0.35,0.2850438562747845,0.0,0.75
vit_method2,model_specific,calibrated,patient,failure_inclusive.per_class.papilledema.sensitivity,5,0.35,0.2850438562747845,0.0,0.75
vit_method2,model_specific,calibrated,patient,failure_inclusive.per_class.papilledema.specificity,5,0.8571428571428571,0.08748177652797065,0.7857142857142857,1.0
vit_method2,model_specific,calibrated,patient,failure_inclusive.per_class.papilledema.support,5,4.0,0.0,4.0,4.0
vit_method2,model_specific,calibrated,patient,failure_inclusive.per_class.papilledema.tn_excluding_abstain,5,12.0,1.224744871391589,11.0,14.0
vit_method2,model_specific,calibrated,patient,failure_inclusive.per_class.papilledema.tp,5,1.4,1.140175425099138,0.0,3.0
vit_method2,model_specific,calibrated,patient,failure_inclusive.per_class.pseudopapilledema.abstain,5,0.4,0.5477225575051662,0.0,1.0
vit_method2,model_specific,calibrated,patient,failure_inclusive.per_class.pseudopapilledema.balanced_accuracy_ovr,5,0.5428571428571429,0.2092412190633147,0.35714285714285715,0.8571428571428572
vit_method2,model_specific,calibrated,patient,failure_inclusive.per_class.pseudopapilledema.class_index,5,2.0,0.0,2.0,2.0
vit_method2,model_specific,calibrated,patient,failure_inclusive.per_class.pseudopapilledema.f1,5,0.31039215686274507,0.24525054079156358,0.0,0.6666666666666666
vit_method2,model_specific,calibrated,patient,failure_inclusive.per_class.pseudopapilledema.fn_including_abstain,5,2.4,1.51657508881031,0.0,4.0
vit_method2,model_specific,calibrated,patient,failure_inclusive.per_class.pseudopapilledema.fp,5,4.2,4.08656334834051,0.0,11.0
vit_method2,model_specific,calibrated,patient,failure_inclusive.per_class.pseudopapilledema.precision,5,0.38076923076923075,0.39091002914682804,0.0,1.0
vit_method2,model_specific,calibrated,patient,failure_inclusive.per_class.pseudopapilledema.recall,5,0.4,0.3791437722025775,0.0,1.0
vit_method2,model_specific,calibrated,patient,failure_inclusive.per_class.pseudopapilledema.sensitivity,5,0.4,0.3791437722025775,0.0,1.0
vit_method2,model_specific,calibrated,patient,failure_inclusive.per_class.pseudopapilledema.specificity,5,0.6857142857142857,0.2883804176883764,0.21428571428571427,1.0
vit_method2,model_specific,calibrated,patient,failure_inclusive.per_class.pseudopapilledema.support,5,4.0,0.0,4.0,4.0
vit_method2,model_specific,calibrated,patient,failure_inclusive.per_class.pseudopapilledema.tn_excluding_abstain,5,9.6,4.03732584763727,3.0,14.0
vit_method2,model_specific,calibrated,patient,failure_inclusive.per_class.pseudopapilledema.tp,5,1.6,1.51657508881031,0.0,4.0
vit_method2,model_specific,calibrated,patient,localized_diagnostic_success.localized_rate,5,0.8,0.13944333775567924,0.6111111111111112,1.0
vit_method2,model_specific,calibrated,patient,localized_diagnostic_success.n_success,5,9.0,3.7416573867739413,4.0,14.0
vit_method2,model_specific,calibrated,patient,localized_diagnostic_success.per_class_rate.normal,5,0.66,0.3507135583350036,0.1,1.0
vit_method2,model_specific,calibrated,patient,localized_diagnostic_success.per_class_rate.papilledema,5,0.35,0.2850438562747845,0.0,0.75
vit_method2,model_specific,calibrated,patient,localized_diagnostic_success.per_class_rate.pseudopapilledema,5,0.25,0.30618621784789724,0.0,0.75
vit_method2,model_specific,calibrated,patient,localized_diagnostic_success.rate,5,0.5,0.20786985482077455,0.2222222222222222,0.7777777777777778
vit_method2,model_specific,calibrated,patient,n_abstain,5,0.6,0.5477225575051662,0.0,1.0
vit_method2,model_specific,calibrated,patient,n_covered,5,17.4,0.5477225575051661,17.0,18.0
vit_method2,model_specific,calibrated,patient,n_total,5,18.0,0.0,18.0,18.0
vit_method2,model_specific,calibrated,patient,selective_risk,5,0.40588235294117647,0.19178858488623668,0.2222222222222222,0.7058823529411765
vit_method2,model_specific,raw,eye,abstention_rate,5,0.016666666666666666,0.015214515486254614,0.0,0.027777777777777776
vit_method2,model_specific,raw,eye,class_conditional_coverage.normal,5,1.0,0.0,1.0,1.0
vit_method2,model_specific,raw,eye,class_conditional_coverage.papilledema,5,0.975,0.05590169943749474,0.875,1.0
vit_method2,model_specific,raw,eye,class_conditional_coverage.pseudopapilledema,5,0.95,0.06846531968814577,0.875,1.0
vit_method2,model_specific,raw,eye,conditional.accuracy,5,0.5636507936507936,0.18641537723519616,0.2857142857142857,0.7142857142857143
vit_method2,model_specific,raw,eye,conditional.balanced_accuracy,5,0.4916666666666667,0.13866109437391053,0.31666666666666665,0.6
vit_method2,model_specific,raw,eye,conditional.class_counts.normal,5,20.0,0.0,20.0,20.0
vit_method2,model_specific,raw,eye,conditional.class_counts.papilledema,5,7.8,0.4472135954999579,7.0,8.0
vit_method2,model_specific,raw,eye,conditional.class_counts.pseudopapilledema,5,7.6,0.5477225575051662,7.0,8.0
vit_method2,model_specific,raw,eye,conditional.derived_discrimination.normal_vs_abnormal.auroc,5,0.8602083333333332,0.09770966594684706,0.7166666666666667,0.971875
vit_method2,model_specific,raw,eye,conditional.derived_discrimination.normal_vs_abnormal.average_precision,5,0.8880441317110647,0.07645953004992678,0.7773758449162682,0.9719611528822055
vit_method2,model_specific,raw,eye,conditional.derived_discrimination.normal_vs_abnormal.n,5,35.4,0.5477225575051661,35.0,36.0
vit_method2,model_specific,raw,eye,conditional.derived_discrimination.normal_vs_abnormal.negative,5,20.0,0.0,20.0,20.0
vit_method2,model_specific,raw,eye,conditional.derived_discrimination.normal_vs_abnormal.positive,5,15.4,0.5477225575051661,15.0,16.0
vit_method2,model_specific,raw,eye,conditional.derived_discrimination.papilledema_vs_pseudopapilledema.auroc,5,0.4366071428571428,0.1825559915505936,0.14285714285714285,0.625
vit_method2,model_specific,raw,eye,conditional.derived_discrimination.papilledema_vs_pseudopapilledema.average_precision,5,0.5319202127237841,0.09922353383476021,0.4031468531468531,0.657318722943723
vit_method2,model_specific,raw,eye,conditional.derived_discrimination.papilledema_vs_pseudopapilledema.n,5,15.4,0.5477225575051661,15.0,16.0
vit_method2,model_specific,raw,eye,conditional.derived_discrimination.papilledema_vs_pseudopapilledema.negative,5,7.8,0.4472135954999579,7.0,8.0
vit_method2,model_specific,raw,eye,conditional.derived_discrimination.papilledema_vs_pseudopapilledema.positive,5,7.6,0.5477225575051662,7.0,8.0
vit_method2,model_specific,raw,eye,conditional.macro.adaptive_ece_ovr,5,0.20598047568731753,0.05084453607588714,0.1356394600816577,0.27490542760252556
vit_method2,model_specific,raw,eye,conditional.macro.auroc_ovr,5,0.7492061917359536,0.1249119565716987,0.5725686570924666,0.8805059523809525
vit_method2,model_specific,raw,eye,conditional.macro.average_precision_ovr,5,0.5859324427140679,0.11288577621582101,0.44934857300182784,0.7010017412068498
vit_method2,model_specific,raw,eye,conditional.macro.balanced_accuracy_ovr,5,0.6427623456790122,0.10286905636058552,0.5271164021164022,0.7241071428571427
vit_method2,model_specific,raw,eye,conditional.macro.brier_ovr,5,0.17382576644331957,0.047732944259763294,0.13643742297231484,0.24382757575187794
vit_method2,model_specific,raw,eye,conditional.macro.ece_ovr,5,0.17262031604574304,0.07720238526255084,0.08161232110884313,0.28970415791989185
vit_method2,model_specific,raw,eye,conditional.macro.f1,5,0.46764505766040293,0.1435094928105272,0.3106217454043541,0.5887667887667888
vit_method2,model_specific,raw,eye,conditional.macro.mcc_ovr,5,0.30025467536308137,0.19800770054725933,0.04960060093163187,0.4557977606546049
vit_method2,model_specific,raw,eye,conditional.macro.nll_ovr,5,0.5215203462167421,0.11818349129039504,0.4241088767511478,0.68625962670045
vit_method2,model_specific,raw,eye,conditional.macro.nll_true_class,5,0.931632472098508,0.1676926397799374,0.784847340837202,1.1297552950577359
vit_method2,model_specific,raw,eye,conditional.macro.precision,5,0.5390365081541553,0.1240534108927379,0.3221288515406162,0.6176470588235294
vit_method2,model_specific,raw,eye,conditional.macro.recall,5,0.4916666666666667,0.13866109437391053,0.31666666666666665,0.6
vit_method2,model_specific,raw,eye,conditional.macro.specificity,5,0.793858024691358,0.06954705263507965,0.701058201058201,0.8491181657848325
vit_method2,model_specific,raw,eye,conditional.macro_auroc,5,0.7492061917359536,0.1249119565716987,0.5725686570924666,0.8805059523809525
vit_method2,model_specific,raw,eye,conditional.macro_average_precision,5,0.5859324427140679,0.11288577621582101,0.44934857300182784,0.7010017412068498
vit_method2,model_specific,raw,eye,conditional.macro_classwise_adaptive_ece,5,0.20598047568731753,0.05084453607588714,0.1356394600816577,0.27490542760252556
vit_method2,model_specific,raw,eye,conditional.macro_classwise_ece,5,0.17262031604574304,0.07720238526255084,0.08161232110884313,0.28970415791989185
vit_method2,model_specific,raw,eye,conditional.macro_f1,5,0.46764505766040293,0.1435094928105272,0.3106217454043541,0.5887667887667888
vit_method2,model_specific,raw,eye,conditional.macro_precision,5,0.5390365081541553,0.1240534108927379,0.3221288515406162,0.6176470588235294
vit_method2,model_specific,raw,eye,conditional.macro_recall,5,0.4916666666666667,0.13866109437391053,0.31666666666666665,0.6
vit_method2,model_specific,raw,eye,conditional.multiclass_brier,5,0.5214772993299587,0.1431988327792899,0.4093122689169445,0.7314827272556338
vit_method2,model_specific,raw,eye,conditional.multiclass_mcc,5,0.3368189238171864,0.2112371238155358,0.10016038502687549,0.5023578857529274
vit_method2,model_specific,raw,eye,conditional.multiclass_nll,5,0.8780519372788624,0.2243258007366367,0.6796974393132373,1.1967334877459237
vit_method2,model_specific,raw,eye,conditional.n,5,35.4,0.5477225575051661,35.0,36.0
vit_method2,model_specific,raw,eye,conditional.per_class.normal.adaptive_ece_ovr,5,0.22304700518990087,0.08959099410635997,0.12320944756930269,0.3654316294845815
vit_method2,model_specific,raw,eye,conditional.per_class.normal.auroc_ovr,5,0.8602083333333332,0.09770966594684707,0.7166666666666667,0.971875
vit_method2,model_specific,raw,eye,conditional.per_class.normal.average_precision_ovr,5,0.8540419736290144,0.08719170812444989,0.7605749250363263,0.9774883063273159
vit_method2,model_specific,raw,eye,conditional.per_class.normal.balanced_accuracy_ovr,5,0.7787499999999999,0.12434201824001413,0.575,0.875
vit_method2,model_specific,raw,eye,conditional.per_class.normal.brier_ovr,5,0.1851805664772204,0.08699850098875475,0.11831571714566161,0.3266483282188465
vit_method2,model_specific,raw,eye,conditional.per_class.normal.class_index,5,0.0,0.0,0.0,0.0
vit_method2,model_specific,raw,eye,conditional.per_class.normal.ece_ovr,5,0.21739752672029428,0.09951015052519725,0.09292636176258776,0.35927228306481374
vit_method2,model_specific,raw,eye,conditional.per_class.normal.f1,5,0.7288791897487549,0.2672492137719209,0.2608695652173913,0.9047619047619048
vit_method2,model_specific,raw,eye,conditional.per_class.normal.fn,5,6.0,6.442049363362563,1.0,17.0
vit_method2,model_specific,raw,eye,conditional.per_class.normal.fp,5,2.2,1.6431676725154984,0.0,4.0
vit_method2,model_specific,raw,eye,conditional.per_class.normal.mcc_ovr,5,0.5849969171392626,0.20745726491471142,0.2651650429449553,0.7681373347487838
vit_method2,model_specific,raw,eye,conditional.per_class.normal.nll_ovr,5,0.5528900382473035,0.21226203981085484,0.3737785784610389,0.8768633267541578
vit_method2,model_specific,raw,eye,conditional.per_class.normal.nll_true_class,5,0.7691212977251177,0.37296568140978453,0.4285101244658643,1.3687577498717234
vit_method2,model_specific,raw,eye,conditional.per_class.normal.precision,5,0.8893048128342246,0.07903772260481179,0.8181818181818182,1.0
vit_method2,model_specific,raw,eye,conditional.per_class.normal.recall,5,0.7,0.32210246816812815,0.15,0.95
vit_method2,model_specific,raw,eye,conditional.per_class.normal.sensitivity,5,0.7,0.32210246816812815,0.15,0.95
vit_method2,model_specific,raw,eye,conditional.per_class.normal.specificity,5,0.8574999999999999,0.1059186008215743,0.75,1.0
vit_method2,model_specific,raw,eye,conditional.per_class.normal.support,5,20.0,0.0,20.0,20.0
vit_method2,model_specific,raw,eye,conditional.per_class.normal.tn,5,13.2,1.6431676725154984,12.0,15.0
vit_method2,model_specific,raw,eye,conditional.per_class.normal.tp,5,14.0,6.442049363362563,3.0,19.0
vit_method2,model_specific,raw,eye,conditional.per_class.papilledema.adaptive_ece_ovr,5,0.17424224187933013,0.06256228910618108,0.11015032496685155,0.2566115389904138
vit_method2,model_specific,raw,eye,conditional.per_class.papilledema.auroc_ovr,5,0.7955924036281179,0.08040964777422542,0.6898148148148149,0.9074074074074074
vit_method2,model_specific,raw,eye,conditional.per_class.papilledema.average_precision_ovr,5,0.5702160088069237,0.14975983914750235,0.3488422291993721,0.7448232323232322
vit_method2,model_specific,raw,eye,conditional.per_class.papilledema.balanced_accuracy_ovr,5,0.5993386243386244,0.11823502801577974,0.42857142857142855,0.7410714285714286
vit_method2,model_specific,raw,eye,conditional.per_class.papilledema.brier_ovr,5,0.14142866244572827,0.019136083518675427,0.11642414232703757,0.16171874431733319
vit_method2,model_specific,raw,eye,conditional.per_class.papilledema.class_index,5,1.0,0.0,1.0,1.0
vit_method2,model_specific,raw,eye,conditional.per_class.papilledema.ece_ovr,5,0.13371919219768447,0.06593043166456353,0.0757140491085519,0.2382964145714163
vit_method2,model_specific,raw,eye,conditional.per_class.papilledema.f1,5,0.3356690368455074,0.23417059520185632,0.0,0.5882352941176471
vit_method2,model_specific,raw,eye,conditional.per_class.papilledema.fn,5,5.4,1.6733200530681511,3.0,7.0
vit_method2,model_specific,raw,eye,conditional.per_class.papilledema.fp,5,2.8,1.3038404810405297,1.0,4.0
vit_method2,model_specific,raw,eye,conditional.per_class.papilledema.mcc_ovr,5,0.220096881727797,0.24871604843334022,-0.1796053020267749,0.46291004988627577
vit_method2,model_specific,raw,eye,conditional.per_class.papilledema.nll_ovr,5,0.43312634151192536,0.04850049976224779,0.3717387516542824,0.5027416126258932
vit_method2,model_specific,raw,eye,conditional.per_class.papilledema.nll_true_class,5,0.9932970622944568,0.10976192439548958,0.8288380293126728,1.1165631265691105
vit_method2,model_specific,raw,eye,conditional.per_class.papilledema.precision,5,0.4311111111111111,0.24462114825345643,0.0,0.6
vit_method2,model_specific,raw,eye,conditional.per_class.papilledema.recall,5,0.3,0.2436698586202241,0.0,0.625
vit_method2,model_specific,raw,eye,conditional.per_class.papilledema.sensitivity,5,0.3,0.2436698586202241,0.0,0.625
vit_method2,model_specific,raw,eye,conditional.per_class.papilledema.specificity,5,0.8986772486772485,0.04634917614939465,0.8571428571428571,0.9642857142857143
vit_method2,model_specific,raw,eye,conditional.per_class.papilledema.support,5,7.8,0.4472135954999579,7.0,8.0
vit_method2,model_specific,raw,eye,conditional.per_class.papilledema.tn,5,24.8,1.3038404810405297,24.0,27.0
vit_method2,model_specific,raw,eye,conditional.per_class.papilledema.tp,5,2.4,1.949358868961793,0.0,5.0
vit_method2,model_specific,raw,eye,conditional.per_class.pseudopapilledema.adaptive_ece_ovr,5,0.2206521799927216,0.04995109543479533,0.17204330725743708,0.2870275185909048
vit_method2,model_specific,raw,eye,conditional.per_class.pseudopapilledema.auroc_ovr,5,0.5918178382464097,0.22533907040318737,0.3112244897959183,0.875
vit_method2,model_specific,raw,eye,conditional.per_class.pseudopapilledema.average_precision_ovr,5,0.3335393457062653,0.1635940621079107,0.1609329010196454,0.5474702380952381
vit_method2,model_specific,raw,eye,conditional.per_class.pseudopapilledema.balanced_accuracy_ovr,5,0.5501984126984126,0.1550027379288253,0.39285714285714285,0.7589285714285714
vit_method2,model_specific,raw,eye,conditional.per_class.pseudopapilledema.brier_ovr,5,0.19486807040701,0.04452981949544702,0.1552749975485289,0.2431156547194541
vit_method2,model_specific,raw,eye,conditional.per_class.pseudopapilledema.class_index,5,2.0,0.0,2.0,2.0
vit_method2,model_specific,raw,eye,conditional.per_class.pseudopapilledema.ece_ovr,5,0.16674422921925042,0.07490935658426769,0.07619655245538971,0.27154377612344555
vit_method2,model_specific,raw,eye,conditional.per_class.pseudopapilledema.f1,5,0.3383869463869464,0.14796392579125867,0.18181818181818182,0.56
vit_method2,model_specific,raw,eye,conditional.per_class.pseudopapilledema.fn,5,4.0,2.1213203435596424,1.0,6.0
vit_method2,model_specific,raw,eye,conditional.per_class.pseudopapilledema.fp,5,10.4,7.436396977031283,3.0,22.0
vit_method2,model_specific,raw,eye,conditional.per_class.pseudopapilledema.mcc_ovr,5,0.09567022722218452,0.27049078537727655,-0.19611613513818404,0.43125358551541654
vit_method2,model_specific,raw,eye,conditional.per_class.pseudopapilledema.nll_ovr,5,0.5785446588909975,0.1103463888512124,0.4786172872122098,0.7150001419154364
vit_method2,model_specific,raw,eye,conditional.per_class.pseudopapilledema.nll_true_class,5,1.0324790562759492,0.3850921684488308,0.5989538743299941,1.6201042817791105
vit_method2,model_specific,raw,eye,conditional.per_class.pseudopapilledema.precision,5,0.29669360051712995,0.13612173998837382,0.14285714285714285,0.4117647058823529
vit_method2,model_specific,raw,eye,conditional.per_class.pseudopapilledema.recall,5,0.475,0.2611053818062034,0.25,0.875
vit_method2,model_specific,raw,eye,conditional.per_class.pseudopapilledema.sensitivity,5,0.475,0.2611053818062034,0.25,0.875
vit_method2,model_specific,raw,eye,conditional.per_class.pseudopapilledema.specificity,5,0.6253968253968254,0.2665325862845373,0.21428571428571427,0.8928571428571429
vit_method2,model_specific,raw,eye,conditional.per_class.pseudopapilledema.support,5,7.6,0.5477225575051662,7.0,8.0
vit_method2,model_specific,raw,eye,conditional.per_class.pseudopapilledema.tn,5,17.4,7.503332592921629,6.0,25.0
vit_method2,model_specific,raw,eye,conditional.per_class.pseudopapilledema.tp,5,3.6,2.073644135332772,2.0,7.0
vit_method2,model_specific,raw,eye,conditional.top_label_adaptive_ece,5,0.22804432639506728,0.07318023820679855,0.10586456056167054,0.29963082594570317
vit_method2,model_specific,raw,eye,conditional.top_label_ece,5,0.15169491319052905,0.07856705826067496,0.04278288258288872,0.2382776022175573
vit_method2,model_specific,raw,eye,conditional_aurc,5,0.3201627961129835,0.2252770292045598,0.13006461561931743,0.673063932498625
vit_method2,model_specific,raw,eye,coverage,5,0.9833333333333334,0.015214515486254621,0.9722222222222222,1.0
vit_method2,model_specific,raw,eye,failure_aware.accuracy,5,0.5555555555555555,0.18737135504488944,0.2777777777777778,0.6944444444444444
vit_method2,model_specific,raw,eye,failure_aware.aurc,5,0.3219172823916595,0.2256852729504851,0.13006461561931743,0.6744294405465027
vit_method2,model_specific,raw,eye,failure_aware.balanced_accuracy,5,0.4833333333333333,0.14154406459552524,0.31666666666666665,0.6
vit_method2,model_specific,raw,eye,failure_aware.correct,5,20.0,6.745368781616021,10.0,25.0
vit_method2,model_specific,raw,eye,failure_aware.incorrect_or_abstained,5,16.0,6.745368781616021,11.0,26.0
vit_method2,model_specific,raw,eye,failure_aware.macro_f1,5,0.46550304934192405,0.1424427533986184,0.3082450371452929,0.5843568196509373
vit_method2,model_specific,raw,eye,failure_aware.macro_precision,5,0.5390365081541553,0.1240534108927379,0.3221288515406162,0.6176470588235294
vit_method2,model_specific,raw,eye,failure_aware.macro_recall,5,0.4833333333333333,0.14154406459552524,0.31666666666666665,0.6
vit_method2,model_specific,raw,eye,failure_aware.macro_specificity,5,0.7773809523809524,0.08011979940211923,0.6696428571428572,0.8482142857142857
vit_method2,model_specific,raw,eye,failure_aware.multiclass_mcc,5,0.32742496018265294,0.2159362588163362,0.06626987024788349,0.5023578857529274
vit_method2,model_specific,raw,eye,failure_aware.per_class.normal.abstain,5,0.0,0.0,0.0,0.0
vit_method2,model_specific,raw,eye,failure_aware.per_class.normal.balanced_accuracy_ovr,5,0.7625,0.13426594411838025,0.54375,0.86875
vit_method2,model_specific,raw,eye,failure_aware.per_class.normal.class_index,5,0.0,0.0,0.0,0.0
vit_method2,model_specific,raw,eye,failure_aware.per_class.normal.f1,5,0.7288791897487549,0.2672492137719209,0.2608695652173913,0.9047619047619048
vit_method2,model_specific,raw,eye,failure_aware.per_class.normal.fn_including_abstain,5,6.0,6.442049363362563,1.0,17.0
vit_method2,model_specific,raw,eye,failure_aware.per_class.normal.fp,5,2.2,1.6431676725154984,0.0,4.0
vit_method2,model_specific,raw,eye,failure_aware.per_class.normal.precision,5,0.8893048128342246,0.07903772260481179,0.8181818181818182,1.0
vit_method2,model_specific,raw,eye,failure_aware.per_class.normal.recall,5,0.7,0.32210246816812815,0.15,0.95
vit_method2,model_specific,raw,eye,failure_aware.per_class.normal.sensitivity,5,0.7,0.32210246816812815,0.15,0.95
vit_method2,model_specific,raw,eye,failure_aware.per_class.normal.specificity,5,0.825,0.10269797953221865,0.75,0.9375
vit_method2,model_specific,raw,eye,failure_aware.per_class.normal.support,5,20.0,0.0,20.0,20.0
vit_method2,model_specific,raw,eye,failure_aware.per_class.normal.tn_excluding_abstain,5,13.2,1.6431676725154984,12.0,15.0
vit_method2,model_specific,raw,eye,failure_aware.per_class.normal.tp,5,14.0,6.442049363362563,3.0,19.0
vit_method2,model_specific,raw,eye,failure_aware.per_class.papilledema.abstain,5,0.2,0.447213595499958,0.0,1.0
vit_method2,model_specific,raw,eye,failure_aware.per_class.papilledema.balanced_accuracy_ovr,5,0.5928571428571429,0.11565860653365198,0.42857142857142855,0.7410714285714286
vit_method2,model_specific,raw,eye,failure_aware.per_class.papilledema.class_index,5,1.0,0.0,1.0,1.0
vit_method2,model_specific,raw,eye,failure_aware.per_class.papilledema.f1,5,0.3356690368455074,0.23417059520185632,0.0,0.5882352941176471
vit_method2,model_specific,raw,eye,failure_aware.per_class.papilledema.fn_including_abstain,5,5.6,1.9493588689617927,3.0,8.0
vit_method2,model_specific,raw,eye,failure_aware.per_class.papilledema.fp,5,2.8,1.3038404810405297,1.0,4.0
vit_method2,model_specific,raw,eye,failure_aware.per_class.papilledema.precision,5,0.4311111111111111,0.24462114825345643,0.0,0.6
vit_method2,model_specific,raw,eye,failure_aware.per_class.papilledema.recall,5,0.3,0.2436698586202241,0.0,0.625
vit_method2,model_specific,raw,eye,failure_aware.per_class.papilledema.sensitivity,5,0.3,0.2436698586202241,0.0,0.625
vit_method2,model_specific,raw,eye,failure_aware.per_class.papilledema.specificity,5,0.8857142857142858,0.046565731465733236,0.8571428571428571,0.9642857142857143
vit_method2,model_specific,raw,eye,failure_aware.per_class.papilledema.support,5,8.0,0.0,8.0,8.0
vit_method2,model_specific,raw,eye,failure_aware.per_class.papilledema.tn_excluding_abstain,5,24.8,1.3038404810405297,24.0,27.0
vit_method2,model_specific,raw,eye,failure_aware.per_class.papilledema.tp,5,2.4,1.949358868961793,0.0,5.0
vit_method2,model_specific,raw,eye,failure_aware.per_class.pseudopapilledema.abstain,5,0.4,0.5477225575051662,0.0,1.0
vit_method2,model_specific,raw,eye,failure_aware.per_class.pseudopapilledema.balanced_accuracy_ovr,5,0.5357142857142858,0.16378514578432266,0.35714285714285715,0.7589285714285714
vit_method2,model_specific,raw,eye,failure_aware.per_class.pseudopapilledema.class_index,5,2.0,0.0,2.0,2.0
vit_method2,model_specific,raw,eye,failure_aware.per_class.pseudopapilledema.f1,5,0.3319609214315097,0.14691022978651835,0.18181818181818182,0.56
vit_method2,model_specific,raw,eye,failure_aware.per_class.pseudopapilledema.fn_including_abstain,5,4.4,2.073644135332772,1.0,6.0
vit_method2,model_specific,raw,eye,failure_aware.per_class.pseudopapilledema.fp,5,10.4,7.436396977031283,3.0,22.0
vit_method2,model_specific,raw,eye,failure_aware.per_class.pseudopapilledema.precision,5,0.29669360051712995,0.13612173998837382,0.14285714285714285,0.4117647058823529
vit_method2,model_specific,raw,eye,failure_aware.per_class.pseudopapilledema.recall,5,0.45,0.2592055169165965,0.25,0.875
vit_method2,model_specific,raw,eye,failure_aware.per_class.pseudopapilledema.sensitivity,5,0.45,0.2592055169165965,0.25,0.875
vit_method2,model_specific,raw,eye,failure_aware.per_class.pseudopapilledema.specificity,5,0.6214285714285714,0.2679761640329153,0.21428571428571427,0.8928571428571429
vit_method2,model_specific,raw,eye,failure_aware.per_class.pseudopapilledema.support,5,8.0,0.0,8.0,8.0
vit_method2,model_specific,raw,eye,failure_aware.per_class.pseudopapilledema.tn_excluding_abstain,5,17.4,7.503332592921629,6.0,25.0
vit_method2,model_specific,raw,eye,failure_aware.per_class.pseudopapilledema.tp,5,3.6,2.073644135332772,2.0,7.0
vit_method2,model_specific,raw,eye,failure_aware_accuracy,5,0.5555555555555555,0.18737135504488944,0.2777777777777778,0.6944444444444444
vit_method2,model_specific,raw,eye,failure_aware_aurc,5,0.3219172823916595,0.2256852729504851,0.13006461561931743,0.6744294405465027
vit_method2,model_specific,raw,eye,failure_aware_balanced_accuracy,5,0.4833333333333333,0.14154406459552524,0.31666666666666665,0.6
vit_method2,model_specific,raw,eye,failure_inclusive.accuracy,5,0.5555555555555555,0.18737135504488944,0.2777777777777778,0.6944444444444444
vit_method2,model_specific,raw,eye,failure_inclusive.aurc,5,0.3219172823916595,0.2256852729504851,0.13006461561931743,0.6744294405465027
vit_method2,model_specific,raw,eye,failure_inclusive.balanced_accuracy,5,0.4833333333333333,0.14154406459552524,0.31666666666666665,0.6
vit_method2,model_specific,raw,eye,failure_inclusive.correct,5,20.0,6.745368781616021,10.0,25.0
vit_method2,model_specific,raw,eye,failure_inclusive.incorrect_or_abstained,5,16.0,6.745368781616021,11.0,26.0
vit_method2,model_specific,raw,eye,failure_inclusive.macro_f1,5,0.46550304934192405,0.1424427533986184,0.3082450371452929,0.5843568196509373
vit_method2,model_specific,raw,eye,failure_inclusive.macro_precision,5,0.5390365081541553,0.1240534108927379,0.3221288515406162,0.6176470588235294
vit_method2,model_specific,raw,eye,failure_inclusive.macro_recall,5,0.4833333333333333,0.14154406459552524,0.31666666666666665,0.6
vit_method2,model_specific,raw,eye,failure_inclusive.macro_specificity,5,0.7773809523809524,0.08011979940211923,0.6696428571428572,0.8482142857142857
vit_method2,model_specific,raw,eye,failure_inclusive.multiclass_mcc,5,0.32742496018265294,0.2159362588163362,0.06626987024788349,0.5023578857529274
vit_method2,model_specific,raw,eye,failure_inclusive.per_class.normal.abstain,5,0.0,0.0,0.0,0.0
vit_method2,model_specific,raw,eye,failure_inclusive.per_class.normal.balanced_accuracy_ovr,5,0.7625,0.13426594411838025,0.54375,0.86875
vit_method2,model_specific,raw,eye,failure_inclusive.per_class.normal.class_index,5,0.0,0.0,0.0,0.0
vit_method2,model_specific,raw,eye,failure_inclusive.per_class.normal.f1,5,0.7288791897487549,0.2672492137719209,0.2608695652173913,0.9047619047619048
vit_method2,model_specific,raw,eye,failure_inclusive.per_class.normal.fn_including_abstain,5,6.0,6.442049363362563,1.0,17.0
vit_method2,model_specific,raw,eye,failure_inclusive.per_class.normal.fp,5,2.2,1.6431676725154984,0.0,4.0
vit_method2,model_specific,raw,eye,failure_inclusive.per_class.normal.precision,5,0.8893048128342246,0.07903772260481179,0.8181818181818182,1.0
vit_method2,model_specific,raw,eye,failure_inclusive.per_class.normal.recall,5,0.7,0.32210246816812815,0.15,0.95
vit_method2,model_specific,raw,eye,failure_inclusive.per_class.normal.sensitivity,5,0.7,0.32210246816812815,0.15,0.95
vit_method2,model_specific,raw,eye,failure_inclusive.per_class.normal.specificity,5,0.825,0.10269797953221865,0.75,0.9375
vit_method2,model_specific,raw,eye,failure_inclusive.per_class.normal.support,5,20.0,0.0,20.0,20.0
vit_method2,model_specific,raw,eye,failure_inclusive.per_class.normal.tn_excluding_abstain,5,13.2,1.6431676725154984,12.0,15.0
vit_method2,model_specific,raw,eye,failure_inclusive.per_class.normal.tp,5,14.0,6.442049363362563,3.0,19.0
vit_method2,model_specific,raw,eye,failure_inclusive.per_class.papilledema.abstain,5,0.2,0.447213595499958,0.0,1.0
vit_method2,model_specific,raw,eye,failure_inclusive.per_class.papilledema.balanced_accuracy_ovr,5,0.5928571428571429,0.11565860653365198,0.42857142857142855,0.7410714285714286
vit_method2,model_specific,raw,eye,failure_inclusive.per_class.papilledema.class_index,5,1.0,0.0,1.0,1.0
vit_method2,model_specific,raw,eye,failure_inclusive.per_class.papilledema.f1,5,0.3356690368455074,0.23417059520185632,0.0,0.5882352941176471
vit_method2,model_specific,raw,eye,failure_inclusive.per_class.papilledema.fn_including_abstain,5,5.6,1.9493588689617927,3.0,8.0
vit_method2,model_specific,raw,eye,failure_inclusive.per_class.papilledema.fp,5,2.8,1.3038404810405297,1.0,4.0
vit_method2,model_specific,raw,eye,failure_inclusive.per_class.papilledema.precision,5,0.4311111111111111,0.24462114825345643,0.0,0.6
vit_method2,model_specific,raw,eye,failure_inclusive.per_class.papilledema.recall,5,0.3,0.2436698586202241,0.0,0.625
vit_method2,model_specific,raw,eye,failure_inclusive.per_class.papilledema.sensitivity,5,0.3,0.2436698586202241,0.0,0.625
vit_method2,model_specific,raw,eye,failure_inclusive.per_class.papilledema.specificity,5,0.8857142857142858,0.046565731465733236,0.8571428571428571,0.9642857142857143
vit_method2,model_specific,raw,eye,failure_inclusive.per_class.papilledema.support,5,8.0,0.0,8.0,8.0
vit_method2,model_specific,raw,eye,failure_inclusive.per_class.papilledema.tn_excluding_abstain,5,24.8,1.3038404810405297,24.0,27.0
vit_method2,model_specific,raw,eye,failure_inclusive.per_class.papilledema.tp,5,2.4,1.949358868961793,0.0,5.0
vit_method2,model_specific,raw,eye,failure_inclusive.per_class.pseudopapilledema.abstain,5,0.4,0.5477225575051662,0.0,1.0
vit_method2,model_specific,raw,eye,failure_inclusive.per_class.pseudopapilledema.balanced_accuracy_ovr,5,0.5357142857142858,0.16378514578432266,0.35714285714285715,0.7589285714285714
vit_method2,model_specific,raw,eye,failure_inclusive.per_class.pseudopapilledema.class_index,5,2.0,0.0,2.0,2.0
vit_method2,model_specific,raw,eye,failure_inclusive.per_class.pseudopapilledema.f1,5,0.3319609214315097,0.14691022978651835,0.18181818181818182,0.56
vit_method2,model_specific,raw,eye,failure_inclusive.per_class.pseudopapilledema.fn_including_abstain,5,4.4,2.073644135332772,1.0,6.0
vit_method2,model_specific,raw,eye,failure_inclusive.per_class.pseudopapilledema.fp,5,10.4,7.436396977031283,3.0,22.0
vit_method2,model_specific,raw,eye,failure_inclusive.per_class.pseudopapilledema.precision,5,0.29669360051712995,0.13612173998837382,0.14285714285714285,0.4117647058823529
vit_method2,model_specific,raw,eye,failure_inclusive.per_class.pseudopapilledema.recall,5,0.45,0.2592055169165965,0.25,0.875
vit_method2,model_specific,raw,eye,failure_inclusive.per_class.pseudopapilledema.sensitivity,5,0.45,0.2592055169165965,0.25,0.875
vit_method2,model_specific,raw,eye,failure_inclusive.per_class.pseudopapilledema.specificity,5,0.6214285714285714,0.2679761640329153,0.21428571428571427,0.8928571428571429
vit_method2,model_specific,raw,eye,failure_inclusive.per_class.pseudopapilledema.support,5,8.0,0.0,8.0,8.0
vit_method2,model_specific,raw,eye,failure_inclusive.per_class.pseudopapilledema.tn_excluding_abstain,5,17.4,7.503332592921629,6.0,25.0
vit_method2,model_specific,raw,eye,failure_inclusive.per_class.pseudopapilledema.tp,5,3.6,2.073644135332772,2.0,7.0
vit_method2,model_specific,raw,eye,localized_diagnostic_success.localized_rate,5,0.8666666666666668,0.11180339887498948,0.6944444444444444,1.0
vit_method2,model_specific,raw,eye,localized_diagnostic_success.n_success,5,18.2,6.870225614927067,9.0,25.0
vit_method2,model_specific,raw,eye,localized_diagnostic_success.per_class_rate.normal,5,0.6599999999999999,0.3189827581547316,0.15,0.95
vit_method2,model_specific,raw,eye,localized_diagnostic_success.per_class_rate.papilledema,5,0.275,0.24044230077089182,0.0,0.625
vit_method2,model_specific,raw,eye,localized_diagnostic_success.per_class_rate.pseudopapilledema,5,0.35,0.24044230077089182,0.125,0.75
vit_method2,model_specific,raw,eye,localized_diagnostic_success.rate,5,0.5055555555555555,0.19083960041464074,0.25,0.6944444444444444
vit_method2,model_specific,raw,eye,n_abstain,5,0.6,0.5477225575051662,0.0,1.0
vit_method2,model_specific,raw,eye,n_covered,5,35.4,0.5477225575051661,35.0,36.0
vit_method2,model_specific,raw,eye,n_total,5,36.0,0.0,36.0,36.0
vit_method2,model_specific,raw,eye,selective_risk,5,0.4363492063492064,0.18641537723519616,0.2857142857142857,0.7142857142857143
vit_method2,model_specific,raw,patient,abstention_rate,5,0.03333333333333333,0.03042903097250923,0.0,0.05555555555555555
vit_method2,model_specific,raw,patient,class_conditional_coverage.normal,5,1.0,0.0,1.0,1.0
vit_method2,model_specific,raw,patient,class_conditional_coverage.papilledema,5,0.95,0.11180339887498948,0.75,1.0
vit_method2,model_specific,raw,patient,class_conditional_coverage.pseudopapilledema,5,0.9,0.13693063937629152,0.75,1.0
vit_method2,model_specific,raw,patient,conditional.accuracy,5,0.5941176470588235,0.19178858488623668,0.29411764705882354,0.7777777777777778
vit_method2,model_specific,raw,patient,conditional.balanced_accuracy,5,0.5133333333333333,0.1632331514380429,0.3,0.6833333333333332
vit_method2,model_specific,raw,patient,conditional.class_counts.normal,5,10.0,0.0,10.0,10.0
vit_method2,model_specific,raw,patient,conditional.class_counts.papilledema,5,3.8,0.4472135954999579,3.0,4.0
vit_method2,model_specific,raw,patient,conditional.class_counts.pseudopapilledema,5,3.6,0.5477225575051661,3.0,4.0
vit_method2,model_specific,raw,patient,conditional.derived_discrimination.normal_vs_abnormal.auroc,5,0.8617857142857144,0.12093913969515444,0.6714285714285715,0.9750000000000001
vit_method2,model_specific,raw,patient,conditional.derived_discrimination.normal_vs_abnormal.average_precision,5,0.882293956043956,0.105454323940919,0.7087912087912087,0.975
vit_method2,model_specific,raw,patient,conditional.derived_discrimination.normal_vs_abnormal.n,5,17.4,0.5477225575051661,17.0,18.0
vit_method2,model_specific,raw,patient,conditional.derived_discrimination.normal_vs_abnormal.negative,5,10.0,0.0,10.0,10.0
vit_method2,model_specific,raw,patient,conditional.derived_discrimination.normal_vs_abnormal.positive,5,7.4,0.5477225575051661,7.0,8.0
vit_method2,model_specific,raw,patient,conditional.derived_discrimination.papilledema_vs_pseudopapilledema.auroc,5,0.4708333333333334,0.22224392255157643,0.16666666666666669,0.6875
vit_method2,model_specific,raw,patient,conditional.derived_discrimination.papilledema_vs_pseudopapilledema.average_precision,5,0.5826587301587302,0.1420372747822332,0.44285714285714284,0.7470238095238095
vit_method2,model_specific,raw,patient,conditional.derived_discrimination.papilledema_vs_pseudopapilledema.n,5,7.4,0.5477225575051661,7.0,8.0
vit_method2,model_specific,raw,patient,conditional.derived_discrimination.papilledema_vs_pseudopapilledema.negative,5,3.8,0.4472135954999579,3.0,4.0
vit_method2,model_specific,raw,patient,conditional.derived_discrimination.papilledema_vs_pseudopapilledema.positive,5,3.6,0.5477225575051661,3.0,4.0
vit_method2,model_specific,raw,patient,conditional.macro.adaptive_ece_ovr,5,0.27767751808545393,0.04480498661223926,0.23146823121969454,0.3450788378751881
vit_method2,model_specific,raw,patient,conditional.macro.auroc_ovr,5,0.76745115995116,0.1250104688271205,0.5785103785103786,0.8904761904761904
vit_method2,model_specific,raw,patient,conditional.macro.average_precision_ovr,5,0.6387819495319496,0.11990680734886415,0.5050108225108225,0.7609974747474747
vit_method2,model_specific,raw,patient,conditional.macro.balanced_accuracy_ovr,5,0.6597344322344323,0.11226153856386162,0.5282051282051282,0.7732142857142857
vit_method2,model_specific,raw,patient,conditional.macro.brier_ovr,5,0.1686639423570587,0.047196891066711336,0.13504221461395136,0.24262267444888244
vit_method2,model_specific,raw,patient,conditional.macro.ece_ovr,5,0.20158766239157178,0.049292366429852234,0.1391130531595283,0.27372140591174793
vit_method2,model_specific,raw,patient,conditional.macro.f1,5,0.48108984582668796,0.16981963106546186,0.2857142857142857,0.6585858585858585
vit_method2,model_specific,raw,patient,conditional.macro.mcc_ovr,5,0.34904353234199126,0.23858734163274684,0.05385487267315838,0.6026188446802122
vit_method2,model_specific,raw,patient,conditional.macro.nll_ovr,5,0.5045734884915857,0.11391120090306088,0.421779466299612,0.6825188816113004
vit_method2,model_specific,raw,patient,conditional.macro.nll_true_class,5,0.9025168537778401,0.14056677306977094,0.7574309925103156,1.0699836141202967
vit_method2,model_specific,raw,patient,conditional.macro.precision,5,0.5962833462833463,0.22434751825705598,0.27272727272727276,0.8111111111111112
vit_method2,model_specific,raw,patient,conditional.macro.recall,5,0.5133333333333333,0.1632331514380429,0.3,0.6833333333333332
vit_method2,model_specific,raw,patient,conditional.macro.specificity,5,0.8061355311355312,0.0689293445871248,0.7124542124542125,0.8690476190476191
vit_method2,model_specific,raw,patient,conditional.macro_auroc,5,0.76745115995116,0.1250104688271205,0.5785103785103786,0.8904761904761904
vit_method2,model_specific,raw,patient,conditional.macro_average_precision,5,0.6387819495319496,0.11990680734886415,0.5050108225108225,0.7609974747474747
vit_method2,model_specific,raw,patient,conditional.macro_classwise_adaptive_ece,5,0.27767751808545393,0.04480498661223926,0.23146823121969454,0.3450788378751881
vit_method2,model_specific,raw,patient,conditional.macro_classwise_ece,5,0.20158766239157178,0.049292366429852234,0.1391130531595283,0.27372140591174793
vit_method2,model_specific,raw,patient,conditional.macro_f1,5,0.48108984582668796,0.16981963106546186,0.2857142857142857,0.6585858585858585
vit_method2,model_specific,raw,patient,conditional.macro_precision,5,0.5962833462833463,0.22434751825705598,0.27272727272727276,0.8111111111111112
vit_method2,model_specific,raw,patient,conditional.macro_recall,5,0.5133333333333333,0.1632331514380429,0.3,0.6833333333333332
vit_method2,model_specific,raw,patient,conditional.multiclass_brier,5,0.5059918270711761,0.14159067320013402,0.405126643841854,0.7278680233466472
vit_method2,model_specific,raw,patient,conditional.multiclass_mcc,5,0.3830758405732089,0.2242818601272258,0.14026687687393444,0.6280768420189679
vit_method2,model_specific,raw,patient,conditional.multiclass_nll,5,0.8401874883025096,0.21564432448271512,0.6780391262741869,1.1878382057306371
vit_method2,model_specific,raw,patient,conditional.n,5,17.4,0.5477225575051661,17.0,18.0
vit_method2,model_specific,raw,patient,conditional.per_class.normal.adaptive_ece_ovr,5,0.2680464475189327,0.09550844066818902,0.19343584230051666,0.4313734855423188
vit_method2,model_specific,raw,patient,conditional.per_class.normal.auroc_ovr,5,0.8617857142857144,0.12093913969515442,0.6714285714285715,0.975
vit_method2,model_specific,raw,patient,conditional.per_class.normal.average_precision_ovr,5,0.8928786213786214,0.08490432645955691,0.7757242757242756,0.9809090909090908
vit_method2,model_specific,raw,patient,conditional.per_class.normal.balanced_accuracy_ovr,5,0.7896428571428571,0.13713076583602785,0.55,0.8785714285714286
vit_method2,model_specific,raw,patient,conditional.per_class.normal.brier_ovr,5,0.18008288132338662,0.09070238832265144,0.11913758925502338,0.3325593188080364
vit_method2,model_specific,raw,patient,conditional.per_class.normal.class_index,5,0.0,0.0,0.0,0.0
vit_method2,model_specific,raw,patient,conditional.per_class.normal.ece_ovr,5,0.2271144439129707,0.09105254538212389,0.12602729248162972,0.3678977951500805
vit_method2,model_specific,raw,patient,conditional.per_class.normal.f1,5,0.7380314422419685,0.31220475466104436,0.18181818181818182,0.9090909090909091
vit_method2,model_specific,raw,patient,conditional.per_class.normal.fn,5,2.6,3.646916505762094,0.0,9.0
vit_method2,model_specific,raw,patient,conditional.per_class.normal.fp,5,1.2,0.8366600265340756,0.0,2.0
vit_method2,model_specific,raw,patient,conditional.per_class.normal.mcc_ovr,5,0.612064859976029,0.23404849510919704,0.2091650066335189,0.7905694150420948
vit_method2,model_specific,raw,patient,conditional.per_class.normal.nll_ovr,5,0.5270080274985102,0.21789414214696898,0.3785278110664059,0.8910337238909375
vit_method2,model_specific,raw,patient,conditional.per_class.normal.nll_true_class,5,0.7171664887473522,0.3750882907538277,0.40566383663539607,1.3559568944624432
vit_method2,model_specific,raw,patient,conditional.per_class.normal.precision,5,0.888080808080808,0.0716794608492703,0.8181818181818182,1.0
vit_method2,model_specific,raw,patient,conditional.per_class.normal.recall,5,0.74,0.3646916505762094,0.1,1.0
vit_method2,model_specific,raw,patient,conditional.per_class.normal.sensitivity,5,0.74,0.3646916505762094,0.1,1.0
vit_method2,model_specific,raw,patient,conditional.per_class.normal.specificity,5,0.8392857142857142,0.1129384878631564,0.7142857142857143,1.0
vit_method2,model_specific,raw,patient,conditional.per_class.normal.support,5,10.0,0.0,10.0,10.0
vit_method2,model_specific,raw,patient,conditional.per_class.normal.tn,5,6.2,0.8366600265340756,5.0,7.0
vit_method2,model_specific,raw,patient,conditional.per_class.normal.tp,5,7.4,3.646916505762094,1.0,10.0
vit_method2,model_specific,raw,patient,conditional.per_class.papilledema.adaptive_ece_ovr,5,0.2570917360927324,0.021283219129006957,0.22752056062682602,0.27659302083798326
vit_method2,model_specific,raw,patient,conditional.per_class.papilledema.auroc_ovr,5,0.8167582417582417,0.07796827202819386,0.7307692307692308,0.9423076923076924
vit_method2,model_specific,raw,patient,conditional.per_class.papilledema.average_precision_ovr,5,0.6338965201465202,0.15758287584302935,0.38333333333333336,0.8041666666666667
vit_method2,model_specific,raw,patient,conditional.per_class.papilledema.balanced_accuracy_ovr,5,0.6162087912087912,0.15716050677030322,0.39285714285714285,0.8035714285714286
vit_method2,model_specific,raw,patient,conditional.per_class.papilledema.brier_ovr,5,0.1358381199690298,0.017474415471174575,0.11295312321391159,0.1552761505458442
vit_method2,model_specific,raw,patient,conditional.per_class.papilledema.class_index,5,1.0,0.0,1.0,1.0
vit_method2,model_specific,raw,patient,conditional.per_class.papilledema.ece_ovr,5,0.1789798305265761,0.03728271348401258,0.13159514002820605,0.22165405980469774
vit_method2,model_specific,raw,patient,conditional.per_class.papilledema.f1,5,0.38476190476190475,0.26095933254557185,0.0,0.6666666666666666
vit_method2,model_specific,raw,patient,conditional.per_class.papilledema.fn,5,2.4,0.8944271909999159,1.0,3.0
vit_method2,model_specific,raw,patient,conditional.per_class.papilledema.fp,5,1.6,1.140175425099138,0.0,3.0
vit_method2,model_specific,raw,patient,conditional.per_class.papilledema.mcc_ovr,5,0.27614961392051196,0.32447985283639025,-0.21428571428571427,0.5635445125120265
vit_method2,model_specific,raw,patient,conditional.per_class.papilledema.nll_ovr,5,0.42049809479060524,0.043916866472798376,0.3645623211642271,0.4836000458323896
vit_method2,model_specific,raw,patient,conditional.per_class.papilledema.nll_true_class,5,0.97220696919437,0.0957825567574515,0.8274895804172164,1.0716987091010581
vit_method2,model_specific,raw,patient,conditional.per_class.papilledema.precision,5,0.52,0.3753516869402466,0.0,1.0
vit_method2,model_specific,raw,patient,conditional.per_class.papilledema.recall,5,0.35,0.2850438562747845,0.0,0.75
vit_method2,model_specific,raw,patient,conditional.per_class.papilledema.sensitivity,5,0.35,0.2850438562747845,0.0,0.75
vit_method2,model_specific,raw,patient,conditional.per_class.papilledema.specificity,5,0.8824175824175825,0.08182940303794052,0.7857142857142857,1.0
vit_method2,model_specific,raw,patient,conditional.per_class.papilledema.support,5,3.8,0.4472135954999579,3.0,4.0
vit_method2,model_specific,raw,patient,conditional.per_class.papilledema.tn,5,12.0,1.224744871391589,11.0,14.0
vit_method2,model_specific,raw,patient,conditional.per_class.papilledema.tp,5,1.4,1.140175425099138,0.0,3.0
vit_method2,model_specific,raw,patient,conditional.per_class.pseudopapilledema.adaptive_ece_ovr,5,0.3078943706446967,0.03970362168986765,0.24331209821919167,0.3476691238867884
vit_method2,model_specific,raw,patient,conditional.per_class.pseudopapilledema.auroc_ovr,5,0.6238095238095238,0.2170130668918673,0.3333333333333333,0.8928571428571429
vit_method2,model_specific,raw,patient,conditional.per_class.pseudopapilledema.average_precision_ovr,5,0.389570707070707,0.2000883113087804,0.17083333333333334,0.6083333333333333
vit_method2,model_specific,raw,patient,conditional.per_class.pseudopapilledema.balanced_accuracy_ovr,5,0.5733516483516483,0.18484687994158372,0.38461538461538464,0.8571428571428572
vit_method2,model_specific,raw,patient,conditional.per_class.pseudopapilledema.brier_ovr,5,0.1900708257787597,0.04158661071511692,0.1519089046118024,0.24003255399276674
vit_method2,model_specific,raw,patient,conditional.per_class.pseudopapilledema.class_index,5,2.0,0.0,2.0,2.0
vit_method2,model_specific,raw,patient,conditional.per_class.pseudopapilledema.ece_ovr,5,0.19866871273516867,0.06528953056861136,0.11642369374598507,0.2967008629088272
vit_method2,model_specific,raw,patient,conditional.per_class.pseudopapilledema.f1,5,0.32047619047619047,0.24241088785108814,0.0,0.6666666666666666
vit_method2,model_specific,raw,patient,conditional.per_class.pseudopapilledema.fn,5,2.0,1.5811388300841898,0.0,4.0
vit_method2,model_specific,raw,patient,conditional.per_class.pseudopapilledema.fp,5,4.2,4.08656334834051,0.0,11.0
vit_method2,model_specific,raw,patient,conditional.per_class.pseudopapilledema.mcc_ovr,5,0.15891612312943285,0.36248495760494226,-0.25677629550654774,0.5976143046671968
vit_method2,model_specific,raw,patient,conditional.per_class.pseudopapilledema.nll_ovr,5,0.5662143431856418,0.09823730266507102,0.4753061745445598,0.6729228751105741
vit_method2,model_specific,raw,patient,conditional.per_class.pseudopapilledema.nll_true_class,5,1.0181771033917981,0.3478638987842232,0.5979682404965354,1.505219256613544
vit_method2,model_specific,raw,patient,conditional.per_class.pseudopapilledema.precision,5,0.38076923076923075,0.39091002914682804,0.0,1.0
vit_method2,model_specific,raw,patient,conditional.per_class.pseudopapilledema.recall,5,0.45,0.3890872509976251,0.0,1.0
vit_method2,model_specific,raw,patient,conditional.per_class.pseudopapilledema.sensitivity,5,0.45,0.3890872509976251,0.0,1.0
vit_method2,model_specific,raw,patient,conditional.per_class.pseudopapilledema.specificity,5,0.6967032967032967,0.29077824278144226,0.21428571428571427,1.0
vit_method2,model_specific,raw,patient,conditional.per_class.pseudopapilledema.support,5,3.6,0.5477225575051661,3.0,4.0
vit_method2,model_specific,raw,patient,conditional.per_class.pseudopapilledema.tn,5,9.6,4.03732584763727,3.0,14.0
vit_method2,model_specific,raw,patient,conditional.per_class.pseudopapilledema.tp,5,1.6,1.51657508881031,0.0,4.0
vit_method2,model_specific,raw,patient,conditional.top_label_adaptive_ece,5,0.2926768315543803,0.05741690102950293,0.25130119201060785,0.3850082995466731
vit_method2,model_specific,raw,patient,conditional.top_label_ece,5,0.1887946354769428,0.06325004506217459,0.10562903450143764,0.2806003816208233
vit_method2,model_specific,raw,patient,conditional_aurc,5,0.30382626872678775,0.25337703701086733,0.09602567004527789,0.7101483915930282
vit_method2,model_specific,raw,patient,coverage,5,0.9666666666666666,0.030429030972509243,0.9444444444444444,1.0
vit_method2,model_specific,raw,patient,failure_aware.accuracy,5,0.5777777777777777,0.1987615979999813,0.2777777777777778,0.7777777777777778
vit_method2,model_specific,raw,patient,failure_aware.aurc,5,0.3078773033429896,0.2521323500543494,0.09602567004527789,0.7108191599613167
vit_method2,model_specific,raw,patient,failure_aware.balanced_accuracy,5,0.4966666666666667,0.1733653816526112,0.3,0.6833333333333332
vit_method2,model_specific,raw,patient,failure_aware.correct,5,10.4,3.5777087639996634,5.0,14.0
vit_method2,model_specific,raw,patient,failure_aware.incorrect_or_abstained,5,7.6,3.5777087639996634,4.0,13.0
vit_method2,model_specific,raw,patient,failure_aware.macro_f1,5,0.47772850128887284,0.17079123684301176,0.2857142857142857,0.6585858585858585
vit_method2,model_specific,raw,patient,failure_aware.macro_precision,5,0.5962833462833463,0.22434751825705598,0.27272727272727276,0.8111111111111112
vit_method2,model_specific,raw,patient,failure_aware.macro_recall,5,0.4966666666666667,0.1733653816526112,0.3,0.6833333333333332
vit_method2,model_specific,raw,patient,failure_aware.macro_specificity,5,0.7726190476190476,0.09610837491026034,0.6488095238095238,0.8690476190476191
vit_method2,model_specific,raw,patient,failure_aware.multiclass_mcc,5,0.3632981527414185,0.24299655412845306,0.09622504486493763,0.6280768420189679
vit_method2,model_specific,raw,patient,failure_aware.per_class.normal.abstain,5,0.0,0.0,0.0,0.0
vit_method2,model_specific,raw,patient,failure_aware.per_class.normal.balanced_accuracy_ovr,5,0.7575000000000001,0.1562749980003199,0.4875,0.875
vit_method2,model_specific,raw,patient,failure_aware.per_class.normal.class_index,5,0.0,0.0,0.0,0.0
vit_method2,model_specific,raw,patient,failure_aware.per_class.normal.f1,5,0.7380314422419685,0.31220475466104436,0.18181818181818182,0.9090909090909091
vit_method2,model_specific,raw,patient,failure_aware.per_class.normal.fn_including_abstain,5,2.6,3.646916505762094,0.0,9.0
vit_method2,model_specific,raw,patient,failure_aware.per_class.normal.fp,5,1.2,0.8366600265340756,0.0,2.0
vit_method2,model_specific,raw,patient,failure_aware.per_class.normal.precision,5,0.888080808080808,0.0716794608492703,0.8181818181818182,1.0
vit_method2,model_specific,raw,patient,failure_aware.per_class.normal.recall,5,0.74,0.3646916505762094,0.1,1.0
vit_method2,model_specific,raw,patient,failure_aware.per_class.normal.sensitivity,5,0.74,0.3646916505762094,0.1,1.0
vit_method2,model_specific,raw,patient,failure_aware.per_class.normal.specificity,5,0.775,0.10458250331675945,0.625,0.875
vit_method2,model_specific,raw,patient,failure_aware.per_class.normal.support,5,10.0,0.0,10.0,10.0
vit_method2,model_specific,raw,patient,failure_aware.per_class.normal.tn_excluding_abstain,5,6.2,0.8366600265340756,5.0,7.0
vit_method2,model_specific,raw,patient,failure_aware.per_class.normal.tp,5,7.4,3.646916505762094,1.0,10.0
vit_method2,model_specific,raw,patient,failure_aware.per_class.papilledema.abstain,5,0.2,0.447213595499958,0.0,1.0
vit_method2,model_specific,raw,patient,failure_aware.per_class.papilledema.balanced_accuracy_ovr,5,0.6035714285714285,0.1563902431843666,0.39285714285714285,0.8035714285714286
vit_method2,model_specific,raw,patient,failure_aware.per_class.papilledema.class_index,5,1.0,0.0,1.0,1.0
vit_method2,model_specific,raw,patient,failure_aware.per_class.papilledema.f1,5,0.38476190476190475,0.26095933254557185,0.0,0.6666666666666666
vit_method2,model_specific,raw,patient,failure_aware.per_class.papilledema.fn_including_abstain,5,2.6,1.140175425099138,1.0,4.0
vit_method2,model_specific,raw,patient,failure_aware.per_class.papilledema.fp,5,1.6,1.140175425099138,0.0,3.0
vit_method2,model_specific,raw,patient,failure_aware.per_class.papilledema.precision,5,0.52,0.3753516869402466,0.0,1.0
vit_method2,model_specific,raw,patient,failure_aware.per_class.papilledema.recall,5,0.35,0.2850438562747845,0.0,0.75
vit_method2,model_specific,raw,patient,failure_aware.per_class.papilledema.sensitivity,5,0.35,0.2850438562747845,0.0,0.75
vit_method2,model_specific,raw,patient,failure_aware.per_class.papilledema.specificity,5,0.8571428571428571,0.08748177652797065,0.7857142857142857,1.0
vit_method2,model_specific,raw,patient,failure_aware.per_class.papilledema.support,5,4.0,0.0,4.0,4.0
vit_method2,model_specific,raw,patient,failure_aware.per_class.papilledema.tn_excluding_abstain,5,12.0,1.224744871391589,11.0,14.0
vit_method2,model_specific,raw,patient,failure_aware.per_class.papilledema.tp,5,1.4,1.140175425099138,0.0,3.0
vit_method2,model_specific,raw,patient,failure_aware.per_class.pseudopapilledema.abstain,5,0.4,0.5477225575051662,0.0,1.0
vit_method2,model_specific,raw,patient,failure_aware.per_class.pseudopapilledema.balanced_accuracy_ovr,5,0.5428571428571429,0.2092412190633147,0.35714285714285715,0.8571428571428572
vit_method2,model_specific,raw,patient,failure_aware.per_class.pseudopapilledema.class_index,5,2.0,0.0,2.0,2.0
vit_method2,model_specific,raw,patient,failure_aware.per_class.pseudopapilledema.f1,5,0.31039215686274507,0.24525054079156358,0.0,0.6666666666666666
vit_method2,model_specific,raw,patient,failure_aware.per_class.pseudopapilledema.fn_including_abstain,5,2.4,1.51657508881031,0.0,4.0
vit_method2,model_specific,raw,patient,failure_aware.per_class.pseudopapilledema.fp,5,4.2,4.08656334834051,0.0,11.0
vit_method2,model_specific,raw,patient,failure_aware.per_class.pseudopapilledema.precision,5,0.38076923076923075,0.39091002914682804,0.0,1.0
vit_method2,model_specific,raw,patient,failure_aware.per_class.pseudopapilledema.recall,5,0.4,0.3791437722025775,0.0,1.0
vit_method2,model_specific,raw,patient,failure_aware.per_class.pseudopapilledema.sensitivity,5,0.4,0.3791437722025775,0.0,1.0
vit_method2,model_specific,raw,patient,failure_aware.per_class.pseudopapilledema.specificity,5,0.6857142857142857,0.2883804176883764,0.21428571428571427,1.0
vit_method2,model_specific,raw,patient,failure_aware.per_class.pseudopapilledema.support,5,4.0,0.0,4.0,4.0
vit_method2,model_specific,raw,patient,failure_aware.per_class.pseudopapilledema.tn_excluding_abstain,5,9.6,4.03732584763727,3.0,14.0
vit_method2,model_specific,raw,patient,failure_aware.per_class.pseudopapilledema.tp,5,1.6,1.51657508881031,0.0,4.0
vit_method2,model_specific,raw,patient,failure_aware_accuracy,5,0.5777777777777777,0.1987615979999813,0.2777777777777778,0.7777777777777778
vit_method2,model_specific,raw,patient,failure_aware_aurc,5,0.3078773033429896,0.2521323500543494,0.09602567004527789,0.7108191599613167
vit_method2,model_specific,raw,patient,failure_aware_balanced_accuracy,5,0.4966666666666667,0.1733653816526112,0.3,0.6833333333333332
vit_method2,model_specific,raw,patient,failure_inclusive.accuracy,5,0.5777777777777777,0.1987615979999813,0.2777777777777778,0.7777777777777778
vit_method2,model_specific,raw,patient,failure_inclusive.aurc,5,0.3078773033429896,0.2521323500543494,0.09602567004527789,0.7108191599613167
vit_method2,model_specific,raw,patient,failure_inclusive.balanced_accuracy,5,0.4966666666666667,0.1733653816526112,0.3,0.6833333333333332
vit_method2,model_specific,raw,patient,failure_inclusive.correct,5,10.4,3.5777087639996634,5.0,14.0
vit_method2,model_specific,raw,patient,failure_inclusive.incorrect_or_abstained,5,7.6,3.5777087639996634,4.0,13.0
vit_method2,model_specific,raw,patient,failure_inclusive.macro_f1,5,0.47772850128887284,0.17079123684301176,0.2857142857142857,0.6585858585858585
vit_method2,model_specific,raw,patient,failure_inclusive.macro_precision,5,0.5962833462833463,0.22434751825705598,0.27272727272727276,0.8111111111111112
vit_method2,model_specific,raw,patient,failure_inclusive.macro_recall,5,0.4966666666666667,0.1733653816526112,0.3,0.6833333333333332
vit_method2,model_specific,raw,patient,failure_inclusive.macro_specificity,5,0.7726190476190476,0.09610837491026034,0.6488095238095238,0.8690476190476191
vit_method2,model_specific,raw,patient,failure_inclusive.multiclass_mcc,5,0.3632981527414185,0.24299655412845306,0.09622504486493763,0.6280768420189679
vit_method2,model_specific,raw,patient,failure_inclusive.per_class.normal.abstain,5,0.0,0.0,0.0,0.0
vit_method2,model_specific,raw,patient,failure_inclusive.per_class.normal.balanced_accuracy_ovr,5,0.7575000000000001,0.1562749980003199,0.4875,0.875
vit_method2,model_specific,raw,patient,failure_inclusive.per_class.normal.class_index,5,0.0,0.0,0.0,0.0
vit_method2,model_specific,raw,patient,failure_inclusive.per_class.normal.f1,5,0.7380314422419685,0.31220475466104436,0.18181818181818182,0.9090909090909091
vit_method2,model_specific,raw,patient,failure_inclusive.per_class.normal.fn_including_abstain,5,2.6,3.646916505762094,0.0,9.0
vit_method2,model_specific,raw,patient,failure_inclusive.per_class.normal.fp,5,1.2,0.8366600265340756,0.0,2.0
vit_method2,model_specific,raw,patient,failure_inclusive.per_class.normal.precision,5,0.888080808080808,0.0716794608492703,0.8181818181818182,1.0
vit_method2,model_specific,raw,patient,failure_inclusive.per_class.normal.recall,5,0.74,0.3646916505762094,0.1,1.0
vit_method2,model_specific,raw,patient,failure_inclusive.per_class.normal.sensitivity,5,0.74,0.3646916505762094,0.1,1.0
vit_method2,model_specific,raw,patient,failure_inclusive.per_class.normal.specificity,5,0.775,0.10458250331675945,0.625,0.875
vit_method2,model_specific,raw,patient,failure_inclusive.per_class.normal.support,5,10.0,0.0,10.0,10.0
vit_method2,model_specific,raw,patient,failure_inclusive.per_class.normal.tn_excluding_abstain,5,6.2,0.8366600265340756,5.0,7.0
vit_method2,model_specific,raw,patient,failure_inclusive.per_class.normal.tp,5,7.4,3.646916505762094,1.0,10.0
vit_method2,model_specific,raw,patient,failure_inclusive.per_class.papilledema.abstain,5,0.2,0.447213595499958,0.0,1.0
vit_method2,model_specific,raw,patient,failure_inclusive.per_class.papilledema.balanced_accuracy_ovr,5,0.6035714285714285,0.1563902431843666,0.39285714285714285,0.8035714285714286
vit_method2,model_specific,raw,patient,failure_inclusive.per_class.papilledema.class_index,5,1.0,0.0,1.0,1.0
vit_method2,model_specific,raw,patient,failure_inclusive.per_class.papilledema.f1,5,0.38476190476190475,0.26095933254557185,0.0,0.6666666666666666
vit_method2,model_specific,raw,patient,failure_inclusive.per_class.papilledema.fn_including_abstain,5,2.6,1.140175425099138,1.0,4.0
vit_method2,model_specific,raw,patient,failure_inclusive.per_class.papilledema.fp,5,1.6,1.140175425099138,0.0,3.0
vit_method2,model_specific,raw,patient,failure_inclusive.per_class.papilledema.precision,5,0.52,0.3753516869402466,0.0,1.0
vit_method2,model_specific,raw,patient,failure_inclusive.per_class.papilledema.recall,5,0.35,0.2850438562747845,0.0,0.75
vit_method2,model_specific,raw,patient,failure_inclusive.per_class.papilledema.sensitivity,5,0.35,0.2850438562747845,0.0,0.75
vit_method2,model_specific,raw,patient,failure_inclusive.per_class.papilledema.specificity,5,0.8571428571428571,0.08748177652797065,0.7857142857142857,1.0
vit_method2,model_specific,raw,patient,failure_inclusive.per_class.papilledema.support,5,4.0,0.0,4.0,4.0
vit_method2,model_specific,raw,patient,failure_inclusive.per_class.papilledema.tn_excluding_abstain,5,12.0,1.224744871391589,11.0,14.0
vit_method2,model_specific,raw,patient,failure_inclusive.per_class.papilledema.tp,5,1.4,1.140175425099138,0.0,3.0
vit_method2,model_specific,raw,patient,failure_inclusive.per_class.pseudopapilledema.abstain,5,0.4,0.5477225575051662,0.0,1.0
vit_method2,model_specific,raw,patient,failure_inclusive.per_class.pseudopapilledema.balanced_accuracy_ovr,5,0.5428571428571429,0.2092412190633147,0.35714285714285715,0.8571428571428572
vit_method2,model_specific,raw,patient,failure_inclusive.per_class.pseudopapilledema.class_index,5,2.0,0.0,2.0,2.0
vit_method2,model_specific,raw,patient,failure_inclusive.per_class.pseudopapilledema.f1,5,0.31039215686274507,0.24525054079156358,0.0,0.6666666666666666
vit_method2,model_specific,raw,patient,failure_inclusive.per_class.pseudopapilledema.fn_including_abstain,5,2.4,1.51657508881031,0.0,4.0
vit_method2,model_specific,raw,patient,failure_inclusive.per_class.pseudopapilledema.fp,5,4.2,4.08656334834051,0.0,11.0
vit_method2,model_specific,raw,patient,failure_inclusive.per_class.pseudopapilledema.precision,5,0.38076923076923075,0.39091002914682804,0.0,1.0
vit_method2,model_specific,raw,patient,failure_inclusive.per_class.pseudopapilledema.recall,5,0.4,0.3791437722025775,0.0,1.0
vit_method2,model_specific,raw,patient,failure_inclusive.per_class.pseudopapilledema.sensitivity,5,0.4,0.3791437722025775,0.0,1.0
vit_method2,model_specific,raw,patient,failure_inclusive.per_class.pseudopapilledema.specificity,5,0.6857142857142857,0.2883804176883764,0.21428571428571427,1.0
vit_method2,model_specific,raw,patient,failure_inclusive.per_class.pseudopapilledema.support,5,4.0,0.0,4.0,4.0
vit_method2,model_specific,raw,patient,failure_inclusive.per_class.pseudopapilledema.tn_excluding_abstain,5,9.6,4.03732584763727,3.0,14.0
vit_method2,model_specific,raw,patient,failure_inclusive.per_class.pseudopapilledema.tp,5,1.6,1.51657508881031,0.0,4.0
vit_method2,model_specific,raw,patient,localized_diagnostic_success.localized_rate,5,0.8,0.13944333775567924,0.6111111111111112,1.0
vit_method2,model_specific,raw,patient,localized_diagnostic_success.n_success,5,9.0,3.7416573867739413,4.0,14.0
vit_method2,model_specific,raw,patient,localized_diagnostic_success.per_class_rate.normal,5,0.66,0.3507135583350036,0.1,1.0
vit_method2,model_specific,raw,patient,localized_diagnostic_success.per_class_rate.papilledema,5,0.35,0.2850438562747845,0.0,0.75
vit_method2,model_specific,raw,patient,localized_diagnostic_success.per_class_rate.pseudopapilledema,5,0.25,0.30618621784789724,0.0,0.75
vit_method2,model_specific,raw,patient,localized_diagnostic_success.rate,5,0.5,0.20786985482077455,0.2222222222222222,0.7777777777777778
vit_method2,model_specific,raw,patient,n_abstain,5,0.6,0.5477225575051662,0.0,1.0
vit_method2,model_specific,raw,patient,n_covered,5,17.4,0.5477225575051661,17.0,18.0
vit_method2,model_specific,raw,patient,n_total,5,18.0,0.0,18.0,18.0
vit_method2,model_specific,raw,patient,selective_risk,5,0.40588235294117647,0.19178858488623668,0.2222222222222222,0.7058823529411765
vit_method2,standardized_resnet18,calibrated,eye,abstention_rate,5,0.016666666666666666,0.015214515486254614,0.0,0.027777777777777776
vit_method2,standardized_resnet18,calibrated,eye,class_conditional_coverage.normal,5,1.0,0.0,1.0,1.0
vit_method2,standardized_resnet18,calibrated,eye,class_conditional_coverage.papilledema,5,0.975,0.05590169943749474,0.875,1.0
vit_method2,standardized_resnet18,calibrated,eye,class_conditional_coverage.pseudopapilledema,5,0.95,0.06846531968814577,0.875,1.0
vit_method2,standardized_resnet18,calibrated,eye,conditional.accuracy,5,0.667142857142857,0.08591906754498943,0.5833333333333334,0.8
vit_method2,standardized_resnet18,calibrated,eye,conditional.balanced_accuracy,5,0.5519047619047619,0.08926825226068896,0.45,0.6785714285714285
vit_method2,standardized_resnet18,calibrated,eye,conditional.class_counts.normal,5,20.0,0.0,20.0,20.0
vit_method2,standardized_resnet18,calibrated,eye,conditional.class_counts.papilledema,5,7.8,0.4472135954999579,7.0,8.0
vit_method2,standardized_resnet18,calibrated,eye,conditional.class_counts.pseudopapilledema,5,7.6,0.5477225575051662,7.0,8.0
vit_method2,standardized_resnet18,calibrated,eye,conditional.derived_discrimination.normal_vs_abnormal.auroc,5,0.9021666666666667,0.07276033837385432,0.8066666666666666,0.9933333333333333
vit_method2,standardized_resnet18,calibrated,eye,conditional.derived_discrimination.normal_vs_abnormal.average_precision,5,0.9254884897993776,0.049498610345950454,0.8664396793200038,0.9913888888888889
vit_method2,standardized_resnet18,calibrated,eye,conditional.derived_discrimination.normal_vs_abnormal.n,5,35.4,0.5477225575051661,35.0,36.0
vit_method2,standardized_resnet18,calibrated,eye,conditional.derived_discrimination.normal_vs_abnormal.negative,5,20.0,0.0,20.0,20.0
vit_method2,standardized_resnet18,calibrated,eye,conditional.derived_discrimination.normal_vs_abnormal.positive,5,15.4,0.5477225575051661,15.0,16.0
vit_method2,standardized_resnet18,calibrated,eye,conditional.derived_discrimination.papilledema_vs_pseudopapilledema.auroc,5,0.41428571428571426,0.1205625796780346,0.26785714285714285,0.5892857142857142
vit_method2,standardized_resnet18,calibrated,eye,conditional.derived_discrimination.papilledema_vs_pseudopapilledema.average_precision,5,0.5178385404278261,0.08684317431884608,0.4396599927849928,0.6625541125541126
vit_method2,standardized_resnet18,calibrated,eye,conditional.derived_discrimination.papilledema_vs_pseudopapilledema.n,5,15.4,0.5477225575051661,15.0,16.0
vit_method2,standardized_resnet18,calibrated,eye,conditional.derived_discrimination.papilledema_vs_pseudopapilledema.negative,5,7.8,0.4472135954999579,7.0,8.0
vit_method2,standardized_resnet18,calibrated,eye,conditional.derived_discrimination.papilledema_vs_pseudopapilledema.positive,5,7.6,0.5477225575051662,7.0,8.0
vit_method2,standardized_resnet18,calibrated,eye,conditional.macro.adaptive_ece_ovr,5,0.2129149022563152,0.021757272702728224,0.17867580402362915,0.23720565455068185
vit_method2,standardized_resnet18,calibrated,eye,conditional.macro.auroc_ovr,5,0.7870443436633913,0.08573761100047372,0.6838233812043336,0.9045867976820358
vit_method2,standardized_resnet18,calibrated,eye,conditional.macro.average_precision_ovr,5,0.6030346602980644,0.11133029038726537,0.46318619520888743,0.7674098124098124
vit_method2,standardized_resnet18,calibrated,eye,conditional.macro.balanced_accuracy_ovr,5,0.6904541446208113,0.06280999612873174,0.624647266313933,0.7814814814814816
vit_method2,standardized_resnet18,calibrated,eye,conditional.macro.brier_ovr,5,0.1558166363982038,0.02187296096745556,0.12355095551718871,0.18443298470443148
vit_method2,standardized_resnet18,calibrated,eye,conditional.macro.ece_ovr,5,0.17997579300882746,0.021016460184142716,0.15499112422941352,0.20496817459157382
vit_method2,standardized_resnet18,calibrated,eye,conditional.macro.f1,5,0.540872061834694,0.0940955491273724,0.42368421052631583,0.6787049703602371
vit_method2,standardized_resnet18,calibrated,eye,conditional.macro.mcc_ovr,5,0.3862197336518808,0.14345785659781723,0.22938429709312924,0.6016998333234489
vit_method2,standardized_resnet18,calibrated,eye,conditional.macro.nll_ovr,5,0.484571629728089,0.056878277526360606,0.4104575200260267,0.568969530122078
vit_method2,standardized_resnet18,calibrated,eye,conditional.macro.nll_true_class,5,1.0027543129912166,0.16150353707140394,0.7985582781579215,1.2507984998296748
vit_method2,standardized_resnet18,calibrated,eye,conditional.macro.precision,5,0.5573221701596989,0.12212330974529828,0.40454545454545454,0.7342995169082126
vit_method2,standardized_resnet18,calibrated,eye,conditional.macro.recall,5,0.5519047619047619,0.08926825226068896,0.45,0.6785714285714285
vit_method2,standardized_resnet18,calibrated,eye,conditional.macro.specificity,5,0.8290035273368608,0.03867763470398007,0.7857142857142857,0.8843915343915344
vit_method2,standardized_resnet18,calibrated,eye,conditional.macro_auroc,5,0.7870443436633913,0.08573761100047372,0.6838233812043336,0.9045867976820358
vit_method2,standardized_resnet18,calibrated,eye,conditional.macro_average_precision,5,0.6030346602980644,0.11133029038726537,0.46318619520888743,0.7674098124098124
vit_method2,standardized_resnet18,calibrated,eye,conditional.macro_classwise_adaptive_ece,5,0.2129149022563152,0.021757272702728224,0.17867580402362915,0.23720565455068185
vit_method2,standardized_resnet18,calibrated,eye,conditional.macro_classwise_ece,5,0.17997579300882746,0.021016460184142716,0.15499112422941352,0.20496817459157382
vit_method2,standardized_resnet18,calibrated,eye,conditional.macro_f1,5,0.540872061834694,0.0940955491273724,0.42368421052631583,0.6787049703602371
vit_method2,standardized_resnet18,calibrated,eye,conditional.macro_precision,5,0.5573221701596989,0.12212330974529828,0.40454545454545454,0.7342995169082126
vit_method2,standardized_resnet18,calibrated,eye,conditional.macro_recall,5,0.5519047619047619,0.08926825226068896,0.45,0.6785714285714285
vit_method2,standardized_resnet18,calibrated,eye,conditional.multiclass_brier,5,0.4674499091946115,0.06561888290236667,0.37065286655156615,0.5532989541132944
vit_method2,standardized_resnet18,calibrated,eye,conditional.multiclass_mcc,5,0.4372865405462861,0.13963540185961645,0.3104851498504155,0.650057189893045
vit_method2,standardized_resnet18,calibrated,eye,conditional.multiclass_nll,5,0.7974153825227159,0.10009892768242878,0.6739674332329209,0.9410214680675322
vit_method2,standardized_resnet18,calibrated,eye,conditional.n,5,35.4,0.5477225575051661,35.0,36.0
vit_method2,standardized_resnet18,calibrated,eye,conditional.per_class.normal.adaptive_ece_ovr,5,0.19648470146690533,0.053677066075442086,0.1400587933541997,0.2792741936243265
vit_method2,standardized_resnet18,calibrated,eye,conditional.per_class.normal.auroc_ovr,5,0.9021666666666667,0.07276033837385434,0.8066666666666666,0.9933333333333334
vit_method2,standardized_resnet18,calibrated,eye,conditional.per_class.normal.average_precision_ovr,5,0.8866451983165875,0.0967454259148433,0.7602239853351207,0.9954545454545456
vit_method2,standardized_resnet18,calibrated,eye,conditional.per_class.normal.balanced_accuracy_ovr,5,0.8375,0.05728219618694801,0.75,0.9
vit_method2,standardized_resnet18,calibrated,eye,conditional.per_class.normal.brier_ovr,5,0.1252960683014662,0.02080525838404786,0.10498372642367287,0.1553111707035922
vit_method2,standardized_resnet18,calibrated,eye,conditional.per_class.normal.class_index,5,0.0,0.0,0.0,0.0
vit_method2,standardized_resnet18,calibrated,eye,conditional.per_class.normal.ece_ovr,5,0.17688773538692318,0.042945520496558975,0.13259429017466606,0.24273962727987888
vit_method2,standardized_resnet18,calibrated,eye,conditional.per_class.normal.f1,5,0.8592660990580206,0.06243561113030738,0.7692307692307693,0.9302325581395349
vit_method2,standardized_resnet18,calibrated,eye,conditional.per_class.normal.fn,5,2.6,2.0736441353327724,0.0,5.0
vit_method2,standardized_resnet18,calibrated,eye,conditional.per_class.normal.fp,5,3.0,0.7071067811865476,2.0,4.0
vit_method2,standardized_resnet18,calibrated,eye,conditional.per_class.normal.mcc_ovr,5,0.6841375972040918,0.12810532578987388,0.4976726017934395,0.8340576562282991
vit_method2,standardized_resnet18,calibrated,eye,conditional.per_class.normal.nll_ovr,5,0.39883315707556,0.062241142837403673,0.3218495274756959,0.4925303277254523
vit_method2,standardized_resnet18,calibrated,eye,conditional.per_class.normal.nll_true_class,5,0.4257978966321484,0.0582463780770955,0.338804714730696,0.4734029235839933
vit_method2,standardized_resnet18,calibrated,eye,conditional.per_class.normal.precision,5,0.8523128308254165,0.03780801103839166,0.7894736842105263,0.8888888888888888
vit_method2,standardized_resnet18,calibrated,eye,conditional.per_class.normal.recall,5,0.8700000000000001,0.10368220676663858,0.75,1.0
vit_method2,standardized_resnet18,calibrated,eye,conditional.per_class.normal.sensitivity,5,0.8700000000000001,0.10368220676663858,0.75,1.0
vit_method2,standardized_resnet18,calibrated,eye,conditional.per_class.normal.specificity,5,0.805,0.04472135954999579,0.75,0.875
vit_method2,standardized_resnet18,calibrated,eye,conditional.per_class.normal.support,5,20.0,0.0,20.0,20.0
vit_method2,standardized_resnet18,calibrated,eye,conditional.per_class.normal.tn,5,12.4,0.8944271909999159,12.0,14.0
vit_method2,standardized_resnet18,calibrated,eye,conditional.per_class.normal.tp,5,17.4,2.073644135332772,15.0,20.0
vit_method2,standardized_resnet18,calibrated,eye,conditional.per_class.papilledema.adaptive_ece_ovr,5,0.21541094071932615,0.024348399449256593,0.18446625807199457,0.24606653861583583
vit_method2,standardized_resnet18,calibrated,eye,conditional.per_class.papilledema.auroc_ovr,5,0.776077097505669,0.10002291449478246,0.6938775510204082,0.9398148148148148
vit_method2,standardized_resnet18,calibrated,eye,conditional.per_class.papilledema.average_precision_ovr,5,0.48771430819531414,0.16542410946093522,0.3001728430299859,0.7159090909090909
vit_method2,standardized_resnet18,calibrated,eye,conditional.per_class.papilledema.balanced_accuracy_ovr,5,0.6294312169312168,0.14163626544300909,0.42857142857142855,0.8194444444444444
vit_method2,standardized_resnet18,calibrated,eye,conditional.per_class.papilledema.brier_ovr,5,0.15720998043370935,0.023292493824697127,0.12577097619021996,0.1836924162095163
vit_method2,standardized_resnet18,calibrated,eye,conditional.per_class.papilledema.class_index,5,1.0,0.0,1.0,1.0
vit_method2,standardized_resnet18,calibrated,eye,conditional.per_class.papilledema.ece_ovr,5,0.1698588485077429,0.053335793606010415,0.10178023642778224,0.2136136603064706
vit_method2,standardized_resnet18,calibrated,eye,conditional.per_class.papilledema.f1,5,0.39355742296918766,0.25914149167100653,0.0,0.7058823529411765
vit_method2,standardized_resnet18,calibrated,eye,conditional.per_class.papilledema.fn,5,4.8,1.9235384061671346,2.0,7.0
vit_method2,standardized_resnet18,calibrated,eye,conditional.per_class.papilledema.fp,5,3.2,0.8366600265340756,2.0,4.0
vit_method2,standardized_resnet18,calibrated,eye,conditional.per_class.papilledema.mcc_ovr,5,0.26422121747512195,0.28673308312890955,-0.1796053020267749,0.6138245895861674
vit_method2,standardized_resnet18,calibrated,eye,conditional.per_class.papilledema.nll_ovr,5,0.48986845425194536,0.06467793943188213,0.41955435751646003,0.5779932897824592
vit_method2,standardized_resnet18,calibrated,eye,conditional.per_class.papilledema.nll_true_class,5,1.3584398942593947,0.5577664507274872,0.7202767901808824,2.019142121301467
vit_method2,standardized_resnet18,calibrated,eye,conditional.per_class.papilledema.precision,5,0.4333333333333333,0.25276251480171835,0.0,0.6666666666666666
vit_method2,standardized_resnet18,calibrated,eye,conditional.per_class.papilledema.recall,5,0.375,0.2795084971874737,0.0,0.75
vit_method2,standardized_resnet18,calibrated,eye,conditional.per_class.papilledema.sensitivity,5,0.375,0.2795084971874737,0.0,0.75
vit_method2,standardized_resnet18,calibrated,eye,conditional.per_class.papilledema.specificity,5,0.8838624338624339,0.030998699120491083,0.8518518518518519,0.9285714285714286
vit_method2,standardized_resnet18,calibrated,eye,conditional.per_class.papilledema.support,5,7.8,0.4472135954999579,7.0,8.0
vit_method2,standardized_resnet18,calibrated,eye,conditional.per_class.papilledema.tn,5,24.4,1.1401754250991378,23.0,26.0
vit_method2,standardized_resnet18,calibrated,eye,conditional.per_class.papilledema.tp,5,3.0,2.23606797749979,0.0,6.0
vit_method2,standardized_resnet18,calibrated,eye,conditional.per_class.pseudopapilledema.adaptive_ece_ovr,5,0.22684906458271414,0.05178039776655624,0.1606813971873137,0.2912130750289332
vit_method2,standardized_resnet18,calibrated,eye,conditional.per_class.pseudopapilledema.auroc_ovr,5,0.6828892668178382,0.10039837874890256,0.550925925925926,0.7857142857142857
vit_method2,standardized_resnet18,calibrated,eye,conditional.per_class.pseudopapilledema.average_precision_ovr,5,0.4347444743822912,0.12016797767986416,0.3086734693877551,0.5908658008658008
vit_method2,standardized_resnet18,calibrated,eye,conditional.per_class.pseudopapilledema.balanced_accuracy_ovr,5,0.6044312169312169,0.08869599981221282,0.5,0.7321428571428572
vit_method2,standardized_resnet18,calibrated,eye,conditional.per_class.pseudopapilledema.brier_ovr,5,0.18494386045943592,0.030122838757245834,0.1339274948352526,0.214295367200186
vit_method2,standardized_resnet18,calibrated,eye,conditional.per_class.pseudopapilledema.class_index,5,2.0,0.0,2.0,2.0
vit_method2,standardized_resnet18,calibrated,eye,conditional.per_class.pseudopapilledema.ece_ovr,5,0.19318079513181638,0.06720793564585731,0.09323023206130386,0.2819429405396355
vit_method2,standardized_resnet18,calibrated,eye,conditional.per_class.pseudopapilledema.f1,5,0.36979266347687395,0.14015498508571422,0.16666666666666666,0.5454545454545454
vit_method2,standardized_resnet18,calibrated,eye,conditional.per_class.pseudopapilledema.fn,5,4.4,1.51657508881031,2.0,6.0
vit_method2,standardized_resnet18,calibrated,eye,conditional.per_class.pseudopapilledema.fp,5,5.6,3.0495901363953815,1.0,8.0
vit_method2,standardized_resnet18,calibrated,eye,conditional.per_class.pseudopapilledema.mcc_ovr,5,0.2103003862764286,0.1711409077346824,0.0,0.3959441875175622
vit_method2,standardized_resnet18,calibrated,eye,conditional.per_class.pseudopapilledema.nll_ovr,5,0.5650132778567615,0.09071097501855167,0.42873852544012164,0.6839249150878094
vit_method2,standardized_resnet18,calibrated,eye,conditional.per_class.pseudopapilledema.nll_true_class,5,1.224025148082107,0.4459444691069265,0.5441061878378065,1.6869665052031662
vit_method2,standardized_resnet18,calibrated,eye,conditional.per_class.pseudopapilledema.precision,5,0.3863203463203463,0.1792431548028905,0.2,0.6666666666666666
vit_method2,standardized_resnet18,calibrated,eye,conditional.per_class.pseudopapilledema.recall,5,0.4107142857142857,0.23007319154866296,0.14285714285714285,0.75
vit_method2,standardized_resnet18,calibrated,eye,conditional.per_class.pseudopapilledema.sensitivity,5,0.4107142857142857,0.23007319154866296,0.14285714285714285,0.75
vit_method2,standardized_resnet18,calibrated,eye,conditional.per_class.pseudopapilledema.specificity,5,0.798148148148148,0.11004941233757998,0.7142857142857143,0.9642857142857143
vit_method2,standardized_resnet18,calibrated,eye,conditional.per_class.pseudopapilledema.support,5,7.6,0.5477225575051662,7.0,8.0
vit_method2,standardized_resnet18,calibrated,eye,conditional.per_class.pseudopapilledema.tn,5,22.2,3.1937438845342623,20.0,27.0
vit_method2,standardized_resnet18,calibrated,eye,conditional.per_class.pseudopapilledema.tp,5,3.2,1.9235384061671346,1.0,6.0
vit_method2,standardized_resnet18,calibrated,eye,conditional.top_label_adaptive_ece,5,0.17535138325523542,0.03766183322191957,0.1374574709794944,0.23278512329218007
vit_method2,standardized_resnet18,calibrated,eye,conditional.top_label_ece,5,0.16922891728854417,0.0527528491650499,0.13842531534702257,0.2621437780370054
vit_method2,standardized_resnet18,calibrated,eye,conditional_aurc,5,0.23481579224982507,0.0965512568063357,0.09884033277014379,0.3585560846922551
vit_method2,standardized_resnet18,calibrated,eye,coverage,5,0.9833333333333334,0.015214515486254621,0.9722222222222222,1.0
vit_method2,standardized_resnet18,calibrated,eye,failure_aware.accuracy,5,0.6555555555555556,0.08002700161604406,0.5833333333333334,0.7777777777777778
vit_method2,standardized_resnet18,calibrated,eye,failure_aware.aurc,5,0.2360906819419312,0.0960452013684603,0.10226760747714597,0.36017026752487763
vit_method2,standardized_resnet18,calibrated,eye,failure_aware.balanced_accuracy,5,0.5483333333333333,0.08547254269972054,0.45,0.6666666666666666
vit_method2,standardized_resnet18,calibrated,eye,failure_aware.correct,5,23.6,2.8809720581775866,21.0,28.0
vit_method2,standardized_resnet18,calibrated,eye,failure_aware.incorrect_or_abstained,5,12.4,2.8809720581775866,8.0,15.0
vit_method2,standardized_resnet18,calibrated,eye,failure_aware.macro_f1,5,0.5375931185557508,0.0899051563517755,0.42368421052631583,0.666583758239025
vit_method2,standardized_resnet18,calibrated,eye,failure_aware.macro_precision,5,0.5573221701596989,0.12212330974529828,0.40454545454545454,0.7342995169082126
vit_method2,standardized_resnet18,calibrated,eye,failure_aware.macro_recall,5,0.5483333333333333,0.08547254269972054,0.45,0.6666666666666666
vit_method2,standardized_resnet18,calibrated,eye,failure_aware.macro_specificity,5,0.8130952380952381,0.0351140028660777,0.7738095238095238,0.8571428571428572
vit_method2,standardized_resnet18,calibrated,eye,failure_aware.multiclass_mcc,5,0.4296112254987733,0.13179486790658718,0.30931201496764094,0.6273132732541127
vit_method2,standardized_resnet18,calibrated,eye,failure_aware.per_class.normal.abstain,5,0.0,0.0,0.0,0.0
vit_method2,standardized_resnet18,calibrated,eye,failure_aware.per_class.normal.balanced_accuracy_ovr,5,0.8225000000000001,0.04873397172404481,0.75,0.875
vit_method2,standardized_resnet18,calibrated,eye,failure_aware.per_class.normal.class_index,5,0.0,0.0,0.0,0.0
vit_method2,standardized_resnet18,calibrated,eye,failure_aware.per_class.normal.f1,5,0.8592660990580206,0.06243561113030738,0.7692307692307693,0.9302325581395349
vit_method2,standardized_resnet18,calibrated,eye,failure_aware.per_class.normal.fn_including_abstain,5,2.6,2.0736441353327724,0.0,5.0
vit_method2,standardized_resnet18,calibrated,eye,failure_aware.per_class.normal.fp,5,3.0,0.7071067811865476,2.0,4.0
vit_method2,standardized_resnet18,calibrated,eye,failure_aware.per_class.normal.precision,5,0.8523128308254165,0.03780801103839166,0.7894736842105263,0.8888888888888888
vit_method2,standardized_resnet18,calibrated,eye,failure_aware.per_class.normal.recall,5,0.8700000000000001,0.10368220676663858,0.75,1.0
vit_method2,standardized_resnet18,calibrated,eye,failure_aware.per_class.normal.sensitivity,5,0.8700000000000001,0.10368220676663858,0.75,1.0
vit_method2,standardized_resnet18,calibrated,eye,failure_aware.per_class.normal.specificity,5,0.775,0.05590169943749474,0.75,0.875
vit_method2,standardized_resnet18,calibrated,eye,failure_aware.per_class.normal.support,5,20.0,0.0,20.0,20.0
vit_method2,standardized_resnet18,calibrated,eye,failure_aware.per_class.normal.tn_excluding_abstain,5,12.4,0.8944271909999159,12.0,14.0
vit_method2,standardized_resnet18,calibrated,eye,failure_aware.per_class.normal.tp,5,17.4,2.073644135332772,15.0,20.0
vit_method2,standardized_resnet18,calibrated,eye,failure_aware.per_class.papilledema.abstain,5,0.2,0.447213595499958,0.0,1.0
vit_method2,standardized_resnet18,calibrated,eye,failure_aware.per_class.papilledema.balanced_accuracy_ovr,5,0.6232142857142857,0.1351727919126826,0.42857142857142855,0.8035714285714286
vit_method2,standardized_resnet18,calibrated,eye,failure_aware.per_class.papilledema.class_index,5,1.0,0.0,1.0,1.0
vit_method2,standardized_resnet18,calibrated,eye,failure_aware.per_class.papilledema.f1,5,0.39355742296918766,0.25914149167100653,0.0,0.7058823529411765
vit_method2,standardized_resnet18,calibrated,eye,failure_aware.per_class.papilledema.fn_including_abstain,5,5.0,2.23606797749979,2.0,8.0
vit_method2,standardized_resnet18,calibrated,eye,failure_aware.per_class.papilledema.fp,5,3.2,0.8366600265340756,2.0,4.0
vit_method2,standardized_resnet18,calibrated,eye,failure_aware.per_class.papilledema.precision,5,0.4333333333333333,0.25276251480171835,0.0,0.6666666666666666
vit_method2,standardized_resnet18,calibrated,eye,failure_aware.per_class.papilledema.recall,5,0.375,0.2795084971874737,0.0,0.75
vit_method2,standardized_resnet18,calibrated,eye,failure_aware.per_class.papilledema.sensitivity,5,0.375,0.2795084971874737,0.0,0.75
vit_method2,standardized_resnet18,calibrated,eye,failure_aware.per_class.papilledema.specificity,5,0.8714285714285716,0.04072055089639782,0.8214285714285714,0.9285714285714286
vit_method2,standardized_resnet18,calibrated,eye,failure_aware.per_class.papilledema.support,5,8.0,0.0,8.0,8.0
vit_method2,standardized_resnet18,calibrated,eye,failure_aware.per_class.papilledema.tn_excluding_abstain,5,24.4,1.1401754250991378,23.0,26.0
vit_method2,standardized_resnet18,calibrated,eye,failure_aware.per_class.papilledema.tp,5,3.0,2.23606797749979,0.0,6.0
vit_method2,standardized_resnet18,calibrated,eye,failure_aware.per_class.pseudopapilledema.abstain,5,0.4,0.5477225575051662,0.0,1.0
vit_method2,standardized_resnet18,calibrated,eye,failure_aware.per_class.pseudopapilledema.balanced_accuracy_ovr,5,0.5964285714285714,0.09004144453913365,0.49107142857142855,0.7321428571428572
vit_method2,standardized_resnet18,calibrated,eye,failure_aware.per_class.pseudopapilledema.class_index,5,2.0,0.0,2.0,2.0
vit_method2,standardized_resnet18,calibrated,eye,failure_aware.per_class.pseudopapilledema.f1,5,0.3599558336400442,0.14369064388536978,0.15384615384615385,0.5454545454545454
vit_method2,standardized_resnet18,calibrated,eye,failure_aware.per_class.pseudopapilledema.fn_including_abstain,5,4.8,1.9235384061671346,2.0,7.0
vit_method2,standardized_resnet18,calibrated,eye,failure_aware.per_class.pseudopapilledema.fp,5,5.6,3.0495901363953815,1.0,8.0
vit_method2,standardized_resnet18,calibrated,eye,failure_aware.per_class.pseudopapilledema.precision,5,0.3863203463203463,0.1792431548028905,0.2,0.6666666666666666
vit_method2,standardized_resnet18,calibrated,eye,failure_aware.per_class.pseudopapilledema.recall,5,0.4,0.24044230077089182,0.125,0.75
vit_method2,standardized_resnet18,calibrated,eye,failure_aware.per_class.pseudopapilledema.sensitivity,5,0.4,0.24044230077089182,0.125,0.75
vit_method2,standardized_resnet18,calibrated,eye,failure_aware.per_class.pseudopapilledema.specificity,5,0.7928571428571429,0.11406228159050935,0.7142857142857143,0.9642857142857143
vit_method2,standardized_resnet18,calibrated,eye,failure_aware.per_class.pseudopapilledema.support,5,8.0,0.0,8.0,8.0
vit_method2,standardized_resnet18,calibrated,eye,failure_aware.per_class.pseudopapilledema.tn_excluding_abstain,5,22.2,3.1937438845342623,20.0,27.0
vit_method2,standardized_resnet18,calibrated,eye,failure_aware.per_class.pseudopapilledema.tp,5,3.2,1.9235384061671346,1.0,6.0
vit_method2,standardized_resnet18,calibrated,eye,failure_aware_accuracy,5,0.6555555555555556,0.08002700161604406,0.5833333333333334,0.7777777777777778
vit_method2,standardized_resnet18,calibrated,eye,failure_aware_aurc,5,0.2360906819419312,0.0960452013684603,0.10226760747714597,0.36017026752487763
vit_method2,standardized_resnet18,calibrated,eye,failure_aware_balanced_accuracy,5,0.5483333333333333,0.08547254269972054,0.45,0.6666666666666666
vit_method2,standardized_resnet18,calibrated,eye,failure_inclusive.accuracy,5,0.6555555555555556,0.08002700161604406,0.5833333333333334,0.7777777777777778
vit_method2,standardized_resnet18,calibrated,eye,failure_inclusive.aurc,5,0.2360906819419312,0.0960452013684603,0.10226760747714597,0.36017026752487763
vit_method2,standardized_resnet18,calibrated,eye,failure_inclusive.balanced_accuracy,5,0.5483333333333333,0.08547254269972054,0.45,0.6666666666666666
vit_method2,standardized_resnet18,calibrated,eye,failure_inclusive.correct,5,23.6,2.8809720581775866,21.0,28.0
vit_method2,standardized_resnet18,calibrated,eye,failure_inclusive.incorrect_or_abstained,5,12.4,2.8809720581775866,8.0,15.0
vit_method2,standardized_resnet18,calibrated,eye,failure_inclusive.macro_f1,5,0.5375931185557508,0.0899051563517755,0.42368421052631583,0.666583758239025
vit_method2,standardized_resnet18,calibrated,eye,failure_inclusive.macro_precision,5,0.5573221701596989,0.12212330974529828,0.40454545454545454,0.7342995169082126
vit_method2,standardized_resnet18,calibrated,eye,failure_inclusive.macro_recall,5,0.5483333333333333,0.08547254269972054,0.45,0.6666666666666666
vit_method2,standardized_resnet18,calibrated,eye,failure_inclusive.macro_specificity,5,0.8130952380952381,0.0351140028660777,0.7738095238095238,0.8571428571428572
vit_method2,standardized_resnet18,calibrated,eye,failure_inclusive.multiclass_mcc,5,0.4296112254987733,0.13179486790658718,0.30931201496764094,0.6273132732541127
vit_method2,standardized_resnet18,calibrated,eye,failure_inclusive.per_class.normal.abstain,5,0.0,0.0,0.0,0.0
vit_method2,standardized_resnet18,calibrated,eye,failure_inclusive.per_class.normal.balanced_accuracy_ovr,5,0.8225000000000001,0.04873397172404481,0.75,0.875
vit_method2,standardized_resnet18,calibrated,eye,failure_inclusive.per_class.normal.class_index,5,0.0,0.0,0.0,0.0
vit_method2,standardized_resnet18,calibrated,eye,failure_inclusive.per_class.normal.f1,5,0.8592660990580206,0.06243561113030738,0.7692307692307693,0.9302325581395349
vit_method2,standardized_resnet18,calibrated,eye,failure_inclusive.per_class.normal.fn_including_abstain,5,2.6,2.0736441353327724,0.0,5.0
vit_method2,standardized_resnet18,calibrated,eye,failure_inclusive.per_class.normal.fp,5,3.0,0.7071067811865476,2.0,4.0
vit_method2,standardized_resnet18,calibrated,eye,failure_inclusive.per_class.normal.precision,5,0.8523128308254165,0.03780801103839166,0.7894736842105263,0.8888888888888888
vit_method2,standardized_resnet18,calibrated,eye,failure_inclusive.per_class.normal.recall,5,0.8700000000000001,0.10368220676663858,0.75,1.0
vit_method2,standardized_resnet18,calibrated,eye,failure_inclusive.per_class.normal.sensitivity,5,0.8700000000000001,0.10368220676663858,0.75,1.0
vit_method2,standardized_resnet18,calibrated,eye,failure_inclusive.per_class.normal.specificity,5,0.775,0.05590169943749474,0.75,0.875
vit_method2,standardized_resnet18,calibrated,eye,failure_inclusive.per_class.normal.support,5,20.0,0.0,20.0,20.0
vit_method2,standardized_resnet18,calibrated,eye,failure_inclusive.per_class.normal.tn_excluding_abstain,5,12.4,0.8944271909999159,12.0,14.0
vit_method2,standardized_resnet18,calibrated,eye,failure_inclusive.per_class.normal.tp,5,17.4,2.073644135332772,15.0,20.0
vit_method2,standardized_resnet18,calibrated,eye,failure_inclusive.per_class.papilledema.abstain,5,0.2,0.447213595499958,0.0,1.0
vit_method2,standardized_resnet18,calibrated,eye,failure_inclusive.per_class.papilledema.balanced_accuracy_ovr,5,0.6232142857142857,0.1351727919126826,0.42857142857142855,0.8035714285714286
vit_method2,standardized_resnet18,calibrated,eye,failure_inclusive.per_class.papilledema.class_index,5,1.0,0.0,1.0,1.0
vit_method2,standardized_resnet18,calibrated,eye,failure_inclusive.per_class.papilledema.f1,5,0.39355742296918766,0.25914149167100653,0.0,0.7058823529411765
vit_method2,standardized_resnet18,calibrated,eye,failure_inclusive.per_class.papilledema.fn_including_abstain,5,5.0,2.23606797749979,2.0,8.0
vit_method2,standardized_resnet18,calibrated,eye,failure_inclusive.per_class.papilledema.fp,5,3.2,0.8366600265340756,2.0,4.0
vit_method2,standardized_resnet18,calibrated,eye,failure_inclusive.per_class.papilledema.precision,5,0.4333333333333333,0.25276251480171835,0.0,0.6666666666666666
vit_method2,standardized_resnet18,calibrated,eye,failure_inclusive.per_class.papilledema.recall,5,0.375,0.2795084971874737,0.0,0.75
vit_method2,standardized_resnet18,calibrated,eye,failure_inclusive.per_class.papilledema.sensitivity,5,0.375,0.2795084971874737,0.0,0.75
vit_method2,standardized_resnet18,calibrated,eye,failure_inclusive.per_class.papilledema.specificity,5,0.8714285714285716,0.04072055089639782,0.8214285714285714,0.9285714285714286
vit_method2,standardized_resnet18,calibrated,eye,failure_inclusive.per_class.papilledema.support,5,8.0,0.0,8.0,8.0
vit_method2,standardized_resnet18,calibrated,eye,failure_inclusive.per_class.papilledema.tn_excluding_abstain,5,24.4,1.1401754250991378,23.0,26.0
vit_method2,standardized_resnet18,calibrated,eye,failure_inclusive.per_class.papilledema.tp,5,3.0,2.23606797749979,0.0,6.0
vit_method2,standardized_resnet18,calibrated,eye,failure_inclusive.per_class.pseudopapilledema.abstain,5,0.4,0.5477225575051662,0.0,1.0
vit_method2,standardized_resnet18,calibrated,eye,failure_inclusive.per_class.pseudopapilledema.balanced_accuracy_ovr,5,0.5964285714285714,0.09004144453913365,0.49107142857142855,0.7321428571428572
vit_method2,standardized_resnet18,calibrated,eye,failure_inclusive.per_class.pseudopapilledema.class_index,5,2.0,0.0,2.0,2.0
vit_method2,standardized_resnet18,calibrated,eye,failure_inclusive.per_class.pseudopapilledema.f1,5,0.3599558336400442,0.14369064388536978,0.15384615384615385,0.5454545454545454
vit_method2,standardized_resnet18,calibrated,eye,failure_inclusive.per_class.pseudopapilledema.fn_including_abstain,5,4.8,1.9235384061671346,2.0,7.0
vit_method2,standardized_resnet18,calibrated,eye,failure_inclusive.per_class.pseudopapilledema.fp,5,5.6,3.0495901363953815,1.0,8.0
vit_method2,standardized_resnet18,calibrated,eye,failure_inclusive.per_class.pseudopapilledema.precision,5,0.3863203463203463,0.1792431548028905,0.2,0.6666666666666666
vit_method2,standardized_resnet18,calibrated,eye,failure_inclusive.per_class.pseudopapilledema.recall,5,0.4,0.24044230077089182,0.125,0.75
vit_method2,standardized_resnet18,calibrated,eye,failure_inclusive.per_class.pseudopapilledema.sensitivity,5,0.4,0.24044230077089182,0.125,0.75
vit_method2,standardized_resnet18,calibrated,eye,failure_inclusive.per_class.pseudopapilledema.specificity,5,0.7928571428571429,0.11406228159050935,0.7142857142857143,0.9642857142857143
vit_method2,standardized_resnet18,calibrated,eye,failure_inclusive.per_class.pseudopapilledema.support,5,8.0,0.0,8.0,8.0
vit_method2,standardized_resnet18,calibrated,eye,failure_inclusive.per_class.pseudopapilledema.tn_excluding_abstain,5,22.2,3.1937438845342623,20.0,27.0
vit_method2,standardized_resnet18,calibrated,eye,failure_inclusive.per_class.pseudopapilledema.tp,5,3.2,1.9235384061671346,1.0,6.0
vit_method2,standardized_resnet18,calibrated,eye,localized_diagnostic_success.localized_rate,5,0.8666666666666668,0.11180339887498948,0.6944444444444444,1.0
vit_method2,standardized_resnet18,calibrated,eye,localized_diagnostic_success.n_success,5,22.4,3.9749213828703582,17.0,28.0
vit_method2,standardized_resnet18,calibrated,eye,localized_diagnostic_success.per_class_rate.normal,5,0.8400000000000001,0.12449899597988733,0.75,1.0
vit_method2,standardized_resnet18,calibrated,eye,localized_diagnostic_success.per_class_rate.papilledema,5,0.35,0.270993542358485,0.0,0.75
vit_method2,standardized_resnet18,calibrated,eye,localized_diagnostic_success.per_class_rate.pseudopapilledema,5,0.35,0.24044230077089182,0.125,0.75
vit_method2,standardized_resnet18,calibrated,eye,localized_diagnostic_success.rate,5,0.6222222222222222,0.11041448285750995,0.4722222222222222,0.7777777777777778
vit_method2,standardized_resnet18,calibrated,eye,n_abstain,5,0.6,0.5477225575051662,0.0,1.0
vit_method2,standardized_resnet18,calibrated,eye,n_covered,5,35.4,0.5477225575051661,35.0,36.0
vit_method2,standardized_resnet18,calibrated,eye,n_total,5,36.0,0.0,36.0,36.0
vit_method2,standardized_resnet18,calibrated,eye,selective_risk,5,0.33285714285714285,0.08591906754498942,0.2,0.4166666666666667
vit_method2,standardized_resnet18,calibrated,patient,abstention_rate,5,0.03333333333333333,0.03042903097250923,0.0,0.05555555555555555
vit_method2,standardized_resnet18,calibrated,patient,class_conditional_coverage.normal,5,1.0,0.0,1.0,1.0
vit_method2,standardized_resnet18,calibrated,patient,class_conditional_coverage.papilledema,5,0.95,0.11180339887498948,0.75,1.0
vit_method2,standardized_resnet18,calibrated,patient,class_conditional_coverage.pseudopapilledema,5,0.9,0.13693063937629152,0.75,1.0
vit_method2,standardized_resnet18,calibrated,patient,conditional.accuracy,5,0.7248366013071895,0.09301964825652072,0.6470588235294118,0.8823529411764706
vit_method2,standardized_resnet18,calibrated,patient,conditional.balanced_accuracy,5,0.601111111111111,0.1292428090986253,0.4166666666666667,0.7777777777777778
vit_method2,standardized_resnet18,calibrated,patient,conditional.class_counts.normal,5,10.0,0.0,10.0,10.0
vit_method2,standardized_resnet18,calibrated,patient,conditional.class_counts.papilledema,5,3.8,0.4472135954999579,3.0,4.0
vit_method2,standardized_resnet18,calibrated,patient,conditional.class_counts.pseudopapilledema,5,3.6,0.5477225575051661,3.0,4.0
vit_method2,standardized_resnet18,calibrated,patient,conditional.derived_discrimination.normal_vs_abnormal.auroc,5,0.9107142857142858,0.05813864498607039,0.8428571428571429,1.0
vit_method2,standardized_resnet18,calibrated,patient,conditional.derived_discrimination.normal_vs_abnormal.average_precision,5,0.9302798392084105,0.044894492497614444,0.8839285714285714,1.0
vit_method2,standardized_resnet18,calibrated,patient,conditional.derived_discrimination.normal_vs_abnormal.n,5,17.4,0.5477225575051661,17.0,18.0
vit_method2,standardized_resnet18,calibrated,patient,conditional.derived_discrimination.normal_vs_abnormal.negative,5,10.0,0.0,10.0,10.0
vit_method2,standardized_resnet18,calibrated,patient,conditional.derived_discrimination.normal_vs_abnormal.positive,5,7.4,0.5477225575051661,7.0,8.0
vit_method2,standardized_resnet18,calibrated,patient,conditional.derived_discrimination.papilledema_vs_pseudopapilledema.auroc,5,0.45833333333333337,0.16666666666666666,0.25,0.6666666666666666
vit_method2,standardized_resnet18,calibrated,patient,conditional.derived_discrimination.papilledema_vs_pseudopapilledema.average_precision,5,0.6043650793650794,0.13458174058154837,0.44047619047619047,0.7222222222222222
vit_method2,standardized_resnet18,calibrated,patient,conditional.derived_discrimination.papilledema_vs_pseudopapilledema.n,5,7.4,0.5477225575051661,7.0,8.0
vit_method2,standardized_resnet18,calibrated,patient,conditional.derived_discrimination.papilledema_vs_pseudopapilledema.negative,5,3.8,0.4472135954999579,3.0,4.0
vit_method2,standardized_resnet18,calibrated,patient,conditional.derived_discrimination.papilledema_vs_pseudopapilledema.positive,5,3.6,0.5477225575051661,3.0,4.0
vit_method2,standardized_resnet18,calibrated,patient,conditional.macro.adaptive_ece_ovr,5,0.21403842258358236,0.03966927729389845,0.1584486051852593,0.2547085881359195
vit_method2,standardized_resnet18,calibrated,patient,conditional.macro.auroc_ovr,5,0.8137667887667887,0.08195226010557025,0.6988400488400487,0.9062881562881563
vit_method2,standardized_resnet18,calibrated,patient,conditional.macro.average_precision_ovr,5,0.6608559403559403,0.11583489129388512,0.5022198172198172,0.8074074074074074
vit_method2,standardized_resnet18,calibrated,patient,conditional.macro.balanced_accuracy_ovr,5,0.7252350427350427,0.08731716034885774,0.6103479853479854,0.8522588522588522
vit_method2,standardized_resnet18,calibrated,patient,conditional.macro.brier_ovr,5,0.14924419084490678,0.02724965893058747,0.11101367926380618,0.1807590802390671
vit_method2,standardized_resnet18,calibrated,patient,conditional.macro.ece_ovr,5,0.20795018180264946,0.019714119361273513,0.18751624876016648,0.23381815910619005
vit_method2,standardized_resnet18,calibrated,patient,conditional.macro.f1,5,0.5940981240981241,0.13993891212135443,0.3863636363636364,0.7804232804232804
vit_method2,standardized_resnet18,calibrated,patient,conditional.macro.mcc_ovr,5,0.46853240120785056,0.19244454212479847,0.22500666885655332,0.7607114677397968
vit_method2,standardized_resnet18,calibrated,patient,conditional.macro.nll_ovr,5,0.615936260843348,0.29619172960454176,0.3833391545301019,1.0971645871277973
vit_method2,standardized_resnet18,calibrated,patient,conditional.macro.nll_true_class,5,1.4551402636828354,0.847114262345344,0.7796213371539688,2.830385902950095
vit_method2,standardized_resnet18,calibrated,patient,conditional.macro.precision,5,0.6251515151515151,0.19194656902022725,0.36111111111111116,0.903030303030303
vit_method2,standardized_resnet18,calibrated,patient,conditional.macro.recall,5,0.601111111111111,0.1292428090986253,0.4166666666666667,0.7777777777777778
vit_method2,standardized_resnet18,calibrated,patient,conditional.macro.specificity,5,0.8493589743589745,0.04829663731536355,0.804029304029304,0.9267399267399267
vit_method2,standardized_resnet18,calibrated,patient,conditional.macro_auroc,5,0.8137667887667887,0.08195226010557025,0.6988400488400487,0.9062881562881563
vit_method2,standardized_resnet18,calibrated,patient,conditional.macro_average_precision,5,0.6608559403559403,0.11583489129388512,0.5022198172198172,0.8074074074074074
vit_method2,standardized_resnet18,calibrated,patient,conditional.macro_classwise_adaptive_ece,5,0.21403842258358236,0.03966927729389845,0.1584486051852593,0.2547085881359195
vit_method2,standardized_resnet18,calibrated,patient,conditional.macro_classwise_ece,5,0.20795018180264946,0.019714119361273513,0.18751624876016648,0.23381815910619005
vit_method2,standardized_resnet18,calibrated,patient,conditional.macro_f1,5,0.5940981240981241,0.13993891212135443,0.3863636363636364,0.7804232804232804
vit_method2,standardized_resnet18,calibrated,patient,conditional.macro_precision,5,0.6251515151515151,0.19194656902022725,0.36111111111111116,0.903030303030303
vit_method2,standardized_resnet18,calibrated,patient,conditional.macro_recall,5,0.601111111111111,0.1292428090986253,0.4166666666666667,0.7777777777777778
vit_method2,standardized_resnet18,calibrated,patient,conditional.multiclass_brier,5,0.4477325725347203,0.08174897679176245,0.33304103779141847,0.5422772407172013
vit_method2,standardized_resnet18,calibrated,patient,conditional.multiclass_mcc,5,0.5157305379161724,0.17573983468283033,0.3312945782245396,0.7994544687551033
vit_method2,standardized_resnet18,calibrated,patient,conditional.multiclass_nll,5,1.0451742254104868,0.5673029349159555,0.6307580808966834,1.993634691663857
vit_method2,standardized_resnet18,calibrated,patient,conditional.n,5,17.4,0.5477225575051661,17.0,18.0
vit_method2,standardized_resnet18,calibrated,patient,conditional.per_class.normal.adaptive_ece_ovr,5,0.19277046282366486,0.06542756091992884,0.12840966383430671,0.2729955130917353
vit_method2,standardized_resnet18,calibrated,patient,conditional.per_class.normal.auroc_ovr,5,0.9107142857142858,0.05813864498607039,0.8428571428571429,1.0
vit_method2,standardized_resnet18,calibrated,patient,conditional.per_class.normal.average_precision_ovr,5,0.9160598845598844,0.06025193761017391,0.8322546897546897,0.9999999999999999
vit_method2,standardized_resnet18,calibrated,patient,conditional.per_class.normal.balanced_accuracy_ovr,5,0.8510714285714286,0.0614140348248622,0.775,0.9285714285714286
vit_method2,standardized_resnet18,calibrated,patient,conditional.per_class.normal.brier_ovr,5,0.11613673656335162,0.013469417724010259,0.10418244421340314,0.1312349639102101
vit_method2,standardized_resnet18,calibrated,patient,conditional.per_class.normal.class_index,5,0.0,0.0,0.0,0.0
vit_method2,standardized_resnet18,calibrated,patient,conditional.per_class.normal.ece_ovr,5,0.19379376216850366,0.06742020749198088,0.11485244292323366,0.29983427234360904
vit_method2,standardized_resnet18,calibrated,patient,conditional.per_class.normal.f1,5,0.8837229437229437,0.05774606196330626,0.8,0.9523809523809523
vit_method2,standardized_resnet18,calibrated,patient,conditional.per_class.normal.fn,5,0.8,0.8366600265340756,0.0,2.0
vit_method2,standardized_resnet18,calibrated,patient,conditional.per_class.normal.fp,5,1.6,0.5477225575051661,1.0,2.0
vit_method2,standardized_resnet18,calibrated,patient,conditional.per_class.normal.mcc_ovr,5,0.7223756414253892,0.13102241034610448,0.55,0.8827348295047495
vit_method2,standardized_resnet18,calibrated,patient,conditional.per_class.normal.nll_ovr,5,0.4122109873550908,0.0774754807823063,0.3719857116862683,0.5503657560092864
vit_method2,standardized_resnet18,calibrated,patient,conditional.per_class.normal.nll_true_class,5,0.34098106333870654,0.08842788674624096,0.23943037606463813,0.4353947902667981
vit_method2,standardized_resnet18,calibrated,patient,conditional.per_class.normal.precision,5,0.8521212121212122,0.04939486892599989,0.8,0.9090909090909091
vit_method2,standardized_resnet18,calibrated,patient,conditional.per_class.normal.recall,5,0.9200000000000002,0.08366600265340754,0.8,1.0
vit_method2,standardized_resnet18,calibrated,patient,conditional.per_class.normal.sensitivity,5,0.9200000000000002,0.08366600265340754,0.8,1.0
vit_method2,standardized_resnet18,calibrated,patient,conditional.per_class.normal.specificity,5,0.7821428571428573,0.07824607964359515,0.7142857142857143,0.875
vit_method2,standardized_resnet18,calibrated,patient,conditional.per_class.normal.support,5,10.0,0.0,10.0,10.0
vit_method2,standardized_resnet18,calibrated,patient,conditional.per_class.normal.tn,5,5.8,0.8366600265340756,5.0,7.0
vit_method2,standardized_resnet18,calibrated,patient,conditional.per_class.normal.tp,5,9.2,0.8366600265340756,8.0,10.0
vit_method2,standardized_resnet18,calibrated,patient,conditional.per_class.papilledema.adaptive_ece_ovr,5,0.21415277366147648,0.04585960624318946,0.17173096352161588,0.27500295079135645
vit_method2,standardized_resnet18,calibrated,patient,conditional.per_class.papilledema.auroc_ovr,5,0.8119963369963369,0.14873328562718702,0.619047619047619,0.9807692307692308
vit_method2,standardized_resnet18,calibrated,patient,conditional.per_class.papilledema.average_precision_ovr,5,0.6248809523809523,0.2784106169946268,0.2619047619047619,0.95
vit_method2,standardized_resnet18,calibrated,patient,conditional.per_class.papilledema.balanced_accuracy_ovr,5,0.6881868131868132,0.18429643595905285,0.4642857142857143,0.9615384615384616
vit_method2,standardized_resnet18,calibrated,patient,conditional.per_class.papilledema.brier_ovr,5,0.15109318890663803,0.041486519767977174,0.10930633862298157,0.193833288768485
vit_method2,standardized_resnet18,calibrated,patient,conditional.per_class.papilledema.class_index,5,1.0,0.0,1.0,1.0
vit_method2,standardized_resnet18,calibrated,patient,conditional.per_class.papilledema.ece_ovr,5,0.21462621143592625,0.034688298456534344,0.1737036353236662,0.2510079807775658
vit_method2,standardized_resnet18,calibrated,patient,conditional.per_class.papilledema.f1,5,0.473015873015873,0.32999079978318635,0.0,0.8888888888888888
vit_method2,standardized_resnet18,calibrated,patient,conditional.per_class.papilledema.fn,5,2.0,1.224744871391589,0.0,3.0
vit_method2,standardized_resnet18,calibrated,patient,conditional.per_class.papilledema.fp,5,1.0,0.0,1.0,1.0
vit_method2,standardized_resnet18,calibrated,patient,conditional.per_class.papilledema.mcc_ovr,5,0.38573722350045586,0.3584254069004157,-0.11572751247156893,0.8593378488473195
vit_method2,standardized_resnet18,calibrated,patient,conditional.per_class.papilledema.nll_ovr,5,0.7348123762491536,0.6166575002662188,0.34837802407054413,1.816278228340254
vit_method2,standardized_resnet18,calibrated,patient,conditional.per_class.papilledema.nll_true_class,5,2.6856994435257313,2.9734679646260216,0.6970568256415535,7.7861990417351485
vit_method2,standardized_resnet18,calibrated,patient,conditional.per_class.papilledema.precision,5,0.5266666666666666,0.31304951684997057,0.0,0.8
vit_method2,standardized_resnet18,calibrated,patient,conditional.per_class.papilledema.recall,5,0.45,0.37080992435478316,0.0,1.0
vit_method2,standardized_resnet18,calibrated,patient,conditional.per_class.papilledema.sensitivity,5,0.45,0.37080992435478316,0.0,1.0
vit_method2,standardized_resnet18,calibrated,patient,conditional.per_class.papilledema.specificity,5,0.9263736263736264,0.003009464601676726,0.9230769230769231,0.9285714285714286
vit_method2,standardized_resnet18,calibrated,patient,conditional.per_class.papilledema.support,5,3.8,0.4472135954999579,3.0,4.0
vit_method2,standardized_resnet18,calibrated,patient,conditional.per_class.papilledema.tn,5,12.6,0.5477225575051662,12.0,13.0
vit_method2,standardized_resnet18,calibrated,patient,conditional.per_class.papilledema.tp,5,1.8,1.4832396974191326,0.0,4.0
vit_method2,standardized_resnet18,calibrated,patient,conditional.per_class.pseudopapilledema.adaptive_ece_ovr,5,0.23519203126560567,0.0420719486536976,0.17520518819985526,0.282507668500901
vit_method2,standardized_resnet18,calibrated,patient,conditional.per_class.pseudopapilledema.auroc_ovr,5,0.7185897435897436,0.09456297766226775,0.625,0.8571428571428571
vit_method2,standardized_resnet18,calibrated,patient,conditional.per_class.pseudopapilledema.average_precision_ovr,5,0.4416269841269841,0.07567128408499361,0.375,0.5595238095238095
vit_method2,standardized_resnet18,calibrated,patient,conditional.per_class.pseudopapilledema.balanced_accuracy_ovr,5,0.6364468864468864,0.0948780484665847,0.5096153846153846,0.7678571428571428
vit_method2,standardized_resnet18,calibrated,patient,conditional.per_class.pseudopapilledema.brier_ovr,5,0.18050264706473063,0.03730107459849536,0.11932543712442534,0.2197967800587345
vit_method2,standardized_resnet18,calibrated,patient,conditional.per_class.pseudopapilledema.class_index,5,2.0,0.0,2.0,2.0
vit_method2,standardized_resnet18,calibrated,patient,conditional.per_class.pseudopapilledema.ece_ovr,5,0.21543057180351832,0.06343068864667867,0.11927320817785034,0.28900398622728773
vit_method2,standardized_resnet18,calibrated,patient,conditional.per_class.pseudopapilledema.f1,5,0.4255555555555556,0.13752665286014046,0.25,0.6
vit_method2,standardized_resnet18,calibrated,patient,conditional.per_class.pseudopapilledema.fn,5,2.0,0.7071067811865476,1.0,3.0
vit_method2,standardized_resnet18,calibrated,patient,conditional.per_class.pseudopapilledema.fp,5,2.2,1.3038404810405297,0.0,3.0
vit_method2,standardized_resnet18,calibrated,patient,conditional.per_class.pseudopapilledema.mcc_ovr,5,0.29748433869770674,0.21176458951043506,0.019230769230769232,0.5400617248673216
vit_method2,standardized_resnet18,calibrated,patient,conditional.per_class.pseudopapilledema.nll_ovr,5,0.7007854189257993,0.28642316298757187,0.3961898959704729,1.095498319010759
vit_method2,standardized_resnet18,calibrated,patient,conditional.per_class.pseudopapilledema.nll_true_class,5,1.3387402841840683,0.6581242277069975,0.38482638786949985,2.0369656500241216
vit_method2,standardized_resnet18,calibrated,patient,conditional.per_class.pseudopapilledema.precision,5,0.4966666666666667,0.2958978802822953,0.25,1.0
vit_method2,standardized_resnet18,calibrated,patient,conditional.per_class.pseudopapilledema.recall,5,0.4333333333333333,0.19895560643855537,0.25,0.75
vit_method2,standardized_resnet18,calibrated,patient,conditional.per_class.pseudopapilledema.sensitivity,5,0.4333333333333333,0.19895560643855537,0.25,0.75
vit_method2,standardized_resnet18,calibrated,patient,conditional.per_class.pseudopapilledema.specificity,5,0.8395604395604396,0.09591020938723015,0.7692307692307693,1.0
vit_method2,standardized_resnet18,calibrated,patient,conditional.per_class.pseudopapilledema.support,5,3.6,0.5477225575051661,3.0,4.0
vit_method2,standardized_resnet18,calibrated,patient,conditional.per_class.pseudopapilledema.tn,5,11.6,1.51657508881031,10.0,14.0
vit_method2,standardized_resnet18,calibrated,patient,conditional.per_class.pseudopapilledema.tp,5,1.6,0.8944271909999159,1.0,3.0
vit_method2,standardized_resnet18,calibrated,patient,conditional.top_label_adaptive_ece,5,0.25113237491699186,0.07115114011377688,0.15255096752060013,0.33269852516750004
vit_method2,standardized_resnet18,calibrated,patient,conditional.top_label_ece,5,0.23209571031609108,0.0440831526406609,0.17729993480388398,0.29393712246783804
vit_method2,standardized_resnet18,calibrated,patient,conditional_aurc,5,0.18448138718899962,0.10280478154490091,0.03182345336324575,0.31673830782827317
vit_method2,standardized_resnet18,calibrated,patient,coverage,5,0.9666666666666666,0.030429030972509243,0.9444444444444444,1.0
vit_method2,standardized_resnet18,calibrated,patient,failure_aware.accuracy,5,0.7,0.08425417160057279,0.6111111111111112,0.8333333333333334
vit_method2,standardized_resnet18,calibrated,patient,failure_aware.aurc,5,0.1886736574971869,0.1008911743129332,0.039314742991213576,0.3207466734427518
vit_method2,standardized_resnet18,calibrated,patient,failure_aware.balanced_accuracy,5,0.59,0.1216780816562932,0.4166666666666667,0.75
vit_method2,standardized_resnet18,calibrated,patient,failure_aware.correct,5,12.6,1.51657508881031,11.0,15.0
vit_method2,standardized_resnet18,calibrated,patient,failure_aware.incorrect_or_abstained,5,5.4,1.51657508881031,3.0,7.0
vit_method2,standardized_resnet18,calibrated,patient,failure_aware.macro_f1,5,0.5842568542568543,0.12942613073773737,0.3863636363636364,0.7470899470899471
vit_method2,standardized_resnet18,calibrated,patient,failure_aware.macro_precision,5,0.6251515151515151,0.19194656902022725,0.36111111111111116,0.903030303030303
vit_method2,standardized_resnet18,calibrated,patient,failure_aware.macro_recall,5,0.59,0.1216780816562932,0.4166666666666667,0.75
vit_method2,standardized_resnet18,calibrated,patient,failure_aware.macro_specificity,5,0.8178571428571428,0.04990779480060617,0.7559523809523809,0.8690476190476191
vit_method2,standardized_resnet18,calibrated,patient,failure_aware.multiclass_mcc,5,0.497487666063956,0.15514576918421547,0.328866678429223,0.7398300378117159
vit_method2,standardized_resnet18,calibrated,patient,failure_aware.per_class.normal.abstain,5,0.0,0.0,0.0,0.0
vit_method2,standardized_resnet18,calibrated,patient,failure_aware.per_class.normal.balanced_accuracy_ovr,5,0.8225,0.056871565830386626,0.7625,0.8875
vit_method2,standardized_resnet18,calibrated,patient,failure_aware.per_class.normal.class_index,5,0.0,0.0,0.0,0.0
vit_method2,standardized_resnet18,calibrated,patient,failure_aware.per_class.normal.f1,5,0.8837229437229437,0.05774606196330626,0.8,0.9523809523809523
vit_method2,standardized_resnet18,calibrated,patient,failure_aware.per_class.normal.fn_including_abstain,5,0.8,0.8366600265340756,0.0,2.0
vit_method2,standardized_resnet18,calibrated,patient,failure_aware.per_class.normal.fp,5,1.6,0.5477225575051661,1.0,2.0
vit_method2,standardized_resnet18,calibrated,patient,failure_aware.per_class.normal.precision,5,0.8521212121212122,0.04939486892599989,0.8,0.9090909090909091
vit_method2,standardized_resnet18,calibrated,patient,failure_aware.per_class.normal.recall,5,0.9200000000000002,0.08366600265340754,0.8,1.0
vit_method2,standardized_resnet18,calibrated,patient,failure_aware.per_class.normal.sensitivity,5,0.9200000000000002,0.08366600265340754,0.8,1.0
vit_method2,standardized_resnet18,calibrated,patient,failure_aware.per_class.normal.specificity,5,0.725,0.10458250331675945,0.625,0.875
vit_method2,standardized_resnet18,calibrated,patient,failure_aware.per_class.normal.support,5,10.0,0.0,10.0,10.0
vit_method2,standardized_resnet18,calibrated,patient,failure_aware.per_class.normal.tn_excluding_abstain,5,5.8,0.8366600265340756,5.0,7.0
vit_method2,standardized_resnet18,calibrated,patient,failure_aware.per_class.normal.tp,5,9.2,0.8366600265340756,8.0,10.0
vit_method2,standardized_resnet18,calibrated,patient,failure_aware.per_class.papilledema.abstain,5,0.2,0.447213595499958,0.0,1.0
vit_method2,standardized_resnet18,calibrated,patient,failure_aware.per_class.papilledema.balanced_accuracy_ovr,5,0.675,0.1714657697736829,0.4642857142857143,0.9285714285714286
vit_method2,standardized_resnet18,calibrated,patient,failure_aware.per_class.papilledema.class_index,5,1.0,0.0,1.0,1.0
vit_method2,standardized_resnet18,calibrated,patient,failure_aware.per_class.papilledema.f1,5,0.473015873015873,0.32999079978318635,0.0,0.8888888888888888
vit_method2,standardized_resnet18,calibrated,patient,failure_aware.per_class.papilledema.fn_including_abstain,5,2.2,1.4832396974191326,0.0,4.0
vit_method2,standardized_resnet18,calibrated,patient,failure_aware.per_class.papilledema.fp,5,1.0,0.0,1.0,1.0
vit_method2,standardized_resnet18,calibrated,patient,failure_aware.per_class.papilledema.precision,5,0.5266666666666666,0.31304951684997057,0.0,0.8
vit_method2,standardized_resnet18,calibrated,patient,failure_aware.per_class.papilledema.recall,5,0.45,0.37080992435478316,0.0,1.0
vit_method2,standardized_resnet18,calibrated,patient,failure_aware.per_class.papilledema.sensitivity,5,0.45,0.37080992435478316,0.0,1.0
vit_method2,standardized_resnet18,calibrated,patient,failure_aware.per_class.papilledema.specificity,5,0.9,0.03912303982179762,0.8571428571428571,0.9285714285714286
vit_method2,standardized_resnet18,calibrated,patient,failure_aware.per_class.papilledema.support,5,4.0,0.0,4.0,4.0
vit_method2,standardized_resnet18,calibrated,patient,failure_aware.per_class.papilledema.tn_excluding_abstain,5,12.6,0.5477225575051662,12.0,13.0
vit_method2,standardized_resnet18,calibrated,patient,failure_aware.per_class.papilledema.tp,5,1.8,1.4832396974191326,0.0,4.0
vit_method2,standardized_resnet18,calibrated,patient,failure_aware.per_class.pseudopapilledema.abstain,5,0.4,0.5477225575051662,0.0,1.0
vit_method2,standardized_resnet18,calibrated,patient,failure_aware.per_class.pseudopapilledema.balanced_accuracy_ovr,5,0.6142857142857142,0.10684482358322561,0.48214285714285715,0.7678571428571428
vit_method2,standardized_resnet18,calibrated,patient,failure_aware.per_class.pseudopapilledema.class_index,5,2.0,0.0,2.0,2.0
vit_method2,standardized_resnet18,calibrated,patient,failure_aware.per_class.pseudopapilledema.f1,5,0.39603174603174607,0.1391562053359357,0.25,0.6
vit_method2,standardized_resnet18,calibrated,patient,failure_aware.per_class.pseudopapilledema.fn_including_abstain,5,2.4,0.8944271909999159,1.0,3.0
vit_method2,standardized_resnet18,calibrated,patient,failure_aware.per_class.pseudopapilledema.fp,5,2.2,1.3038404810405297,0.0,3.0
vit_method2,standardized_resnet18,calibrated,patient,failure_aware.per_class.pseudopapilledema.precision,5,0.4966666666666667,0.2958978802822953,0.25,1.0
vit_method2,standardized_resnet18,calibrated,patient,failure_aware.per_class.pseudopapilledema.recall,5,0.4,0.22360679774997896,0.25,0.75
vit_method2,standardized_resnet18,calibrated,patient,failure_aware.per_class.pseudopapilledema.sensitivity,5,0.4,0.22360679774997896,0.25,0.75
vit_method2,standardized_resnet18,calibrated,patient,failure_aware.per_class.pseudopapilledema.specificity,5,0.8285714285714286,0.10832679205787929,0.7142857142857143,1.0
vit_method2,standardized_resnet18,calibrated,patient,failure_aware.per_class.pseudopapilledema.support,5,4.0,0.0,4.0,4.0
vit_method2,standardized_resnet18,calibrated,patient,failure_aware.per_class.pseudopapilledema.tn_excluding_abstain,5,11.6,1.51657508881031,10.0,14.0
vit_method2,standardized_resnet18,calibrated,patient,failure_aware.per_class.pseudopapilledema.tp,5,1.6,0.8944271909999159,1.0,3.0
vit_method2,standardized_resnet18,calibrated,patient,failure_aware_accuracy,5,0.7,0.08425417160057279,0.6111111111111112,0.8333333333333334
vit_method2,standardized_resnet18,calibrated,patient,failure_aware_aurc,5,0.1886736574971869,0.1008911743129332,0.039314742991213576,0.3207466734427518
vit_method2,standardized_resnet18,calibrated,patient,failure_aware_balanced_accuracy,5,0.59,0.1216780816562932,0.4166666666666667,0.75
vit_method2,standardized_resnet18,calibrated,patient,failure_inclusive.accuracy,5,0.7,0.08425417160057279,0.6111111111111112,0.8333333333333334
vit_method2,standardized_resnet18,calibrated,patient,failure_inclusive.aurc,5,0.1886736574971869,0.1008911743129332,0.039314742991213576,0.3207466734427518
vit_method2,standardized_resnet18,calibrated,patient,failure_inclusive.balanced_accuracy,5,0.59,0.1216780816562932,0.4166666666666667,0.75
vit_method2,standardized_resnet18,calibrated,patient,failure_inclusive.correct,5,12.6,1.51657508881031,11.0,15.0
vit_method2,standardized_resnet18,calibrated,patient,failure_inclusive.incorrect_or_abstained,5,5.4,1.51657508881031,3.0,7.0
vit_method2,standardized_resnet18,calibrated,patient,failure_inclusive.macro_f1,5,0.5842568542568543,0.12942613073773737,0.3863636363636364,0.7470899470899471
vit_method2,standardized_resnet18,calibrated,patient,failure_inclusive.macro_precision,5,0.6251515151515151,0.19194656902022725,0.36111111111111116,0.903030303030303
vit_method2,standardized_resnet18,calibrated,patient,failure_inclusive.macro_recall,5,0.59,0.1216780816562932,0.4166666666666667,0.75
vit_method2,standardized_resnet18,calibrated,patient,failure_inclusive.macro_specificity,5,0.8178571428571428,0.04990779480060617,0.7559523809523809,0.8690476190476191
vit_method2,standardized_resnet18,calibrated,patient,failure_inclusive.multiclass_mcc,5,0.497487666063956,0.15514576918421547,0.328866678429223,0.7398300378117159
vit_method2,standardized_resnet18,calibrated,patient,failure_inclusive.per_class.normal.abstain,5,0.0,0.0,0.0,0.0
vit_method2,standardized_resnet18,calibrated,patient,failure_inclusive.per_class.normal.balanced_accuracy_ovr,5,0.8225,0.056871565830386626,0.7625,0.8875
vit_method2,standardized_resnet18,calibrated,patient,failure_inclusive.per_class.normal.class_index,5,0.0,0.0,0.0,0.0
vit_method2,standardized_resnet18,calibrated,patient,failure_inclusive.per_class.normal.f1,5,0.8837229437229437,0.05774606196330626,0.8,0.9523809523809523
vit_method2,standardized_resnet18,calibrated,patient,failure_inclusive.per_class.normal.fn_including_abstain,5,0.8,0.8366600265340756,0.0,2.0
vit_method2,standardized_resnet18,calibrated,patient,failure_inclusive.per_class.normal.fp,5,1.6,0.5477225575051661,1.0,2.0
vit_method2,standardized_resnet18,calibrated,patient,failure_inclusive.per_class.normal.precision,5,0.8521212121212122,0.04939486892599989,0.8,0.9090909090909091
vit_method2,standardized_resnet18,calibrated,patient,failure_inclusive.per_class.normal.recall,5,0.9200000000000002,0.08366600265340754,0.8,1.0
vit_method2,standardized_resnet18,calibrated,patient,failure_inclusive.per_class.normal.sensitivity,5,0.9200000000000002,0.08366600265340754,0.8,1.0
vit_method2,standardized_resnet18,calibrated,patient,failure_inclusive.per_class.normal.specificity,5,0.725,0.10458250331675945,0.625,0.875
vit_method2,standardized_resnet18,calibrated,patient,failure_inclusive.per_class.normal.support,5,10.0,0.0,10.0,10.0
vit_method2,standardized_resnet18,calibrated,patient,failure_inclusive.per_class.normal.tn_excluding_abstain,5,5.8,0.8366600265340756,5.0,7.0
vit_method2,standardized_resnet18,calibrated,patient,failure_inclusive.per_class.normal.tp,5,9.2,0.8366600265340756,8.0,10.0
vit_method2,standardized_resnet18,calibrated,patient,failure_inclusive.per_class.papilledema.abstain,5,0.2,0.447213595499958,0.0,1.0
vit_method2,standardized_resnet18,calibrated,patient,failure_inclusive.per_class.papilledema.balanced_accuracy_ovr,5,0.675,0.1714657697736829,0.4642857142857143,0.9285714285714286
vit_method2,standardized_resnet18,calibrated,patient,failure_inclusive.per_class.papilledema.class_index,5,1.0,0.0,1.0,1.0
vit_method2,standardized_resnet18,calibrated,patient,failure_inclusive.per_class.papilledema.f1,5,0.473015873015873,0.32999079978318635,0.0,0.8888888888888888
vit_method2,standardized_resnet18,calibrated,patient,failure_inclusive.per_class.papilledema.fn_including_abstain,5,2.2,1.4832396974191326,0.0,4.0
vit_method2,standardized_resnet18,calibrated,patient,failure_inclusive.per_class.papilledema.fp,5,1.0,0.0,1.0,1.0
vit_method2,standardized_resnet18,calibrated,patient,failure_inclusive.per_class.papilledema.precision,5,0.5266666666666666,0.31304951684997057,0.0,0.8
vit_method2,standardized_resnet18,calibrated,patient,failure_inclusive.per_class.papilledema.recall,5,0.45,0.37080992435478316,0.0,1.0
vit_method2,standardized_resnet18,calibrated,patient,failure_inclusive.per_class.papilledema.sensitivity,5,0.45,0.37080992435478316,0.0,1.0
vit_method2,standardized_resnet18,calibrated,patient,failure_inclusive.per_class.papilledema.specificity,5,0.9,0.03912303982179762,0.8571428571428571,0.9285714285714286
vit_method2,standardized_resnet18,calibrated,patient,failure_inclusive.per_class.papilledema.support,5,4.0,0.0,4.0,4.0
vit_method2,standardized_resnet18,calibrated,patient,failure_inclusive.per_class.papilledema.tn_excluding_abstain,5,12.6,0.5477225575051662,12.0,13.0
vit_method2,standardized_resnet18,calibrated,patient,failure_inclusive.per_class.papilledema.tp,5,1.8,1.4832396974191326,0.0,4.0
vit_method2,standardized_resnet18,calibrated,patient,failure_inclusive.per_class.pseudopapilledema.abstain,5,0.4,0.5477225575051662,0.0,1.0
vit_method2,standardized_resnet18,calibrated,patient,failure_inclusive.per_class.pseudopapilledema.balanced_accuracy_ovr,5,0.6142857142857142,0.10684482358322561,0.48214285714285715,0.7678571428571428
vit_method2,standardized_resnet18,calibrated,patient,failure_inclusive.per_class.pseudopapilledema.class_index,5,2.0,0.0,2.0,2.0
vit_method2,standardized_resnet18,calibrated,patient,failure_inclusive.per_class.pseudopapilledema.f1,5,0.39603174603174607,0.1391562053359357,0.25,0.6
vit_method2,standardized_resnet18,calibrated,patient,failure_inclusive.per_class.pseudopapilledema.fn_including_abstain,5,2.4,0.8944271909999159,1.0,3.0
vit_method2,standardized_resnet18,calibrated,patient,failure_inclusive.per_class.pseudopapilledema.fp,5,2.2,1.3038404810405297,0.0,3.0
vit_method2,standardized_resnet18,calibrated,patient,failure_inclusive.per_class.pseudopapilledema.precision,5,0.4966666666666667,0.2958978802822953,0.25,1.0
vit_method2,standardized_resnet18,calibrated,patient,failure_inclusive.per_class.pseudopapilledema.recall,5,0.4,0.22360679774997896,0.25,0.75
vit_method2,standardized_resnet18,calibrated,patient,failure_inclusive.per_class.pseudopapilledema.sensitivity,5,0.4,0.22360679774997896,0.25,0.75
vit_method2,standardized_resnet18,calibrated,patient,failure_inclusive.per_class.pseudopapilledema.specificity,5,0.8285714285714286,0.10832679205787929,0.7142857142857143,1.0
vit_method2,standardized_resnet18,calibrated,patient,failure_inclusive.per_class.pseudopapilledema.support,5,4.0,0.0,4.0,4.0
vit_method2,standardized_resnet18,calibrated,patient,failure_inclusive.per_class.pseudopapilledema.tn_excluding_abstain,5,11.6,1.51657508881031,10.0,14.0
vit_method2,standardized_resnet18,calibrated,patient,failure_inclusive.per_class.pseudopapilledema.tp,5,1.6,0.8944271909999159,1.0,3.0
vit_method2,standardized_resnet18,calibrated,patient,localized_diagnostic_success.localized_rate,5,0.8,0.13944333775567924,0.6111111111111112,1.0
vit_method2,standardized_resnet18,calibrated,patient,localized_diagnostic_success.n_success,5,11.2,2.16794833886788,8.0,14.0
vit_method2,standardized_resnet18,calibrated,patient,localized_diagnostic_success.per_class_rate.normal,5,0.8400000000000001,0.1140175425099138,0.7,1.0
vit_method2,standardized_resnet18,calibrated,patient,localized_diagnostic_success.per_class_rate.papilledema,5,0.45,0.37080992435478316,0.0,1.0
vit_method2,standardized_resnet18,calibrated,patient,localized_diagnostic_success.per_class_rate.pseudopapilledema,5,0.25,0.3535533905932738,0.0,0.75
vit_method2,standardized_resnet18,calibrated,patient,localized_diagnostic_success.rate,5,0.6222222222222222,0.12044157438154889,0.4444444444444444,0.7777777777777778
vit_method2,standardized_resnet18,calibrated,patient,n_abstain,5,0.6,0.5477225575051662,0.0,1.0
vit_method2,standardized_resnet18,calibrated,patient,n_covered,5,17.4,0.5477225575051661,17.0,18.0
vit_method2,standardized_resnet18,calibrated,patient,n_total,5,18.0,0.0,18.0,18.0
vit_method2,standardized_resnet18,calibrated,patient,selective_risk,5,0.2751633986928105,0.09301964825652075,0.11764705882352941,0.35294117647058826
vit_method2,standardized_resnet18,raw,eye,abstention_rate,5,0.016666666666666666,0.015214515486254614,0.0,0.027777777777777776
vit_method2,standardized_resnet18,raw,eye,class_conditional_coverage.normal,5,1.0,0.0,1.0,1.0
vit_method2,standardized_resnet18,raw,eye,class_conditional_coverage.papilledema,5,0.975,0.05590169943749474,0.875,1.0
vit_method2,standardized_resnet18,raw,eye,class_conditional_coverage.pseudopapilledema,5,0.95,0.06846531968814577,0.875,1.0
vit_method2,standardized_resnet18,raw,eye,conditional.accuracy,5,0.667142857142857,0.08591906754498943,0.5833333333333334,0.8
vit_method2,standardized_resnet18,raw,eye,conditional.balanced_accuracy,5,0.5519047619047619,0.08926825226068896,0.45,0.6785714285714285
vit_method2,standardized_resnet18,raw,eye,conditional.class_counts.normal,5,20.0,0.0,20.0,20.0
vit_method2,standardized_resnet18,raw,eye,conditional.class_counts.papilledema,5,7.8,0.4472135954999579,7.0,8.0
vit_method2,standardized_resnet18,raw,eye,conditional.class_counts.pseudopapilledema,5,7.6,0.5477225575051662,7.0,8.0
vit_method2,standardized_resnet18,raw,eye,conditional.derived_discrimination.normal_vs_abnormal.auroc,5,0.9027916666666667,0.07190663554993448,0.8066666666666668,0.9933333333333333
vit_method2,standardized_resnet18,raw,eye,conditional.derived_discrimination.normal_vs_abnormal.average_precision,5,0.9264717606000061,0.04782801004494315,0.8698391151332328,0.9913888888888889
vit_method2,standardized_resnet18,raw,eye,conditional.derived_discrimination.normal_vs_abnormal.n,5,35.4,0.5477225575051661,35.0,36.0
vit_method2,standardized_resnet18,raw,eye,conditional.derived_discrimination.normal_vs_abnormal.negative,5,20.0,0.0,20.0,20.0
vit_method2,standardized_resnet18,raw,eye,conditional.derived_discrimination.normal_vs_abnormal.positive,5,15.4,0.5477225575051661,15.0,16.0
vit_method2,standardized_resnet18,raw,eye,conditional.derived_discrimination.papilledema_vs_pseudopapilledema.auroc,5,0.41428571428571426,0.1205625796780346,0.26785714285714285,0.5892857142857142
vit_method2,standardized_resnet18,raw,eye,conditional.derived_discrimination.papilledema_vs_pseudopapilledema.average_precision,5,0.5178385404278261,0.08684317431884608,0.4396599927849928,0.6625541125541126
vit_method2,standardized_resnet18,raw,eye,conditional.derived_discrimination.papilledema_vs_pseudopapilledema.n,5,15.4,0.5477225575051661,15.0,16.0
vit_method2,standardized_resnet18,raw,eye,conditional.derived_discrimination.papilledema_vs_pseudopapilledema.negative,5,7.8,0.4472135954999579,7.0,8.0
vit_method2,standardized_resnet18,raw,eye,conditional.derived_discrimination.papilledema_vs_pseudopapilledema.positive,5,7.6,0.5477225575051662,7.0,8.0
vit_method2,standardized_resnet18,raw,eye,conditional.macro.adaptive_ece_ovr,5,0.18735250858684216,0.042829330255516385,0.12264252944154393,0.2386912282974416
vit_method2,standardized_resnet18,raw,eye,conditional.macro.auroc_ovr,5,0.786123614260519,0.09120029674527734,0.6728634416729656,0.9113895187704711
vit_method2,standardized_resnet18,raw,eye,conditional.macro.average_precision_ovr,5,0.6057272456247077,0.12034268316529939,0.4479653653141445,0.7745788117111648
vit_method2,standardized_resnet18,raw,eye,conditional.macro.balanced_accuracy_ovr,5,0.6904541446208113,0.06280999612873174,0.624647266313933,0.7814814814814816
vit_method2,standardized_resnet18,raw,eye,conditional.macro.brier_ovr,5,0.16597812024669495,0.049702501430479815,0.0903233229528293,0.22404816059092436
vit_method2,standardized_resnet18,raw,eye,conditional.macro.ece_ovr,5,0.19799175122554163,0.050567936582755164,0.13504279237372477,0.2613005497210767
vit_method2,standardized_resnet18,raw,eye,conditional.macro.f1,5,0.540872061834694,0.0940955491273724,0.42368421052631583,0.6787049703602371
vit_method2,standardized_resnet18,raw,eye,conditional.macro.mcc_ovr,5,0.3862197336518808,0.14345785659781723,0.22938429709312924,0.6016998333234489
vit_method2,standardized_resnet18,raw,eye,conditional.macro.nll_ovr,5,0.7047884346910209,0.38843358326533584,0.318597011872916,1.3289942106978272
vit_method2,standardized_resnet18,raw,eye,conditional.macro.nll_true_class,5,1.627133609441786,0.90445205638556,0.8319032227326403,3.1070936223337413
vit_method2,standardized_resnet18,raw,eye,conditional.macro.precision,5,0.5573221701596989,0.12212330974529828,0.40454545454545454,0.7342995169082126
vit_method2,standardized_resnet18,raw,eye,conditional.macro.recall,5,0.5519047619047619,0.08926825226068896,0.45,0.6785714285714285
vit_method2,standardized_resnet18,raw,eye,conditional.macro.specificity,5,0.8290035273368608,0.03867763470398007,0.7857142857142857,0.8843915343915344
vit_method2,standardized_resnet18,raw,eye,conditional.macro_auroc,5,0.786123614260519,0.09120029674527734,0.6728634416729656,0.9113895187704711
vit_method2,standardized_resnet18,raw,eye,conditional.macro_average_precision,5,0.6057272456247077,0.12034268316529939,0.4479653653141445,0.7745788117111648
vit_method2,standardized_resnet18,raw,eye,conditional.macro_classwise_adaptive_ece,5,0.18735250858684216,0.042829330255516385,0.12264252944154393,0.2386912282974416
vit_method2,standardized_resnet18,raw,eye,conditional.macro_classwise_ece,5,0.19799175122554163,0.050567936582755164,0.13504279237372477,0.2613005497210767
vit_method2,standardized_resnet18,raw,eye,conditional.macro_f1,5,0.540872061834694,0.0940955491273724,0.42368421052631583,0.6787049703602371
vit_method2,standardized_resnet18,raw,eye,conditional.macro_precision,5,0.5573221701596989,0.12212330974529828,0.40454545454545454,0.7342995169082126
vit_method2,standardized_resnet18,raw,eye,conditional.macro_recall,5,0.5519047619047619,0.08926825226068896,0.45,0.6785714285714285
vit_method2,standardized_resnet18,raw,eye,conditional.multiclass_brier,5,0.4979343607400848,0.14910750429143943,0.27096996885848795,0.6721444817727731
vit_method2,standardized_resnet18,raw,eye,conditional.multiclass_mcc,5,0.4372865405462861,0.13963540185961645,0.3104851498504155,0.650057189893045
vit_method2,standardized_resnet18,raw,eye,conditional.multiclass_nll,5,1.1601841606366505,0.6145847622582947,0.5397119295979275,2.112060360656269
vit_method2,standardized_resnet18,raw,eye,conditional.n,5,35.4,0.5477225575051661,35.0,36.0
vit_method2,standardized_resnet18,raw,eye,conditional.per_class.normal.adaptive_ece_ovr,5,0.13875245740807451,0.023746159023368074,0.10276163259539807,0.1611349323448069
vit_method2,standardized_resnet18,raw,eye,conditional.per_class.normal.auroc_ovr,5,0.9027916666666668,0.07190663554993452,0.8066666666666668,0.9933333333333334
vit_method2,standardized_resnet18,raw,eye,conditional.per_class.normal.average_precision_ovr,5,0.8870178912672856,0.09741554864879173,0.7573395509289472,0.9954545454545456
vit_method2,standardized_resnet18,raw,eye,conditional.per_class.normal.balanced_accuracy_ovr,5,0.8375,0.05728219618694801,0.75,0.9
vit_method2,standardized_resnet18,raw,eye,conditional.per_class.normal.brier_ovr,5,0.11431137163432543,0.039034770943870575,0.0517283637324736,0.1475821562659499
vit_method2,standardized_resnet18,raw,eye,conditional.per_class.normal.class_index,5,0.0,0.0,0.0,0.0
vit_method2,standardized_resnet18,raw,eye,conditional.per_class.normal.ece_ovr,5,0.1427833471930905,0.04243214296996024,0.08254339465928058,0.18975417886832877
vit_method2,standardized_resnet18,raw,eye,conditional.per_class.normal.f1,5,0.8592660990580206,0.06243561113030738,0.7692307692307693,0.9302325581395349
vit_method2,standardized_resnet18,raw,eye,conditional.per_class.normal.fn,5,2.6,2.0736441353327724,0.0,5.0
vit_method2,standardized_resnet18,raw,eye,conditional.per_class.normal.fp,5,3.0,0.7071067811865476,2.0,4.0
vit_method2,standardized_resnet18,raw,eye,conditional.per_class.normal.mcc_ovr,5,0.6841375972040918,0.12810532578987388,0.4976726017934395,0.8340576562282991
vit_method2,standardized_resnet18,raw,eye,conditional.per_class.normal.nll_ovr,5,0.4868702096951024,0.3260623597288121,0.17928746024361375,1.0425562480391708
vit_method2,standardized_resnet18,raw,eye,conditional.per_class.normal.nll_true_class,5,0.31097003327562717,0.15453320650417876,0.07297921224950471,0.5055037746172014
vit_method2,standardized_resnet18,raw,eye,conditional.per_class.normal.precision,5,0.8523128308254165,0.03780801103839166,0.7894736842105263,0.8888888888888888
vit_method2,standardized_resnet18,raw,eye,conditional.per_class.normal.recall,5,0.8700000000000001,0.10368220676663858,0.75,1.0
vit_method2,standardized_resnet18,raw,eye,conditional.per_class.normal.sensitivity,5,0.8700000000000001,0.10368220676663858,0.75,1.0
vit_method2,standardized_resnet18,raw,eye,conditional.per_class.normal.specificity,5,0.805,0.04472135954999579,0.75,0.875
vit_method2,standardized_resnet18,raw,eye,conditional.per_class.normal.support,5,20.0,0.0,20.0,20.0
vit_method2,standardized_resnet18,raw,eye,conditional.per_class.normal.tn,5,12.4,0.8944271909999159,12.0,14.0
vit_method2,standardized_resnet18,raw,eye,conditional.per_class.normal.tp,5,17.4,2.073644135332772,15.0,20.0
vit_method2,standardized_resnet18,raw,eye,conditional.per_class.papilledema.adaptive_ece_ovr,5,0.19937933733876026,0.059834569148688475,0.12820929192226774,0.289470603550437
vit_method2,standardized_resnet18,raw,eye,conditional.per_class.papilledema.auroc_ovr,5,0.7750566893424036,0.1010914551718123,0.6887755102040816,0.9398148148148149
vit_method2,standardized_resnet18,raw,eye,conditional.per_class.papilledema.average_precision_ovr,5,0.5012366261373891,0.16533655056184177,0.2966014144585573,0.7217261904761906
vit_method2,standardized_resnet18,raw,eye,conditional.per_class.papilledema.balanced_accuracy_ovr,5,0.6294312169312168,0.14163626544300909,0.42857142857142855,0.8194444444444444
vit_method2,standardized_resnet18,raw,eye,conditional.per_class.papilledema.brier_ovr,5,0.17294158176976826,0.06126046913938014,0.08605797500518356,0.2513215074350953
vit_method2,standardized_resnet18,raw,eye,conditional.per_class.papilledema.class_index,5,1.0,0.0,1.0,1.0
vit_method2,standardized_resnet18,raw,eye,conditional.per_class.papilledema.ece_ovr,5,0.2065400875978974,0.062864860032318,0.14660008519761872,0.29694487144854165
vit_method2,standardized_resnet18,raw,eye,conditional.per_class.papilledema.f1,5,0.39355742296918766,0.25914149167100653,0.0,0.7058823529411765
vit_method2,standardized_resnet18,raw,eye,conditional.per_class.papilledema.fn,5,4.8,1.9235384061671346,2.0,7.0
vit_method2,standardized_resnet18,raw,eye,conditional.per_class.papilledema.fp,5,3.2,0.8366600265340756,2.0,4.0
vit_method2,standardized_resnet18,raw,eye,conditional.per_class.papilledema.mcc_ovr,5,0.26422121747512195,0.28673308312890955,-0.1796053020267749,0.6138245895861674
vit_method2,standardized_resnet18,raw,eye,conditional.per_class.papilledema.nll_ovr,5,0.7294125415461826,0.3863895217327089,0.2962701278603936,1.1711371324243498
vit_method2,standardized_resnet18,raw,eye,conditional.per_class.papilledema.nll_true_class,5,2.507756182980013,1.9191846858720367,0.47122009929845604,4.723500650460022
vit_method2,standardized_resnet18,raw,eye,conditional.per_class.papilledema.precision,5,0.4333333333333333,0.25276251480171835,0.0,0.6666666666666666
vit_method2,standardized_resnet18,raw,eye,conditional.per_class.papilledema.recall,5,0.375,0.2795084971874737,0.0,0.75
vit_method2,standardized_resnet18,raw,eye,conditional.per_class.papilledema.sensitivity,5,0.375,0.2795084971874737,0.0,0.75
vit_method2,standardized_resnet18,raw,eye,conditional.per_class.papilledema.specificity,5,0.8838624338624339,0.030998699120491083,0.8518518518518519,0.9285714285714286
vit_method2,standardized_resnet18,raw,eye,conditional.per_class.papilledema.support,5,7.8,0.4472135954999579,7.0,8.0
vit_method2,standardized_resnet18,raw,eye,conditional.per_class.papilledema.tn,5,24.4,1.1401754250991378,23.0,26.0
vit_method2,standardized_resnet18,raw,eye,conditional.per_class.papilledema.tp,5,3.0,2.23606797749979,0.0,6.0
vit_method2,standardized_resnet18,raw,eye,conditional.per_class.pseudopapilledema.adaptive_ece_ovr,5,0.22392573101369173,0.057360008878519,0.136956663806966,0.27570626487089045
vit_method2,standardized_resnet18,raw,eye,conditional.per_class.pseudopapilledema.auroc_ovr,5,0.6805224867724867,0.11538684528667664,0.5231481481481481,0.8010204081632653
vit_method2,standardized_resnet18,raw,eye,conditional.per_class.pseudopapilledema.average_precision_ovr,5,0.42892721946944806,0.13474932016607377,0.28995513055492894,0.6065556992027581
vit_method2,standardized_resnet18,raw,eye,conditional.per_class.pseudopapilledema.balanced_accuracy_ovr,5,0.6044312169312169,0.08869599981221282,0.5,0.7321428571428572
vit_method2,standardized_resnet18,raw,eye,conditional.per_class.pseudopapilledema.brier_ovr,5,0.21068140733599106,0.05259399110500937,0.13318363012083076,0.27324081807172784
vit_method2,standardized_resnet18,raw,eye,conditional.per_class.pseudopapilledema.class_index,5,2.0,0.0,2.0,2.0
vit_method2,standardized_resnet18,raw,eye,conditional.per_class.pseudopapilledema.ece_ovr,5,0.24465181888563697,0.05938818172906835,0.17414347615469353,0.2972025988463596
vit_method2,standardized_resnet18,raw,eye,conditional.per_class.pseudopapilledema.f1,5,0.36979266347687395,0.14015498508571422,0.16666666666666666,0.5454545454545454
vit_method2,standardized_resnet18,raw,eye,conditional.per_class.pseudopapilledema.fn,5,4.4,1.51657508881031,2.0,6.0
vit_method2,standardized_resnet18,raw,eye,conditional.per_class.pseudopapilledema.fp,5,5.6,3.0495901363953815,1.0,8.0
vit_method2,standardized_resnet18,raw,eye,conditional.per_class.pseudopapilledema.mcc_ovr,5,0.2103003862764286,0.1711409077346824,0.0,0.3959441875175622
vit_method2,standardized_resnet18,raw,eye,conditional.per_class.pseudopapilledema.nll_ovr,5,0.898082552831778,0.5111312461012174,0.48023344751474073,1.7732892516299614
vit_method2,standardized_resnet18,raw,eye,conditional.per_class.pseudopapilledema.nll_true_class,5,2.062674612069719,1.3399919860986318,0.5958269813801863,4.258166355089567
vit_method2,standardized_resnet18,raw,eye,conditional.per_class.pseudopapilledema.precision,5,0.3863203463203463,0.1792431548028905,0.2,0.6666666666666666
vit_method2,standardized_resnet18,raw,eye,conditional.per_class.pseudopapilledema.recall,5,0.4107142857142857,0.23007319154866296,0.14285714285714285,0.75
vit_method2,standardized_resnet18,raw,eye,conditional.per_class.pseudopapilledema.sensitivity,5,0.4107142857142857,0.23007319154866296,0.14285714285714285,0.75
vit_method2,standardized_resnet18,raw,eye,conditional.per_class.pseudopapilledema.specificity,5,0.798148148148148,0.11004941233757998,0.7142857142857143,0.9642857142857143
vit_method2,standardized_resnet18,raw,eye,conditional.per_class.pseudopapilledema.support,5,7.6,0.5477225575051662,7.0,8.0
vit_method2,standardized_resnet18,raw,eye,conditional.per_class.pseudopapilledema.tn,5,22.2,3.1937438845342623,20.0,27.0
vit_method2,standardized_resnet18,raw,eye,conditional.per_class.pseudopapilledema.tp,5,3.2,1.9235384061671346,1.0,6.0
vit_method2,standardized_resnet18,raw,eye,conditional.top_label_adaptive_ece,5,0.2123934960257551,0.07456465442570197,0.10278855316494798,0.3076363059863972
vit_method2,standardized_resnet18,raw,eye,conditional.top_label_ece,5,0.19260229059319103,0.08721822713449333,0.06663368577995582,0.29477057439060916
vit_method2,standardized_resnet18,raw,eye,conditional_aurc,5,0.23330870883142465,0.11115247140695235,0.07343730858831778,0.37788556292396214
vit_method2,standardized_resnet18,raw,eye,coverage,5,0.9833333333333334,0.015214515486254621,0.9722222222222222,1.0
vit_method2,standardized_resnet18,raw,eye,failure_aware.accuracy,5,0.6555555555555556,0.08002700161604406,0.5833333333333334,0.7777777777777778
vit_method2,standardized_resnet18,raw,eye,failure_aware.aurc,5,0.23463497712977924,0.11018150907310904,0.07757022285592624,0.3789628158057039
vit_method2,standardized_resnet18,raw,eye,failure_aware.balanced_accuracy,5,0.5483333333333333,0.08547254269972054,0.45,0.6666666666666666
vit_method2,standardized_resnet18,raw,eye,failure_aware.correct,5,23.6,2.8809720581775866,21.0,28.0
vit_method2,standardized_resnet18,raw,eye,failure_aware.incorrect_or_abstained,5,12.4,2.8809720581775866,8.0,15.0
vit_method2,standardized_resnet18,raw,eye,failure_aware.macro_f1,5,0.5375931185557508,0.0899051563517755,0.42368421052631583,0.666583758239025
vit_method2,standardized_resnet18,raw,eye,failure_aware.macro_precision,5,0.5573221701596989,0.12212330974529828,0.40454545454545454,0.7342995169082126
vit_method2,standardized_resnet18,raw,eye,failure_aware.macro_recall,5,0.5483333333333333,0.08547254269972054,0.45,0.6666666666666666
vit_method2,standardized_resnet18,raw,eye,failure_aware.macro_specificity,5,0.8130952380952381,0.0351140028660777,0.7738095238095238,0.8571428571428572
vit_method2,standardized_resnet18,raw,eye,failure_aware.multiclass_mcc,5,0.4296112254987733,0.13179486790658718,0.30931201496764094,0.6273132732541127
vit_method2,standardized_resnet18,raw,eye,failure_aware.per_class.normal.abstain,5,0.0,0.0,0.0,0.0
vit_method2,standardized_resnet18,raw,eye,failure_aware.per_class.normal.balanced_accuracy_ovr,5,0.8225000000000001,0.04873397172404481,0.75,0.875
vit_method2,standardized_resnet18,raw,eye,failure_aware.per_class.normal.class_index,5,0.0,0.0,0.0,0.0
vit_method2,standardized_resnet18,raw,eye,failure_aware.per_class.normal.f1,5,0.8592660990580206,0.06243561113030738,0.7692307692307693,0.9302325581395349
vit_method2,standardized_resnet18,raw,eye,failure_aware.per_class.normal.fn_including_abstain,5,2.6,2.0736441353327724,0.0,5.0
vit_method2,standardized_resnet18,raw,eye,failure_aware.per_class.normal.fp,5,3.0,0.7071067811865476,2.0,4.0
vit_method2,standardized_resnet18,raw,eye,failure_aware.per_class.normal.precision,5,0.8523128308254165,0.03780801103839166,0.7894736842105263,0.8888888888888888
vit_method2,standardized_resnet18,raw,eye,failure_aware.per_class.normal.recall,5,0.8700000000000001,0.10368220676663858,0.75,1.0
vit_method2,standardized_resnet18,raw,eye,failure_aware.per_class.normal.sensitivity,5,0.8700000000000001,0.10368220676663858,0.75,1.0
vit_method2,standardized_resnet18,raw,eye,failure_aware.per_class.normal.specificity,5,0.775,0.05590169943749474,0.75,0.875
vit_method2,standardized_resnet18,raw,eye,failure_aware.per_class.normal.support,5,20.0,0.0,20.0,20.0
vit_method2,standardized_resnet18,raw,eye,failure_aware.per_class.normal.tn_excluding_abstain,5,12.4,0.8944271909999159,12.0,14.0
vit_method2,standardized_resnet18,raw,eye,failure_aware.per_class.normal.tp,5,17.4,2.073644135332772,15.0,20.0
vit_method2,standardized_resnet18,raw,eye,failure_aware.per_class.papilledema.abstain,5,0.2,0.447213595499958,0.0,1.0
vit_method2,standardized_resnet18,raw,eye,failure_aware.per_class.papilledema.balanced_accuracy_ovr,5,0.6232142857142857,0.1351727919126826,0.42857142857142855,0.8035714285714286
vit_method2,standardized_resnet18,raw,eye,failure_aware.per_class.papilledema.class_index,5,1.0,0.0,1.0,1.0
vit_method2,standardized_resnet18,raw,eye,failure_aware.per_class.papilledema.f1,5,0.39355742296918766,0.25914149167100653,0.0,0.7058823529411765
vit_method2,standardized_resnet18,raw,eye,failure_aware.per_class.papilledema.fn_including_abstain,5,5.0,2.23606797749979,2.0,8.0
vit_method2,standardized_resnet18,raw,eye,failure_aware.per_class.papilledema.fp,5,3.2,0.8366600265340756,2.0,4.0
vit_method2,standardized_resnet18,raw,eye,failure_aware.per_class.papilledema.precision,5,0.4333333333333333,0.25276251480171835,0.0,0.6666666666666666
vit_method2,standardized_resnet18,raw,eye,failure_aware.per_class.papilledema.recall,5,0.375,0.2795084971874737,0.0,0.75
vit_method2,standardized_resnet18,raw,eye,failure_aware.per_class.papilledema.sensitivity,5,0.375,0.2795084971874737,0.0,0.75
vit_method2,standardized_resnet18,raw,eye,failure_aware.per_class.papilledema.specificity,5,0.8714285714285716,0.04072055089639782,0.8214285714285714,0.9285714285714286
vit_method2,standardized_resnet18,raw,eye,failure_aware.per_class.papilledema.support,5,8.0,0.0,8.0,8.0
vit_method2,standardized_resnet18,raw,eye,failure_aware.per_class.papilledema.tn_excluding_abstain,5,24.4,1.1401754250991378,23.0,26.0
vit_method2,standardized_resnet18,raw,eye,failure_aware.per_class.papilledema.tp,5,3.0,2.23606797749979,0.0,6.0
vit_method2,standardized_resnet18,raw,eye,failure_aware.per_class.pseudopapilledema.abstain,5,0.4,0.5477225575051662,0.0,1.0
vit_method2,standardized_resnet18,raw,eye,failure_aware.per_class.pseudopapilledema.balanced_accuracy_ovr,5,0.5964285714285714,0.09004144453913365,0.49107142857142855,0.7321428571428572
vit_method2,standardized_resnet18,raw,eye,failure_aware.per_class.pseudopapilledema.class_index,5,2.0,0.0,2.0,2.0
vit_method2,standardized_resnet18,raw,eye,failure_aware.per_class.pseudopapilledema.f1,5,0.3599558336400442,0.14369064388536978,0.15384615384615385,0.5454545454545454
vit_method2,standardized_resnet18,raw,eye,failure_aware.per_class.pseudopapilledema.fn_including_abstain,5,4.8,1.9235384061671346,2.0,7.0
vit_method2,standardized_resnet18,raw,eye,failure_aware.per_class.pseudopapilledema.fp,5,5.6,3.0495901363953815,1.0,8.0
vit_method2,standardized_resnet18,raw,eye,failure_aware.per_class.pseudopapilledema.precision,5,0.3863203463203463,0.1792431548028905,0.2,0.6666666666666666
vit_method2,standardized_resnet18,raw,eye,failure_aware.per_class.pseudopapilledema.recall,5,0.4,0.24044230077089182,0.125,0.75
vit_method2,standardized_resnet18,raw,eye,failure_aware.per_class.pseudopapilledema.sensitivity,5,0.4,0.24044230077089182,0.125,0.75
vit_method2,standardized_resnet18,raw,eye,failure_aware.per_class.pseudopapilledema.specificity,5,0.7928571428571429,0.11406228159050935,0.7142857142857143,0.9642857142857143
vit_method2,standardized_resnet18,raw,eye,failure_aware.per_class.pseudopapilledema.support,5,8.0,0.0,8.0,8.0
vit_method2,standardized_resnet18,raw,eye,failure_aware.per_class.pseudopapilledema.tn_excluding_abstain,5,22.2,3.1937438845342623,20.0,27.0
vit_method2,standardized_resnet18,raw,eye,failure_aware.per_class.pseudopapilledema.tp,5,3.2,1.9235384061671346,1.0,6.0
vit_method2,standardized_resnet18,raw,eye,failure_aware_accuracy,5,0.6555555555555556,0.08002700161604406,0.5833333333333334,0.7777777777777778
vit_method2,standardized_resnet18,raw,eye,failure_aware_aurc,5,0.23463497712977924,0.11018150907310904,0.07757022285592624,0.3789628158057039
vit_method2,standardized_resnet18,raw,eye,failure_aware_balanced_accuracy,5,0.5483333333333333,0.08547254269972054,0.45,0.6666666666666666
vit_method2,standardized_resnet18,raw,eye,failure_inclusive.accuracy,5,0.6555555555555556,0.08002700161604406,0.5833333333333334,0.7777777777777778
vit_method2,standardized_resnet18,raw,eye,failure_inclusive.aurc,5,0.23463497712977924,0.11018150907310904,0.07757022285592624,0.3789628158057039
vit_method2,standardized_resnet18,raw,eye,failure_inclusive.balanced_accuracy,5,0.5483333333333333,0.08547254269972054,0.45,0.6666666666666666
vit_method2,standardized_resnet18,raw,eye,failure_inclusive.correct,5,23.6,2.8809720581775866,21.0,28.0
vit_method2,standardized_resnet18,raw,eye,failure_inclusive.incorrect_or_abstained,5,12.4,2.8809720581775866,8.0,15.0
vit_method2,standardized_resnet18,raw,eye,failure_inclusive.macro_f1,5,0.5375931185557508,0.0899051563517755,0.42368421052631583,0.666583758239025
vit_method2,standardized_resnet18,raw,eye,failure_inclusive.macro_precision,5,0.5573221701596989,0.12212330974529828,0.40454545454545454,0.7342995169082126
vit_method2,standardized_resnet18,raw,eye,failure_inclusive.macro_recall,5,0.5483333333333333,0.08547254269972054,0.45,0.6666666666666666
vit_method2,standardized_resnet18,raw,eye,failure_inclusive.macro_specificity,5,0.8130952380952381,0.0351140028660777,0.7738095238095238,0.8571428571428572
vit_method2,standardized_resnet18,raw,eye,failure_inclusive.multiclass_mcc,5,0.4296112254987733,0.13179486790658718,0.30931201496764094,0.6273132732541127
vit_method2,standardized_resnet18,raw,eye,failure_inclusive.per_class.normal.abstain,5,0.0,0.0,0.0,0.0
vit_method2,standardized_resnet18,raw,eye,failure_inclusive.per_class.normal.balanced_accuracy_ovr,5,0.8225000000000001,0.04873397172404481,0.75,0.875
vit_method2,standardized_resnet18,raw,eye,failure_inclusive.per_class.normal.class_index,5,0.0,0.0,0.0,0.0
vit_method2,standardized_resnet18,raw,eye,failure_inclusive.per_class.normal.f1,5,0.8592660990580206,0.06243561113030738,0.7692307692307693,0.9302325581395349
vit_method2,standardized_resnet18,raw,eye,failure_inclusive.per_class.normal.fn_including_abstain,5,2.6,2.0736441353327724,0.0,5.0
vit_method2,standardized_resnet18,raw,eye,failure_inclusive.per_class.normal.fp,5,3.0,0.7071067811865476,2.0,4.0
vit_method2,standardized_resnet18,raw,eye,failure_inclusive.per_class.normal.precision,5,0.8523128308254165,0.03780801103839166,0.7894736842105263,0.8888888888888888
vit_method2,standardized_resnet18,raw,eye,failure_inclusive.per_class.normal.recall,5,0.8700000000000001,0.10368220676663858,0.75,1.0
vit_method2,standardized_resnet18,raw,eye,failure_inclusive.per_class.normal.sensitivity,5,0.8700000000000001,0.10368220676663858,0.75,1.0
vit_method2,standardized_resnet18,raw,eye,failure_inclusive.per_class.normal.specificity,5,0.775,0.05590169943749474,0.75,0.875
vit_method2,standardized_resnet18,raw,eye,failure_inclusive.per_class.normal.support,5,20.0,0.0,20.0,20.0
vit_method2,standardized_resnet18,raw,eye,failure_inclusive.per_class.normal.tn_excluding_abstain,5,12.4,0.8944271909999159,12.0,14.0
vit_method2,standardized_resnet18,raw,eye,failure_inclusive.per_class.normal.tp,5,17.4,2.073644135332772,15.0,20.0
vit_method2,standardized_resnet18,raw,eye,failure_inclusive.per_class.papilledema.abstain,5,0.2,0.447213595499958,0.0,1.0
vit_method2,standardized_resnet18,raw,eye,failure_inclusive.per_class.papilledema.balanced_accuracy_ovr,5,0.6232142857142857,0.1351727919126826,0.42857142857142855,0.8035714285714286
vit_method2,standardized_resnet18,raw,eye,failure_inclusive.per_class.papilledema.class_index,5,1.0,0.0,1.0,1.0
vit_method2,standardized_resnet18,raw,eye,failure_inclusive.per_class.papilledema.f1,5,0.39355742296918766,0.25914149167100653,0.0,0.7058823529411765
vit_method2,standardized_resnet18,raw,eye,failure_inclusive.per_class.papilledema.fn_including_abstain,5,5.0,2.23606797749979,2.0,8.0
vit_method2,standardized_resnet18,raw,eye,failure_inclusive.per_class.papilledema.fp,5,3.2,0.8366600265340756,2.0,4.0
vit_method2,standardized_resnet18,raw,eye,failure_inclusive.per_class.papilledema.precision,5,0.4333333333333333,0.25276251480171835,0.0,0.6666666666666666
vit_method2,standardized_resnet18,raw,eye,failure_inclusive.per_class.papilledema.recall,5,0.375,0.2795084971874737,0.0,0.75
vit_method2,standardized_resnet18,raw,eye,failure_inclusive.per_class.papilledema.sensitivity,5,0.375,0.2795084971874737,0.0,0.75
vit_method2,standardized_resnet18,raw,eye,failure_inclusive.per_class.papilledema.specificity,5,0.8714285714285716,0.04072055089639782,0.8214285714285714,0.9285714285714286
vit_method2,standardized_resnet18,raw,eye,failure_inclusive.per_class.papilledema.support,5,8.0,0.0,8.0,8.0
vit_method2,standardized_resnet18,raw,eye,failure_inclusive.per_class.papilledema.tn_excluding_abstain,5,24.4,1.1401754250991378,23.0,26.0
vit_method2,standardized_resnet18,raw,eye,failure_inclusive.per_class.papilledema.tp,5,3.0,2.23606797749979,0.0,6.0
vit_method2,standardized_resnet18,raw,eye,failure_inclusive.per_class.pseudopapilledema.abstain,5,0.4,0.5477225575051662,0.0,1.0
vit_method2,standardized_resnet18,raw,eye,failure_inclusive.per_class.pseudopapilledema.balanced_accuracy_ovr,5,0.5964285714285714,0.09004144453913365,0.49107142857142855,0.7321428571428572
vit_method2,standardized_resnet18,raw,eye,failure_inclusive.per_class.pseudopapilledema.class_index,5,2.0,0.0,2.0,2.0
vit_method2,standardized_resnet18,raw,eye,failure_inclusive.per_class.pseudopapilledema.f1,5,0.3599558336400442,0.14369064388536978,0.15384615384615385,0.5454545454545454
vit_method2,standardized_resnet18,raw,eye,failure_inclusive.per_class.pseudopapilledema.fn_including_abstain,5,4.8,1.9235384061671346,2.0,7.0
vit_method2,standardized_resnet18,raw,eye,failure_inclusive.per_class.pseudopapilledema.fp,5,5.6,3.0495901363953815,1.0,8.0
vit_method2,standardized_resnet18,raw,eye,failure_inclusive.per_class.pseudopapilledema.precision,5,0.3863203463203463,0.1792431548028905,0.2,0.6666666666666666
vit_method2,standardized_resnet18,raw,eye,failure_inclusive.per_class.pseudopapilledema.recall,5,0.4,0.24044230077089182,0.125,0.75
vit_method2,standardized_resnet18,raw,eye,failure_inclusive.per_class.pseudopapilledema.sensitivity,5,0.4,0.24044230077089182,0.125,0.75
vit_method2,standardized_resnet18,raw,eye,failure_inclusive.per_class.pseudopapilledema.specificity,5,0.7928571428571429,0.11406228159050935,0.7142857142857143,0.9642857142857143
vit_method2,standardized_resnet18,raw,eye,failure_inclusive.per_class.pseudopapilledema.support,5,8.0,0.0,8.0,8.0
vit_method2,standardized_resnet18,raw,eye,failure_inclusive.per_class.pseudopapilledema.tn_excluding_abstain,5,22.2,3.1937438845342623,20.0,27.0
vit_method2,standardized_resnet18,raw,eye,failure_inclusive.per_class.pseudopapilledema.tp,5,3.2,1.9235384061671346,1.0,6.0
vit_method2,standardized_resnet18,raw,eye,localized_diagnostic_success.localized_rate,5,0.8666666666666668,0.11180339887498948,0.6944444444444444,1.0
vit_method2,standardized_resnet18,raw,eye,localized_diagnostic_success.n_success,5,22.4,3.9749213828703582,17.0,28.0
vit_method2,standardized_resnet18,raw,eye,localized_diagnostic_success.per_class_rate.normal,5,0.8400000000000001,0.12449899597988733,0.75,1.0
vit_method2,standardized_resnet18,raw,eye,localized_diagnostic_success.per_class_rate.papilledema,5,0.35,0.270993542358485,0.0,0.75
vit_method2,standardized_resnet18,raw,eye,localized_diagnostic_success.per_class_rate.pseudopapilledema,5,0.35,0.24044230077089182,0.125,0.75
vit_method2,standardized_resnet18,raw,eye,localized_diagnostic_success.rate,5,0.6222222222222222,0.11041448285750995,0.4722222222222222,0.7777777777777778
vit_method2,standardized_resnet18,raw,eye,n_abstain,5,0.6,0.5477225575051662,0.0,1.0
vit_method2,standardized_resnet18,raw,eye,n_covered,5,35.4,0.5477225575051661,35.0,36.0
vit_method2,standardized_resnet18,raw,eye,n_total,5,36.0,0.0,36.0,36.0
vit_method2,standardized_resnet18,raw,eye,selective_risk,5,0.33285714285714285,0.08591906754498942,0.2,0.4166666666666667
vit_method2,standardized_resnet18,raw,patient,abstention_rate,5,0.03333333333333333,0.03042903097250923,0.0,0.05555555555555555
vit_method2,standardized_resnet18,raw,patient,class_conditional_coverage.normal,5,1.0,0.0,1.0,1.0
vit_method2,standardized_resnet18,raw,patient,class_conditional_coverage.papilledema,5,0.95,0.11180339887498948,0.75,1.0
vit_method2,standardized_resnet18,raw,patient,class_conditional_coverage.pseudopapilledema,5,0.9,0.13693063937629152,0.75,1.0
vit_method2,standardized_resnet18,raw,patient,conditional.accuracy,5,0.7248366013071895,0.09301964825652072,0.6470588235294118,0.8823529411764706
vit_method2,standardized_resnet18,raw,patient,conditional.balanced_accuracy,5,0.601111111111111,0.1292428090986253,0.4166666666666667,0.7777777777777778
vit_method2,standardized_resnet18,raw,patient,conditional.class_counts.normal,5,10.0,0.0,10.0,10.0
vit_method2,standardized_resnet18,raw,patient,conditional.class_counts.papilledema,5,3.8,0.4472135954999579,3.0,4.0
vit_method2,standardized_resnet18,raw,patient,conditional.class_counts.pseudopapilledema,5,3.6,0.5477225575051661,3.0,4.0
vit_method2,standardized_resnet18,raw,patient,conditional.derived_discrimination.normal_vs_abnormal.auroc,5,0.9132142857142858,0.05783068177967506,0.8428571428571429,1.0
vit_method2,standardized_resnet18,raw,patient,conditional.derived_discrimination.normal_vs_abnormal.average_precision,5,0.9318707482993197,0.044260159154897574,0.8839285714285714,1.0
vit_method2,standardized_resnet18,raw,patient,conditional.derived_discrimination.normal_vs_abnormal.n,5,17.4,0.5477225575051661,17.0,18.0
vit_method2,standardized_resnet18,raw,patient,conditional.derived_discrimination.normal_vs_abnormal.negative,5,10.0,0.0,10.0,10.0
vit_method2,standardized_resnet18,raw,patient,conditional.derived_discrimination.normal_vs_abnormal.positive,5,7.4,0.5477225575051661,7.0,8.0
vit_method2,standardized_resnet18,raw,patient,conditional.derived_discrimination.papilledema_vs_pseudopapilledema.auroc,5,0.45833333333333337,0.16666666666666666,0.25,0.6666666666666666
vit_method2,standardized_resnet18,raw,patient,conditional.derived_discrimination.papilledema_vs_pseudopapilledema.average_precision,5,0.6043650793650794,0.13458174058154837,0.44047619047619047,0.7222222222222222
vit_method2,standardized_resnet18,raw,patient,conditional.derived_discrimination.papilledema_vs_pseudopapilledema.n,5,7.4,0.5477225575051661,7.0,8.0
vit_method2,standardized_resnet18,raw,patient,conditional.derived_discrimination.papilledema_vs_pseudopapilledema.negative,5,3.8,0.4472135954999579,3.0,4.0
vit_method2,standardized_resnet18,raw,patient,conditional.derived_discrimination.papilledema_vs_pseudopapilledema.positive,5,3.6,0.5477225575051661,3.0,4.0
vit_method2,standardized_resnet18,raw,patient,conditional.macro.adaptive_ece_ovr,5,0.18348693098230096,0.03441223220218647,0.12754712078131375,0.21033362289139104
vit_method2,standardized_resnet18,raw,patient,conditional.macro.auroc_ovr,5,0.8205525030525029,0.0888932937869415,0.6988400488400487,0.93009768009768
vit_method2,standardized_resnet18,raw,patient,conditional.macro.average_precision_ovr,5,0.6744207551707551,0.13616497602950328,0.5022198172198172,0.8685185185185184
vit_method2,standardized_resnet18,raw,patient,conditional.macro.balanced_accuracy_ovr,5,0.7252350427350427,0.08731716034885774,0.6103479853479854,0.8522588522588522
vit_method2,standardized_resnet18,raw,patient,conditional.macro.brier_ovr,5,0.14381585399810967,0.04797610190320889,0.06840379822880134,0.190976590210286
vit_method2,standardized_resnet18,raw,patient,conditional.macro.ece_ovr,5,0.19016342925822946,0.05368192699332226,0.09897786278006182,0.23545259625874526
vit_method2,standardized_resnet18,raw,patient,conditional.macro.f1,5,0.5940981240981241,0.13993891212135443,0.3863636363636364,0.7804232804232804
vit_method2,standardized_resnet18,raw,patient,conditional.macro.mcc_ovr,5,0.46853240120785056,0.19244454212479847,0.22500666885655332,0.7607114677397968
vit_method2,standardized_resnet18,raw,patient,conditional.macro.nll_ovr,5,0.5708148891321514,0.28522066554377373,0.2563622047692291,1.0143835619343842
vit_method2,standardized_resnet18,raw,patient,conditional.macro.nll_true_class,5,1.3971396541064762,0.7270907019821247,0.7408444685255908,2.5778028298518043
vit_method2,standardized_resnet18,raw,patient,conditional.macro.precision,5,0.6251515151515151,0.19194656902022725,0.36111111111111116,0.903030303030303
vit_method2,standardized_resnet18,raw,patient,conditional.macro.recall,5,0.601111111111111,0.1292428090986253,0.4166666666666667,0.7777777777777778
vit_method2,standardized_resnet18,raw,patient,conditional.macro.specificity,5,0.8493589743589745,0.04829663731536355,0.804029304029304,0.9267399267399267
vit_method2,standardized_resnet18,raw,patient,conditional.macro_auroc,5,0.8205525030525029,0.0888932937869415,0.6988400488400487,0.93009768009768
vit_method2,standardized_resnet18,raw,patient,conditional.macro_average_precision,5,0.6744207551707551,0.13616497602950328,0.5022198172198172,0.8685185185185184
vit_method2,standardized_resnet18,raw,patient,conditional.macro_classwise_adaptive_ece,5,0.18348693098230096,0.03441223220218647,0.12754712078131375,0.21033362289139104
vit_method2,standardized_resnet18,raw,patient,conditional.macro_classwise_ece,5,0.19016342925822946,0.05368192699332226,0.09897786278006182,0.23545259625874526
vit_method2,standardized_resnet18,raw,patient,conditional.macro_f1,5,0.5940981240981241,0.13993891212135443,0.3863636363636364,0.7804232804232804
vit_method2,standardized_resnet18,raw,patient,conditional.macro_precision,5,0.6251515151515151,0.19194656902022725,0.36111111111111116,0.903030303030303
vit_method2,standardized_resnet18,raw,patient,conditional.macro_recall,5,0.601111111111111,0.1292428090986253,0.4166666666666667,0.7777777777777778
vit_method2,standardized_resnet18,raw,patient,conditional.multiclass_brier,5,0.4314475619943291,0.14392830570962667,0.20521139468640404,0.5729297706308581
vit_method2,standardized_resnet18,raw,patient,conditional.multiclass_mcc,5,0.5157305379161724,0.17573983468283033,0.3312945782245396,0.7994544687551033
vit_method2,standardized_resnet18,raw,patient,conditional.multiclass_nll,5,0.9561949423249431,0.45850319450057053,0.44647799778818087,1.6326172055014343
vit_method2,standardized_resnet18,raw,patient,conditional.n,5,17.4,0.5477225575051661,17.0,18.0
vit_method2,standardized_resnet18,raw,patient,conditional.per_class.normal.adaptive_ece_ovr,5,0.14058144854915197,0.024148707850457817,0.10244071211132265,0.16624906814014506
vit_method2,standardized_resnet18,raw,patient,conditional.per_class.normal.auroc_ovr,5,0.9132142857142858,0.05783068177967506,0.8428571428571429,1.0
vit_method2,standardized_resnet18,raw,patient,conditional.per_class.normal.average_precision_ovr,5,0.9180043290043288,0.06068437413469166,0.8322546897546897,0.9999999999999999
vit_method2,standardized_resnet18,raw,patient,conditional.per_class.normal.balanced_accuracy_ovr,5,0.8510714285714286,0.0614140348248622,0.775,0.9285714285714286
vit_method2,standardized_resnet18,raw,patient,conditional.per_class.normal.brier_ovr,5,0.10389225830103821,0.03521456365694056,0.05042252041011757,0.14457054830802396
vit_method2,standardized_resnet18,raw,patient,conditional.per_class.normal.class_index,5,0.0,0.0,0.0,0.0
vit_method2,standardized_resnet18,raw,patient,conditional.per_class.normal.ece_ovr,5,0.15391567728116184,0.04455729630859086,0.10244071211132263,0.202125787738509
vit_method2,standardized_resnet18,raw,patient,conditional.per_class.normal.f1,5,0.8837229437229437,0.05774606196330626,0.8,0.9523809523809523
vit_method2,standardized_resnet18,raw,patient,conditional.per_class.normal.fn,5,0.8,0.8366600265340756,0.0,2.0
vit_method2,standardized_resnet18,raw,patient,conditional.per_class.normal.fp,5,1.6,0.5477225575051661,1.0,2.0
vit_method2,standardized_resnet18,raw,patient,conditional.per_class.normal.mcc_ovr,5,0.7223756414253892,0.13102241034610448,0.55,0.8827348295047495
vit_method2,standardized_resnet18,raw,patient,conditional.per_class.normal.nll_ovr,5,0.39070114156465535,0.2114386214455301,0.18212747144054675,0.7378855068309519
vit_method2,standardized_resnet18,raw,patient,conditional.per_class.normal.nll_true_class,5,0.24182471604721986,0.10577914865169659,0.07251687477056006,0.32351105862613017
vit_method2,standardized_resnet18,raw,patient,conditional.per_class.normal.precision,5,0.8521212121212122,0.04939486892599989,0.8,0.9090909090909091
vit_method2,standardized_resnet18,raw,patient,conditional.per_class.normal.recall,5,0.9200000000000002,0.08366600265340754,0.8,1.0
vit_method2,standardized_resnet18,raw,patient,conditional.per_class.normal.sensitivity,5,0.9200000000000002,0.08366600265340754,0.8,1.0
vit_method2,standardized_resnet18,raw,patient,conditional.per_class.normal.specificity,5,0.7821428571428573,0.07824607964359515,0.7142857142857143,0.875
vit_method2,standardized_resnet18,raw,patient,conditional.per_class.normal.support,5,10.0,0.0,10.0,10.0
vit_method2,standardized_resnet18,raw,patient,conditional.per_class.normal.tn,5,5.8,0.8366600265340756,5.0,7.0
vit_method2,standardized_resnet18,raw,patient,conditional.per_class.normal.tp,5,9.2,0.8366600265340756,8.0,10.0
vit_method2,standardized_resnet18,raw,patient,conditional.per_class.papilledema.adaptive_ece_ovr,5,0.18648296750736582,0.061983004024771415,0.10474244036010205,0.2781928827732794
vit_method2,standardized_resnet18,raw,patient,conditional.per_class.papilledema.auroc_ovr,5,0.8155677655677656,0.14707762250077644,0.619047619047619,0.9807692307692308
vit_method2,standardized_resnet18,raw,patient,conditional.per_class.papilledema.average_precision_ovr,5,0.6269642857142856,0.2778265121648364,0.2619047619047619,0.95
vit_method2,standardized_resnet18,raw,patient,conditional.per_class.papilledema.balanced_accuracy_ovr,5,0.6881868131868132,0.18429643595905285,0.4642857142857143,0.9615384615384616
vit_method2,standardized_resnet18,raw,patient,conditional.per_class.papilledema.brier_ovr,5,0.1440159600335387,0.060658621806941815,0.053626145170697824,0.20638294924931308
vit_method2,standardized_resnet18,raw,patient,conditional.per_class.papilledema.class_index,5,1.0,0.0,1.0,1.0
vit_method2,standardized_resnet18,raw,patient,conditional.per_class.papilledema.ece_ovr,5,0.1862489125464591,0.05895928201299944,0.09968477006365328,0.25994524500599403
vit_method2,standardized_resnet18,raw,patient,conditional.per_class.papilledema.f1,5,0.473015873015873,0.32999079978318635,0.0,0.8888888888888888
vit_method2,standardized_resnet18,raw,patient,conditional.per_class.papilledema.fn,5,2.0,1.224744871391589,0.0,3.0
vit_method2,standardized_resnet18,raw,patient,conditional.per_class.papilledema.fp,5,1.0,0.0,1.0,1.0
vit_method2,standardized_resnet18,raw,patient,conditional.per_class.papilledema.mcc_ovr,5,0.38573722350045586,0.3584254069004157,-0.11572751247156893,0.8593378488473195
vit_method2,standardized_resnet18,raw,patient,conditional.per_class.papilledema.nll_ovr,5,0.60181060261383,0.3356809388100509,0.20046990385799496,0.9584887082546201
vit_method2,standardized_resnet18,raw,patient,conditional.per_class.papilledema.nll_true_class,5,2.260133472032291,1.8030311694421453,0.4149076222748356,4.400194048402349
vit_method2,standardized_resnet18,raw,patient,conditional.per_class.papilledema.precision,5,0.5266666666666666,0.31304951684997057,0.0,0.8
vit_method2,standardized_resnet18,raw,patient,conditional.per_class.papilledema.recall,5,0.45,0.37080992435478316,0.0,1.0
vit_method2,standardized_resnet18,raw,patient,conditional.per_class.papilledema.sensitivity,5,0.45,0.37080992435478316,0.0,1.0
vit_method2,standardized_resnet18,raw,patient,conditional.per_class.papilledema.specificity,5,0.9263736263736264,0.003009464601676726,0.9230769230769231,0.9285714285714286
vit_method2,standardized_resnet18,raw,patient,conditional.per_class.papilledema.support,5,3.8,0.4472135954999579,3.0,4.0
vit_method2,standardized_resnet18,raw,patient,conditional.per_class.papilledema.tn,5,12.6,0.5477225575051662,12.0,13.0
vit_method2,standardized_resnet18,raw,patient,conditional.per_class.papilledema.tp,5,1.8,1.4832396974191326,0.0,4.0
vit_method2,standardized_resnet18,raw,patient,conditional.per_class.pseudopapilledema.adaptive_ece_ovr,5,0.22339637689038513,0.04323325384574651,0.17545820987251654,0.28591016286753657
vit_method2,standardized_resnet18,raw,patient,conditional.per_class.pseudopapilledema.auroc_ovr,5,0.7328754578754578,0.10324335189922651,0.625,0.8571428571428571
vit_method2,standardized_resnet18,raw,patient,conditional.per_class.pseudopapilledema.average_precision_ovr,5,0.4782936507936508,0.12350274875223431,0.375,0.6555555555555554
vit_method2,standardized_resnet18,raw,patient,conditional.per_class.pseudopapilledema.balanced_accuracy_ovr,5,0.6364468864468864,0.0948780484665847,0.5096153846153846,0.7678571428571428
vit_method2,standardized_resnet18,raw,patient,conditional.per_class.pseudopapilledema.brier_ovr,5,0.1835393436597522,0.05631275026993893,0.10116272910558866,0.2481396331933194
vit_method2,standardized_resnet18,raw,patient,conditional.per_class.pseudopapilledema.class_index,5,2.0,0.0,2.0,2.0
vit_method2,standardized_resnet18,raw,patient,conditional.per_class.pseudopapilledema.ece_ovr,5,0.23032569794706753,0.09086419878939016,0.09480810616520952,0.3056991865189248
vit_method2,standardized_resnet18,raw,patient,conditional.per_class.pseudopapilledema.f1,5,0.4255555555555556,0.13752665286014046,0.25,0.6
vit_method2,standardized_resnet18,raw,patient,conditional.per_class.pseudopapilledema.fn,5,2.0,0.7071067811865476,1.0,3.0
vit_method2,standardized_resnet18,raw,patient,conditional.per_class.pseudopapilledema.fp,5,2.2,1.3038404810405297,0.0,3.0
vit_method2,standardized_resnet18,raw,patient,conditional.per_class.pseudopapilledema.mcc_ovr,5,0.29748433869770674,0.21176458951043506,0.019230769230769232,0.5400617248673216
vit_method2,standardized_resnet18,raw,patient,conditional.per_class.pseudopapilledema.nll_ovr,5,0.7199329232179689,0.38687941009647026,0.3864892390091456,1.3783102528540476
vit_method2,standardized_resnet18,raw,patient,conditional.per_class.pseudopapilledema.nll_true_class,5,1.6894607742399184,0.9686623331072494,0.4028656349572064,3.1297056772022174
vit_method2,standardized_resnet18,raw,patient,conditional.per_class.pseudopapilledema.precision,5,0.4966666666666667,0.2958978802822953,0.25,1.0
vit_method2,standardized_resnet18,raw,patient,conditional.per_class.pseudopapilledema.recall,5,0.4333333333333333,0.19895560643855537,0.25,0.75
vit_method2,standardized_resnet18,raw,patient,conditional.per_class.pseudopapilledema.sensitivity,5,0.4333333333333333,0.19895560643855537,0.25,0.75
vit_method2,standardized_resnet18,raw,patient,conditional.per_class.pseudopapilledema.specificity,5,0.8395604395604396,0.09591020938723015,0.7692307692307693,1.0
vit_method2,standardized_resnet18,raw,patient,conditional.per_class.pseudopapilledema.support,5,3.6,0.5477225575051661,3.0,4.0
vit_method2,standardized_resnet18,raw,patient,conditional.per_class.pseudopapilledema.tn,5,11.6,1.51657508881031,10.0,14.0
vit_method2,standardized_resnet18,raw,patient,conditional.per_class.pseudopapilledema.tp,5,1.6,0.8944271909999159,1.0,3.0
vit_method2,standardized_resnet18,raw,patient,conditional.top_label_adaptive_ece,5,0.26217171819150165,0.09016774060671666,0.13221187897767528,0.35176106303523813
vit_method2,standardized_resnet18,raw,patient,conditional.top_label_ece,5,0.20977134294606653,0.09499922437517087,0.1305601661758461,0.3654342323047379
vit_method2,standardized_resnet18,raw,patient,conditional_aurc,5,0.1848228086578721,0.10785743868102057,0.03182345336324575,0.33144419018121435
vit_method2,standardized_resnet18,raw,patient,coverage,5,0.9666666666666666,0.030429030972509243,0.9444444444444444,1.0
vit_method2,standardized_resnet18,raw,patient,failure_aware.accuracy,5,0.7,0.08425417160057279,0.6111111111111112,0.8333333333333334
vit_method2,standardized_resnet18,raw,patient,failure_aware.aurc,5,0.18894193859880132,0.10566800342831076,0.039314742991213576,0.3346355623316407
vit_method2,standardized_resnet18,raw,patient,failure_aware.balanced_accuracy,5,0.59,0.1216780816562932,0.4166666666666667,0.75
vit_method2,standardized_resnet18,raw,patient,failure_aware.correct,5,12.6,1.51657508881031,11.0,15.0
vit_method2,standardized_resnet18,raw,patient,failure_aware.incorrect_or_abstained,5,5.4,1.51657508881031,3.0,7.0
vit_method2,standardized_resnet18,raw,patient,failure_aware.macro_f1,5,0.5842568542568543,0.12942613073773737,0.3863636363636364,0.7470899470899471
vit_method2,standardized_resnet18,raw,patient,failure_aware.macro_precision,5,0.6251515151515151,0.19194656902022725,0.36111111111111116,0.903030303030303
vit_method2,standardized_resnet18,raw,patient,failure_aware.macro_recall,5,0.59,0.1216780816562932,0.4166666666666667,0.75
vit_method2,standardized_resnet18,raw,patient,failure_aware.macro_specificity,5,0.8178571428571428,0.04990779480060617,0.7559523809523809,0.8690476190476191
vit_method2,standardized_resnet18,raw,patient,failure_aware.multiclass_mcc,5,0.497487666063956,0.15514576918421547,0.328866678429223,0.7398300378117159
vit_method2,standardized_resnet18,raw,patient,failure_aware.per_class.normal.abstain,5,0.0,0.0,0.0,0.0
vit_method2,standardized_resnet18,raw,patient,failure_aware.per_class.normal.balanced_accuracy_ovr,5,0.8225,0.056871565830386626,0.7625,0.8875
vit_method2,standardized_resnet18,raw,patient,failure_aware.per_class.normal.class_index,5,0.0,0.0,0.0,0.0
vit_method2,standardized_resnet18,raw,patient,failure_aware.per_class.normal.f1,5,0.8837229437229437,0.05774606196330626,0.8,0.9523809523809523
vit_method2,standardized_resnet18,raw,patient,failure_aware.per_class.normal.fn_including_abstain,5,0.8,0.8366600265340756,0.0,2.0
vit_method2,standardized_resnet18,raw,patient,failure_aware.per_class.normal.fp,5,1.6,0.5477225575051661,1.0,2.0
vit_method2,standardized_resnet18,raw,patient,failure_aware.per_class.normal.precision,5,0.8521212121212122,0.04939486892599989,0.8,0.9090909090909091
vit_method2,standardized_resnet18,raw,patient,failure_aware.per_class.normal.recall,5,0.9200000000000002,0.08366600265340754,0.8,1.0
vit_method2,standardized_resnet18,raw,patient,failure_aware.per_class.normal.sensitivity,5,0.9200000000000002,0.08366600265340754,0.8,1.0
vit_method2,standardized_resnet18,raw,patient,failure_aware.per_class.normal.specificity,5,0.725,0.10458250331675945,0.625,0.875
vit_method2,standardized_resnet18,raw,patient,failure_aware.per_class.normal.support,5,10.0,0.0,10.0,10.0
vit_method2,standardized_resnet18,raw,patient,failure_aware.per_class.normal.tn_excluding_abstain,5,5.8,0.8366600265340756,5.0,7.0
vit_method2,standardized_resnet18,raw,patient,failure_aware.per_class.normal.tp,5,9.2,0.8366600265340756,8.0,10.0
vit_method2,standardized_resnet18,raw,patient,failure_aware.per_class.papilledema.abstain,5,0.2,0.447213595499958,0.0,1.0
vit_method2,standardized_resnet18,raw,patient,failure_aware.per_class.papilledema.balanced_accuracy_ovr,5,0.675,0.1714657697736829,0.4642857142857143,0.9285714285714286
vit_method2,standardized_resnet18,raw,patient,failure_aware.per_class.papilledema.class_index,5,1.0,0.0,1.0,1.0
vit_method2,standardized_resnet18,raw,patient,failure_aware.per_class.papilledema.f1,5,0.473015873015873,0.32999079978318635,0.0,0.8888888888888888
vit_method2,standardized_resnet18,raw,patient,failure_aware.per_class.papilledema.fn_including_abstain,5,2.2,1.4832396974191326,0.0,4.0
vit_method2,standardized_resnet18,raw,patient,failure_aware.per_class.papilledema.fp,5,1.0,0.0,1.0,1.0
vit_method2,standardized_resnet18,raw,patient,failure_aware.per_class.papilledema.precision,5,0.5266666666666666,0.31304951684997057,0.0,0.8
vit_method2,standardized_resnet18,raw,patient,failure_aware.per_class.papilledema.recall,5,0.45,0.37080992435478316,0.0,1.0
vit_method2,standardized_resnet18,raw,patient,failure_aware.per_class.papilledema.sensitivity,5,0.45,0.37080992435478316,0.0,1.0
vit_method2,standardized_resnet18,raw,patient,failure_aware.per_class.papilledema.specificity,5,0.9,0.03912303982179762,0.8571428571428571,0.9285714285714286
vit_method2,standardized_resnet18,raw,patient,failure_aware.per_class.papilledema.support,5,4.0,0.0,4.0,4.0
vit_method2,standardized_resnet18,raw,patient,failure_aware.per_class.papilledema.tn_excluding_abstain,5,12.6,0.5477225575051662,12.0,13.0
vit_method2,standardized_resnet18,raw,patient,failure_aware.per_class.papilledema.tp,5,1.8,1.4832396974191326,0.0,4.0
vit_method2,standardized_resnet18,raw,patient,failure_aware.per_class.pseudopapilledema.abstain,5,0.4,0.5477225575051662,0.0,1.0
vit_method2,standardized_resnet18,raw,patient,failure_aware.per_class.pseudopapilledema.balanced_accuracy_ovr,5,0.6142857142857142,0.10684482358322561,0.48214285714285715,0.7678571428571428
vit_method2,standardized_resnet18,raw,patient,failure_aware.per_class.pseudopapilledema.class_index,5,2.0,0.0,2.0,2.0
vit_method2,standardized_resnet18,raw,patient,failure_aware.per_class.pseudopapilledema.f1,5,0.39603174603174607,0.1391562053359357,0.25,0.6
vit_method2,standardized_resnet18,raw,patient,failure_aware.per_class.pseudopapilledema.fn_including_abstain,5,2.4,0.8944271909999159,1.0,3.0
vit_method2,standardized_resnet18,raw,patient,failure_aware.per_class.pseudopapilledema.fp,5,2.2,1.3038404810405297,0.0,3.0
vit_method2,standardized_resnet18,raw,patient,failure_aware.per_class.pseudopapilledema.precision,5,0.4966666666666667,0.2958978802822953,0.25,1.0
vit_method2,standardized_resnet18,raw,patient,failure_aware.per_class.pseudopapilledema.recall,5,0.4,0.22360679774997896,0.25,0.75
vit_method2,standardized_resnet18,raw,patient,failure_aware.per_class.pseudopapilledema.sensitivity,5,0.4,0.22360679774997896,0.25,0.75
vit_method2,standardized_resnet18,raw,patient,failure_aware.per_class.pseudopapilledema.specificity,5,0.8285714285714286,0.10832679205787929,0.7142857142857143,1.0
vit_method2,standardized_resnet18,raw,patient,failure_aware.per_class.pseudopapilledema.support,5,4.0,0.0,4.0,4.0
vit_method2,standardized_resnet18,raw,patient,failure_aware.per_class.pseudopapilledema.tn_excluding_abstain,5,11.6,1.51657508881031,10.0,14.0
vit_method2,standardized_resnet18,raw,patient,failure_aware.per_class.pseudopapilledema.tp,5,1.6,0.8944271909999159,1.0,3.0
vit_method2,standardized_resnet18,raw,patient,failure_aware_accuracy,5,0.7,0.08425417160057279,0.6111111111111112,0.8333333333333334
vit_method2,standardized_resnet18,raw,patient,failure_aware_aurc,5,0.18894193859880132,0.10566800342831076,0.039314742991213576,0.3346355623316407
vit_method2,standardized_resnet18,raw,patient,failure_aware_balanced_accuracy,5,0.59,0.1216780816562932,0.4166666666666667,0.75
vit_method2,standardized_resnet18,raw,patient,failure_inclusive.accuracy,5,0.7,0.08425417160057279,0.6111111111111112,0.8333333333333334
vit_method2,standardized_resnet18,raw,patient,failure_inclusive.aurc,5,0.18894193859880132,0.10566800342831076,0.039314742991213576,0.3346355623316407
vit_method2,standardized_resnet18,raw,patient,failure_inclusive.balanced_accuracy,5,0.59,0.1216780816562932,0.4166666666666667,0.75
vit_method2,standardized_resnet18,raw,patient,failure_inclusive.correct,5,12.6,1.51657508881031,11.0,15.0
vit_method2,standardized_resnet18,raw,patient,failure_inclusive.incorrect_or_abstained,5,5.4,1.51657508881031,3.0,7.0
vit_method2,standardized_resnet18,raw,patient,failure_inclusive.macro_f1,5,0.5842568542568543,0.12942613073773737,0.3863636363636364,0.7470899470899471
vit_method2,standardized_resnet18,raw,patient,failure_inclusive.macro_precision,5,0.6251515151515151,0.19194656902022725,0.36111111111111116,0.903030303030303
vit_method2,standardized_resnet18,raw,patient,failure_inclusive.macro_recall,5,0.59,0.1216780816562932,0.4166666666666667,0.75
vit_method2,standardized_resnet18,raw,patient,failure_inclusive.macro_specificity,5,0.8178571428571428,0.04990779480060617,0.7559523809523809,0.8690476190476191
vit_method2,standardized_resnet18,raw,patient,failure_inclusive.multiclass_mcc,5,0.497487666063956,0.15514576918421547,0.328866678429223,0.7398300378117159
vit_method2,standardized_resnet18,raw,patient,failure_inclusive.per_class.normal.abstain,5,0.0,0.0,0.0,0.0
vit_method2,standardized_resnet18,raw,patient,failure_inclusive.per_class.normal.balanced_accuracy_ovr,5,0.8225,0.056871565830386626,0.7625,0.8875
vit_method2,standardized_resnet18,raw,patient,failure_inclusive.per_class.normal.class_index,5,0.0,0.0,0.0,0.0
vit_method2,standardized_resnet18,raw,patient,failure_inclusive.per_class.normal.f1,5,0.8837229437229437,0.05774606196330626,0.8,0.9523809523809523
vit_method2,standardized_resnet18,raw,patient,failure_inclusive.per_class.normal.fn_including_abstain,5,0.8,0.8366600265340756,0.0,2.0
vit_method2,standardized_resnet18,raw,patient,failure_inclusive.per_class.normal.fp,5,1.6,0.5477225575051661,1.0,2.0
vit_method2,standardized_resnet18,raw,patient,failure_inclusive.per_class.normal.precision,5,0.8521212121212122,0.04939486892599989,0.8,0.9090909090909091
vit_method2,standardized_resnet18,raw,patient,failure_inclusive.per_class.normal.recall,5,0.9200000000000002,0.08366600265340754,0.8,1.0
vit_method2,standardized_resnet18,raw,patient,failure_inclusive.per_class.normal.sensitivity,5,0.9200000000000002,0.08366600265340754,0.8,1.0
vit_method2,standardized_resnet18,raw,patient,failure_inclusive.per_class.normal.specificity,5,0.725,0.10458250331675945,0.625,0.875
vit_method2,standardized_resnet18,raw,patient,failure_inclusive.per_class.normal.support,5,10.0,0.0,10.0,10.0
vit_method2,standardized_resnet18,raw,patient,failure_inclusive.per_class.normal.tn_excluding_abstain,5,5.8,0.8366600265340756,5.0,7.0
vit_method2,standardized_resnet18,raw,patient,failure_inclusive.per_class.normal.tp,5,9.2,0.8366600265340756,8.0,10.0
vit_method2,standardized_resnet18,raw,patient,failure_inclusive.per_class.papilledema.abstain,5,0.2,0.447213595499958,0.0,1.0
vit_method2,standardized_resnet18,raw,patient,failure_inclusive.per_class.papilledema.balanced_accuracy_ovr,5,0.675,0.1714657697736829,0.4642857142857143,0.9285714285714286
vit_method2,standardized_resnet18,raw,patient,failure_inclusive.per_class.papilledema.class_index,5,1.0,0.0,1.0,1.0
vit_method2,standardized_resnet18,raw,patient,failure_inclusive.per_class.papilledema.f1,5,0.473015873015873,0.32999079978318635,0.0,0.8888888888888888
vit_method2,standardized_resnet18,raw,patient,failure_inclusive.per_class.papilledema.fn_including_abstain,5,2.2,1.4832396974191326,0.0,4.0
vit_method2,standardized_resnet18,raw,patient,failure_inclusive.per_class.papilledema.fp,5,1.0,0.0,1.0,1.0
vit_method2,standardized_resnet18,raw,patient,failure_inclusive.per_class.papilledema.precision,5,0.5266666666666666,0.31304951684997057,0.0,0.8
vit_method2,standardized_resnet18,raw,patient,failure_inclusive.per_class.papilledema.recall,5,0.45,0.37080992435478316,0.0,1.0
vit_method2,standardized_resnet18,raw,patient,failure_inclusive.per_class.papilledema.sensitivity,5,0.45,0.37080992435478316,0.0,1.0
vit_method2,standardized_resnet18,raw,patient,failure_inclusive.per_class.papilledema.specificity,5,0.9,0.03912303982179762,0.8571428571428571,0.9285714285714286
vit_method2,standardized_resnet18,raw,patient,failure_inclusive.per_class.papilledema.support,5,4.0,0.0,4.0,4.0
vit_method2,standardized_resnet18,raw,patient,failure_inclusive.per_class.papilledema.tn_excluding_abstain,5,12.6,0.5477225575051662,12.0,13.0
vit_method2,standardized_resnet18,raw,patient,failure_inclusive.per_class.papilledema.tp,5,1.8,1.4832396974191326,0.0,4.0
vit_method2,standardized_resnet18,raw,patient,failure_inclusive.per_class.pseudopapilledema.abstain,5,0.4,0.5477225575051662,0.0,1.0
vit_method2,standardized_resnet18,raw,patient,failure_inclusive.per_class.pseudopapilledema.balanced_accuracy_ovr,5,0.6142857142857142,0.10684482358322561,0.48214285714285715,0.7678571428571428
vit_method2,standardized_resnet18,raw,patient,failure_inclusive.per_class.pseudopapilledema.class_index,5,2.0,0.0,2.0,2.0
vit_method2,standardized_resnet18,raw,patient,failure_inclusive.per_class.pseudopapilledema.f1,5,0.39603174603174607,0.1391562053359357,0.25,0.6
vit_method2,standardized_resnet18,raw,patient,failure_inclusive.per_class.pseudopapilledema.fn_including_abstain,5,2.4,0.8944271909999159,1.0,3.0
vit_method2,standardized_resnet18,raw,patient,failure_inclusive.per_class.pseudopapilledema.fp,5,2.2,1.3038404810405297,0.0,3.0
vit_method2,standardized_resnet18,raw,patient,failure_inclusive.per_class.pseudopapilledema.precision,5,0.4966666666666667,0.2958978802822953,0.25,1.0
vit_method2,standardized_resnet18,raw,patient,failure_inclusive.per_class.pseudopapilledema.recall,5,0.4,0.22360679774997896,0.25,0.75
vit_method2,standardized_resnet18,raw,patient,failure_inclusive.per_class.pseudopapilledema.sensitivity,5,0.4,0.22360679774997896,0.25,0.75
vit_method2,standardized_resnet18,raw,patient,failure_inclusive.per_class.pseudopapilledema.specificity,5,0.8285714285714286,0.10832679205787929,0.7142857142857143,1.0
vit_method2,standardized_resnet18,raw,patient,failure_inclusive.per_class.pseudopapilledema.support,5,4.0,0.0,4.0,4.0
vit_method2,standardized_resnet18,raw,patient,failure_inclusive.per_class.pseudopapilledema.tn_excluding_abstain,5,11.6,1.51657508881031,10.0,14.0
vit_method2,standardized_resnet18,raw,patient,failure_inclusive.per_class.pseudopapilledema.tp,5,1.6,0.8944271909999159,1.0,3.0
vit_method2,standardized_resnet18,raw,patient,localized_diagnostic_success.localized_rate,5,0.8,0.13944333775567924,0.6111111111111112,1.0
vit_method2,standardized_resnet18,raw,patient,localized_diagnostic_success.n_success,5,11.2,2.16794833886788,8.0,14.0
vit_method2,standardized_resnet18,raw,patient,localized_diagnostic_success.per_class_rate.normal,5,0.8400000000000001,0.1140175425099138,0.7,1.0
vit_method2,standardized_resnet18,raw,patient,localized_diagnostic_success.per_class_rate.papilledema,5,0.45,0.37080992435478316,0.0,1.0
vit_method2,standardized_resnet18,raw,patient,localized_diagnostic_success.per_class_rate.pseudopapilledema,5,0.25,0.3535533905932738,0.0,0.75
vit_method2,standardized_resnet18,raw,patient,localized_diagnostic_success.rate,5,0.6222222222222222,0.12044157438154889,0.4444444444444444,0.7777777777777778
vit_method2,standardized_resnet18,raw,patient,n_abstain,5,0.6,0.5477225575051662,0.0,1.0
vit_method2,standardized_resnet18,raw,patient,n_covered,5,17.4,0.5477225575051661,17.0,18.0
vit_method2,standardized_resnet18,raw,patient,n_total,5,18.0,0.0,18.0,18.0
vit_method2,standardized_resnet18,raw,patient,selective_risk,5,0.2751633986928105,0.09301964825652075,0.11764705882352941,0.35294117647058826
yolo26,model_specific,calibrated,eye,abstention_rate,5,0.0611111111111111,0.06334307917217434,0.0,0.16666666666666666
yolo26,model_specific,calibrated,eye,class_conditional_coverage.normal,5,0.97,0.0670820393249937,0.85,1.0
yolo26,model_specific,calibrated,eye,class_conditional_coverage.papilledema,5,0.875,0.08838834764831845,0.75,1.0
yolo26,model_specific,calibrated,eye,class_conditional_coverage.pseudopapilledema,5,0.925,0.06846531968814577,0.875,1.0
yolo26,model_specific,calibrated,eye,conditional.accuracy,5,0.6994957983193277,0.06720336890087023,0.6176470588235294,0.7941176470588235
yolo26,model_specific,calibrated,eye,conditional.balanced_accuracy,5,0.547142857142857,0.10464549809766703,0.41190476190476194,0.6976190476190475
yolo26,model_specific,calibrated,eye,conditional.class_counts.normal,5,19.4,1.3416407864998738,17.0,20.0
yolo26,model_specific,calibrated,eye,conditional.class_counts.papilledema,5,7.0,0.7071067811865476,6.0,8.0
yolo26,model_specific,calibrated,eye,conditional.class_counts.pseudopapilledema,5,7.4,0.5477225575051662,7.0,8.0
yolo26,model_specific,calibrated,eye,conditional.derived_discrimination.normal_vs_abnormal.auroc,5,0.902680645335057,0.04562066439131111,0.834375,0.9607142857142857
yolo26,model_specific,calibrated,eye,conditional.derived_discrimination.normal_vs_abnormal.average_precision,5,0.9227353521370253,0.03119089993841498,0.8869515941387998,0.9625258799171842
yolo26,model_specific,calibrated,eye,conditional.derived_discrimination.normal_vs_abnormal.n,5,33.8,2.280350850198276,30.0,36.0
yolo26,model_specific,calibrated,eye,conditional.derived_discrimination.normal_vs_abnormal.negative,5,19.4,1.3416407864998738,17.0,20.0
yolo26,model_specific,calibrated,eye,conditional.derived_discrimination.normal_vs_abnormal.positive,5,14.4,1.1401754250991378,13.0,16.0
yolo26,model_specific,calibrated,eye,conditional.derived_discrimination.papilledema_vs_pseudopapilledema.auroc,5,0.3560586734693877,0.24354350982289255,0.109375,0.6734693877551019
yolo26,model_specific,calibrated,eye,conditional.derived_discrimination.papilledema_vs_pseudopapilledema.average_precision,5,0.5347866022866024,0.16727789859560155,0.3581959706959707,0.7440476190476191
yolo26,model_specific,calibrated,eye,conditional.derived_discrimination.papilledema_vs_pseudopapilledema.n,5,14.4,1.1401754250991378,13.0,16.0
yolo26,model_specific,calibrated,eye,conditional.derived_discrimination.papilledema_vs_pseudopapilledema.negative,5,7.0,0.7071067811865476,6.0,8.0
yolo26,model_specific,calibrated,eye,conditional.derived_discrimination.papilledema_vs_pseudopapilledema.positive,5,7.4,0.5477225575051662,7.0,8.0
yolo26,model_specific,calibrated,eye,conditional.macro.adaptive_ece_ovr,5,0.1914193242247648,0.03077477361997709,0.15195681376407746,0.23621241682601604
yolo26,model_specific,calibrated,eye,conditional.macro.auroc_ovr,5,0.7455287374642661,0.13200865552940727,0.5221726190476191,0.8511022927689593
yolo26,model_specific,calibrated,eye,conditional.macro.average_precision_ovr,5,0.5637740330907712,0.10777605784227819,0.4163375301695533,0.6947449284686679
yolo26,model_specific,calibrated,eye,conditional.macro.balanced_accuracy_ovr,5,0.6930544495761888,0.07066006889000312,0.6027777777777777,0.7941358024691357
yolo26,model_specific,calibrated,eye,conditional.macro.brier_ovr,5,0.15961051909919274,0.025817330949930408,0.12430422692954997,0.1848212509909194
yolo26,model_specific,calibrated,eye,conditional.macro.ece_ovr,5,0.16244000660296098,0.01740661327442485,0.1498198531901075,0.19054815531611954
yolo26,model_specific,calibrated,eye,conditional.macro.f1,5,0.4976444171003912,0.12267633786498691,0.37300501595987234,0.6990946045824095
yolo26,model_specific,calibrated,eye,conditional.macro.mcc_ovr,5,0.3817323727997882,0.1503467025790351,0.20026893886755695,0.6092235860069678
yolo26,model_specific,calibrated,eye,conditional.macro.nll_ovr,5,0.5003539782954294,0.07760355005683384,0.390331893153216,0.5716025900220775
yolo26,model_specific,calibrated,eye,conditional.macro.nll_true_class,5,1.0761219420014378,0.22637422079150354,0.79013245517783,1.316401840768625
yolo26,model_specific,calibrated,eye,conditional.macro.precision,5,0.4688657194149185,0.1552303923258627,0.3420289855072464,0.7367724867724869
yolo26,model_specific,calibrated,eye,conditional.macro.recall,5,0.547142857142857,0.10464549809766703,0.41190476190476194,0.6976190476190475
yolo26,model_specific,calibrated,eye,conditional.macro.specificity,5,0.8389660420095202,0.03770741938787507,0.7936507936507936,0.8906525573192239
yolo26,model_specific,calibrated,eye,conditional.macro_auroc,5,0.7455287374642661,0.13200865552940727,0.5221726190476191,0.8511022927689593
yolo26,model_specific,calibrated,eye,conditional.macro_average_precision,5,0.5637740330907712,0.10777605784227819,0.4163375301695533,0.6947449284686679
yolo26,model_specific,calibrated,eye,conditional.macro_classwise_adaptive_ece,5,0.1914193242247648,0.03077477361997709,0.15195681376407746,0.23621241682601604
yolo26,model_specific,calibrated,eye,conditional.macro_classwise_ece,5,0.16244000660296098,0.01740661327442485,0.1498198531901075,0.19054815531611954
yolo26,model_specific,calibrated,eye,conditional.macro_f1,5,0.4976444171003912,0.12267633786498691,0.37300501595987234,0.6990946045824095
yolo26,model_specific,calibrated,eye,conditional.macro_precision,5,0.4688657194149185,0.1552303923258627,0.3420289855072464,0.7367724867724869
yolo26,model_specific,calibrated,eye,conditional.macro_recall,5,0.547142857142857,0.10464549809766703,0.41190476190476194,0.6976190476190475
yolo26,model_specific,calibrated,eye,conditional.multiclass_brier,5,0.47883155729757815,0.07745199284979122,0.3729126807886498,0.5544637529727581
yolo26,model_specific,calibrated,eye,conditional.multiclass_mcc,5,0.47761184691684744,0.12767499543587701,0.300862075716952,0.6382447114260118
yolo26,model_specific,calibrated,eye,conditional.multiclass_nll,5,0.8163057902192519,0.13393389796032049,0.6172609092596621,0.9367848798358954
yolo26,model_specific,calibrated,eye,conditional.n,5,33.8,2.280350850198276,30.0,36.0
yolo26,model_specific,calibrated,eye,conditional.per_class.normal.adaptive_ece_ovr,5,0.17143015190712935,0.05686323026634514,0.10309896113559368,0.2344253077498226
yolo26,model_specific,calibrated,eye,conditional.per_class.normal.auroc_ovr,5,0.902680645335057,0.04562066439131111,0.834375,0.9607142857142857
yolo26,model_specific,calibrated,eye,conditional.per_class.normal.average_precision_ovr,5,0.8905790123264212,0.06956630447449721,0.7809514084967545,0.9684661917459907
yolo26,model_specific,calibrated,eye,conditional.per_class.normal.balanced_accuracy_ovr,5,0.875091575091575,0.03897281404440252,0.8321428571428571,0.9230769230769231
yolo26,model_specific,calibrated,eye,conditional.per_class.normal.brier_ovr,5,0.11650927012689186,0.01398209728489664,0.0965531545938706,0.13235664844503903
yolo26,model_specific,calibrated,eye,conditional.per_class.normal.class_index,5,0.0,0.0,0.0,0.0
yolo26,model_specific,calibrated,eye,conditional.per_class.normal.ece_ovr,5,0.16433038190261745,0.06927442398071436,0.08746609044678315,0.2653071715865727
yolo26,model_specific,calibrated,eye,conditional.per_class.normal.f1,5,0.9095612964586305,0.026695913462235262,0.8837209302325582,0.9444444444444444
yolo26,model_specific,calibrated,eye,conditional.per_class.normal.fn,5,0.6,0.5477225575051662,0.0,1.0
yolo26,model_specific,calibrated,eye,conditional.per_class.normal.fp,5,3.2,1.0954451150103321,2.0,4.0
yolo26,model_specific,calibrated,eye,conditional.per_class.normal.mcc_ovr,5,0.7778717519362003,0.07204749728714047,0.6988334233460395,0.8701063269755686
yolo26,model_specific,calibrated,eye,conditional.per_class.normal.nll_ovr,5,0.37580988398129545,0.05590949922672207,0.29119807638233386,0.44102570807855374
yolo26,model_specific,calibrated,eye,conditional.per_class.normal.nll_true_class,5,0.3483378073883695,0.13594327249531601,0.15539927481496957,0.5011102575916637
yolo26,model_specific,calibrated,eye,conditional.per_class.normal.precision,5,0.8570011986487959,0.039295713559712314,0.8260869565217391,0.9047619047619048
yolo26,model_specific,calibrated,eye,conditional.per_class.normal.recall,5,0.9700000000000001,0.027386127875258334,0.95,1.0
yolo26,model_specific,calibrated,eye,conditional.per_class.normal.sensitivity,5,0.9700000000000001,0.027386127875258334,0.95,1.0
yolo26,model_specific,calibrated,eye,conditional.per_class.normal.specificity,5,0.7801831501831502,0.0665644972449252,0.7142857142857143,0.8571428571428571
yolo26,model_specific,calibrated,eye,conditional.per_class.normal.support,5,19.4,1.3416407864998738,17.0,20.0
yolo26,model_specific,calibrated,eye,conditional.per_class.normal.tn,5,11.2,0.8366600265340756,10.0,12.0
yolo26,model_specific,calibrated,eye,conditional.per_class.normal.tp,5,18.8,1.0954451150103324,17.0,20.0
yolo26,model_specific,calibrated,eye,conditional.per_class.papilledema.adaptive_ece_ovr,5,0.18534441779072197,0.03926807634806655,0.12574086166512427,0.22900987864858205
yolo26,model_specific,calibrated,eye,conditional.per_class.papilledema.auroc_ovr,5,0.6870039682539684,0.29458532446217167,0.17410714285714285,0.8958333333333333
yolo26,model_specific,calibrated,eye,conditional.per_class.papilledema.average_precision_ovr,5,0.41460513471929394,0.15784508837511396,0.16716355023192073,0.55995670995671
yolo26,model_specific,calibrated,eye,conditional.per_class.papilledema.balanced_accuracy_ovr,5,0.6029100529100528,0.15001539631518912,0.48148148148148145,0.783068783068783
yolo26,model_specific,calibrated,eye,conditional.per_class.papilledema.brier_ovr,5,0.16406488639776257,0.03091515953767292,0.12884830902939653,0.19760388099403037
yolo26,model_specific,calibrated,eye,conditional.per_class.papilledema.class_index,5,1.0,0.0,1.0,1.0
yolo26,model_specific,calibrated,eye,conditional.per_class.papilledema.ece_ovr,5,0.15249085658379294,0.04712595493389152,0.08945918640008098,0.1921483101013525
yolo26,model_specific,calibrated,eye,conditional.per_class.papilledema.f1,5,0.2361111111111111,0.32423937583135426,0.0,0.625
yolo26,model_specific,calibrated,eye,conditional.per_class.papilledema.fn,5,5.0,2.8284271247461903,2.0,8.0
yolo26,model_specific,calibrated,eye,conditional.per_class.papilledema.fp,5,2.2,2.6832815729997477,0.0,6.0
yolo26,model_specific,calibrated,eye,conditional.per_class.papilledema.mcc_ovr,5,0.17221157292626116,0.28036054346701084,-0.08863600391305174,0.5188736501166931
yolo26,model_specific,calibrated,eye,conditional.per_class.papilledema.nll_ovr,5,0.527616179993285,0.113890723306745,0.41095203045036827,0.6860982196994576
yolo26,model_specific,calibrated,eye,conditional.per_class.papilledema.nll_true_class,5,1.4554063528164591,0.5775553489966098,0.7429876008382853,2.093228084564285
yolo26,model_specific,calibrated,eye,conditional.per_class.papilledema.precision,5,0.20202020202020204,0.2789232580097793,0.0,0.5555555555555556
yolo26,model_specific,calibrated,eye,conditional.per_class.papilledema.recall,5,0.2857142857142857,0.3912303982179758,0.0,0.7142857142857143
yolo26,model_specific,calibrated,eye,conditional.per_class.papilledema.sensitivity,5,0.2857142857142857,0.3912303982179758,0.0,0.7142857142857143
yolo26,model_specific,calibrated,eye,conditional.per_class.papilledema.specificity,5,0.9201058201058201,0.09659526819975368,0.7857142857142857,1.0
yolo26,model_specific,calibrated,eye,conditional.per_class.papilledema.support,5,7.0,0.7071067811865476,6.0,8.0
yolo26,model_specific,calibrated,eye,conditional.per_class.papilledema.tn,5,24.6,2.4083189157584592,22.0,28.0
yolo26,model_specific,calibrated,eye,conditional.per_class.papilledema.tp,5,2.0,2.7386127875258306,0.0,5.0
yolo26,model_specific,calibrated,eye,conditional.per_class.pseudopapilledema.adaptive_ece_ovr,5,0.21748340297644314,0.050221885386285164,0.16635124724975153,0.27783465503562454
yolo26,model_specific,calibrated,eye,conditional.per_class.pseudopapilledema.auroc_ovr,5,0.6469015988037727,0.07527655580345571,0.5580357142857143,0.7407407407407407
yolo26,model_specific,calibrated,eye,conditional.per_class.pseudopapilledema.average_precision_ovr,5,0.3861379522265985,0.1384780281598508,0.25008158508158507,0.5783297584768172
yolo26,model_specific,calibrated,eye,conditional.per_class.pseudopapilledema.balanced_accuracy_ovr,5,0.6011617207269382,0.11225350706905352,0.48148148148148145,0.7267080745341614
yolo26,model_specific,calibrated,eye,conditional.per_class.pseudopapilledema.brier_ovr,5,0.19825740077292373,0.04627372315756701,0.14111478616152168,0.24541473239421804
yolo26,model_specific,calibrated,eye,conditional.per_class.pseudopapilledema.class_index,5,2.0,0.0,2.0,2.0
yolo26,model_specific,calibrated,eye,conditional.per_class.pseudopapilledema.ece_ovr,5,0.17049878132247254,0.03315412040926864,0.11629758570373286,0.1995812912745673
yolo26,model_specific,calibrated,eye,conditional.per_class.pseudopapilledema.f1,5,0.34726084373143196,0.23376028871455298,0.0,0.5555555555555556
yolo26,model_specific,calibrated,eye,conditional.per_class.pseudopapilledema.fn,5,4.6,2.1908902300206643,2.0,8.0
yolo26,model_specific,calibrated,eye,conditional.per_class.pseudopapilledema.fp,5,4.8,3.5637059362410923,1.0,8.0
yolo26,model_specific,calibrated,eye,conditional.per_class.pseudopapilledema.mcc_ovr,5,0.1951137935369033,0.25198538942856874,-0.09335200560186732,0.49137176161525076
yolo26,model_specific,calibrated,eye,conditional.per_class.pseudopapilledema.nll_ovr,5,0.5976358709117073,0.11554274857960337,0.44597505326817116,0.6929469572262901
yolo26,model_specific,calibrated,eye,conditional.per_class.pseudopapilledema.nll_true_class,5,1.4246216657994846,0.6462905800350284,0.9687152193181389,2.5428672110443946
yolo26,model_specific,calibrated,eye,conditional.per_class.pseudopapilledema.precision,5,0.34757575757575754,0.2811486017603662,0.0,0.75
yolo26,model_specific,calibrated,eye,conditional.per_class.pseudopapilledema.recall,5,0.38571428571428573,0.2653453660143816,0.0,0.7142857142857143
yolo26,model_specific,calibrated,eye,conditional.per_class.pseudopapilledema.sensitivity,5,0.38571428571428573,0.2653453660143816,0.0,0.7142857142857143
yolo26,model_specific,calibrated,eye,conditional.per_class.pseudopapilledema.specificity,5,0.8166091557395905,0.13421955311082168,0.7037037037037037,0.9629629629629629
yolo26,model_specific,calibrated,eye,conditional.per_class.pseudopapilledema.support,5,7.4,0.5477225575051662,7.0,8.0
yolo26,model_specific,calibrated,eye,conditional.per_class.pseudopapilledema.tn,5,21.6,4.159326868617084,17.0,26.0
yolo26,model_specific,calibrated,eye,conditional.per_class.pseudopapilledema.tp,5,2.8,1.9235384061671346,0.0,5.0
yolo26,model_specific,calibrated,eye,conditional.top_label_adaptive_ece,5,0.24357512469349585,0.04301343028106529,0.21229074337186526,0.3189239702635957
yolo26,model_specific,calibrated,eye,conditional.top_label_ece,5,0.21914111148534565,0.053376034386608665,0.15975632274063262,0.2968976263604551
yolo26,model_specific,calibrated,eye,conditional_aurc,5,0.26076326536233607,0.16522172382743391,0.13633033123971897,0.5472245790050433
yolo26,model_specific,calibrated,eye,coverage,5,0.9388888888888889,0.06334307917217433,0.8333333333333334,1.0
yolo26,model_specific,calibrated,eye,failure_aware.accuracy,5,0.6555555555555556,0.06394924685122963,0.5833333333333334,0.75
yolo26,model_specific,calibrated,eye,failure_aware.aurc,5,0.270155883763183,0.15999217900962714,0.14205007474227427,0.5472245790050433
yolo26,model_specific,calibrated,eye,failure_aware.balanced_accuracy,5,0.5133333333333333,0.08986873143028609,0.39999999999999997,0.65
yolo26,model_specific,calibrated,eye,failure_aware.correct,5,23.6,2.3021728866442674,21.0,27.0
yolo26,model_specific,calibrated,eye,failure_aware.incorrect_or_abstained,5,12.4,2.3021728866442674,9.0,15.0
yolo26,model_specific,calibrated,eye,failure_aware.macro_f1,5,0.4825497336620545,0.11325860059338218,0.36864771748492675,0.67168818747011
yolo26,model_specific,calibrated,eye,failure_aware.macro_precision,5,0.4688657194149185,0.1552303923258627,0.3420289855072464,0.7367724867724869
yolo26,model_specific,calibrated,eye,failure_aware.macro_recall,5,0.5133333333333333,0.08986873143028609,0.39999999999999997,0.65
yolo26,model_specific,calibrated,eye,failure_aware.macro_specificity,5,0.7833333333333334,0.050393505389956066,0.7172619047619048,0.8333333333333334
yolo26,model_specific,calibrated,eye,failure_aware.multiclass_mcc,5,0.4341111852539708,0.10538311883964263,0.29171162076238016,0.588723986943652
yolo26,model_specific,calibrated,eye,failure_aware.per_class.normal.abstain,5,0.6,1.3416407864998738,0.0,3.0
yolo26,model_specific,calibrated,eye,failure_aware.per_class.normal.balanced_accuracy_ovr,5,0.8200000000000001,0.04361586580591974,0.76875,0.875
yolo26,model_specific,calibrated,eye,failure_aware.per_class.normal.class_index,5,0.0,0.0,0.0,0.0
yolo26,model_specific,calibrated,eye,failure_aware.per_class.normal.f1,5,0.895031381928716,0.022386178322698836,0.8717948717948718,0.926829268292683
yolo26,model_specific,calibrated,eye,failure_aware.per_class.normal.fn_including_abstain,5,1.2,1.0954451150103324,0.0,3.0
yolo26,model_specific,calibrated,eye,failure_aware.per_class.normal.fp,5,3.2,1.0954451150103321,2.0,4.0
yolo26,model_specific,calibrated,eye,failure_aware.per_class.normal.precision,5,0.8570011986487959,0.039295713559712314,0.8260869565217391,0.9047619047619048
yolo26,model_specific,calibrated,eye,failure_aware.per_class.normal.recall,5,0.9400000000000001,0.05477225575051661,0.85,1.0
yolo26,model_specific,calibrated,eye,failure_aware.per_class.normal.sensitivity,5,0.9400000000000001,0.05477225575051661,0.85,1.0
yolo26,model_specific,calibrated,eye,failure_aware.per_class.normal.specificity,5,0.7,0.05229125165837972,0.625,0.75
yolo26,model_specific,calibrated,eye,failure_aware.per_class.normal.support,5,20.0,0.0,20.0,20.0
yolo26,model_specific,calibrated,eye,failure_aware.per_class.normal.tn_excluding_abstain,5,11.2,0.8366600265340756,10.0,12.0
yolo26,model_specific,calibrated,eye,failure_aware.per_class.normal.tp,5,18.8,1.0954451150103324,17.0,20.0
yolo26,model_specific,calibrated,eye,failure_aware.per_class.papilledema.abstain,5,1.0,0.7071067811865476,0.0,2.0
yolo26,model_specific,calibrated,eye,failure_aware.per_class.papilledema.balanced_accuracy_ovr,5,0.5642857142857143,0.13938297886011175,0.42857142857142855,0.7232142857142857
yolo26,model_specific,calibrated,eye,failure_aware.per_class.papilledema.class_index,5,1.0,0.0,1.0,1.0
yolo26,model_specific,calibrated,eye,failure_aware.per_class.papilledema.f1,5,0.22291021671826625,0.3060164406972524,0.0,0.5882352941176471
yolo26,model_specific,calibrated,eye,failure_aware.per_class.papilledema.fn_including_abstain,5,6.0,2.7386127875258306,3.0,8.0
yolo26,model_specific,calibrated,eye,failure_aware.per_class.papilledema.fp,5,2.2,2.6832815729997477,0.0,6.0
yolo26,model_specific,calibrated,eye,failure_aware.per_class.papilledema.precision,5,0.20202020202020204,0.2789232580097793,0.0,0.5555555555555556
yolo26,model_specific,calibrated,eye,failure_aware.per_class.papilledema.recall,5,0.25,0.3423265984407288,0.0,0.625
yolo26,model_specific,calibrated,eye,failure_aware.per_class.papilledema.sensitivity,5,0.25,0.3423265984407288,0.0,0.625
yolo26,model_specific,calibrated,eye,failure_aware.per_class.papilledema.specificity,5,0.8785714285714284,0.08601138984851642,0.7857142857142857,1.0
yolo26,model_specific,calibrated,eye,failure_aware.per_class.papilledema.support,5,8.0,0.0,8.0,8.0
yolo26,model_specific,calibrated,eye,failure_aware.per_class.papilledema.tn_excluding_abstain,5,24.6,2.4083189157584592,22.0,28.0
yolo26,model_specific,calibrated,eye,failure_aware.per_class.papilledema.tp,5,2.0,2.7386127875258306,0.0,5.0
yolo26,model_specific,calibrated,eye,failure_aware.per_class.pseudopapilledema.abstain,5,0.6,0.5477225575051662,0.0,1.0
yolo26,model_specific,calibrated,eye,failure_aware.per_class.pseudopapilledema.balanced_accuracy_ovr,5,0.5607142857142857,0.08959766931644358,0.4642857142857143,0.6517857142857143
yolo26,model_specific,calibrated,eye,failure_aware.per_class.pseudopapilledema.class_index,5,2.0,0.0,2.0,2.0
yolo26,model_specific,calibrated,eye,failure_aware.per_class.pseudopapilledema.f1,5,0.3297076023391813,0.21957658749137604,0.0,0.5263157894736842
yolo26,model_specific,calibrated,eye,failure_aware.per_class.pseudopapilledema.fn_including_abstain,5,5.2,1.9235384061671346,3.0,8.0
yolo26,model_specific,calibrated,eye,failure_aware.per_class.pseudopapilledema.fp,5,4.8,3.5637059362410923,1.0,8.0
yolo26,model_specific,calibrated,eye,failure_aware.per_class.pseudopapilledema.precision,5,0.34757575757575754,0.2811486017603662,0.0,0.75
yolo26,model_specific,calibrated,eye,failure_aware.per_class.pseudopapilledema.recall,5,0.35,0.24044230077089182,0.0,0.625
yolo26,model_specific,calibrated,eye,failure_aware.per_class.pseudopapilledema.sensitivity,5,0.35,0.24044230077089182,0.0,0.625
yolo26,model_specific,calibrated,eye,failure_aware.per_class.pseudopapilledema.specificity,5,0.7714285714285716,0.1485473881648959,0.6071428571428571,0.9285714285714286
yolo26,model_specific,calibrated,eye,failure_aware.per_class.pseudopapilledema.support,5,8.0,0.0,8.0,8.0
yolo26,model_specific,calibrated,eye,failure_aware.per_class.pseudopapilledema.tn_excluding_abstain,5,21.6,4.159326868617084,17.0,26.0
yolo26,model_specific,calibrated,eye,failure_aware.per_class.pseudopapilledema.tp,5,2.8,1.9235384061671346,0.0,5.0
yolo26,model_specific,calibrated,eye,failure_aware_accuracy,5,0.6555555555555556,0.06394924685122963,0.5833333333333334,0.75
yolo26,model_specific,calibrated,eye,failure_aware_aurc,5,0.270155883763183,0.15999217900962714,0.14205007474227427,0.5472245790050433
yolo26,model_specific,calibrated,eye,failure_aware_balanced_accuracy,5,0.5133333333333333,0.08986873143028609,0.39999999999999997,0.65
yolo26,model_specific,calibrated,eye,failure_inclusive.accuracy,5,0.6555555555555556,0.06394924685122963,0.5833333333333334,0.75
yolo26,model_specific,calibrated,eye,failure_inclusive.aurc,5,0.270155883763183,0.15999217900962714,0.14205007474227427,0.5472245790050433
yolo26,model_specific,calibrated,eye,failure_inclusive.balanced_accuracy,5,0.5133333333333333,0.08986873143028609,0.39999999999999997,0.65
yolo26,model_specific,calibrated,eye,failure_inclusive.correct,5,23.6,2.3021728866442674,21.0,27.0
yolo26,model_specific,calibrated,eye,failure_inclusive.incorrect_or_abstained,5,12.4,2.3021728866442674,9.0,15.0
yolo26,model_specific,calibrated,eye,failure_inclusive.macro_f1,5,0.4825497336620545,0.11325860059338218,0.36864771748492675,0.67168818747011
yolo26,model_specific,calibrated,eye,failure_inclusive.macro_precision,5,0.4688657194149185,0.1552303923258627,0.3420289855072464,0.7367724867724869
yolo26,model_specific,calibrated,eye,failure_inclusive.macro_recall,5,0.5133333333333333,0.08986873143028609,0.39999999999999997,0.65
yolo26,model_specific,calibrated,eye,failure_inclusive.macro_specificity,5,0.7833333333333334,0.050393505389956066,0.7172619047619048,0.8333333333333334
yolo26,model_specific,calibrated,eye,failure_inclusive.multiclass_mcc,5,0.4341111852539708,0.10538311883964263,0.29171162076238016,0.588723986943652
yolo26,model_specific,calibrated,eye,failure_inclusive.per_class.normal.abstain,5,0.6,1.3416407864998738,0.0,3.0
yolo26,model_specific,calibrated,eye,failure_inclusive.per_class.normal.balanced_accuracy_ovr,5,0.8200000000000001,0.04361586580591974,0.76875,0.875
yolo26,model_specific,calibrated,eye,failure_inclusive.per_class.normal.class_index,5,0.0,0.0,0.0,0.0
yolo26,model_specific,calibrated,eye,failure_inclusive.per_class.normal.f1,5,0.895031381928716,0.022386178322698836,0.8717948717948718,0.926829268292683
yolo26,model_specific,calibrated,eye,failure_inclusive.per_class.normal.fn_including_abstain,5,1.2,1.0954451150103324,0.0,3.0
yolo26,model_specific,calibrated,eye,failure_inclusive.per_class.normal.fp,5,3.2,1.0954451150103321,2.0,4.0
yolo26,model_specific,calibrated,eye,failure_inclusive.per_class.normal.precision,5,0.8570011986487959,0.039295713559712314,0.8260869565217391,0.9047619047619048
yolo26,model_specific,calibrated,eye,failure_inclusive.per_class.normal.recall,5,0.9400000000000001,0.05477225575051661,0.85,1.0
yolo26,model_specific,calibrated,eye,failure_inclusive.per_class.normal.sensitivity,5,0.9400000000000001,0.05477225575051661,0.85,1.0
yolo26,model_specific,calibrated,eye,failure_inclusive.per_class.normal.specificity,5,0.7,0.05229125165837972,0.625,0.75
yolo26,model_specific,calibrated,eye,failure_inclusive.per_class.normal.support,5,20.0,0.0,20.0,20.0
yolo26,model_specific,calibrated,eye,failure_inclusive.per_class.normal.tn_excluding_abstain,5,11.2,0.8366600265340756,10.0,12.0
yolo26,model_specific,calibrated,eye,failure_inclusive.per_class.normal.tp,5,18.8,1.0954451150103324,17.0,20.0
yolo26,model_specific,calibrated,eye,failure_inclusive.per_class.papilledema.abstain,5,1.0,0.7071067811865476,0.0,2.0
yolo26,model_specific,calibrated,eye,failure_inclusive.per_class.papilledema.balanced_accuracy_ovr,5,0.5642857142857143,0.13938297886011175,0.42857142857142855,0.7232142857142857
yolo26,model_specific,calibrated,eye,failure_inclusive.per_class.papilledema.class_index,5,1.0,0.0,1.0,1.0
yolo26,model_specific,calibrated,eye,failure_inclusive.per_class.papilledema.f1,5,0.22291021671826625,0.3060164406972524,0.0,0.5882352941176471
yolo26,model_specific,calibrated,eye,failure_inclusive.per_class.papilledema.fn_including_abstain,5,6.0,2.7386127875258306,3.0,8.0
yolo26,model_specific,calibrated,eye,failure_inclusive.per_class.papilledema.fp,5,2.2,2.6832815729997477,0.0,6.0
yolo26,model_specific,calibrated,eye,failure_inclusive.per_class.papilledema.precision,5,0.20202020202020204,0.2789232580097793,0.0,0.5555555555555556
yolo26,model_specific,calibrated,eye,failure_inclusive.per_class.papilledema.recall,5,0.25,0.3423265984407288,0.0,0.625
yolo26,model_specific,calibrated,eye,failure_inclusive.per_class.papilledema.sensitivity,5,0.25,0.3423265984407288,0.0,0.625
yolo26,model_specific,calibrated,eye,failure_inclusive.per_class.papilledema.specificity,5,0.8785714285714284,0.08601138984851642,0.7857142857142857,1.0
yolo26,model_specific,calibrated,eye,failure_inclusive.per_class.papilledema.support,5,8.0,0.0,8.0,8.0
yolo26,model_specific,calibrated,eye,failure_inclusive.per_class.papilledema.tn_excluding_abstain,5,24.6,2.4083189157584592,22.0,28.0
yolo26,model_specific,calibrated,eye,failure_inclusive.per_class.papilledema.tp,5,2.0,2.7386127875258306,0.0,5.0
yolo26,model_specific,calibrated,eye,failure_inclusive.per_class.pseudopapilledema.abstain,5,0.6,0.5477225575051662,0.0,1.0
yolo26,model_specific,calibrated,eye,failure_inclusive.per_class.pseudopapilledema.balanced_accuracy_ovr,5,0.5607142857142857,0.08959766931644358,0.4642857142857143,0.6517857142857143
yolo26,model_specific,calibrated,eye,failure_inclusive.per_class.pseudopapilledema.class_index,5,2.0,0.0,2.0,2.0
yolo26,model_specific,calibrated,eye,failure_inclusive.per_class.pseudopapilledema.f1,5,0.3297076023391813,0.21957658749137604,0.0,0.5263157894736842
yolo26,model_specific,calibrated,eye,failure_inclusive.per_class.pseudopapilledema.fn_including_abstain,5,5.2,1.9235384061671346,3.0,8.0
yolo26,model_specific,calibrated,eye,failure_inclusive.per_class.pseudopapilledema.fp,5,4.8,3.5637059362410923,1.0,8.0
yolo26,model_specific,calibrated,eye,failure_inclusive.per_class.pseudopapilledema.precision,5,0.34757575757575754,0.2811486017603662,0.0,0.75
yolo26,model_specific,calibrated,eye,failure_inclusive.per_class.pseudopapilledema.recall,5,0.35,0.24044230077089182,0.0,0.625
yolo26,model_specific,calibrated,eye,failure_inclusive.per_class.pseudopapilledema.sensitivity,5,0.35,0.24044230077089182,0.0,0.625
yolo26,model_specific,calibrated,eye,failure_inclusive.per_class.pseudopapilledema.specificity,5,0.7714285714285716,0.1485473881648959,0.6071428571428571,0.9285714285714286
yolo26,model_specific,calibrated,eye,failure_inclusive.per_class.pseudopapilledema.support,5,8.0,0.0,8.0,8.0
yolo26,model_specific,calibrated,eye,failure_inclusive.per_class.pseudopapilledema.tn_excluding_abstain,5,21.6,4.159326868617084,17.0,26.0
yolo26,model_specific,calibrated,eye,failure_inclusive.per_class.pseudopapilledema.tp,5,2.8,1.9235384061671346,0.0,5.0
yolo26,model_specific,calibrated,eye,localized_diagnostic_success.localized_rate,5,0.9166666666666666,0.07081971546656644,0.8055555555555556,0.9722222222222222
yolo26,model_specific,calibrated,eye,localized_diagnostic_success.n_success,5,23.0,3.082207001484488,19.0,27.0
yolo26,model_specific,calibrated,eye,localized_diagnostic_success.per_class_rate.normal,5,0.9199999999999999,0.0670820393249937,0.85,1.0
yolo26,model_specific,calibrated,eye,localized_diagnostic_success.per_class_rate.papilledema,5,0.25,0.3423265984407288,0.0,0.625
yolo26,model_specific,calibrated,eye,localized_diagnostic_success.per_class_rate.pseudopapilledema,5,0.325,0.2091650066335189,0.0,0.5
yolo26,model_specific,calibrated,eye,localized_diagnostic_success.rate,5,0.6388888888888888,0.08561686115234689,0.5277777777777778,0.75
yolo26,model_specific,calibrated,eye,n_abstain,5,2.2,2.2803508501982757,0.0,6.0
yolo26,model_specific,calibrated,eye,n_covered,5,33.8,2.280350850198276,30.0,36.0
yolo26,model_specific,calibrated,eye,n_total,5,36.0,0.0,36.0,36.0
yolo26,model_specific,calibrated,eye,selective_risk,5,0.3005042016806722,0.06720336890087024,0.20588235294117646,0.38235294117647056
yolo26,model_specific,calibrated,patient,abstention_rate,5,0.11111111111111112,0.10393492741038728,0.0,0.2777777777777778
yolo26,model_specific,calibrated,patient,class_conditional_coverage.normal,5,0.96,0.08944271909999157,0.8,1.0
yolo26,model_specific,calibrated,patient,class_conditional_coverage.papilledema,5,0.75,0.1767766952966369,0.5,1.0
yolo26,model_specific,calibrated,patient,class_conditional_coverage.pseudopapilledema,5,0.85,0.13693063937629152,0.75,1.0
yolo26,model_specific,calibrated,patient,conditional.accuracy,5,0.7158559577677225,0.07576741649921277,0.625,0.8125
yolo26,model_specific,calibrated,patient,conditional.balanced_accuracy,5,0.5222222222222221,0.1217161238900369,0.3333333333333333,0.6666666666666666
yolo26,model_specific,calibrated,patient,conditional.class_counts.normal,5,9.6,0.8944271909999159,8.0,10.0
yolo26,model_specific,calibrated,patient,conditional.class_counts.papilledema,5,3.0,0.7071067811865476,2.0,4.0
yolo26,model_specific,calibrated,patient,conditional.class_counts.pseudopapilledema,5,3.4,0.5477225575051661,3.0,4.0
yolo26,model_specific,calibrated,patient,conditional.derived_discrimination.normal_vs_abnormal.auroc,5,0.8916666666666666,0.039965262694272634,0.8250000000000001,0.9333333333333333
yolo26,model_specific,calibrated,patient,conditional.derived_discrimination.normal_vs_abnormal.average_precision,5,0.90238455988456,0.020942228040696058,0.8819444444444444,0.9333333333333333
yolo26,model_specific,calibrated,patient,conditional.derived_discrimination.normal_vs_abnormal.n,5,16.0,1.8708286933869707,13.0,18.0
yolo26,model_specific,calibrated,patient,conditional.derived_discrimination.normal_vs_abnormal.negative,5,9.6,0.8944271909999159,8.0,10.0
yolo26,model_specific,calibrated,patient,conditional.derived_discrimination.normal_vs_abnormal.positive,5,6.4,1.1401754250991378,5.0,8.0
yolo26,model_specific,calibrated,patient,conditional.derived_discrimination.papilledema_vs_pseudopapilledema.auroc,5,0.3902777777777778,0.3023984627059364,0.0625,0.888888888888889
yolo26,model_specific,calibrated,patient,conditional.derived_discrimination.papilledema_vs_pseudopapilledema.average_precision,5,0.6052777777777777,0.20086890411776379,0.37797619047619047,0.9166666666666665
yolo26,model_specific,calibrated,patient,conditional.derived_discrimination.papilledema_vs_pseudopapilledema.n,5,6.4,1.1401754250991378,5.0,8.0
yolo26,model_specific,calibrated,patient,conditional.derived_discrimination.papilledema_vs_pseudopapilledema.negative,5,3.0,0.7071067811865476,2.0,4.0
yolo26,model_specific,calibrated,patient,conditional.derived_discrimination.papilledema_vs_pseudopapilledema.positive,5,3.4,0.5477225575051661,3.0,4.0
yolo26,model_specific,calibrated,patient,conditional.macro.adaptive_ece_ovr,5,0.24408837773222838,0.056554491623916944,0.18560506826447476,0.31213315706318895
yolo26,model_specific,calibrated,patient,conditional.macro.auroc_ovr,5,0.7383388833388833,0.13839771490559494,0.5011904761904762,0.8495726495726496
yolo26,model_specific,calibrated,patient,conditional.macro.average_precision_ovr,5,0.5696753635797752,0.10188807548502939,0.4230566519537107,0.7012542087542087
yolo26,model_specific,calibrated,patient,conditional.macro.balanced_accuracy_ovr,5,0.6812026862026862,0.08056863202339558,0.5598290598290597,0.7799145299145299
yolo26,model_specific,calibrated,patient,conditional.macro.brier_ovr,5,0.15718992322206055,0.03134501211595834,0.11520956239056869,0.18500341267688047
yolo26,model_specific,calibrated,patient,conditional.macro.ece_ovr,5,0.18780225488813754,0.02481619156057571,0.16065187151937968,0.2234030648336557
yolo26,model_specific,calibrated,patient,conditional.macro.f1,5,0.47757915287327046,0.1339359667148052,0.30303030303030304,0.6746031746031745
yolo26,model_specific,calibrated,patient,conditional.macro.mcc_ovr,5,0.37730081717559977,0.1777154565493602,0.13018400904716357,0.6233740977286945
yolo26,model_specific,calibrated,patient,conditional.macro.nll_ovr,5,0.5109459934015235,0.13143688212247087,0.36030857965489993,0.7067635218786127
yolo26,model_specific,calibrated,patient,conditional.macro.nll_true_class,5,1.1352423689800524,0.35521641433006335,0.7408574568216828,1.6710876422341363
yolo26,model_specific,calibrated,patient,conditional.macro.precision,5,0.4687542087542088,0.19871288266231757,0.2777777777777778,0.8030303030303031
yolo26,model_specific,calibrated,patient,conditional.macro.recall,5,0.5222222222222221,0.1217161238900369,0.3333333333333333,0.6666666666666666
yolo26,model_specific,calibrated,patient,conditional.macro.specificity,5,0.8401831501831503,0.04125395255191921,0.7863247863247863,0.8931623931623932
yolo26,model_specific,calibrated,patient,conditional.macro_auroc,5,0.7383388833388833,0.13839771490559494,0.5011904761904762,0.8495726495726496
yolo26,model_specific,calibrated,patient,conditional.macro_average_precision,5,0.5696753635797752,0.10188807548502939,0.4230566519537107,0.7012542087542087
yolo26,model_specific,calibrated,patient,conditional.macro_classwise_adaptive_ece,5,0.24408837773222838,0.056554491623916944,0.18560506826447476,0.31213315706318895
yolo26,model_specific,calibrated,patient,conditional.macro_classwise_ece,5,0.18780225488813754,0.02481619156057571,0.16065187151937968,0.2234030648336557
yolo26,model_specific,calibrated,patient,conditional.macro_f1,5,0.47757915287327046,0.1339359667148052,0.30303030303030304,0.6746031746031745
yolo26,model_specific,calibrated,patient,conditional.macro_precision,5,0.4687542087542088,0.19871288266231757,0.2777777777777778,0.8030303030303031
yolo26,model_specific,calibrated,patient,conditional.macro_recall,5,0.5222222222222221,0.1217161238900369,0.3333333333333333,0.6666666666666666
yolo26,model_specific,calibrated,patient,conditional.multiclass_brier,5,0.4715697696661816,0.09403503634787502,0.3456286871717061,0.5550102380306415
yolo26,model_specific,calibrated,patient,conditional.multiclass_mcc,5,0.4752980408608993,0.15658462819882174,0.23600347746461436,0.6504254790954505
yolo26,model_specific,calibrated,patient,conditional.multiclass_nll,5,0.8202671659204617,0.21338216227048717,0.5461737359005481,1.110299262761145
yolo26,model_specific,calibrated,patient,conditional.n,5,16.0,1.8708286933869707,13.0,18.0
yolo26,model_specific,calibrated,patient,conditional.per_class.normal.adaptive_ece_ovr,5,0.21381929425092955,0.09653139186452937,0.13653868856369367,0.35046407414754405
yolo26,model_specific,calibrated,patient,conditional.per_class.normal.auroc_ovr,5,0.8916666666666666,0.03996526269427269,0.825,0.9333333333333333
yolo26,model_specific,calibrated,patient,conditional.per_class.normal.average_precision_ovr,5,0.9061080447330447,0.0803201939799834,0.7636435786435787,0.9572979797979797
yolo26,model_specific,calibrated,patient,conditional.per_class.normal.balanced_accuracy_ovr,5,0.8764285714285714,0.0331884606889578,0.8333333333333333,0.9166666666666667
yolo26,model_specific,calibrated,patient,conditional.per_class.normal.brier_ovr,5,0.11412734970600691,0.02144464316461508,0.08235832978847252,0.13476463104907974
yolo26,model_specific,calibrated,patient,conditional.per_class.normal.class_index,5,0.0,0.0,0.0,0.0
yolo26,model_specific,calibrated,patient,conditional.per_class.normal.ece_ovr,5,0.19238523872979982,0.057739913553360035,0.12841820885497657,0.25683099806342297
yolo26,model_specific,calibrated,patient,conditional.per_class.normal.f1,5,0.9241660300483829,0.021019126678100707,0.9090909090909091,0.9523809523809523
yolo26,model_specific,calibrated,patient,conditional.per_class.normal.fn,5,0.0,0.0,0.0,0.0
yolo26,model_specific,calibrated,patient,conditional.per_class.normal.fp,5,1.6,0.5477225575051661,1.0,2.0
yolo26,model_specific,calibrated,patient,conditional.per_class.normal.mcc_ovr,5,0.8042208959685082,0.05153705443311773,0.7453559924999299,0.8703882797784892
yolo26,model_specific,calibrated,patient,conditional.per_class.normal.nll_ovr,5,0.3750793052622236,0.07628403767175831,0.25966161094905094,0.44721311533590496
yolo26,model_specific,calibrated,patient,conditional.per_class.normal.nll_true_class,5,0.32153874798090365,0.17433877344879517,0.07047756636504407,0.4881196335524183
yolo26,model_specific,calibrated,patient,conditional.per_class.normal.precision,5,0.8595959595959595,0.036664023056326295,0.8333333333333334,0.9090909090909091
yolo26,model_specific,calibrated,patient,conditional.per_class.normal.recall,5,1.0,0.0,1.0,1.0
yolo26,model_specific,calibrated,patient,conditional.per_class.normal.sensitivity,5,1.0,0.0,1.0,1.0
yolo26,model_specific,calibrated,patient,conditional.per_class.normal.specificity,5,0.7528571428571429,0.06637692137791554,0.6666666666666666,0.8333333333333334
yolo26,model_specific,calibrated,patient,conditional.per_class.normal.support,5,9.6,0.8944271909999159,8.0,10.0
yolo26,model_specific,calibrated,patient,conditional.per_class.normal.tn,5,4.8,0.8366600265340756,4.0,6.0
yolo26,model_specific,calibrated,patient,conditional.per_class.normal.tp,5,9.6,0.8944271909999159,8.0,10.0
yolo26,model_specific,calibrated,patient,conditional.per_class.papilledema.adaptive_ece_ovr,5,0.22824946092569792,0.05276855261372182,0.14879229024510246,0.2846586360758593
yolo26,model_specific,calibrated,patient,conditional.per_class.papilledema.auroc_ovr,5,0.6826173826173826,0.30818628512220925,0.14285714285714285,0.8717948717948717
yolo26,model_specific,calibrated,patient,conditional.per_class.papilledema.average_precision_ovr,5,0.4161052754435108,0.16079162913350536,0.16663748832866482,0.5555555555555556
yolo26,model_specific,calibrated,patient,conditional.per_class.papilledema.balanced_accuracy_ovr,5,0.5888278388278388,0.14047750380252494,0.46153846153846156,0.7564102564102564
yolo26,model_specific,calibrated,patient,conditional.per_class.papilledema.brier_ovr,5,0.1592317857081408,0.04541099449873388,0.10962407646160145,0.22143151762110566
yolo26,model_specific,calibrated,patient,conditional.per_class.papilledema.class_index,5,1.0,0.0,1.0,1.0
yolo26,model_specific,calibrated,patient,conditional.per_class.papilledema.ece_ovr,5,0.16277334929020457,0.06253911662810543,0.06405567457653524,0.22490874924592147
yolo26,model_specific,calibrated,patient,conditional.per_class.papilledema.f1,5,0.21428571428571427,0.2945075446869757,0.0,0.5714285714285714
yolo26,model_specific,calibrated,patient,conditional.per_class.papilledema.fn,5,2.2,1.3038404810405297,1.0,4.0
yolo26,model_specific,calibrated,patient,conditional.per_class.papilledema.fp,5,1.2,1.3038404810405297,0.0,3.0
yolo26,model_specific,calibrated,patient,conditional.per_class.papilledema.mcc_ovr,5,0.14334089771087474,0.25960582260949,-0.12403473458920847,0.4622501635210242
yolo26,model_specific,calibrated,patient,conditional.per_class.papilledema.nll_ovr,5,0.5359862086907132,0.21132914677033338,0.3667207988926521,0.8812239158519344
yolo26,model_specific,calibrated,patient,conditional.per_class.papilledema.nll_true_class,5,1.5043144772926609,0.6620357922866715,0.522964711989594,2.198494009856074
yolo26,model_specific,calibrated,patient,conditional.per_class.papilledema.precision,5,0.18,0.24899799195977465,0.0,0.5
yolo26,model_specific,calibrated,patient,conditional.per_class.papilledema.recall,5,0.26666666666666666,0.3651483716701107,0.0,0.6666666666666666
yolo26,model_specific,calibrated,patient,conditional.per_class.papilledema.sensitivity,5,0.26666666666666666,0.3651483716701107,0.0,0.6666666666666666
yolo26,model_specific,calibrated,patient,conditional.per_class.papilledema.specificity,5,0.910989010989011,0.09472247006378001,0.7857142857142857,1.0
yolo26,model_specific,calibrated,patient,conditional.per_class.papilledema.support,5,3.0,0.7071067811865476,2.0,4.0
yolo26,model_specific,calibrated,patient,conditional.per_class.papilledema.tn,5,11.8,1.30384048104053,11.0,14.0
yolo26,model_specific,calibrated,patient,conditional.per_class.papilledema.tp,5,0.8,1.0954451150103324,0.0,2.0
yolo26,model_specific,calibrated,patient,conditional.per_class.pseudopapilledema.adaptive_ece_ovr,5,0.2901963780200577,0.02940926212809555,0.2633706232610556,0.3250965551668836
yolo26,model_specific,calibrated,patient,conditional.per_class.pseudopapilledema.auroc_ovr,5,0.6407326007326006,0.08330420535093694,0.5357142857142857,0.7435897435897436
yolo26,model_specific,calibrated,patient,conditional.per_class.pseudopapilledema.average_precision_ovr,5,0.3868127705627705,0.12453866692406594,0.2619047619047619,0.5909090909090908
yolo26,model_specific,calibrated,patient,conditional.per_class.pseudopapilledema.balanced_accuracy_ovr,5,0.5783516483516483,0.13813084334183906,0.38461538461538464,0.7333333333333334
yolo26,model_specific,calibrated,patient,conditional.per_class.pseudopapilledema.brier_ovr,5,0.19821063425203383,0.047605482184315234,0.13884309810878553,0.24410553230527995
yolo26,model_specific,calibrated,patient,conditional.per_class.pseudopapilledema.class_index,5,2.0,0.0,2.0,2.0
yolo26,model_specific,calibrated,patient,conditional.per_class.pseudopapilledema.ece_ovr,5,0.2082481766444082,0.07247982358317308,0.08861301855772473,0.2719011577188616
yolo26,model_specific,calibrated,patient,conditional.per_class.pseudopapilledema.f1,5,0.2942857142857143,0.2754588009492675,0.0,0.5714285714285714
yolo26,model_specific,calibrated,patient,conditional.per_class.pseudopapilledema.fn,5,2.4,1.140175425099138,1.0,4.0
yolo26,model_specific,calibrated,patient,conditional.per_class.pseudopapilledema.fp,5,1.8,1.7888543819998317,0.0,4.0
yolo26,model_specific,calibrated,patient,conditional.per_class.pseudopapilledema.mcc_ovr,5,0.18434065784741643,0.3120223162196846,-0.23076923076923078,0.53748384988657
yolo26,model_specific,calibrated,patient,conditional.per_class.pseudopapilledema.nll_ovr,5,0.6217724662516333,0.15731409820086492,0.4459301796446655,0.8337436711789771
yolo26,model_specific,calibrated,patient,conditional.per_class.pseudopapilledema.nll_true_class,5,1.579873881666593,1.0000675676391413,0.9816240428602596,3.3419557222769307
yolo26,model_specific,calibrated,patient,conditional.per_class.pseudopapilledema.precision,5,0.36666666666666664,0.4149966532662911,0.0,1.0
yolo26,model_specific,calibrated,patient,conditional.per_class.pseudopapilledema.recall,5,0.29999999999999993,0.29814239699997197,0.0,0.6666666666666666
yolo26,model_specific,calibrated,patient,conditional.per_class.pseudopapilledema.sensitivity,5,0.29999999999999993,0.29814239699997197,0.0,0.6666666666666666
yolo26,model_specific,calibrated,patient,conditional.per_class.pseudopapilledema.specificity,5,0.8567032967032967,0.13436644396251793,0.7142857142857143,1.0
yolo26,model_specific,calibrated,patient,conditional.per_class.pseudopapilledema.support,5,3.4,0.5477225575051661,3.0,4.0
yolo26,model_specific,calibrated,patient,conditional.per_class.pseudopapilledema.tn,5,10.8,2.16794833886788,8.0,13.0
yolo26,model_specific,calibrated,patient,conditional.per_class.pseudopapilledema.tp,5,1.0,1.0,0.0,2.0
yolo26,model_specific,calibrated,patient,conditional.top_label_adaptive_ece,5,0.32905923139647697,0.07431455784260457,0.2553736228294701,0.4387739523471588
yolo26,model_specific,calibrated,patient,conditional.top_label_ece,5,0.2679836245659161,0.058947171503440636,0.19773145320869215,0.3277192385946201
yolo26,model_specific,calibrated,patient,conditional_aurc,5,0.253453836712185,0.17073954009667291,0.13070241724087878,0.5513248915209701
yolo26,model_specific,calibrated,patient,coverage,5,0.888888888888889,0.10393492741038726,0.7222222222222222,1.0
yolo26,model_specific,calibrated,patient,failure_aware.accuracy,5,0.6333333333333334,0.07453559924999296,0.5555555555555556,0.7222222222222222
yolo26,model_specific,calibrated,patient,failure_aware.aurc,5,0.2750189244306892,0.15706976488949118,0.16517110794071577,0.5513248915209701
yolo26,model_specific,calibrated,patient,failure_aware.balanced_accuracy,5,0.47000000000000003,0.09309493362512629,0.3333333333333333,0.5833333333333334
yolo26,model_specific,calibrated,patient,failure_aware.correct,5,11.4,1.3416407864998738,10.0,13.0
yolo26,model_specific,calibrated,patient,failure_aware.incorrect_or_abstained,5,6.6,1.3416407864998738,5.0,8.0
yolo26,model_specific,calibrated,patient,failure_aware.macro_f1,5,0.45108022581706797,0.11161482840594585,0.30303030303030304,0.6174603174603175
yolo26,model_specific,calibrated,patient,failure_aware.macro_precision,5,0.4687542087542088,0.19871288266231757,0.2777777777777778,0.8030303030303031
yolo26,model_specific,calibrated,patient,failure_aware.macro_recall,5,0.47000000000000003,0.09309493362512629,0.3333333333333333,0.5833333333333334
yolo26,model_specific,calibrated,patient,failure_aware.macro_specificity,5,0.7380952380952381,0.0819398803448584,0.619047619047619,0.8214285714285715
yolo26,model_specific,calibrated,patient,failure_aware.multiclass_mcc,5,0.41071155995591113,0.11278898281194481,0.24646089322152145,0.5563486402641867
yolo26,model_specific,calibrated,patient,failure_aware.per_class.normal.abstain,5,0.4,0.8944271909999161,0.0,2.0
yolo26,model_specific,calibrated,patient,failure_aware.per_class.normal.balanced_accuracy_ovr,5,0.78,0.08505512918102,0.65,0.875
yolo26,model_specific,calibrated,patient,failure_aware.per_class.normal.class_index,5,0.0,0.0,0.0,0.0
yolo26,model_specific,calibrated,patient,failure_aware.per_class.normal.f1,5,0.9043517885623149,0.03952470206147754,0.8421052631578947,0.9523809523809523
yolo26,model_specific,calibrated,patient,failure_aware.per_class.normal.fn_including_abstain,5,0.4,0.8944271909999161,0.0,2.0
yolo26,model_specific,calibrated,patient,failure_aware.per_class.normal.fp,5,1.6,0.5477225575051661,1.0,2.0
yolo26,model_specific,calibrated,patient,failure_aware.per_class.normal.precision,5,0.8595959595959595,0.036664023056326295,0.8333333333333334,0.9090909090909091
yolo26,model_specific,calibrated,patient,failure_aware.per_class.normal.recall,5,0.96,0.08944271909999157,0.8,1.0
yolo26,model_specific,calibrated,patient,failure_aware.per_class.normal.sensitivity,5,0.96,0.08944271909999157,0.8,1.0
yolo26,model_specific,calibrated,patient,failure_aware.per_class.normal.specificity,5,0.6,0.10458250331675945,0.5,0.75
yolo26,model_specific,calibrated,patient,failure_aware.per_class.normal.support,5,10.0,0.0,10.0,10.0
yolo26,model_specific,calibrated,patient,failure_aware.per_class.normal.tn_excluding_abstain,5,4.8,0.8366600265340756,4.0,6.0
yolo26,model_specific,calibrated,patient,failure_aware.per_class.normal.tp,5,9.6,0.8944271909999159,8.0,10.0
yolo26,model_specific,calibrated,patient,failure_aware.per_class.papilledema.abstain,5,1.0,0.7071067811865476,0.0,2.0
yolo26,model_specific,calibrated,patient,failure_aware.per_class.papilledema.balanced_accuracy_ovr,5,0.5214285714285714,0.11736911946539272,0.39285714285714285,0.6428571428571428
yolo26,model_specific,calibrated,patient,failure_aware.per_class.papilledema.class_index,5,1.0,0.0,1.0,1.0
yolo26,model_specific,calibrated,patient,failure_aware.per_class.papilledema.f1,5,0.18888888888888888,0.2593915006650834,0.0,0.5
yolo26,model_specific,calibrated,patient,failure_aware.per_class.papilledema.fn_including_abstain,5,3.2,1.0954451150103321,2.0,4.0
yolo26,model_specific,calibrated,patient,failure_aware.per_class.papilledema.fp,5,1.2,1.3038404810405297,0.0,3.0
yolo26,model_specific,calibrated,patient,failure_aware.per_class.papilledema.precision,5,0.18,0.24899799195977465,0.0,0.5
yolo26,model_specific,calibrated,patient,failure_aware.per_class.papilledema.recall,5,0.2,0.2738612787525831,0.0,0.5
yolo26,model_specific,calibrated,patient,failure_aware.per_class.papilledema.sensitivity,5,0.2,0.2738612787525831,0.0,0.5
yolo26,model_specific,calibrated,patient,failure_aware.per_class.papilledema.specificity,5,0.8428571428571429,0.09313146293146642,0.7857142857142857,1.0
yolo26,model_specific,calibrated,patient,failure_aware.per_class.papilledema.support,5,4.0,0.0,4.0,4.0
yolo26,model_specific,calibrated,patient,failure_aware.per_class.papilledema.tn_excluding_abstain,5,11.8,1.30384048104053,11.0,14.0
yolo26,model_specific,calibrated,patient,failure_aware.per_class.papilledema.tp,5,0.8,1.0954451150103324,0.0,2.0
yolo26,model_specific,calibrated,patient,failure_aware.per_class.pseudopapilledema.abstain,5,0.6,0.5477225575051662,0.0,1.0
yolo26,model_specific,calibrated,patient,failure_aware.per_class.pseudopapilledema.balanced_accuracy_ovr,5,0.5107142857142858,0.10227015045197396,0.35714285714285715,0.6071428571428572
yolo26,model_specific,calibrated,patient,failure_aware.per_class.pseudopapilledema.class_index,5,2.0,0.0,2.0,2.0
yolo26,model_specific,calibrated,patient,failure_aware.per_class.pseudopapilledema.f1,5,0.26,0.24083189157584592,0.0,0.5
yolo26,model_specific,calibrated,patient,failure_aware.per_class.pseudopapilledema.fn_including_abstain,5,3.0,1.0,2.0,4.0
yolo26,model_specific,calibrated,patient,failure_aware.per_class.pseudopapilledema.fp,5,1.8,1.7888543819998317,0.0,4.0
yolo26,model_specific,calibrated,patient,failure_aware.per_class.pseudopapilledema.precision,5,0.36666666666666664,0.4149966532662911,0.0,1.0
yolo26,model_specific,calibrated,patient,failure_aware.per_class.pseudopapilledema.recall,5,0.25,0.25,0.0,0.5
yolo26,model_specific,calibrated,patient,failure_aware.per_class.pseudopapilledema.sensitivity,5,0.25,0.25,0.0,0.5
yolo26,model_specific,calibrated,patient,failure_aware.per_class.pseudopapilledema.specificity,5,0.7714285714285716,0.15485345277627716,0.5714285714285714,0.9285714285714286
yolo26,model_specific,calibrated,patient,failure_aware.per_class.pseudopapilledema.support,5,4.0,0.0,4.0,4.0
yolo26,model_specific,calibrated,patient,failure_aware.per_class.pseudopapilledema.tn_excluding_abstain,5,10.8,2.16794833886788,8.0,13.0
yolo26,model_specific,calibrated,patient,failure_aware.per_class.pseudopapilledema.tp,5,1.0,1.0,0.0,2.0
yolo26,model_specific,calibrated,patient,failure_aware_accuracy,5,0.6333333333333334,0.07453559924999296,0.5555555555555556,0.7222222222222222
yolo26,model_specific,calibrated,patient,failure_aware_aurc,5,0.2750189244306892,0.15706976488949118,0.16517110794071577,0.5513248915209701
yolo26,model_specific,calibrated,patient,failure_aware_balanced_accuracy,5,0.47000000000000003,0.09309493362512629,0.3333333333333333,0.5833333333333334
yolo26,model_specific,calibrated,patient,failure_inclusive.accuracy,5,0.6333333333333334,0.07453559924999296,0.5555555555555556,0.7222222222222222
yolo26,model_specific,calibrated,patient,failure_inclusive.aurc,5,0.2750189244306892,0.15706976488949118,0.16517110794071577,0.5513248915209701
yolo26,model_specific,calibrated,patient,failure_inclusive.balanced_accuracy,5,0.47000000000000003,0.09309493362512629,0.3333333333333333,0.5833333333333334
yolo26,model_specific,calibrated,patient,failure_inclusive.correct,5,11.4,1.3416407864998738,10.0,13.0
yolo26,model_specific,calibrated,patient,failure_inclusive.incorrect_or_abstained,5,6.6,1.3416407864998738,5.0,8.0
yolo26,model_specific,calibrated,patient,failure_inclusive.macro_f1,5,0.45108022581706797,0.11161482840594585,0.30303030303030304,0.6174603174603175
yolo26,model_specific,calibrated,patient,failure_inclusive.macro_precision,5,0.4687542087542088,0.19871288266231757,0.2777777777777778,0.8030303030303031
yolo26,model_specific,calibrated,patient,failure_inclusive.macro_recall,5,0.47000000000000003,0.09309493362512629,0.3333333333333333,0.5833333333333334
yolo26,model_specific,calibrated,patient,failure_inclusive.macro_specificity,5,0.7380952380952381,0.0819398803448584,0.619047619047619,0.8214285714285715
yolo26,model_specific,calibrated,patient,failure_inclusive.multiclass_mcc,5,0.41071155995591113,0.11278898281194481,0.24646089322152145,0.5563486402641867
yolo26,model_specific,calibrated,patient,failure_inclusive.per_class.normal.abstain,5,0.4,0.8944271909999161,0.0,2.0
yolo26,model_specific,calibrated,patient,failure_inclusive.per_class.normal.balanced_accuracy_ovr,5,0.78,0.08505512918102,0.65,0.875
yolo26,model_specific,calibrated,patient,failure_inclusive.per_class.normal.class_index,5,0.0,0.0,0.0,0.0
yolo26,model_specific,calibrated,patient,failure_inclusive.per_class.normal.f1,5,0.9043517885623149,0.03952470206147754,0.8421052631578947,0.9523809523809523
yolo26,model_specific,calibrated,patient,failure_inclusive.per_class.normal.fn_including_abstain,5,0.4,0.8944271909999161,0.0,2.0
yolo26,model_specific,calibrated,patient,failure_inclusive.per_class.normal.fp,5,1.6,0.5477225575051661,1.0,2.0
yolo26,model_specific,calibrated,patient,failure_inclusive.per_class.normal.precision,5,0.8595959595959595,0.036664023056326295,0.8333333333333334,0.9090909090909091
yolo26,model_specific,calibrated,patient,failure_inclusive.per_class.normal.recall,5,0.96,0.08944271909999157,0.8,1.0
yolo26,model_specific,calibrated,patient,failure_inclusive.per_class.normal.sensitivity,5,0.96,0.08944271909999157,0.8,1.0
yolo26,model_specific,calibrated,patient,failure_inclusive.per_class.normal.specificity,5,0.6,0.10458250331675945,0.5,0.75
yolo26,model_specific,calibrated,patient,failure_inclusive.per_class.normal.support,5,10.0,0.0,10.0,10.0
yolo26,model_specific,calibrated,patient,failure_inclusive.per_class.normal.tn_excluding_abstain,5,4.8,0.8366600265340756,4.0,6.0
yolo26,model_specific,calibrated,patient,failure_inclusive.per_class.normal.tp,5,9.6,0.8944271909999159,8.0,10.0
yolo26,model_specific,calibrated,patient,failure_inclusive.per_class.papilledema.abstain,5,1.0,0.7071067811865476,0.0,2.0
yolo26,model_specific,calibrated,patient,failure_inclusive.per_class.papilledema.balanced_accuracy_ovr,5,0.5214285714285714,0.11736911946539272,0.39285714285714285,0.6428571428571428
yolo26,model_specific,calibrated,patient,failure_inclusive.per_class.papilledema.class_index,5,1.0,0.0,1.0,1.0
yolo26,model_specific,calibrated,patient,failure_inclusive.per_class.papilledema.f1,5,0.18888888888888888,0.2593915006650834,0.0,0.5
yolo26,model_specific,calibrated,patient,failure_inclusive.per_class.papilledema.fn_including_abstain,5,3.2,1.0954451150103321,2.0,4.0
yolo26,model_specific,calibrated,patient,failure_inclusive.per_class.papilledema.fp,5,1.2,1.3038404810405297,0.0,3.0
yolo26,model_specific,calibrated,patient,failure_inclusive.per_class.papilledema.precision,5,0.18,0.24899799195977465,0.0,0.5
yolo26,model_specific,calibrated,patient,failure_inclusive.per_class.papilledema.recall,5,0.2,0.2738612787525831,0.0,0.5
yolo26,model_specific,calibrated,patient,failure_inclusive.per_class.papilledema.sensitivity,5,0.2,0.2738612787525831,0.0,0.5
yolo26,model_specific,calibrated,patient,failure_inclusive.per_class.papilledema.specificity,5,0.8428571428571429,0.09313146293146642,0.7857142857142857,1.0
yolo26,model_specific,calibrated,patient,failure_inclusive.per_class.papilledema.support,5,4.0,0.0,4.0,4.0
yolo26,model_specific,calibrated,patient,failure_inclusive.per_class.papilledema.tn_excluding_abstain,5,11.8,1.30384048104053,11.0,14.0
yolo26,model_specific,calibrated,patient,failure_inclusive.per_class.papilledema.tp,5,0.8,1.0954451150103324,0.0,2.0
yolo26,model_specific,calibrated,patient,failure_inclusive.per_class.pseudopapilledema.abstain,5,0.6,0.5477225575051662,0.0,1.0
yolo26,model_specific,calibrated,patient,failure_inclusive.per_class.pseudopapilledema.balanced_accuracy_ovr,5,0.5107142857142858,0.10227015045197396,0.35714285714285715,0.6071428571428572
yolo26,model_specific,calibrated,patient,failure_inclusive.per_class.pseudopapilledema.class_index,5,2.0,0.0,2.0,2.0
yolo26,model_specific,calibrated,patient,failure_inclusive.per_class.pseudopapilledema.f1,5,0.26,0.24083189157584592,0.0,0.5
yolo26,model_specific,calibrated,patient,failure_inclusive.per_class.pseudopapilledema.fn_including_abstain,5,3.0,1.0,2.0,4.0
yolo26,model_specific,calibrated,patient,failure_inclusive.per_class.pseudopapilledema.fp,5,1.8,1.7888543819998317,0.0,4.0
yolo26,model_specific,calibrated,patient,failure_inclusive.per_class.pseudopapilledema.precision,5,0.36666666666666664,0.4149966532662911,0.0,1.0
yolo26,model_specific,calibrated,patient,failure_inclusive.per_class.pseudopapilledema.recall,5,0.25,0.25,0.0,0.5
yolo26,model_specific,calibrated,patient,failure_inclusive.per_class.pseudopapilledema.sensitivity,5,0.25,0.25,0.0,0.5
yolo26,model_specific,calibrated,patient,failure_inclusive.per_class.pseudopapilledema.specificity,5,0.7714285714285716,0.15485345277627716,0.5714285714285714,0.9285714285714286
yolo26,model_specific,calibrated,patient,failure_inclusive.per_class.pseudopapilledema.support,5,4.0,0.0,4.0,4.0
yolo26,model_specific,calibrated,patient,failure_inclusive.per_class.pseudopapilledema.tn_excluding_abstain,5,10.8,2.16794833886788,8.0,13.0
yolo26,model_specific,calibrated,patient,failure_inclusive.per_class.pseudopapilledema.tp,5,1.0,1.0,0.0,2.0
yolo26,model_specific,calibrated,patient,localized_diagnostic_success.localized_rate,5,0.8444444444444443,0.12044157438154889,0.6666666666666666,0.9444444444444444
yolo26,model_specific,calibrated,patient,localized_diagnostic_success.n_success,5,10.8,2.16794833886788,8.0,13.0
yolo26,model_specific,calibrated,patient,localized_diagnostic_success.per_class_rate.normal,5,0.9199999999999999,0.1095445115010332,0.8,1.0
yolo26,model_specific,calibrated,patient,localized_diagnostic_success.per_class_rate.papilledema,5,0.2,0.2738612787525831,0.0,0.5
yolo26,model_specific,calibrated,patient,localized_diagnostic_success.per_class_rate.pseudopapilledema,5,0.2,0.2091650066335189,0.0,0.5
yolo26,model_specific,calibrated,patient,localized_diagnostic_success.rate,5,0.6,0.12044157438154889,0.4444444444444444,0.7222222222222222
yolo26,model_specific,calibrated,patient,n_abstain,5,2.0,1.8708286933869707,0.0,5.0
yolo26,model_specific,calibrated,patient,n_covered,5,16.0,1.8708286933869707,13.0,18.0
yolo26,model_specific,calibrated,patient,n_total,5,18.0,0.0,18.0,18.0
yolo26,model_specific,calibrated,patient,selective_risk,5,0.2841440422322775,0.07576741649921276,0.1875,0.375
yolo26,model_specific,raw,eye,abstention_rate,5,0.0611111111111111,0.06334307917217434,0.0,0.16666666666666666
yolo26,model_specific,raw,eye,class_conditional_coverage.normal,5,0.97,0.0670820393249937,0.85,1.0
yolo26,model_specific,raw,eye,class_conditional_coverage.papilledema,5,0.875,0.08838834764831845,0.75,1.0
yolo26,model_specific,raw,eye,class_conditional_coverage.pseudopapilledema,5,0.925,0.06846531968814577,0.875,1.0
yolo26,model_specific,raw,eye,conditional.accuracy,5,0.6994957983193277,0.06720336890087023,0.6176470588235294,0.7941176470588235
yolo26,model_specific,raw,eye,conditional.balanced_accuracy,5,0.547142857142857,0.10464549809766703,0.41190476190476194,0.6976190476190475
yolo26,model_specific,raw,eye,conditional.class_counts.normal,5,19.4,1.3416407864998738,17.0,20.0
yolo26,model_specific,raw,eye,conditional.class_counts.papilledema,5,7.0,0.7071067811865476,6.0,8.0
yolo26,model_specific,raw,eye,conditional.class_counts.pseudopapilledema,5,7.4,0.5477225575051662,7.0,8.0
yolo26,model_specific,raw,eye,conditional.derived_discrimination.normal_vs_abnormal.auroc,5,0.9017756679594914,0.04405693416798712,0.834375,0.9571428571428573
yolo26,model_specific,raw,eye,conditional.derived_discrimination.normal_vs_abnormal.average_precision,5,0.9216723834647198,0.02969834743714874,0.8877421802054155,0.9586568322981366
yolo26,model_specific,raw,eye,conditional.derived_discrimination.normal_vs_abnormal.n,5,33.8,2.280350850198276,30.0,36.0
yolo26,model_specific,raw,eye,conditional.derived_discrimination.normal_vs_abnormal.negative,5,19.4,1.3416407864998738,17.0,20.0
yolo26,model_specific,raw,eye,conditional.derived_discrimination.normal_vs_abnormal.positive,5,14.4,1.1401754250991378,13.0,16.0
yolo26,model_specific,raw,eye,conditional.derived_discrimination.papilledema_vs_pseudopapilledema.auroc,5,0.3560586734693877,0.24354350982289255,0.109375,0.6734693877551019
yolo26,model_specific,raw,eye,conditional.derived_discrimination.papilledema_vs_pseudopapilledema.average_precision,5,0.5347866022866024,0.16727789859560155,0.3581959706959707,0.7440476190476191
yolo26,model_specific,raw,eye,conditional.derived_discrimination.papilledema_vs_pseudopapilledema.n,5,14.4,1.1401754250991378,13.0,16.0
yolo26,model_specific,raw,eye,conditional.derived_discrimination.papilledema_vs_pseudopapilledema.negative,5,7.0,0.7071067811865476,6.0,8.0
yolo26,model_specific,raw,eye,conditional.derived_discrimination.papilledema_vs_pseudopapilledema.positive,5,7.4,0.5477225575051662,7.0,8.0
yolo26,model_specific,raw,eye,conditional.macro.adaptive_ece_ovr,5,0.17975821721450017,0.04280237407450878,0.13629621323363483,0.23209355915333363
yolo26,model_specific,raw,eye,conditional.macro.auroc_ovr,5,0.7370274579111962,0.1368566388693148,0.5087797619047619,0.846384479717813
yolo26,model_specific,raw,eye,conditional.macro.average_precision_ovr,5,0.5576393436802979,0.11232506791291784,0.4079783419904904,0.6922846110083505
yolo26,model_specific,raw,eye,conditional.macro.balanced_accuracy_ovr,5,0.6930544495761888,0.07066006889000312,0.6027777777777777,0.7941358024691357
yolo26,model_specific,raw,eye,conditional.macro.brier_ovr,5,0.16975649078464286,0.04455684020664751,0.12292770355391706,0.2306412869315468
yolo26,model_specific,raw,eye,conditional.macro.ece_ovr,5,0.1760963295977933,0.04561234925375274,0.11784033996407584,0.2415659029293861
yolo26,model_specific,raw,eye,conditional.macro.f1,5,0.4976444171003912,0.12267633786498691,0.37300501595987234,0.6990946045824095
yolo26,model_specific,raw,eye,conditional.macro.mcc_ovr,5,0.3817323727997882,0.1503467025790351,0.20026893886755695,0.6092235860069678
yolo26,model_specific,raw,eye,conditional.macro.nll_ovr,5,0.6981389459301781,0.31148468292230674,0.38318641906265166,1.2141619019683083
yolo26,model_specific,raw,eye,conditional.macro.nll_true_class,5,1.6272060381291644,0.77018958861705,0.9097684454754095,2.9289924572301675
yolo26,model_specific,raw,eye,conditional.macro.precision,5,0.4688657194149185,0.1552303923258627,0.3420289855072464,0.7367724867724869
yolo26,model_specific,raw,eye,conditional.macro.recall,5,0.547142857142857,0.10464549809766703,0.41190476190476194,0.6976190476190475
yolo26,model_specific,raw,eye,conditional.macro.specificity,5,0.8389660420095202,0.03770741938787507,0.7936507936507936,0.8906525573192239
yolo26,model_specific,raw,eye,conditional.macro_auroc,5,0.7370274579111962,0.1368566388693148,0.5087797619047619,0.846384479717813
yolo26,model_specific,raw,eye,conditional.macro_average_precision,5,0.5576393436802979,0.11232506791291784,0.4079783419904904,0.6922846110083505
yolo26,model_specific,raw,eye,conditional.macro_classwise_adaptive_ece,5,0.17975821721450017,0.04280237407450878,0.13629621323363483,0.23209355915333363
yolo26,model_specific,raw,eye,conditional.macro_classwise_ece,5,0.1760963295977933,0.04561234925375274,0.11784033996407584,0.2415659029293861
yolo26,model_specific,raw,eye,conditional.macro_f1,5,0.4976444171003912,0.12267633786498691,0.37300501595987234,0.6990946045824095
yolo26,model_specific,raw,eye,conditional.macro_precision,5,0.4688657194149185,0.1552303923258627,0.3420289855072464,0.7367724867724869
yolo26,model_specific,raw,eye,conditional.macro_recall,5,0.547142857142857,0.10464549809766703,0.41190476190476194,0.6976190476190475
yolo26,model_specific,raw,eye,conditional.multiclass_brier,5,0.5092694723539286,0.13367052061994253,0.3687831106617512,0.6919238607946404
yolo26,model_specific,raw,eye,conditional.multiclass_mcc,5,0.47761184691684744,0.12767499543587701,0.300862075716952,0.6382447114260118
yolo26,model_specific,raw,eye,conditional.multiclass_nll,5,1.098133929607608,0.4582674284426418,0.6181825534461312,1.8542899455600292
yolo26,model_specific,raw,eye,conditional.n,5,33.8,2.280350850198276,30.0,36.0
yolo26,model_specific,raw,eye,conditional.per_class.normal.adaptive_ece_ovr,5,0.1209173076516327,0.024164286101414304,0.10267212419025944,0.16231202042750473
yolo26,model_specific,raw,eye,conditional.per_class.normal.auroc_ovr,5,0.9017756679594914,0.044056934167987095,0.834375,0.9571428571428572
yolo26,model_specific,raw,eye,conditional.per_class.normal.average_precision_ovr,5,0.8848763393543984,0.0723495420863882,0.7801224129309169,0.9660977706933591
yolo26,model_specific,raw,eye,conditional.per_class.normal.balanced_accuracy_ovr,5,0.875091575091575,0.03897281404440252,0.8321428571428571,0.9230769230769231
yolo26,model_specific,raw,eye,conditional.per_class.normal.brier_ovr,5,0.09856194192931711,0.02356708258186356,0.06597329330353013,0.12464467081038823
yolo26,model_specific,raw,eye,conditional.per_class.normal.class_index,5,0.0,0.0,0.0,0.0
yolo26,model_specific,raw,eye,conditional.per_class.normal.ece_ovr,5,0.11177816562624673,0.04068931508464643,0.045949789315404395,0.15136296549755437
yolo26,model_specific,raw,eye,conditional.per_class.normal.f1,5,0.9095612964586305,0.026695913462235262,0.8837209302325582,0.9444444444444444
yolo26,model_specific,raw,eye,conditional.per_class.normal.fn,5,0.6,0.5477225575051662,0.0,1.0
yolo26,model_specific,raw,eye,conditional.per_class.normal.fp,5,3.2,1.0954451150103321,2.0,4.0
yolo26,model_specific,raw,eye,conditional.per_class.normal.mcc_ovr,5,0.7778717519362003,0.07204749728714047,0.6988334233460395,0.8701063269755686
yolo26,model_specific,raw,eye,conditional.per_class.normal.nll_ovr,5,0.38987539257094395,0.12752929708639524,0.2598399861988667,0.6036692866185982
yolo26,model_specific,raw,eye,conditional.per_class.normal.nll_true_class,5,0.18185536757254833,0.0872578759544044,0.09934623584301663,0.31136771969063093
yolo26,model_specific,raw,eye,conditional.per_class.normal.precision,5,0.8570011986487959,0.039295713559712314,0.8260869565217391,0.9047619047619048
yolo26,model_specific,raw,eye,conditional.per_class.normal.recall,5,0.9700000000000001,0.027386127875258334,0.95,1.0
yolo26,model_specific,raw,eye,conditional.per_class.normal.sensitivity,5,0.9700000000000001,0.027386127875258334,0.95,1.0
yolo26,model_specific,raw,eye,conditional.per_class.normal.specificity,5,0.7801831501831502,0.0665644972449252,0.7142857142857143,0.8571428571428571
yolo26,model_specific,raw,eye,conditional.per_class.normal.support,5,19.4,1.3416407864998738,17.0,20.0
yolo26,model_specific,raw,eye,conditional.per_class.normal.tn,5,11.2,0.8366600265340756,10.0,12.0
yolo26,model_specific,raw,eye,conditional.per_class.normal.tp,5,18.8,1.0954451150103324,17.0,20.0
yolo26,model_specific,raw,eye,conditional.per_class.papilledema.adaptive_ece_ovr,5,0.18178112744443348,0.05075383068794711,0.13112200602545548,0.2508774527883493
yolo26,model_specific,raw,eye,conditional.per_class.papilledema.auroc_ovr,5,0.6636574074074074,0.29905888852091483,0.14732142857142858,0.8958333333333333
yolo26,model_specific,raw,eye,conditional.per_class.papilledema.average_precision_ovr,5,0.39713846505176525,0.1621558074158075,0.15465740550299373,0.55995670995671
yolo26,model_specific,raw,eye,conditional.per_class.papilledema.balanced_accuracy_ovr,5,0.6029100529100528,0.15001539631518912,0.48148148148148145,0.783068783068783
yolo26,model_specific,raw,eye,conditional.per_class.papilledema.brier_ovr,5,0.1812691834069295,0.03726963795764956,0.13183729400492433,0.22286639234948963
yolo26,model_specific,raw,eye,conditional.per_class.papilledema.class_index,5,1.0,0.0,1.0,1.0
yolo26,model_specific,raw,eye,conditional.per_class.papilledema.ece_ovr,5,0.1860912292150016,0.030695818425310595,0.15502264353436807,0.2351298012969448
yolo26,model_specific,raw,eye,conditional.per_class.papilledema.f1,5,0.2361111111111111,0.32423937583135426,0.0,0.625
yolo26,model_specific,raw,eye,conditional.per_class.papilledema.fn,5,5.0,2.8284271247461903,2.0,8.0
yolo26,model_specific,raw,eye,conditional.per_class.papilledema.fp,5,2.2,2.6832815729997477,0.0,6.0
yolo26,model_specific,raw,eye,conditional.per_class.papilledema.mcc_ovr,5,0.17221157292626116,0.28036054346701084,-0.08863600391305174,0.5188736501166931
yolo26,model_specific,raw,eye,conditional.per_class.papilledema.nll_ovr,5,0.7861097369574737,0.3277906856597771,0.37147144547938676,1.243390282918814
yolo26,model_specific,raw,eye,conditional.per_class.papilledema.nll_true_class,5,2.518792592955459,1.8732445681308667,1.2585146930715623,5.71999615445646
yolo26,model_specific,raw,eye,conditional.per_class.papilledema.precision,5,0.20202020202020204,0.2789232580097793,0.0,0.5555555555555556
yolo26,model_specific,raw,eye,conditional.per_class.papilledema.recall,5,0.2857142857142857,0.3912303982179758,0.0,0.7142857142857143
yolo26,model_specific,raw,eye,conditional.per_class.papilledema.sensitivity,5,0.2857142857142857,0.3912303982179758,0.0,0.7142857142857143
yolo26,model_specific,raw,eye,conditional.per_class.papilledema.specificity,5,0.9201058201058201,0.09659526819975368,0.7857142857142857,1.0
yolo26,model_specific,raw,eye,conditional.per_class.papilledema.support,5,7.0,0.7071067811865476,6.0,8.0
yolo26,model_specific,raw,eye,conditional.per_class.papilledema.tn,5,24.6,2.4083189157584592,22.0,28.0
yolo26,model_specific,raw,eye,conditional.per_class.papilledema.tp,5,2.0,2.7386127875258306,0.0,5.0
yolo26,model_specific,raw,eye,conditional.per_class.pseudopapilledema.adaptive_ece_ovr,5,0.23657621654743433,0.07324972834744009,0.16438593684032968,0.3381423746754151
yolo26,model_specific,raw,eye,conditional.per_class.pseudopapilledema.auroc_ovr,5,0.6456492983666896,0.08252620051184491,0.5446428571428571,0.7407407407407407
yolo26,model_specific,raw,eye,conditional.per_class.pseudopapilledema.average_precision_ovr,5,0.3909032266347301,0.14854269753355653,0.247555143269429,0.5783297584768172
yolo26,model_specific,raw,eye,conditional.per_class.pseudopapilledema.balanced_accuracy_ovr,5,0.6011617207269382,0.11225350706905352,0.48148148148148145,0.7267080745341614
yolo26,model_specific,raw,eye,conditional.per_class.pseudopapilledema.brier_ovr,5,0.2294383470176819,0.07816573928694158,0.1559959230312362,0.34441279763476257
yolo26,model_specific,raw,eye,conditional.per_class.pseudopapilledema.class_index,5,2.0,0.0,2.0,2.0
yolo26,model_specific,raw,eye,conditional.per_class.pseudopapilledema.ece_ovr,5,0.23041959395213163,0.08448598424295377,0.12941248773182798,0.35112287650513224
yolo26,model_specific,raw,eye,conditional.per_class.pseudopapilledema.f1,5,0.34726084373143196,0.23376028871455298,0.0,0.5555555555555556
yolo26,model_specific,raw,eye,conditional.per_class.pseudopapilledema.fn,5,4.6,2.1908902300206643,2.0,8.0
yolo26,model_specific,raw,eye,conditional.per_class.pseudopapilledema.fp,5,4.8,3.5637059362410923,1.0,8.0
yolo26,model_specific,raw,eye,conditional.per_class.pseudopapilledema.mcc_ovr,5,0.1951137935369033,0.25198538942856874,-0.09335200560186732,0.49137176161525076
yolo26,model_specific,raw,eye,conditional.per_class.pseudopapilledema.nll_ovr,5,0.9184317082621168,0.5044387867327587,0.5182478255097013,1.7954261363675128
yolo26,model_specific,raw,eye,conditional.per_class.pseudopapilledema.nll_true_class,5,2.1809701538594863,1.0212411754337603,1.0768359905533857,3.210816037350243
yolo26,model_specific,raw,eye,conditional.per_class.pseudopapilledema.precision,5,0.34757575757575754,0.2811486017603662,0.0,0.75
yolo26,model_specific,raw,eye,conditional.per_class.pseudopapilledema.recall,5,0.38571428571428573,0.2653453660143816,0.0,0.7142857142857143
yolo26,model_specific,raw,eye,conditional.per_class.pseudopapilledema.sensitivity,5,0.38571428571428573,0.2653453660143816,0.0,0.7142857142857143
yolo26,model_specific,raw,eye,conditional.per_class.pseudopapilledema.specificity,5,0.8166091557395905,0.13421955311082168,0.7037037037037037,0.9629629629629629
yolo26,model_specific,raw,eye,conditional.per_class.pseudopapilledema.support,5,7.4,0.5477225575051662,7.0,8.0
yolo26,model_specific,raw,eye,conditional.per_class.pseudopapilledema.tn,5,21.6,4.159326868617084,17.0,26.0
yolo26,model_specific,raw,eye,conditional.per_class.pseudopapilledema.tp,5,2.8,1.9235384061671346,0.0,5.0
yolo26,model_specific,raw,eye,conditional.top_label_adaptive_ece,5,0.25051800703872756,0.06815839416342138,0.17259038441501814,0.3326692030075406
yolo26,model_specific,raw,eye,conditional.top_label_ece,5,0.23940051783234226,0.09549484567979812,0.11303561576779933,0.3500523923375342
yolo26,model_specific,raw,eye,conditional_aurc,5,0.269670325847082,0.16388770785430432,0.13587640803163972,0.552965319745784
yolo26,model_specific,raw,eye,coverage,5,0.9388888888888889,0.06334307917217433,0.8333333333333334,1.0
yolo26,model_specific,raw,eye,failure_aware.accuracy,5,0.6555555555555556,0.06394924685122963,0.5833333333333334,0.75
yolo26,model_specific,raw,eye,failure_aware.aurc,5,0.2779570289746543,0.15986673244590746,0.14162136949019943,0.552965319745784
yolo26,model_specific,raw,eye,failure_aware.balanced_accuracy,5,0.5133333333333333,0.08986873143028609,0.39999999999999997,0.65
yolo26,model_specific,raw,eye,failure_aware.correct,5,23.6,2.3021728866442674,21.0,27.0
yolo26,model_specific,raw,eye,failure_aware.incorrect_or_abstained,5,12.4,2.3021728866442674,9.0,15.0
yolo26,model_specific,raw,eye,failure_aware.macro_f1,5,0.4825497336620545,0.11325860059338218,0.36864771748492675,0.67168818747011
yolo26,model_specific,raw,eye,failure_aware.macro_precision,5,0.4688657194149185,0.1552303923258627,0.3420289855072464,0.7367724867724869
yolo26,model_specific,raw,eye,failure_aware.macro_recall,5,0.5133333333333333,0.08986873143028609,0.39999999999999997,0.65
yolo26,model_specific,raw,eye,failure_aware.macro_specificity,5,0.7833333333333334,0.050393505389956066,0.7172619047619048,0.8333333333333334
yolo26,model_specific,raw,eye,failure_aware.multiclass_mcc,5,0.4341111852539708,0.10538311883964263,0.29171162076238016,0.588723986943652
yolo26,model_specific,raw,eye,failure_aware.per_class.normal.abstain,5,0.6,1.3416407864998738,0.0,3.0
yolo26,model_specific,raw,eye,failure_aware.per_class.normal.balanced_accuracy_ovr,5,0.8200000000000001,0.04361586580591974,0.76875,0.875
yolo26,model_specific,raw,eye,failure_aware.per_class.normal.class_index,5,0.0,0.0,0.0,0.0
yolo26,model_specific,raw,eye,failure_aware.per_class.normal.f1,5,0.895031381928716,0.022386178322698836,0.8717948717948718,0.926829268292683
yolo26,model_specific,raw,eye,failure_aware.per_class.normal.fn_including_abstain,5,1.2,1.0954451150103324,0.0,3.0
yolo26,model_specific,raw,eye,failure_aware.per_class.normal.fp,5,3.2,1.0954451150103321,2.0,4.0
yolo26,model_specific,raw,eye,failure_aware.per_class.normal.precision,5,0.8570011986487959,0.039295713559712314,0.8260869565217391,0.9047619047619048
yolo26,model_specific,raw,eye,failure_aware.per_class.normal.recall,5,0.9400000000000001,0.05477225575051661,0.85,1.0
yolo26,model_specific,raw,eye,failure_aware.per_class.normal.sensitivity,5,0.9400000000000001,0.05477225575051661,0.85,1.0
yolo26,model_specific,raw,eye,failure_aware.per_class.normal.specificity,5,0.7,0.05229125165837972,0.625,0.75
yolo26,model_specific,raw,eye,failure_aware.per_class.normal.support,5,20.0,0.0,20.0,20.0
yolo26,model_specific,raw,eye,failure_aware.per_class.normal.tn_excluding_abstain,5,11.2,0.8366600265340756,10.0,12.0
yolo26,model_specific,raw,eye,failure_aware.per_class.normal.tp,5,18.8,1.0954451150103324,17.0,20.0
yolo26,model_specific,raw,eye,failure_aware.per_class.papilledema.abstain,5,1.0,0.7071067811865476,0.0,2.0
yolo26,model_specific,raw,eye,failure_aware.per_class.papilledema.balanced_accuracy_ovr,5,0.5642857142857143,0.13938297886011175,0.42857142857142855,0.7232142857142857
yolo26,model_specific,raw,eye,failure_aware.per_class.papilledema.class_index,5,1.0,0.0,1.0,1.0
yolo26,model_specific,raw,eye,failure_aware.per_class.papilledema.f1,5,0.22291021671826625,0.3060164406972524,0.0,0.5882352941176471
yolo26,model_specific,raw,eye,failure_aware.per_class.papilledema.fn_including_abstain,5,6.0,2.7386127875258306,3.0,8.0
yolo26,model_specific,raw,eye,failure_aware.per_class.papilledema.fp,5,2.2,2.6832815729997477,0.0,6.0
yolo26,model_specific,raw,eye,failure_aware.per_class.papilledema.precision,5,0.20202020202020204,0.2789232580097793,0.0,0.5555555555555556
yolo26,model_specific,raw,eye,failure_aware.per_class.papilledema.recall,5,0.25,0.3423265984407288,0.0,0.625
yolo26,model_specific,raw,eye,failure_aware.per_class.papilledema.sensitivity,5,0.25,0.3423265984407288,0.0,0.625
yolo26,model_specific,raw,eye,failure_aware.per_class.papilledema.specificity,5,0.8785714285714284,0.08601138984851642,0.7857142857142857,1.0
yolo26,model_specific,raw,eye,failure_aware.per_class.papilledema.support,5,8.0,0.0,8.0,8.0
yolo26,model_specific,raw,eye,failure_aware.per_class.papilledema.tn_excluding_abstain,5,24.6,2.4083189157584592,22.0,28.0
yolo26,model_specific,raw,eye,failure_aware.per_class.papilledema.tp,5,2.0,2.7386127875258306,0.0,5.0
yolo26,model_specific,raw,eye,failure_aware.per_class.pseudopapilledema.abstain,5,0.6,0.5477225575051662,0.0,1.0
yolo26,model_specific,raw,eye,failure_aware.per_class.pseudopapilledema.balanced_accuracy_ovr,5,0.5607142857142857,0.08959766931644358,0.4642857142857143,0.6517857142857143
yolo26,model_specific,raw,eye,failure_aware.per_class.pseudopapilledema.class_index,5,2.0,0.0,2.0,2.0
yolo26,model_specific,raw,eye,failure_aware.per_class.pseudopapilledema.f1,5,0.3297076023391813,0.21957658749137604,0.0,0.5263157894736842
yolo26,model_specific,raw,eye,failure_aware.per_class.pseudopapilledema.fn_including_abstain,5,5.2,1.9235384061671346,3.0,8.0
yolo26,model_specific,raw,eye,failure_aware.per_class.pseudopapilledema.fp,5,4.8,3.5637059362410923,1.0,8.0
yolo26,model_specific,raw,eye,failure_aware.per_class.pseudopapilledema.precision,5,0.34757575757575754,0.2811486017603662,0.0,0.75
yolo26,model_specific,raw,eye,failure_aware.per_class.pseudopapilledema.recall,5,0.35,0.24044230077089182,0.0,0.625
yolo26,model_specific,raw,eye,failure_aware.per_class.pseudopapilledema.sensitivity,5,0.35,0.24044230077089182,0.0,0.625
yolo26,model_specific,raw,eye,failure_aware.per_class.pseudopapilledema.specificity,5,0.7714285714285716,0.1485473881648959,0.6071428571428571,0.9285714285714286
yolo26,model_specific,raw,eye,failure_aware.per_class.pseudopapilledema.support,5,8.0,0.0,8.0,8.0
yolo26,model_specific,raw,eye,failure_aware.per_class.pseudopapilledema.tn_excluding_abstain,5,21.6,4.159326868617084,17.0,26.0
yolo26,model_specific,raw,eye,failure_aware.per_class.pseudopapilledema.tp,5,2.8,1.9235384061671346,0.0,5.0
yolo26,model_specific,raw,eye,failure_aware_accuracy,5,0.6555555555555556,0.06394924685122963,0.5833333333333334,0.75
yolo26,model_specific,raw,eye,failure_aware_aurc,5,0.2779570289746543,0.15986673244590746,0.14162136949019943,0.552965319745784
yolo26,model_specific,raw,eye,failure_aware_balanced_accuracy,5,0.5133333333333333,0.08986873143028609,0.39999999999999997,0.65
yolo26,model_specific,raw,eye,failure_inclusive.accuracy,5,0.6555555555555556,0.06394924685122963,0.5833333333333334,0.75
yolo26,model_specific,raw,eye,failure_inclusive.aurc,5,0.2779570289746543,0.15986673244590746,0.14162136949019943,0.552965319745784
yolo26,model_specific,raw,eye,failure_inclusive.balanced_accuracy,5,0.5133333333333333,0.08986873143028609,0.39999999999999997,0.65
yolo26,model_specific,raw,eye,failure_inclusive.correct,5,23.6,2.3021728866442674,21.0,27.0
yolo26,model_specific,raw,eye,failure_inclusive.incorrect_or_abstained,5,12.4,2.3021728866442674,9.0,15.0
yolo26,model_specific,raw,eye,failure_inclusive.macro_f1,5,0.4825497336620545,0.11325860059338218,0.36864771748492675,0.67168818747011
yolo26,model_specific,raw,eye,failure_inclusive.macro_precision,5,0.4688657194149185,0.1552303923258627,0.3420289855072464,0.7367724867724869
yolo26,model_specific,raw,eye,failure_inclusive.macro_recall,5,0.5133333333333333,0.08986873143028609,0.39999999999999997,0.65
yolo26,model_specific,raw,eye,failure_inclusive.macro_specificity,5,0.7833333333333334,0.050393505389956066,0.7172619047619048,0.8333333333333334
yolo26,model_specific,raw,eye,failure_inclusive.multiclass_mcc,5,0.4341111852539708,0.10538311883964263,0.29171162076238016,0.588723986943652
yolo26,model_specific,raw,eye,failure_inclusive.per_class.normal.abstain,5,0.6,1.3416407864998738,0.0,3.0
yolo26,model_specific,raw,eye,failure_inclusive.per_class.normal.balanced_accuracy_ovr,5,0.8200000000000001,0.04361586580591974,0.76875,0.875
yolo26,model_specific,raw,eye,failure_inclusive.per_class.normal.class_index,5,0.0,0.0,0.0,0.0
yolo26,model_specific,raw,eye,failure_inclusive.per_class.normal.f1,5,0.895031381928716,0.022386178322698836,0.8717948717948718,0.926829268292683
yolo26,model_specific,raw,eye,failure_inclusive.per_class.normal.fn_including_abstain,5,1.2,1.0954451150103324,0.0,3.0
yolo26,model_specific,raw,eye,failure_inclusive.per_class.normal.fp,5,3.2,1.0954451150103321,2.0,4.0
yolo26,model_specific,raw,eye,failure_inclusive.per_class.normal.precision,5,0.8570011986487959,0.039295713559712314,0.8260869565217391,0.9047619047619048
yolo26,model_specific,raw,eye,failure_inclusive.per_class.normal.recall,5,0.9400000000000001,0.05477225575051661,0.85,1.0
yolo26,model_specific,raw,eye,failure_inclusive.per_class.normal.sensitivity,5,0.9400000000000001,0.05477225575051661,0.85,1.0
yolo26,model_specific,raw,eye,failure_inclusive.per_class.normal.specificity,5,0.7,0.05229125165837972,0.625,0.75
yolo26,model_specific,raw,eye,failure_inclusive.per_class.normal.support,5,20.0,0.0,20.0,20.0
yolo26,model_specific,raw,eye,failure_inclusive.per_class.normal.tn_excluding_abstain,5,11.2,0.8366600265340756,10.0,12.0
yolo26,model_specific,raw,eye,failure_inclusive.per_class.normal.tp,5,18.8,1.0954451150103324,17.0,20.0
yolo26,model_specific,raw,eye,failure_inclusive.per_class.papilledema.abstain,5,1.0,0.7071067811865476,0.0,2.0
yolo26,model_specific,raw,eye,failure_inclusive.per_class.papilledema.balanced_accuracy_ovr,5,0.5642857142857143,0.13938297886011175,0.42857142857142855,0.7232142857142857
yolo26,model_specific,raw,eye,failure_inclusive.per_class.papilledema.class_index,5,1.0,0.0,1.0,1.0
yolo26,model_specific,raw,eye,failure_inclusive.per_class.papilledema.f1,5,0.22291021671826625,0.3060164406972524,0.0,0.5882352941176471
yolo26,model_specific,raw,eye,failure_inclusive.per_class.papilledema.fn_including_abstain,5,6.0,2.7386127875258306,3.0,8.0
yolo26,model_specific,raw,eye,failure_inclusive.per_class.papilledema.fp,5,2.2,2.6832815729997477,0.0,6.0
yolo26,model_specific,raw,eye,failure_inclusive.per_class.papilledema.precision,5,0.20202020202020204,0.2789232580097793,0.0,0.5555555555555556
yolo26,model_specific,raw,eye,failure_inclusive.per_class.papilledema.recall,5,0.25,0.3423265984407288,0.0,0.625
yolo26,model_specific,raw,eye,failure_inclusive.per_class.papilledema.sensitivity,5,0.25,0.3423265984407288,0.0,0.625
yolo26,model_specific,raw,eye,failure_inclusive.per_class.papilledema.specificity,5,0.8785714285714284,0.08601138984851642,0.7857142857142857,1.0
yolo26,model_specific,raw,eye,failure_inclusive.per_class.papilledema.support,5,8.0,0.0,8.0,8.0
yolo26,model_specific,raw,eye,failure_inclusive.per_class.papilledema.tn_excluding_abstain,5,24.6,2.4083189157584592,22.0,28.0
yolo26,model_specific,raw,eye,failure_inclusive.per_class.papilledema.tp,5,2.0,2.7386127875258306,0.0,5.0
yolo26,model_specific,raw,eye,failure_inclusive.per_class.pseudopapilledema.abstain,5,0.6,0.5477225575051662,0.0,1.0
yolo26,model_specific,raw,eye,failure_inclusive.per_class.pseudopapilledema.balanced_accuracy_ovr,5,0.5607142857142857,0.08959766931644358,0.4642857142857143,0.6517857142857143
yolo26,model_specific,raw,eye,failure_inclusive.per_class.pseudopapilledema.class_index,5,2.0,0.0,2.0,2.0
yolo26,model_specific,raw,eye,failure_inclusive.per_class.pseudopapilledema.f1,5,0.3297076023391813,0.21957658749137604,0.0,0.5263157894736842
yolo26,model_specific,raw,eye,failure_inclusive.per_class.pseudopapilledema.fn_including_abstain,5,5.2,1.9235384061671346,3.0,8.0
yolo26,model_specific,raw,eye,failure_inclusive.per_class.pseudopapilledema.fp,5,4.8,3.5637059362410923,1.0,8.0
yolo26,model_specific,raw,eye,failure_inclusive.per_class.pseudopapilledema.precision,5,0.34757575757575754,0.2811486017603662,0.0,0.75
yolo26,model_specific,raw,eye,failure_inclusive.per_class.pseudopapilledema.recall,5,0.35,0.24044230077089182,0.0,0.625
yolo26,model_specific,raw,eye,failure_inclusive.per_class.pseudopapilledema.sensitivity,5,0.35,0.24044230077089182,0.0,0.625
yolo26,model_specific,raw,eye,failure_inclusive.per_class.pseudopapilledema.specificity,5,0.7714285714285716,0.1485473881648959,0.6071428571428571,0.9285714285714286
yolo26,model_specific,raw,eye,failure_inclusive.per_class.pseudopapilledema.support,5,8.0,0.0,8.0,8.0
yolo26,model_specific,raw,eye,failure_inclusive.per_class.pseudopapilledema.tn_excluding_abstain,5,21.6,4.159326868617084,17.0,26.0
yolo26,model_specific,raw,eye,failure_inclusive.per_class.pseudopapilledema.tp,5,2.8,1.9235384061671346,0.0,5.0
yolo26,model_specific,raw,eye,localized_diagnostic_success.localized_rate,5,0.9166666666666666,0.07081971546656644,0.8055555555555556,0.9722222222222222
yolo26,model_specific,raw,eye,localized_diagnostic_success.n_success,5,23.0,3.082207001484488,19.0,27.0
yolo26,model_specific,raw,eye,localized_diagnostic_success.per_class_rate.normal,5,0.9199999999999999,0.0670820393249937,0.85,1.0
yolo26,model_specific,raw,eye,localized_diagnostic_success.per_class_rate.papilledema,5,0.25,0.3423265984407288,0.0,0.625
yolo26,model_specific,raw,eye,localized_diagnostic_success.per_class_rate.pseudopapilledema,5,0.325,0.2091650066335189,0.0,0.5
yolo26,model_specific,raw,eye,localized_diagnostic_success.rate,5,0.6388888888888888,0.08561686115234689,0.5277777777777778,0.75
yolo26,model_specific,raw,eye,n_abstain,5,2.2,2.2803508501982757,0.0,6.0
yolo26,model_specific,raw,eye,n_covered,5,33.8,2.280350850198276,30.0,36.0
yolo26,model_specific,raw,eye,n_total,5,36.0,0.0,36.0,36.0
yolo26,model_specific,raw,eye,selective_risk,5,0.3005042016806722,0.06720336890087024,0.20588235294117646,0.38235294117647056
yolo26,model_specific,raw,patient,abstention_rate,5,0.11111111111111112,0.10393492741038728,0.0,0.2777777777777778
yolo26,model_specific,raw,patient,class_conditional_coverage.normal,5,0.96,0.08944271909999157,0.8,1.0
yolo26,model_specific,raw,patient,class_conditional_coverage.papilledema,5,0.75,0.1767766952966369,0.5,1.0
yolo26,model_specific,raw,patient,class_conditional_coverage.pseudopapilledema,5,0.85,0.13693063937629152,0.75,1.0
yolo26,model_specific,raw,patient,conditional.accuracy,5,0.7158559577677225,0.07576741649921277,0.625,0.8125
yolo26,model_specific,raw,patient,conditional.balanced_accuracy,5,0.5222222222222221,0.1217161238900369,0.3333333333333333,0.6666666666666666
yolo26,model_specific,raw,patient,conditional.class_counts.normal,5,9.6,0.8944271909999159,8.0,10.0
yolo26,model_specific,raw,patient,conditional.class_counts.papilledema,5,3.0,0.7071067811865476,2.0,4.0
yolo26,model_specific,raw,patient,conditional.class_counts.pseudopapilledema,5,3.4,0.5477225575051661,3.0,4.0
yolo26,model_specific,raw,patient,conditional.derived_discrimination.normal_vs_abnormal.auroc,5,0.8941666666666667,0.034810997623675746,0.8374999999999999,0.9333333333333333
yolo26,model_specific,raw,patient,conditional.derived_discrimination.normal_vs_abnormal.average_precision,5,0.9039754689754691,0.019557363902163047,0.8819444444444444,0.9333333333333333
yolo26,model_specific,raw,patient,conditional.derived_discrimination.normal_vs_abnormal.n,5,16.0,1.8708286933869707,13.0,18.0
yolo26,model_specific,raw,patient,conditional.derived_discrimination.normal_vs_abnormal.negative,5,9.6,0.8944271909999159,8.0,10.0
yolo26,model_specific,raw,patient,conditional.derived_discrimination.normal_vs_abnormal.positive,5,6.4,1.1401754250991378,5.0,8.0
yolo26,model_specific,raw,patient,conditional.derived_discrimination.papilledema_vs_pseudopapilledema.auroc,5,0.3902777777777778,0.3023984627059364,0.0625,0.888888888888889
yolo26,model_specific,raw,patient,conditional.derived_discrimination.papilledema_vs_pseudopapilledema.average_precision,5,0.6052777777777777,0.20086890411776379,0.37797619047619047,0.9166666666666665
yolo26,model_specific,raw,patient,conditional.derived_discrimination.papilledema_vs_pseudopapilledema.n,5,6.4,1.1401754250991378,5.0,8.0
yolo26,model_specific,raw,patient,conditional.derived_discrimination.papilledema_vs_pseudopapilledema.negative,5,3.0,0.7071067811865476,2.0,4.0
yolo26,model_specific,raw,patient,conditional.derived_discrimination.papilledema_vs_pseudopapilledema.positive,5,3.4,0.5477225575051661,3.0,4.0
yolo26,model_specific,raw,patient,conditional.macro.adaptive_ece_ovr,5,0.21920081711882525,0.04282175810313574,0.16260032510716788,0.27430114959674806
yolo26,model_specific,raw,patient,conditional.macro.auroc_ovr,5,0.734410311910312,0.1468340287538056,0.48154761904761906,0.8495726495726496
yolo26,model_specific,raw,patient,conditional.macro.average_precision_ovr,5,0.5666799330843448,0.1023263163121942,0.4219683883654472,0.7012542087542087
yolo26,model_specific,raw,patient,conditional.macro.balanced_accuracy_ovr,5,0.6812026862026862,0.08056863202339558,0.5598290598290597,0.7799145299145299
yolo26,model_specific,raw,patient,conditional.macro.brier_ovr,5,0.1605958300813243,0.04494274629554802,0.1136855119631439,0.21143345590206516
yolo26,model_specific,raw,patient,conditional.macro.ece_ovr,5,0.17575817155272047,0.05114158923041428,0.10149207773810413,0.22830870417426438
yolo26,model_specific,raw,patient,conditional.macro.f1,5,0.47757915287327046,0.1339359667148052,0.30303030303030304,0.6746031746031745
yolo26,model_specific,raw,patient,conditional.macro.mcc_ovr,5,0.37730081717559977,0.1777154565493602,0.13018400904716357,0.6233740977286945
yolo26,model_specific,raw,patient,conditional.macro.nll_ovr,5,0.5729960813295529,0.2215150098459445,0.3591836262447445,0.925678964043826
yolo26,model_specific,raw,patient,conditional.macro.nll_true_class,5,1.4017035838763365,0.6044852126899809,0.9646541149140034,2.434006188496463
yolo26,model_specific,raw,patient,conditional.macro.precision,5,0.4687542087542088,0.19871288266231757,0.2777777777777778,0.8030303030303031
yolo26,model_specific,raw,patient,conditional.macro.recall,5,0.5222222222222221,0.1217161238900369,0.3333333333333333,0.6666666666666666
yolo26,model_specific,raw,patient,conditional.macro.specificity,5,0.8401831501831503,0.04125395255191921,0.7863247863247863,0.8931623931623932
yolo26,model_specific,raw,patient,conditional.macro_auroc,5,0.734410311910312,0.1468340287538056,0.48154761904761906,0.8495726495726496
yolo26,model_specific,raw,patient,conditional.macro_average_precision,5,0.5666799330843448,0.1023263163121942,0.4219683883654472,0.7012542087542087
yolo26,model_specific,raw,patient,conditional.macro_classwise_adaptive_ece,5,0.21920081711882525,0.04282175810313574,0.16260032510716788,0.27430114959674806
yolo26,model_specific,raw,patient,conditional.macro_classwise_ece,5,0.17575817155272047,0.05114158923041428,0.10149207773810413,0.22830870417426438
yolo26,model_specific,raw,patient,conditional.macro_f1,5,0.47757915287327046,0.1339359667148052,0.30303030303030304,0.6746031746031745
yolo26,model_specific,raw,patient,conditional.macro_precision,5,0.4687542087542088,0.19871288266231757,0.2777777777777778,0.8030303030303031
yolo26,model_specific,raw,patient,conditional.macro_recall,5,0.5222222222222221,0.1217161238900369,0.3333333333333333,0.6666666666666666
yolo26,model_specific,raw,patient,conditional.multiclass_brier,5,0.4817874902439728,0.13482823888664405,0.34105653588943163,0.6343003677061954
yolo26,model_specific,raw,patient,conditional.multiclass_mcc,5,0.4752980408608993,0.15658462819882174,0.23600347746461436,0.6504254790954505
yolo26,model_specific,raw,patient,conditional.multiclass_nll,5,0.9015356435595165,0.3361032919450394,0.5779855456390744,1.411575110451524
yolo26,model_specific,raw,patient,conditional.n,5,16.0,1.8708286933869707,13.0,18.0
yolo26,model_specific,raw,patient,conditional.per_class.normal.adaptive_ece_ovr,5,0.15861647478200014,0.0363053468991665,0.11472736321714362,0.21593920780504353
yolo26,model_specific,raw,patient,conditional.per_class.normal.auroc_ovr,5,0.8941666666666667,0.034810997623675705,0.8375,0.9333333333333333
yolo26,model_specific,raw,patient,conditional.per_class.normal.average_precision_ovr,5,0.9080524891774893,0.07601119840473378,0.7733658008658009,0.9572979797979797
yolo26,model_specific,raw,patient,conditional.per_class.normal.balanced_accuracy_ovr,5,0.8764285714285714,0.0331884606889578,0.8333333333333333,0.9166666666666667
yolo26,model_specific,raw,patient,conditional.per_class.normal.brier_ovr,5,0.09451183610498157,0.02254363423993334,0.06942398186570174,0.11836121424751966
yolo26,model_specific,raw,patient,conditional.per_class.normal.class_index,5,0.0,0.0,0.0,0.0
yolo26,model_specific,raw,patient,conditional.per_class.normal.ece_ovr,5,0.12386547488131334,0.036324419976085764,0.0852049494940904,0.1695421383137835
yolo26,model_specific,raw,patient,conditional.per_class.normal.f1,5,0.9241660300483829,0.021019126678100707,0.9090909090909091,0.9523809523809523
yolo26,model_specific,raw,patient,conditional.per_class.normal.fn,5,0.0,0.0,0.0,0.0
yolo26,model_specific,raw,patient,conditional.per_class.normal.fp,5,1.6,0.5477225575051661,1.0,2.0
yolo26,model_specific,raw,patient,conditional.per_class.normal.mcc_ovr,5,0.8042208959685082,0.05153705443311773,0.7453559924999299,0.8703882797784892
yolo26,model_specific,raw,patient,conditional.per_class.normal.nll_ovr,5,0.30985092482882487,0.06493599300152621,0.21650200548415788,0.3714402570296644
yolo26,model_specific,raw,patient,conditional.per_class.normal.nll_true_class,5,0.16645128325056852,0.08878707091172054,0.09682555233000847,0.3099496942674323
yolo26,model_specific,raw,patient,conditional.per_class.normal.precision,5,0.8595959595959595,0.036664023056326295,0.8333333333333334,0.9090909090909091
yolo26,model_specific,raw,patient,conditional.per_class.normal.recall,5,1.0,0.0,1.0,1.0
yolo26,model_specific,raw,patient,conditional.per_class.normal.sensitivity,5,1.0,0.0,1.0,1.0
yolo26,model_specific,raw,patient,conditional.per_class.normal.specificity,5,0.7528571428571429,0.06637692137791554,0.6666666666666666,0.8333333333333334
yolo26,model_specific,raw,patient,conditional.per_class.normal.support,5,9.6,0.8944271909999159,8.0,10.0
yolo26,model_specific,raw,patient,conditional.per_class.normal.tn,5,4.8,0.8366600265340756,4.0,6.0
yolo26,model_specific,raw,patient,conditional.per_class.normal.tp,5,9.6,0.8944271909999159,8.0,10.0
yolo26,model_specific,raw,patient,conditional.per_class.papilledema.adaptive_ece_ovr,5,0.2042823438386609,0.04776712473911527,0.13939366317848656,0.26537458306114564
yolo26,model_specific,raw,patient,conditional.per_class.papilledema.auroc_ovr,5,0.658075258075258,0.33451492470782646,0.07142857142857142,0.8717948717948717
yolo26,model_specific,raw,patient,conditional.per_class.papilledema.average_precision_ovr,5,0.39961898395721923,0.15807167811828995,0.15365047534165183,0.5555555555555556
yolo26,model_specific,raw,patient,conditional.per_class.papilledema.balanced_accuracy_ovr,5,0.5888278388278388,0.14047750380252494,0.46153846153846156,0.7564102564102564
yolo26,model_specific,raw,patient,conditional.per_class.papilledema.brier_ovr,5,0.1691824056902663,0.042060192519930976,0.10903724515029908,0.20222460862976507
yolo26,model_specific,raw,patient,conditional.per_class.papilledema.class_index,5,1.0,0.0,1.0,1.0
yolo26,model_specific,raw,patient,conditional.per_class.papilledema.ece_ovr,5,0.18717179042637583,0.05060532694049844,0.1031082648226517,0.23787816085509347
yolo26,model_specific,raw,patient,conditional.per_class.papilledema.f1,5,0.21428571428571427,0.2945075446869757,0.0,0.5714285714285714
yolo26,model_specific,raw,patient,conditional.per_class.papilledema.fn,5,2.2,1.3038404810405297,1.0,4.0
yolo26,model_specific,raw,patient,conditional.per_class.papilledema.fp,5,1.2,1.3038404810405297,0.0,3.0
yolo26,model_specific,raw,patient,conditional.per_class.papilledema.mcc_ovr,5,0.14334089771087474,0.25960582260949,-0.12403473458920847,0.4622501635210242
yolo26,model_specific,raw,patient,conditional.per_class.papilledema.nll_ovr,5,0.6366341218248819,0.26224032125969665,0.3150557926612421,1.0292618892626781
yolo26,model_specific,raw,patient,conditional.per_class.papilledema.nll_true_class,5,2.2851297157283272,1.843162038483018,0.5753535787619793,5.297037201430431
yolo26,model_specific,raw,patient,conditional.per_class.papilledema.precision,5,0.18,0.24899799195977465,0.0,0.5
yolo26,model_specific,raw,patient,conditional.per_class.papilledema.recall,5,0.26666666666666666,0.3651483716701107,0.0,0.6666666666666666
yolo26,model_specific,raw,patient,conditional.per_class.papilledema.sensitivity,5,0.26666666666666666,0.3651483716701107,0.0,0.6666666666666666
yolo26,model_specific,raw,patient,conditional.per_class.papilledema.specificity,5,0.910989010989011,0.09472247006378001,0.7857142857142857,1.0
yolo26,model_specific,raw,patient,conditional.per_class.papilledema.support,5,3.0,0.7071067811865476,2.0,4.0
yolo26,model_specific,raw,patient,conditional.per_class.papilledema.tn,5,11.8,1.30384048104053,11.0,14.0
yolo26,model_specific,raw,patient,conditional.per_class.papilledema.tp,5,0.8,1.0954451150103324,0.0,2.0
yolo26,model_specific,raw,patient,conditional.per_class.pseudopapilledema.adaptive_ece_ovr,5,0.2947036327358147,0.05613200834206666,0.23367994892587346,0.36548057338369183
yolo26,model_specific,raw,patient,conditional.per_class.pseudopapilledema.auroc_ovr,5,0.650989010989011,0.07847388003476245,0.5357142857142857,0.7435897435897436
yolo26,model_specific,raw,patient,conditional.per_class.pseudopapilledema.average_precision_ovr,5,0.39236832611832606,0.11802273972965678,0.28968253968253965,0.5909090909090908
yolo26,model_specific,raw,patient,conditional.per_class.pseudopapilledema.balanced_accuracy_ovr,5,0.5783516483516483,0.13813084334183906,0.38461538461538464,0.7333333333333334
yolo26,model_specific,raw,patient,conditional.per_class.pseudopapilledema.brier_ovr,5,0.21809324844872507,0.07811965119358277,0.13091900990347416,0.3214630305644438
yolo26,model_specific,raw,patient,conditional.per_class.pseudopapilledema.class_index,5,2.0,0.0,2.0,2.0
yolo26,model_specific,raw,patient,conditional.per_class.pseudopapilledema.ece_ovr,5,0.2162372493504722,0.08465104619832045,0.10505739497594138,0.32115432483784
yolo26,model_specific,raw,patient,conditional.per_class.pseudopapilledema.f1,5,0.2942857142857143,0.2754588009492675,0.0,0.5714285714285714
yolo26,model_specific,raw,patient,conditional.per_class.pseudopapilledema.fn,5,2.4,1.140175425099138,1.0,4.0
yolo26,model_specific,raw,patient,conditional.per_class.pseudopapilledema.fp,5,1.8,1.7888543819998317,0.0,4.0
yolo26,model_specific,raw,patient,conditional.per_class.pseudopapilledema.mcc_ovr,5,0.18434065784741643,0.3120223162196846,-0.23076923076923078,0.53748384988657
yolo26,model_specific,raw,patient,conditional.per_class.pseudopapilledema.nll_ovr,5,0.7725031973349521,0.35987756030401546,0.49327387580720955,1.3763347458391353
yolo26,model_specific,raw,patient,conditional.per_class.pseudopapilledema.nll_true_class,5,1.7535297526501132,0.609779613928263,1.1034151899415028,2.4799130636598203
yolo26,model_specific,raw,patient,conditional.per_class.pseudopapilledema.precision,5,0.36666666666666664,0.4149966532662911,0.0,1.0
yolo26,model_specific,raw,patient,conditional.per_class.pseudopapilledema.recall,5,0.29999999999999993,0.29814239699997197,0.0,0.6666666666666666
yolo26,model_specific,raw,patient,conditional.per_class.pseudopapilledema.sensitivity,5,0.29999999999999993,0.29814239699997197,0.0,0.6666666666666666
yolo26,model_specific,raw,patient,conditional.per_class.pseudopapilledema.specificity,5,0.8567032967032967,0.13436644396251793,0.7142857142857143,1.0
yolo26,model_specific,raw,patient,conditional.per_class.pseudopapilledema.support,5,3.4,0.5477225575051661,3.0,4.0
yolo26,model_specific,raw,patient,conditional.per_class.pseudopapilledema.tn,5,10.8,2.16794833886788,8.0,13.0
yolo26,model_specific,raw,patient,conditional.per_class.pseudopapilledema.tp,5,1.0,1.0,0.0,2.0
yolo26,model_specific,raw,patient,conditional.top_label_adaptive_ece,5,0.2988372363694077,0.054210133138500274,0.2193737776929212,0.3663403008603774
yolo26,model_specific,raw,patient,conditional.top_label_ece,5,0.24260297320244067,0.09994664931380574,0.12593393619364884,0.35213424721519626
yolo26,model_specific,raw,patient,conditional_aurc,5,0.25300740814075645,0.16948534318612188,0.13070241724087878,0.547356637552716
yolo26,model_specific,raw,patient,coverage,5,0.888888888888889,0.10393492741038726,0.7222222222222222,1.0
yolo26,model_specific,raw,patient,failure_aware.accuracy,5,0.6333333333333334,0.07453559924999296,0.5555555555555556,0.7222222222222222
yolo26,model_specific,raw,patient,failure_aware.aurc,5,0.27453391561234697,0.1558707691408751,0.16054147831108614,0.547356637552716
yolo26,model_specific,raw,patient,failure_aware.balanced_accuracy,5,0.47000000000000003,0.09309493362512629,0.3333333333333333,0.5833333333333334
yolo26,model_specific,raw,patient,failure_aware.correct,5,11.4,1.3416407864998738,10.0,13.0
yolo26,model_specific,raw,patient,failure_aware.incorrect_or_abstained,5,6.6,1.3416407864998738,5.0,8.0
yolo26,model_specific,raw,patient,failure_aware.macro_f1,5,0.45108022581706797,0.11161482840594585,0.30303030303030304,0.6174603174603175
yolo26,model_specific,raw,patient,failure_aware.macro_precision,5,0.4687542087542088,0.19871288266231757,0.2777777777777778,0.8030303030303031
yolo26,model_specific,raw,patient,failure_aware.macro_recall,5,0.47000000000000003,0.09309493362512629,0.3333333333333333,0.5833333333333334
yolo26,model_specific,raw,patient,failure_aware.macro_specificity,5,0.7380952380952381,0.0819398803448584,0.619047619047619,0.8214285714285715
yolo26,model_specific,raw,patient,failure_aware.multiclass_mcc,5,0.41071155995591113,0.11278898281194481,0.24646089322152145,0.5563486402641867
yolo26,model_specific,raw,patient,failure_aware.per_class.normal.abstain,5,0.4,0.8944271909999161,0.0,2.0
yolo26,model_specific,raw,patient,failure_aware.per_class.normal.balanced_accuracy_ovr,5,0.78,0.08505512918102,0.65,0.875
yolo26,model_specific,raw,patient,failure_aware.per_class.normal.class_index,5,0.0,0.0,0.0,0.0
yolo26,model_specific,raw,patient,failure_aware.per_class.normal.f1,5,0.9043517885623149,0.03952470206147754,0.8421052631578947,0.9523809523809523
yolo26,model_specific,raw,patient,failure_aware.per_class.normal.fn_including_abstain,5,0.4,0.8944271909999161,0.0,2.0
yolo26,model_specific,raw,patient,failure_aware.per_class.normal.fp,5,1.6,0.5477225575051661,1.0,2.0
yolo26,model_specific,raw,patient,failure_aware.per_class.normal.precision,5,0.8595959595959595,0.036664023056326295,0.8333333333333334,0.9090909090909091
yolo26,model_specific,raw,patient,failure_aware.per_class.normal.recall,5,0.96,0.08944271909999157,0.8,1.0
yolo26,model_specific,raw,patient,failure_aware.per_class.normal.sensitivity,5,0.96,0.08944271909999157,0.8,1.0
yolo26,model_specific,raw,patient,failure_aware.per_class.normal.specificity,5,0.6,0.10458250331675945,0.5,0.75
yolo26,model_specific,raw,patient,failure_aware.per_class.normal.support,5,10.0,0.0,10.0,10.0
yolo26,model_specific,raw,patient,failure_aware.per_class.normal.tn_excluding_abstain,5,4.8,0.8366600265340756,4.0,6.0
yolo26,model_specific,raw,patient,failure_aware.per_class.normal.tp,5,9.6,0.8944271909999159,8.0,10.0
yolo26,model_specific,raw,patient,failure_aware.per_class.papilledema.abstain,5,1.0,0.7071067811865476,0.0,2.0
yolo26,model_specific,raw,patient,failure_aware.per_class.papilledema.balanced_accuracy_ovr,5,0.5214285714285714,0.11736911946539272,0.39285714285714285,0.6428571428571428
yolo26,model_specific,raw,patient,failure_aware.per_class.papilledema.class_index,5,1.0,0.0,1.0,1.0
yolo26,model_specific,raw,patient,failure_aware.per_class.papilledema.f1,5,0.18888888888888888,0.2593915006650834,0.0,0.5
yolo26,model_specific,raw,patient,failure_aware.per_class.papilledema.fn_including_abstain,5,3.2,1.0954451150103321,2.0,4.0
yolo26,model_specific,raw,patient,failure_aware.per_class.papilledema.fp,5,1.2,1.3038404810405297,0.0,3.0
yolo26,model_specific,raw,patient,failure_aware.per_class.papilledema.precision,5,0.18,0.24899799195977465,0.0,0.5
yolo26,model_specific,raw,patient,failure_aware.per_class.papilledema.recall,5,0.2,0.2738612787525831,0.0,0.5
yolo26,model_specific,raw,patient,failure_aware.per_class.papilledema.sensitivity,5,0.2,0.2738612787525831,0.0,0.5
yolo26,model_specific,raw,patient,failure_aware.per_class.papilledema.specificity,5,0.8428571428571429,0.09313146293146642,0.7857142857142857,1.0
yolo26,model_specific,raw,patient,failure_aware.per_class.papilledema.support,5,4.0,0.0,4.0,4.0
yolo26,model_specific,raw,patient,failure_aware.per_class.papilledema.tn_excluding_abstain,5,11.8,1.30384048104053,11.0,14.0
yolo26,model_specific,raw,patient,failure_aware.per_class.papilledema.tp,5,0.8,1.0954451150103324,0.0,2.0
yolo26,model_specific,raw,patient,failure_aware.per_class.pseudopapilledema.abstain,5,0.6,0.5477225575051662,0.0,1.0
yolo26,model_specific,raw,patient,failure_aware.per_class.pseudopapilledema.balanced_accuracy_ovr,5,0.5107142857142858,0.10227015045197396,0.35714285714285715,0.6071428571428572
yolo26,model_specific,raw,patient,failure_aware.per_class.pseudopapilledema.class_index,5,2.0,0.0,2.0,2.0
yolo26,model_specific,raw,patient,failure_aware.per_class.pseudopapilledema.f1,5,0.26,0.24083189157584592,0.0,0.5
yolo26,model_specific,raw,patient,failure_aware.per_class.pseudopapilledema.fn_including_abstain,5,3.0,1.0,2.0,4.0
yolo26,model_specific,raw,patient,failure_aware.per_class.pseudopapilledema.fp,5,1.8,1.7888543819998317,0.0,4.0
yolo26,model_specific,raw,patient,failure_aware.per_class.pseudopapilledema.precision,5,0.36666666666666664,0.4149966532662911,0.0,1.0
yolo26,model_specific,raw,patient,failure_aware.per_class.pseudopapilledema.recall,5,0.25,0.25,0.0,0.5
yolo26,model_specific,raw,patient,failure_aware.per_class.pseudopapilledema.sensitivity,5,0.25,0.25,0.0,0.5
yolo26,model_specific,raw,patient,failure_aware.per_class.pseudopapilledema.specificity,5,0.7714285714285716,0.15485345277627716,0.5714285714285714,0.9285714285714286
yolo26,model_specific,raw,patient,failure_aware.per_class.pseudopapilledema.support,5,4.0,0.0,4.0,4.0
yolo26,model_specific,raw,patient,failure_aware.per_class.pseudopapilledema.tn_excluding_abstain,5,10.8,2.16794833886788,8.0,13.0
yolo26,model_specific,raw,patient,failure_aware.per_class.pseudopapilledema.tp,5,1.0,1.0,0.0,2.0
yolo26,model_specific,raw,patient,failure_aware_accuracy,5,0.6333333333333334,0.07453559924999296,0.5555555555555556,0.7222222222222222
yolo26,model_specific,raw,patient,failure_aware_aurc,5,0.27453391561234697,0.1558707691408751,0.16054147831108614,0.547356637552716
yolo26,model_specific,raw,patient,failure_aware_balanced_accuracy,5,0.47000000000000003,0.09309493362512629,0.3333333333333333,0.5833333333333334
yolo26,model_specific,raw,patient,failure_inclusive.accuracy,5,0.6333333333333334,0.07453559924999296,0.5555555555555556,0.7222222222222222
yolo26,model_specific,raw,patient,failure_inclusive.aurc,5,0.27453391561234697,0.1558707691408751,0.16054147831108614,0.547356637552716
yolo26,model_specific,raw,patient,failure_inclusive.balanced_accuracy,5,0.47000000000000003,0.09309493362512629,0.3333333333333333,0.5833333333333334
yolo26,model_specific,raw,patient,failure_inclusive.correct,5,11.4,1.3416407864998738,10.0,13.0
yolo26,model_specific,raw,patient,failure_inclusive.incorrect_or_abstained,5,6.6,1.3416407864998738,5.0,8.0
yolo26,model_specific,raw,patient,failure_inclusive.macro_f1,5,0.45108022581706797,0.11161482840594585,0.30303030303030304,0.6174603174603175
yolo26,model_specific,raw,patient,failure_inclusive.macro_precision,5,0.4687542087542088,0.19871288266231757,0.2777777777777778,0.8030303030303031
yolo26,model_specific,raw,patient,failure_inclusive.macro_recall,5,0.47000000000000003,0.09309493362512629,0.3333333333333333,0.5833333333333334
yolo26,model_specific,raw,patient,failure_inclusive.macro_specificity,5,0.7380952380952381,0.0819398803448584,0.619047619047619,0.8214285714285715
yolo26,model_specific,raw,patient,failure_inclusive.multiclass_mcc,5,0.41071155995591113,0.11278898281194481,0.24646089322152145,0.5563486402641867
yolo26,model_specific,raw,patient,failure_inclusive.per_class.normal.abstain,5,0.4,0.8944271909999161,0.0,2.0
yolo26,model_specific,raw,patient,failure_inclusive.per_class.normal.balanced_accuracy_ovr,5,0.78,0.08505512918102,0.65,0.875
yolo26,model_specific,raw,patient,failure_inclusive.per_class.normal.class_index,5,0.0,0.0,0.0,0.0
yolo26,model_specific,raw,patient,failure_inclusive.per_class.normal.f1,5,0.9043517885623149,0.03952470206147754,0.8421052631578947,0.9523809523809523
yolo26,model_specific,raw,patient,failure_inclusive.per_class.normal.fn_including_abstain,5,0.4,0.8944271909999161,0.0,2.0
yolo26,model_specific,raw,patient,failure_inclusive.per_class.normal.fp,5,1.6,0.5477225575051661,1.0,2.0
yolo26,model_specific,raw,patient,failure_inclusive.per_class.normal.precision,5,0.8595959595959595,0.036664023056326295,0.8333333333333334,0.9090909090909091
yolo26,model_specific,raw,patient,failure_inclusive.per_class.normal.recall,5,0.96,0.08944271909999157,0.8,1.0
yolo26,model_specific,raw,patient,failure_inclusive.per_class.normal.sensitivity,5,0.96,0.08944271909999157,0.8,1.0
yolo26,model_specific,raw,patient,failure_inclusive.per_class.normal.specificity,5,0.6,0.10458250331675945,0.5,0.75
yolo26,model_specific,raw,patient,failure_inclusive.per_class.normal.support,5,10.0,0.0,10.0,10.0
yolo26,model_specific,raw,patient,failure_inclusive.per_class.normal.tn_excluding_abstain,5,4.8,0.8366600265340756,4.0,6.0
yolo26,model_specific,raw,patient,failure_inclusive.per_class.normal.tp,5,9.6,0.8944271909999159,8.0,10.0
yolo26,model_specific,raw,patient,failure_inclusive.per_class.papilledema.abstain,5,1.0,0.7071067811865476,0.0,2.0
yolo26,model_specific,raw,patient,failure_inclusive.per_class.papilledema.balanced_accuracy_ovr,5,0.5214285714285714,0.11736911946539272,0.39285714285714285,0.6428571428571428
yolo26,model_specific,raw,patient,failure_inclusive.per_class.papilledema.class_index,5,1.0,0.0,1.0,1.0
yolo26,model_specific,raw,patient,failure_inclusive.per_class.papilledema.f1,5,0.18888888888888888,0.2593915006650834,0.0,0.5
yolo26,model_specific,raw,patient,failure_inclusive.per_class.papilledema.fn_including_abstain,5,3.2,1.0954451150103321,2.0,4.0
yolo26,model_specific,raw,patient,failure_inclusive.per_class.papilledema.fp,5,1.2,1.3038404810405297,0.0,3.0
yolo26,model_specific,raw,patient,failure_inclusive.per_class.papilledema.precision,5,0.18,0.24899799195977465,0.0,0.5
yolo26,model_specific,raw,patient,failure_inclusive.per_class.papilledema.recall,5,0.2,0.2738612787525831,0.0,0.5
yolo26,model_specific,raw,patient,failure_inclusive.per_class.papilledema.sensitivity,5,0.2,0.2738612787525831,0.0,0.5
yolo26,model_specific,raw,patient,failure_inclusive.per_class.papilledema.specificity,5,0.8428571428571429,0.09313146293146642,0.7857142857142857,1.0
yolo26,model_specific,raw,patient,failure_inclusive.per_class.papilledema.support,5,4.0,0.0,4.0,4.0
yolo26,model_specific,raw,patient,failure_inclusive.per_class.papilledema.tn_excluding_abstain,5,11.8,1.30384048104053,11.0,14.0
yolo26,model_specific,raw,patient,failure_inclusive.per_class.papilledema.tp,5,0.8,1.0954451150103324,0.0,2.0
yolo26,model_specific,raw,patient,failure_inclusive.per_class.pseudopapilledema.abstain,5,0.6,0.5477225575051662,0.0,1.0
yolo26,model_specific,raw,patient,failure_inclusive.per_class.pseudopapilledema.balanced_accuracy_ovr,5,0.5107142857142858,0.10227015045197396,0.35714285714285715,0.6071428571428572
yolo26,model_specific,raw,patient,failure_inclusive.per_class.pseudopapilledema.class_index,5,2.0,0.0,2.0,2.0
yolo26,model_specific,raw,patient,failure_inclusive.per_class.pseudopapilledema.f1,5,0.26,0.24083189157584592,0.0,0.5
yolo26,model_specific,raw,patient,failure_inclusive.per_class.pseudopapilledema.fn_including_abstain,5,3.0,1.0,2.0,4.0
yolo26,model_specific,raw,patient,failure_inclusive.per_class.pseudopapilledema.fp,5,1.8,1.7888543819998317,0.0,4.0
yolo26,model_specific,raw,patient,failure_inclusive.per_class.pseudopapilledema.precision,5,0.36666666666666664,0.4149966532662911,0.0,1.0
yolo26,model_specific,raw,patient,failure_inclusive.per_class.pseudopapilledema.recall,5,0.25,0.25,0.0,0.5
yolo26,model_specific,raw,patient,failure_inclusive.per_class.pseudopapilledema.sensitivity,5,0.25,0.25,0.0,0.5
yolo26,model_specific,raw,patient,failure_inclusive.per_class.pseudopapilledema.specificity,5,0.7714285714285716,0.15485345277627716,0.5714285714285714,0.9285714285714286
yolo26,model_specific,raw,patient,failure_inclusive.per_class.pseudopapilledema.support,5,4.0,0.0,4.0,4.0
yolo26,model_specific,raw,patient,failure_inclusive.per_class.pseudopapilledema.tn_excluding_abstain,5,10.8,2.16794833886788,8.0,13.0
yolo26,model_specific,raw,patient,failure_inclusive.per_class.pseudopapilledema.tp,5,1.0,1.0,0.0,2.0
yolo26,model_specific,raw,patient,localized_diagnostic_success.localized_rate,5,0.8444444444444443,0.12044157438154889,0.6666666666666666,0.9444444444444444
yolo26,model_specific,raw,patient,localized_diagnostic_success.n_success,5,10.8,2.16794833886788,8.0,13.0
yolo26,model_specific,raw,patient,localized_diagnostic_success.per_class_rate.normal,5,0.9199999999999999,0.1095445115010332,0.8,1.0
yolo26,model_specific,raw,patient,localized_diagnostic_success.per_class_rate.papilledema,5,0.2,0.2738612787525831,0.0,0.5
yolo26,model_specific,raw,patient,localized_diagnostic_success.per_class_rate.pseudopapilledema,5,0.2,0.2091650066335189,0.0,0.5
yolo26,model_specific,raw,patient,localized_diagnostic_success.rate,5,0.6,0.12044157438154889,0.4444444444444444,0.7222222222222222
yolo26,model_specific,raw,patient,n_abstain,5,2.0,1.8708286933869707,0.0,5.0
yolo26,model_specific,raw,patient,n_covered,5,16.0,1.8708286933869707,13.0,18.0
yolo26,model_specific,raw,patient,n_total,5,18.0,0.0,18.0,18.0
yolo26,model_specific,raw,patient,selective_risk,5,0.2841440422322775,0.07576741649921276,0.1875,0.375
yolo26,standardized_resnet18,calibrated,eye,abstention_rate,5,0.0611111111111111,0.06334307917217434,0.0,0.16666666666666666
yolo26,standardized_resnet18,calibrated,eye,class_conditional_coverage.normal,5,0.97,0.0670820393249937,0.85,1.0
yolo26,standardized_resnet18,calibrated,eye,class_conditional_coverage.papilledema,5,0.875,0.08838834764831845,0.75,1.0
yolo26,standardized_resnet18,calibrated,eye,class_conditional_coverage.pseudopapilledema,5,0.925,0.06846531968814577,0.875,1.0
yolo26,standardized_resnet18,calibrated,eye,conditional.accuracy,5,0.7043697478991596,0.09618792300953206,0.5882352941176471,0.8333333333333334
yolo26,standardized_resnet18,calibrated,eye,conditional.balanced_accuracy,5,0.5932539682539683,0.11177945252393558,0.45714285714285713,0.75
yolo26,standardized_resnet18,calibrated,eye,conditional.class_counts.normal,5,19.4,1.3416407864998738,17.0,20.0
yolo26,standardized_resnet18,calibrated,eye,conditional.class_counts.papilledema,5,7.0,0.7071067811865476,6.0,8.0
yolo26,standardized_resnet18,calibrated,eye,conditional.class_counts.pseudopapilledema,5,7.4,0.5477225575051662,7.0,8.0
yolo26,standardized_resnet18,calibrated,eye,conditional.derived_discrimination.normal_vs_abnormal.auroc,5,0.8986548965740143,0.025011951221681993,0.875,0.9285714285714286
yolo26,standardized_resnet18,calibrated,eye,conditional.derived_discrimination.normal_vs_abnormal.average_precision,5,0.923489280900488,0.02528437703574923,0.8882675438596491,0.950297619047619
yolo26,standardized_resnet18,calibrated,eye,conditional.derived_discrimination.normal_vs_abnormal.n,5,33.8,2.280350850198276,30.0,36.0
yolo26,standardized_resnet18,calibrated,eye,conditional.derived_discrimination.normal_vs_abnormal.negative,5,19.4,1.3416407864998738,17.0,20.0
yolo26,standardized_resnet18,calibrated,eye,conditional.derived_discrimination.normal_vs_abnormal.positive,5,14.4,1.1401754250991378,13.0,16.0
yolo26,standardized_resnet18,calibrated,eye,conditional.derived_discrimination.papilledema_vs_pseudopapilledema.auroc,5,0.4574829931972789,0.18619924967958196,0.26190476190476186,0.75
yolo26,standardized_resnet18,calibrated,eye,conditional.derived_discrimination.papilledema_vs_pseudopapilledema.average_precision,5,0.6040558647701504,0.13615011521382114,0.4804164089878375,0.8217261904761906
yolo26,standardized_resnet18,calibrated,eye,conditional.derived_discrimination.papilledema_vs_pseudopapilledema.n,5,14.4,1.1401754250991378,13.0,16.0
yolo26,standardized_resnet18,calibrated,eye,conditional.derived_discrimination.papilledema_vs_pseudopapilledema.negative,5,7.0,0.7071067811865476,6.0,8.0
yolo26,standardized_resnet18,calibrated,eye,conditional.derived_discrimination.papilledema_vs_pseudopapilledema.positive,5,7.4,0.5477225575051662,7.0,8.0
yolo26,standardized_resnet18,calibrated,eye,conditional.macro.adaptive_ece_ovr,5,0.17893257538636378,0.041712056428801665,0.12045828817558298,0.21861780885872636
yolo26,standardized_resnet18,calibrated,eye,conditional.macro.auroc_ovr,5,0.7769654479591912,0.05958188846290742,0.6814373897707231,0.8459821428571428
yolo26,standardized_resnet18,calibrated,eye,conditional.macro.average_precision_ovr,5,0.6049051096830975,0.07054958147936104,0.5137303578965678,0.6945855168700886
yolo26,standardized_resnet18,calibrated,eye,conditional.macro.balanced_accuracy_ovr,5,0.7202558720131184,0.07720443573220899,0.6249559082892416,0.8258928571428572
yolo26,standardized_resnet18,calibrated,eye,conditional.macro.brier_ovr,5,0.14925843049418128,0.032800176670767456,0.10886061049535382,0.19789489301985283
yolo26,standardized_resnet18,calibrated,eye,conditional.macro.ece_ovr,5,0.16508978930452378,0.04584866755869155,0.1171460326297505,0.22234191026649788
yolo26,standardized_resnet18,calibrated,eye,conditional.macro.f1,5,0.5806145815024573,0.1253782910370221,0.4138551506972559,0.7512539899680802
yolo26,standardized_resnet18,calibrated,eye,conditional.macro.mcc_ovr,5,0.4428234832378076,0.1785102008084017,0.2183166732599576,0.6869660122302362
yolo26,standardized_resnet18,calibrated,eye,conditional.macro.nll_ovr,5,0.471167809963704,0.0942524461597049,0.35635265620693235,0.6144062815555348
yolo26,standardized_resnet18,calibrated,eye,conditional.macro.nll_true_class,5,0.9773441393181743,0.24057542390331244,0.7151475064820908,1.367865432687358
yolo26,standardized_resnet18,calibrated,eye,conditional.macro.precision,5,0.5889841534006294,0.15064452413927226,0.391812865497076,0.7991143317230275
yolo26,standardized_resnet18,calibrated,eye,conditional.macro.recall,5,0.5932539682539683,0.11177945252393558,0.45714285714285713,0.75
yolo26,standardized_resnet18,calibrated,eye,conditional.macro.specificity,5,0.8472577757722686,0.04294024852714795,0.7927689594356261,0.9017857142857143
yolo26,standardized_resnet18,calibrated,eye,conditional.macro_auroc,5,0.7769654479591912,0.05958188846290742,0.6814373897707231,0.8459821428571428
yolo26,standardized_resnet18,calibrated,eye,conditional.macro_average_precision,5,0.6049051096830975,0.07054958147936104,0.5137303578965678,0.6945855168700886
yolo26,standardized_resnet18,calibrated,eye,conditional.macro_classwise_adaptive_ece,5,0.17893257538636378,0.041712056428801665,0.12045828817558298,0.21861780885872636
yolo26,standardized_resnet18,calibrated,eye,conditional.macro_classwise_ece,5,0.16508978930452378,0.04584866755869155,0.1171460326297505,0.22234191026649788
yolo26,standardized_resnet18,calibrated,eye,conditional.macro_f1,5,0.5806145815024573,0.1253782910370221,0.4138551506972559,0.7512539899680802
yolo26,standardized_resnet18,calibrated,eye,conditional.macro_precision,5,0.5889841534006294,0.15064452413927226,0.391812865497076,0.7991143317230275
yolo26,standardized_resnet18,calibrated,eye,conditional.macro_recall,5,0.5932539682539683,0.11177945252393558,0.45714285714285713,0.75
yolo26,standardized_resnet18,calibrated,eye,conditional.multiclass_brier,5,0.4477752914825438,0.09840053001230235,0.3265818314860615,0.5936846790595585
yolo26,standardized_resnet18,calibrated,eye,conditional.multiclass_mcc,5,0.49357340832820373,0.1640522196499255,0.30002272447523926,0.7193358255020712
yolo26,standardized_resnet18,calibrated,eye,conditional.multiclass_nll,5,0.7728311497528088,0.1700711055401443,0.5463711118681723,1.0146143848807097
yolo26,standardized_resnet18,calibrated,eye,conditional.n,5,33.8,2.280350850198276,30.0,36.0
yolo26,standardized_resnet18,calibrated,eye,conditional.per_class.normal.adaptive_ece_ovr,5,0.16409579746772981,0.045113907207679306,0.09583509358383797,0.21733781597343718
yolo26,standardized_resnet18,calibrated,eye,conditional.per_class.normal.auroc_ovr,5,0.8986548965740143,0.025011951221681983,0.875,0.9285714285714286
yolo26,standardized_resnet18,calibrated,eye,conditional.per_class.normal.average_precision_ovr,5,0.8852897621922796,0.028031934726017976,0.8380810487393987,0.9079381832477809
yolo26,standardized_resnet18,calibrated,eye,conditional.per_class.normal.balanced_accuracy_ovr,5,0.8596749084249083,0.05392212957040164,0.7928571428571429,0.9230769230769231
yolo26,standardized_resnet18,calibrated,eye,conditional.per_class.normal.brier_ovr,5,0.12147384027464395,0.0352514900941193,0.07855396239418871,0.158604315916091
yolo26,standardized_resnet18,calibrated,eye,conditional.per_class.normal.class_index,5,0.0,0.0,0.0,0.0
yolo26,standardized_resnet18,calibrated,eye,conditional.per_class.normal.ece_ovr,5,0.1726115846757579,0.05734466162948268,0.10889516621341144,0.24539704915449928
yolo26,standardized_resnet18,calibrated,eye,conditional.per_class.normal.f1,5,0.8830687733484999,0.053869871748802256,0.8205128205128205,0.9444444444444444
yolo26,standardized_resnet18,calibrated,eye,conditional.per_class.normal.fn,5,2.0,2.0,0.0,4.0
yolo26,standardized_resnet18,calibrated,eye,conditional.per_class.normal.fp,5,2.6,0.5477225575051661,2.0,3.0
yolo26,standardized_resnet18,calibrated,eye,conditional.per_class.normal.mcc_ovr,5,0.7291513445376502,0.12281224870222636,0.5805537068319268,0.8701063269755686
yolo26,standardized_resnet18,calibrated,eye,conditional.per_class.normal.nll_ovr,5,0.3769247917865134,0.0799711087449629,0.27565141168404544,0.45218815361474235
yolo26,standardized_resnet18,calibrated,eye,conditional.per_class.normal.nll_true_class,5,0.4180280698338092,0.16366556782715427,0.20881832264033545,0.573470836018001
yolo26,standardized_resnet18,calibrated,eye,conditional.per_class.normal.precision,5,0.8704878137372416,0.021858197383604238,0.8421052631578947,0.8947368421052632
yolo26,standardized_resnet18,calibrated,eye,conditional.per_class.normal.recall,5,0.9,0.09999999999999998,0.8,1.0
yolo26,standardized_resnet18,calibrated,eye,conditional.per_class.normal.sensitivity,5,0.9,0.09999999999999998,0.8,1.0
yolo26,standardized_resnet18,calibrated,eye,conditional.per_class.normal.specificity,5,0.8193498168498168,0.03628690591637771,0.7857142857142857,0.8666666666666667
yolo26,standardized_resnet18,calibrated,eye,conditional.per_class.normal.support,5,19.4,1.3416407864998738,17.0,20.0
yolo26,standardized_resnet18,calibrated,eye,conditional.per_class.normal.tn,5,11.8,1.0954451150103324,11.0,13.0
yolo26,standardized_resnet18,calibrated,eye,conditional.per_class.normal.tp,5,17.4,1.6733200530681511,16.0,20.0
yolo26,standardized_resnet18,calibrated,eye,conditional.per_class.papilledema.adaptive_ece_ovr,5,0.17144614896995136,0.04948765960532529,0.11482582309006502,0.23945070659394463
yolo26,standardized_resnet18,calibrated,eye,conditional.per_class.papilledema.auroc_ovr,5,0.7406179138321995,0.16321603314446526,0.5185185185185186,0.9285714285714285
yolo26,standardized_resnet18,calibrated,eye,conditional.per_class.papilledema.average_precision_ovr,5,0.462904772836219,0.16345472291603363,0.2205770186862624,0.6800976800976801
yolo26,standardized_resnet18,calibrated,eye,conditional.per_class.papilledema.balanced_accuracy_ovr,5,0.6657407407407406,0.17697475354010972,0.4444444444444444,0.9017857142857143
yolo26,standardized_resnet18,calibrated,eye,conditional.per_class.papilledema.brier_ovr,5,0.15051453119553548,0.04239548165247555,0.0915966197144111,0.20783465420310734
yolo26,standardized_resnet18,calibrated,eye,conditional.per_class.papilledema.class_index,5,1.0,0.0,1.0,1.0
yolo26,standardized_resnet18,calibrated,eye,conditional.per_class.papilledema.ece_ovr,5,0.17090754402263522,0.05612883216251851,0.11936710062241286,0.24523289530268186
yolo26,standardized_resnet18,calibrated,eye,conditional.per_class.papilledema.f1,5,0.43503555268261146,0.3118362078099014,0.0,0.8235294117647058
yolo26,standardized_resnet18,calibrated,eye,conditional.per_class.papilledema.fn,5,3.8,2.3874672772626644,1.0,7.0
yolo26,standardized_resnet18,calibrated,eye,conditional.per_class.papilledema.fp,5,3.2,0.8366600265340756,2.0,4.0
yolo26,standardized_resnet18,calibrated,eye,conditional.per_class.papilledema.mcc_ovr,5,0.3114868830468878,0.35329003369061446,-0.15839698777049716,0.7715167498104596
yolo26,standardized_resnet18,calibrated,eye,conditional.per_class.papilledema.nll_ovr,5,0.48409062275014814,0.1381348885235013,0.2934395125219427,0.6752103150062232
yolo26,standardized_resnet18,calibrated,eye,conditional.per_class.papilledema.nll_true_class,5,1.2828606813962673,0.7362633880160379,0.5190569275359391,2.4562230458884855
yolo26,standardized_resnet18,calibrated,eye,conditional.per_class.papilledema.precision,5,0.4222222222222222,0.289350755855823,0.0,0.7777777777777778
yolo26,standardized_resnet18,calibrated,eye,conditional.per_class.papilledema.recall,5,0.4511904761904761,0.3381979220325284,0.0,0.875
yolo26,standardized_resnet18,calibrated,eye,conditional.per_class.papilledema.sensitivity,5,0.4511904761904761,0.3381979220325284,0.0,0.875
yolo26,standardized_resnet18,calibrated,eye,conditional.per_class.papilledema.specificity,5,0.8802910052910052,0.03073084697219299,0.8518518518518519,0.9285714285714286
yolo26,standardized_resnet18,calibrated,eye,conditional.per_class.papilledema.support,5,7.0,0.7071067811865476,6.0,8.0
yolo26,standardized_resnet18,calibrated,eye,conditional.per_class.papilledema.tn,5,23.6,1.816590212458495,21.0,26.0
yolo26,standardized_resnet18,calibrated,eye,conditional.per_class.papilledema.tp,5,3.2,2.588435821108957,0.0,7.0
yolo26,standardized_resnet18,calibrated,eye,conditional.per_class.pseudopapilledema.adaptive_ece_ovr,5,0.20125577972141012,0.04916509658608926,0.15071394785284598,0.2630006223872882
yolo26,standardized_resnet18,calibrated,eye,conditional.per_class.pseudopapilledema.auroc_ovr,5,0.6916235334713595,0.08191008956467398,0.5900621118012422,0.8101851851851852
yolo26,standardized_resnet18,calibrated,eye,conditional.per_class.pseudopapilledema.average_precision_ovr,5,0.46652079402079405,0.09385545424080738,0.39083694083694087,0.6170100732600732
yolo26,standardized_resnet18,calibrated,eye,conditional.per_class.pseudopapilledema.balanced_accuracy_ovr,5,0.635351966873706,0.05307335443933182,0.5687830687830688,0.7013888888888888
yolo26,standardized_resnet18,calibrated,eye,conditional.per_class.pseudopapilledema.brier_ovr,5,0.17578692001236437,0.040732024257407226,0.14563402973514886,0.24533157513149634
yolo26,standardized_resnet18,calibrated,eye,conditional.per_class.pseudopapilledema.class_index,5,2.0,0.0,2.0,2.0
yolo26,standardized_resnet18,calibrated,eye,conditional.per_class.pseudopapilledema.ece_ovr,5,0.15175023921517825,0.06546830467573346,0.08796880638686251,0.24326337978069623
yolo26,standardized_resnet18,calibrated,eye,conditional.per_class.pseudopapilledema.f1,5,0.4237394184762605,0.0914113178544679,0.3076923076923077,0.5263157894736842
yolo26,standardized_resnet18,calibrated,eye,conditional.per_class.pseudopapilledema.fn,5,4.2,1.0954451150103321,3.0,5.0
yolo26,standardized_resnet18,calibrated,eye,conditional.per_class.pseudopapilledema.fp,5,4.2,2.8635642126552705,1.0,8.0
yolo26,standardized_resnet18,calibrated,eye,conditional.per_class.pseudopapilledema.mcc_ovr,5,0.2878322221288851,0.11893957672554709,0.145910923101986,0.4488328116984573
yolo26,standardized_resnet18,calibrated,eye,conditional.per_class.pseudopapilledema.nll_ovr,5,0.5524880153544507,0.11577707459269956,0.47153079068199066,0.7540735657554102
yolo26,standardized_resnet18,calibrated,eye,conditional.per_class.pseudopapilledema.nll_true_class,5,1.2311436667244469,0.1556938016180021,0.9949099554338832,1.4175672692699977
yolo26,standardized_resnet18,calibrated,eye,conditional.per_class.pseudopapilledema.precision,5,0.4742424242424243,0.1708832991499598,0.3333333333333333,0.75
yolo26,standardized_resnet18,calibrated,eye,conditional.per_class.pseudopapilledema.recall,5,0.42857142857142855,0.16021748611541392,0.2857142857142857,0.625
yolo26,standardized_resnet18,calibrated,eye,conditional.per_class.pseudopapilledema.sensitivity,5,0.42857142857142855,0.16021748611541392,0.2857142857142857,0.625
yolo26,standardized_resnet18,calibrated,eye,conditional.per_class.pseudopapilledema.specificity,5,0.8421325051759835,0.10410127558657241,0.7037037037037037,0.9642857142857143
yolo26,standardized_resnet18,calibrated,eye,conditional.per_class.pseudopapilledema.support,5,7.4,0.5477225575051662,7.0,8.0
yolo26,standardized_resnet18,calibrated,eye,conditional.per_class.pseudopapilledema.tn,5,22.2,3.03315017762062,19.0,27.0
yolo26,standardized_resnet18,calibrated,eye,conditional.per_class.pseudopapilledema.tp,5,3.2,1.3038404810405297,2.0,5.0
yolo26,standardized_resnet18,calibrated,eye,conditional.top_label_adaptive_ece,5,0.21889216165368022,0.06502522885929242,0.16801651677579696,0.30984286984081966
yolo26,standardized_resnet18,calibrated,eye,conditional.top_label_ece,5,0.17765560250123513,0.049386478806725136,0.10600363616772487,0.21567159660520946
yolo26,standardized_resnet18,calibrated,eye,conditional_aurc,5,0.23581845414193542,0.041626334458547055,0.19125013703815524,0.29304443447516804
yolo26,standardized_resnet18,calibrated,eye,coverage,5,0.9388888888888889,0.06334307917217433,0.8333333333333334,1.0
yolo26,standardized_resnet18,calibrated,eye,failure_aware.accuracy,5,0.6611111111111112,0.10281530846289862,0.5555555555555556,0.8333333333333334
yolo26,standardized_resnet18,calibrated,eye,failure_aware.aurc,5,0.24158078089018403,0.04298091494908096,0.20017980314626477,0.30101462903254406
yolo26,standardized_resnet18,calibrated,eye,failure_aware.balanced_accuracy,5,0.5566666666666668,0.11776270867959668,0.43333333333333335,0.75
yolo26,standardized_resnet18,calibrated,eye,failure_aware.correct,5,23.8,3.7013511046643495,20.0,30.0
yolo26,standardized_resnet18,calibrated,eye,failure_aware.incorrect_or_abstained,5,12.2,3.7013511046643495,6.0,16.0
yolo26,standardized_resnet18,calibrated,eye,failure_aware.macro_f1,5,0.5620423155617702,0.12447013539885865,0.4068376068376069,0.7512539899680802
yolo26,standardized_resnet18,calibrated,eye,failure_aware.macro_precision,5,0.5889841534006294,0.15064452413927226,0.391812865497076,0.7991143317230275
yolo26,standardized_resnet18,calibrated,eye,failure_aware.macro_recall,5,0.5566666666666668,0.11776270867959668,0.43333333333333335,0.75
yolo26,standardized_resnet18,calibrated,eye,failure_aware.macro_specificity,5,0.7910714285714285,0.06898087907532449,0.7291666666666666,0.9017857142857143
yolo26,standardized_resnet18,calibrated,eye,failure_aware.multiclass_mcc,5,0.4540032975127202,0.16093436156025215,0.28461138736288083,0.7193358255020712
yolo26,standardized_resnet18,calibrated,eye,failure_aware.per_class.normal.abstain,5,0.6,1.3416407864998738,0.0,3.0
yolo26,standardized_resnet18,calibrated,eye,failure_aware.per_class.normal.balanced_accuracy_ovr,5,0.80375,0.06212386819894587,0.74375,0.90625
yolo26,standardized_resnet18,calibrated,eye,failure_aware.per_class.normal.class_index,5,0.0,0.0,0.0,0.0
yolo26,standardized_resnet18,calibrated,eye,failure_aware.per_class.normal.f1,5,0.8685388588185854,0.04157038639903363,0.8205128205128205,0.9302325581395349
yolo26,standardized_resnet18,calibrated,eye,failure_aware.per_class.normal.fn_including_abstain,5,2.6,1.6733200530681511,0.0,4.0
yolo26,standardized_resnet18,calibrated,eye,failure_aware.per_class.normal.fp,5,2.6,0.5477225575051661,2.0,3.0
yolo26,standardized_resnet18,calibrated,eye,failure_aware.per_class.normal.precision,5,0.8704878137372416,0.021858197383604238,0.8421052631578947,0.8947368421052632
yolo26,standardized_resnet18,calibrated,eye,failure_aware.per_class.normal.recall,5,0.8700000000000001,0.08366600265340754,0.8,1.0
yolo26,standardized_resnet18,calibrated,eye,failure_aware.per_class.normal.sensitivity,5,0.8700000000000001,0.08366600265340754,0.8,1.0
yolo26,standardized_resnet18,calibrated,eye,failure_aware.per_class.normal.specificity,5,0.7375,0.06846531968814577,0.6875,0.8125
yolo26,standardized_resnet18,calibrated,eye,failure_aware.per_class.normal.support,5,20.0,0.0,20.0,20.0
yolo26,standardized_resnet18,calibrated,eye,failure_aware.per_class.normal.tn_excluding_abstain,5,11.8,1.0954451150103324,11.0,13.0
yolo26,standardized_resnet18,calibrated,eye,failure_aware.per_class.normal.tp,5,17.4,1.6733200530681511,16.0,20.0
yolo26,standardized_resnet18,calibrated,eye,failure_aware.per_class.papilledema.abstain,5,1.0,0.7071067811865476,0.0,2.0
yolo26,standardized_resnet18,calibrated,eye,failure_aware.per_class.papilledema.balanced_accuracy_ovr,5,0.6214285714285713,0.1738895160022887,0.42857142857142855,0.9017857142857143
yolo26,standardized_resnet18,calibrated,eye,failure_aware.per_class.papilledema.class_index,5,1.0,0.0,1.0,1.0
yolo26,standardized_resnet18,calibrated,eye,failure_aware.per_class.papilledema.f1,5,0.40851540616246496,0.30407795225351864,0.0,0.8235294117647058
yolo26,standardized_resnet18,calibrated,eye,failure_aware.per_class.papilledema.fn_including_abstain,5,4.8,2.588435821108957,1.0,8.0
yolo26,standardized_resnet18,calibrated,eye,failure_aware.per_class.papilledema.fp,5,3.2,0.8366600265340756,2.0,4.0
yolo26,standardized_resnet18,calibrated,eye,failure_aware.per_class.papilledema.precision,5,0.4222222222222222,0.289350755855823,0.0,0.7777777777777778
yolo26,standardized_resnet18,calibrated,eye,failure_aware.per_class.papilledema.recall,5,0.4,0.3235544776386196,0.0,0.875
yolo26,standardized_resnet18,calibrated,eye,failure_aware.per_class.papilledema.sensitivity,5,0.4,0.3235544776386196,0.0,0.875
yolo26,standardized_resnet18,calibrated,eye,failure_aware.per_class.papilledema.specificity,5,0.8428571428571429,0.06487822187351769,0.75,0.9285714285714286
yolo26,standardized_resnet18,calibrated,eye,failure_aware.per_class.papilledema.support,5,8.0,0.0,8.0,8.0
yolo26,standardized_resnet18,calibrated,eye,failure_aware.per_class.papilledema.tn_excluding_abstain,5,23.6,1.816590212458495,21.0,26.0
yolo26,standardized_resnet18,calibrated,eye,failure_aware.per_class.papilledema.tp,5,3.2,2.588435821108957,0.0,7.0
yolo26,standardized_resnet18,calibrated,eye,failure_aware.per_class.pseudopapilledema.abstain,5,0.6,0.5477225575051662,0.0,1.0
yolo26,standardized_resnet18,calibrated,eye,failure_aware.per_class.pseudopapilledema.balanced_accuracy_ovr,5,0.5964285714285714,0.08168545008201916,0.5,0.6875
yolo26,standardized_resnet18,calibrated,eye,failure_aware.per_class.pseudopapilledema.class_index,5,2.0,0.0,2.0,2.0
yolo26,standardized_resnet18,calibrated,eye,failure_aware.per_class.pseudopapilledema.f1,5,0.4090726817042606,0.10374220433129704,0.2857142857142857,0.5263157894736842
yolo26,standardized_resnet18,calibrated,eye,failure_aware.per_class.pseudopapilledema.fn_including_abstain,5,4.8,1.3038404810405297,3.0,6.0
yolo26,standardized_resnet18,calibrated,eye,failure_aware.per_class.pseudopapilledema.fp,5,4.2,2.8635642126552705,1.0,8.0
yolo26,standardized_resnet18,calibrated,eye,failure_aware.per_class.pseudopapilledema.precision,5,0.4742424242424243,0.1708832991499598,0.3333333333333333,0.75
yolo26,standardized_resnet18,calibrated,eye,failure_aware.per_class.pseudopapilledema.recall,5,0.4,0.16298006013006622,0.25,0.625
yolo26,standardized_resnet18,calibrated,eye,failure_aware.per_class.pseudopapilledema.sensitivity,5,0.4,0.16298006013006622,0.25,0.625
yolo26,standardized_resnet18,calibrated,eye,failure_aware.per_class.pseudopapilledema.specificity,5,0.7928571428571429,0.10832679205787929,0.6785714285714286,0.9642857142857143
yolo26,standardized_resnet18,calibrated,eye,failure_aware.per_class.pseudopapilledema.support,5,8.0,0.0,8.0,8.0
yolo26,standardized_resnet18,calibrated,eye,failure_aware.per_class.pseudopapilledema.tn_excluding_abstain,5,22.2,3.03315017762062,19.0,27.0
yolo26,standardized_resnet18,calibrated,eye,failure_aware.per_class.pseudopapilledema.tp,5,3.2,1.3038404810405297,2.0,5.0
yolo26,standardized_resnet18,calibrated,eye,failure_aware_accuracy,5,0.6611111111111112,0.10281530846289862,0.5555555555555556,0.8333333333333334
yolo26,standardized_resnet18,calibrated,eye,failure_aware_aurc,5,0.24158078089018403,0.04298091494908096,0.20017980314626477,0.30101462903254406
yolo26,standardized_resnet18,calibrated,eye,failure_aware_balanced_accuracy,5,0.5566666666666668,0.11776270867959668,0.43333333333333335,0.75
yolo26,standardized_resnet18,calibrated,eye,failure_inclusive.accuracy,5,0.6611111111111112,0.10281530846289862,0.5555555555555556,0.8333333333333334
yolo26,standardized_resnet18,calibrated,eye,failure_inclusive.aurc,5,0.24158078089018403,0.04298091494908096,0.20017980314626477,0.30101462903254406
yolo26,standardized_resnet18,calibrated,eye,failure_inclusive.balanced_accuracy,5,0.5566666666666668,0.11776270867959668,0.43333333333333335,0.75
yolo26,standardized_resnet18,calibrated,eye,failure_inclusive.correct,5,23.8,3.7013511046643495,20.0,30.0
yolo26,standardized_resnet18,calibrated,eye,failure_inclusive.incorrect_or_abstained,5,12.2,3.7013511046643495,6.0,16.0
yolo26,standardized_resnet18,calibrated,eye,failure_inclusive.macro_f1,5,0.5620423155617702,0.12447013539885865,0.4068376068376069,0.7512539899680802
yolo26,standardized_resnet18,calibrated,eye,failure_inclusive.macro_precision,5,0.5889841534006294,0.15064452413927226,0.391812865497076,0.7991143317230275
yolo26,standardized_resnet18,calibrated,eye,failure_inclusive.macro_recall,5,0.5566666666666668,0.11776270867959668,0.43333333333333335,0.75
yolo26,standardized_resnet18,calibrated,eye,failure_inclusive.macro_specificity,5,0.7910714285714285,0.06898087907532449,0.7291666666666666,0.9017857142857143
yolo26,standardized_resnet18,calibrated,eye,failure_inclusive.multiclass_mcc,5,0.4540032975127202,0.16093436156025215,0.28461138736288083,0.7193358255020712
yolo26,standardized_resnet18,calibrated,eye,failure_inclusive.per_class.normal.abstain,5,0.6,1.3416407864998738,0.0,3.0
yolo26,standardized_resnet18,calibrated,eye,failure_inclusive.per_class.normal.balanced_accuracy_ovr,5,0.80375,0.06212386819894587,0.74375,0.90625
yolo26,standardized_resnet18,calibrated,eye,failure_inclusive.per_class.normal.class_index,5,0.0,0.0,0.0,0.0
yolo26,standardized_resnet18,calibrated,eye,failure_inclusive.per_class.normal.f1,5,0.8685388588185854,0.04157038639903363,0.8205128205128205,0.9302325581395349
yolo26,standardized_resnet18,calibrated,eye,failure_inclusive.per_class.normal.fn_including_abstain,5,2.6,1.6733200530681511,0.0,4.0
yolo26,standardized_resnet18,calibrated,eye,failure_inclusive.per_class.normal.fp,5,2.6,0.5477225575051661,2.0,3.0
yolo26,standardized_resnet18,calibrated,eye,failure_inclusive.per_class.normal.precision,5,0.8704878137372416,0.021858197383604238,0.8421052631578947,0.8947368421052632
yolo26,standardized_resnet18,calibrated,eye,failure_inclusive.per_class.normal.recall,5,0.8700000000000001,0.08366600265340754,0.8,1.0
yolo26,standardized_resnet18,calibrated,eye,failure_inclusive.per_class.normal.sensitivity,5,0.8700000000000001,0.08366600265340754,0.8,1.0
yolo26,standardized_resnet18,calibrated,eye,failure_inclusive.per_class.normal.specificity,5,0.7375,0.06846531968814577,0.6875,0.8125
yolo26,standardized_resnet18,calibrated,eye,failure_inclusive.per_class.normal.support,5,20.0,0.0,20.0,20.0
yolo26,standardized_resnet18,calibrated,eye,failure_inclusive.per_class.normal.tn_excluding_abstain,5,11.8,1.0954451150103324,11.0,13.0
yolo26,standardized_resnet18,calibrated,eye,failure_inclusive.per_class.normal.tp,5,17.4,1.6733200530681511,16.0,20.0
yolo26,standardized_resnet18,calibrated,eye,failure_inclusive.per_class.papilledema.abstain,5,1.0,0.7071067811865476,0.0,2.0
yolo26,standardized_resnet18,calibrated,eye,failure_inclusive.per_class.papilledema.balanced_accuracy_ovr,5,0.6214285714285713,0.1738895160022887,0.42857142857142855,0.9017857142857143
yolo26,standardized_resnet18,calibrated,eye,failure_inclusive.per_class.papilledema.class_index,5,1.0,0.0,1.0,1.0
yolo26,standardized_resnet18,calibrated,eye,failure_inclusive.per_class.papilledema.f1,5,0.40851540616246496,0.30407795225351864,0.0,0.8235294117647058
yolo26,standardized_resnet18,calibrated,eye,failure_inclusive.per_class.papilledema.fn_including_abstain,5,4.8,2.588435821108957,1.0,8.0
yolo26,standardized_resnet18,calibrated,eye,failure_inclusive.per_class.papilledema.fp,5,3.2,0.8366600265340756,2.0,4.0
yolo26,standardized_resnet18,calibrated,eye,failure_inclusive.per_class.papilledema.precision,5,0.4222222222222222,0.289350755855823,0.0,0.7777777777777778
yolo26,standardized_resnet18,calibrated,eye,failure_inclusive.per_class.papilledema.recall,5,0.4,0.3235544776386196,0.0,0.875
yolo26,standardized_resnet18,calibrated,eye,failure_inclusive.per_class.papilledema.sensitivity,5,0.4,0.3235544776386196,0.0,0.875
yolo26,standardized_resnet18,calibrated,eye,failure_inclusive.per_class.papilledema.specificity,5,0.8428571428571429,0.06487822187351769,0.75,0.9285714285714286
yolo26,standardized_resnet18,calibrated,eye,failure_inclusive.per_class.papilledema.support,5,8.0,0.0,8.0,8.0
yolo26,standardized_resnet18,calibrated,eye,failure_inclusive.per_class.papilledema.tn_excluding_abstain,5,23.6,1.816590212458495,21.0,26.0
yolo26,standardized_resnet18,calibrated,eye,failure_inclusive.per_class.papilledema.tp,5,3.2,2.588435821108957,0.0,7.0
yolo26,standardized_resnet18,calibrated,eye,failure_inclusive.per_class.pseudopapilledema.abstain,5,0.6,0.5477225575051662,0.0,1.0
yolo26,standardized_resnet18,calibrated,eye,failure_inclusive.per_class.pseudopapilledema.balanced_accuracy_ovr,5,0.5964285714285714,0.08168545008201916,0.5,0.6875
yolo26,standardized_resnet18,calibrated,eye,failure_inclusive.per_class.pseudopapilledema.class_index,5,2.0,0.0,2.0,2.0
yolo26,standardized_resnet18,calibrated,eye,failure_inclusive.per_class.pseudopapilledema.f1,5,0.4090726817042606,0.10374220433129704,0.2857142857142857,0.5263157894736842
yolo26,standardized_resnet18,calibrated,eye,failure_inclusive.per_class.pseudopapilledema.fn_including_abstain,5,4.8,1.3038404810405297,3.0,6.0
yolo26,standardized_resnet18,calibrated,eye,failure_inclusive.per_class.pseudopapilledema.fp,5,4.2,2.8635642126552705,1.0,8.0
yolo26,standardized_resnet18,calibrated,eye,failure_inclusive.per_class.pseudopapilledema.precision,5,0.4742424242424243,0.1708832991499598,0.3333333333333333,0.75
yolo26,standardized_resnet18,calibrated,eye,failure_inclusive.per_class.pseudopapilledema.recall,5,0.4,0.16298006013006622,0.25,0.625
yolo26,standardized_resnet18,calibrated,eye,failure_inclusive.per_class.pseudopapilledema.sensitivity,5,0.4,0.16298006013006622,0.25,0.625
yolo26,standardized_resnet18,calibrated,eye,failure_inclusive.per_class.pseudopapilledema.specificity,5,0.7928571428571429,0.10832679205787929,0.6785714285714286,0.9642857142857143
yolo26,standardized_resnet18,calibrated,eye,failure_inclusive.per_class.pseudopapilledema.support,5,8.0,0.0,8.0,8.0
yolo26,standardized_resnet18,calibrated,eye,failure_inclusive.per_class.pseudopapilledema.tn_excluding_abstain,5,22.2,3.03315017762062,19.0,27.0
yolo26,standardized_resnet18,calibrated,eye,failure_inclusive.per_class.pseudopapilledema.tp,5,3.2,1.3038404810405297,2.0,5.0
yolo26,standardized_resnet18,calibrated,eye,localized_diagnostic_success.localized_rate,5,0.9166666666666666,0.07081971546656644,0.8055555555555556,0.9722222222222222
yolo26,standardized_resnet18,calibrated,eye,localized_diagnostic_success.n_success,5,23.0,3.9370039370059056,18.0,29.0
yolo26,standardized_resnet18,calibrated,eye,localized_diagnostic_success.per_class_rate.normal,5,0.85,0.1118033988749895,0.7,1.0
yolo26,standardized_resnet18,calibrated,eye,localized_diagnostic_success.per_class_rate.papilledema,5,0.375,0.2795084971874737,0.0,0.75
yolo26,standardized_resnet18,calibrated,eye,localized_diagnostic_success.per_class_rate.pseudopapilledema,5,0.375,0.19764235376052372,0.125,0.625
yolo26,standardized_resnet18,calibrated,eye,localized_diagnostic_success.rate,5,0.6388888888888888,0.10936122047238626,0.5,0.8055555555555556
yolo26,standardized_resnet18,calibrated,eye,n_abstain,5,2.2,2.2803508501982757,0.0,6.0
yolo26,standardized_resnet18,calibrated,eye,n_covered,5,33.8,2.280350850198276,30.0,36.0
yolo26,standardized_resnet18,calibrated,eye,n_total,5,36.0,0.0,36.0,36.0
yolo26,standardized_resnet18,calibrated,eye,selective_risk,5,0.2956302521008403,0.09618792300953205,0.16666666666666666,0.4117647058823529
yolo26,standardized_resnet18,calibrated,patient,abstention_rate,5,0.11111111111111112,0.10393492741038728,0.0,0.2777777777777778
yolo26,standardized_resnet18,calibrated,patient,class_conditional_coverage.normal,5,0.96,0.08944271909999157,0.8,1.0
yolo26,standardized_resnet18,calibrated,patient,class_conditional_coverage.papilledema,5,0.75,0.1767766952966369,0.5,1.0
yolo26,standardized_resnet18,calibrated,patient,class_conditional_coverage.pseudopapilledema,5,0.85,0.13693063937629152,0.75,1.0
yolo26,standardized_resnet18,calibrated,patient,conditional.accuracy,5,0.7478004022121669,0.09644573807569587,0.625,0.8888888888888888
yolo26,standardized_resnet18,calibrated,patient,conditional.balanced_accuracy,5,0.6077777777777778,0.15222627731825028,0.41111111111111115,0.8333333333333334
yolo26,standardized_resnet18,calibrated,patient,conditional.class_counts.normal,5,9.6,0.8944271909999159,8.0,10.0
yolo26,standardized_resnet18,calibrated,patient,conditional.class_counts.papilledema,5,3.0,0.7071067811865476,2.0,4.0
yolo26,standardized_resnet18,calibrated,patient,conditional.class_counts.pseudopapilledema,5,3.4,0.5477225575051661,3.0,4.0
yolo26,standardized_resnet18,calibrated,patient,conditional.derived_discrimination.normal_vs_abnormal.auroc,5,0.8940476190476192,0.048269368887412595,0.8333333333333333,0.9333333333333333
yolo26,standardized_resnet18,calibrated,patient,conditional.derived_discrimination.normal_vs_abnormal.average_precision,5,0.9066017316017316,0.04207841755003751,0.8409090909090908,0.9464285714285714
yolo26,standardized_resnet18,calibrated,patient,conditional.derived_discrimination.normal_vs_abnormal.n,5,16.0,1.8708286933869707,13.0,18.0
yolo26,standardized_resnet18,calibrated,patient,conditional.derived_discrimination.normal_vs_abnormal.negative,5,9.6,0.8944271909999159,8.0,10.0
yolo26,standardized_resnet18,calibrated,patient,conditional.derived_discrimination.normal_vs_abnormal.positive,5,6.4,1.1401754250991378,5.0,8.0
yolo26,standardized_resnet18,calibrated,patient,conditional.derived_discrimination.papilledema_vs_pseudopapilledema.auroc,5,0.5166666666666667,0.15416041028346233,0.3333333333333333,0.75
yolo26,standardized_resnet18,calibrated,patient,conditional.derived_discrimination.papilledema_vs_pseudopapilledema.average_precision,5,0.6877777777777778,0.1289888261980495,0.5333333333333333,0.875
yolo26,standardized_resnet18,calibrated,patient,conditional.derived_discrimination.papilledema_vs_pseudopapilledema.n,5,6.4,1.1401754250991378,5.0,8.0
yolo26,standardized_resnet18,calibrated,patient,conditional.derived_discrimination.papilledema_vs_pseudopapilledema.negative,5,3.0,0.7071067811865476,2.0,4.0
yolo26,standardized_resnet18,calibrated,patient,conditional.derived_discrimination.papilledema_vs_pseudopapilledema.positive,5,3.4,0.5477225575051661,3.0,4.0
yolo26,standardized_resnet18,calibrated,patient,conditional.macro.adaptive_ece_ovr,5,0.2263227346502723,0.06710475998473958,0.15291013897188313,0.32714274099753127
yolo26,standardized_resnet18,calibrated,patient,conditional.macro.auroc_ovr,5,0.7894705294705295,0.074544864928377,0.6709401709401709,0.861904761904762
yolo26,standardized_resnet18,calibrated,patient,conditional.macro.average_precision_ovr,5,0.6591792112208779,0.09454797528198886,0.504304152637486,0.7568969456469455
yolo26,standardized_resnet18,calibrated,patient,conditional.macro.balanced_accuracy_ovr,5,0.7328457653457654,0.10165836461974177,0.5987179487179487,0.8839285714285715
yolo26,standardized_resnet18,calibrated,patient,conditional.macro.brier_ovr,5,0.14235549519467172,0.039443255785111334,0.0997189445369524,0.20480773080545597
yolo26,standardized_resnet18,calibrated,patient,conditional.macro.ece_ovr,5,0.1921585552776466,0.03398768024451312,0.15050422997633148,0.23508507453581248
yolo26,standardized_resnet18,calibrated,patient,conditional.macro.f1,5,0.5885122938064115,0.17131446472737538,0.38095238095238093,0.8359788359788359
yolo26,standardized_resnet18,calibrated,patient,conditional.macro.mcc_ovr,5,0.47437443519456163,0.22208684535000672,0.18675977612145633,0.8050706733844423
yolo26,standardized_resnet18,calibrated,patient,conditional.macro.nll_ovr,5,0.48246202219056167,0.17730953551748566,0.33403059911480476,0.7878985502129415
yolo26,standardized_resnet18,calibrated,patient,conditional.macro.nll_true_class,5,1.080644329598614,0.5077925177363425,0.6962820851717898,1.9715945513092252
yolo26,standardized_resnet18,calibrated,patient,conditional.macro.precision,5,0.5905723905723905,0.2117284657095918,0.35606060606060613,0.903030303030303
yolo26,standardized_resnet18,calibrated,patient,conditional.macro.recall,5,0.6077777777777778,0.15222627731825028,0.41111111111111115,0.8333333333333334
yolo26,standardized_resnet18,calibrated,patient,conditional.macro.specificity,5,0.8579137529137529,0.054595835372193265,0.7863247863247863,0.9345238095238096
yolo26,standardized_resnet18,calibrated,patient,conditional.macro_auroc,5,0.7894705294705295,0.074544864928377,0.6709401709401709,0.861904761904762
yolo26,standardized_resnet18,calibrated,patient,conditional.macro_average_precision,5,0.6591792112208779,0.09454797528198886,0.504304152637486,0.7568969456469455
yolo26,standardized_resnet18,calibrated,patient,conditional.macro_classwise_adaptive_ece,5,0.2263227346502723,0.06710475998473958,0.15291013897188313,0.32714274099753127
yolo26,standardized_resnet18,calibrated,patient,conditional.macro_classwise_ece,5,0.1921585552776466,0.03398768024451312,0.15050422997633148,0.23508507453581248
yolo26,standardized_resnet18,calibrated,patient,conditional.macro_f1,5,0.5885122938064115,0.17131446472737538,0.38095238095238093,0.8359788359788359
yolo26,standardized_resnet18,calibrated,patient,conditional.macro_precision,5,0.5905723905723905,0.2117284657095918,0.35606060606060613,0.903030303030303
yolo26,standardized_resnet18,calibrated,patient,conditional.macro_recall,5,0.6077777777777778,0.15222627731825028,0.41111111111111115,0.8333333333333334
yolo26,standardized_resnet18,calibrated,patient,conditional.multiclass_brier,5,0.4270664855840153,0.11832976735533399,0.2991568336108572,0.6144231924163679
yolo26,standardized_resnet18,calibrated,patient,conditional.multiclass_mcc,5,0.5359901706602402,0.19563662018968977,0.27427580443784055,0.8206652053732659
yolo26,standardized_resnet18,calibrated,patient,conditional.multiclass_nll,5,0.7801797899583018,0.28545723149551383,0.5064177576859632,1.2621901547818961
yolo26,standardized_resnet18,calibrated,patient,conditional.n,5,16.0,1.8708286933869707,13.0,18.0
yolo26,standardized_resnet18,calibrated,patient,conditional.per_class.normal.adaptive_ece_ovr,5,0.18255081136449847,0.09710649193033219,0.09586315789882019,0.34693074256331796
yolo26,standardized_resnet18,calibrated,patient,conditional.per_class.normal.auroc_ovr,5,0.8940476190476192,0.04826936888741258,0.8333333333333334,0.9333333333333333
yolo26,standardized_resnet18,calibrated,patient,conditional.per_class.normal.average_precision_ovr,5,0.922231782106782,0.0354561611617198,0.8755456349206349,0.9572979797979797
yolo26,standardized_resnet18,calibrated,patient,conditional.per_class.normal.balanced_accuracy_ovr,5,0.8589285714285714,0.08256662602060416,0.7571428571428571,0.9375
yolo26,standardized_resnet18,calibrated,patient,conditional.per_class.normal.brier_ovr,5,0.11567450877181736,0.03483630135489536,0.07340799153705005,0.15173517067462916
yolo26,standardized_resnet18,calibrated,patient,conditional.per_class.normal.class_index,5,0.0,0.0,0.0,0.0
yolo26,standardized_resnet18,calibrated,patient,conditional.per_class.normal.ece_ovr,5,0.17953455079674013,0.05145548265369995,0.11315058657111396,0.24948363383753622
yolo26,standardized_resnet18,calibrated,patient,conditional.per_class.normal.f1,5,0.9006162464985994,0.06895263948885016,0.8,0.9523809523809523
yolo26,standardized_resnet18,calibrated,patient,conditional.per_class.normal.fn,5,0.6,0.8944271909999159,0.0,2.0
yolo26,standardized_resnet18,calibrated,patient,conditional.per_class.normal.fp,5,1.4,0.5477225575051661,1.0,2.0
yolo26,standardized_resnet18,calibrated,patient,conditional.per_class.normal.mcc_ovr,5,0.7423389304081978,0.17578310667188463,0.5142857142857142,0.8918825850158447
yolo26,standardized_resnet18,calibrated,patient,conditional.per_class.normal.nll_ovr,5,0.35786152341725225,0.07567941938711359,0.27188347230594595,0.46304632425828224
yolo26,standardized_resnet18,calibrated,patient,conditional.per_class.normal.nll_true_class,5,0.3587041600774302,0.16423303596593514,0.1266891027143098,0.5715100456302782
yolo26,standardized_resnet18,calibrated,patient,conditional.per_class.normal.precision,5,0.865050505050505,0.052143132184955525,0.8,0.9090909090909091
yolo26,standardized_resnet18,calibrated,patient,conditional.per_class.normal.recall,5,0.9399999999999998,0.08944271909999157,0.8,1.0
yolo26,standardized_resnet18,calibrated,patient,conditional.per_class.normal.sensitivity,5,0.9399999999999998,0.08944271909999157,0.8,1.0
yolo26,standardized_resnet18,calibrated,patient,conditional.per_class.normal.specificity,5,0.7778571428571428,0.08574569530325445,0.6666666666666666,0.875
yolo26,standardized_resnet18,calibrated,patient,conditional.per_class.normal.support,5,9.6,0.8944271909999159,8.0,10.0
yolo26,standardized_resnet18,calibrated,patient,conditional.per_class.normal.tn,5,5.0,1.224744871391589,4.0,7.0
yolo26,standardized_resnet18,calibrated,patient,conditional.per_class.normal.tp,5,9.0,1.0,8.0,10.0
yolo26,standardized_resnet18,calibrated,patient,conditional.per_class.papilledema.adaptive_ece_ovr,5,0.23886781867529566,0.06809098061462729,0.12731609652192358,0.3056660375979287
yolo26,standardized_resnet18,calibrated,patient,conditional.per_class.papilledema.auroc_ovr,5,0.7517815517815518,0.1717602111547834,0.5128205128205128,0.9285714285714286
yolo26,standardized_resnet18,calibrated,patient,conditional.per_class.papilledema.average_precision_ovr,5,0.49660774410774416,0.1673684539110561,0.23164983164983166,0.6791666666666667
yolo26,standardized_resnet18,calibrated,patient,conditional.per_class.papilledema.balanced_accuracy_ovr,5,0.6887112887112888,0.18533182633490425,0.46153846153846156,0.9642857142857143
yolo26,standardized_resnet18,calibrated,patient,conditional.per_class.papilledema.brier_ovr,5,0.14302559006454954,0.052184752335034265,0.08019147578165248,0.2142383655932779
yolo26,standardized_resnet18,calibrated,patient,conditional.per_class.papilledema.class_index,5,1.0,0.0,1.0,1.0
yolo26,standardized_resnet18,calibrated,patient,conditional.per_class.papilledema.ece_ovr,5,0.2050287998567329,0.04689176638401038,0.14210991802760078,0.25839942430138424
yolo26,standardized_resnet18,calibrated,patient,conditional.per_class.papilledema.f1,5,0.4444444444444445,0.32155102507750627,0.0,0.8888888888888888
yolo26,standardized_resnet18,calibrated,patient,conditional.per_class.papilledema.fn,5,1.4,1.140175425099138,0.0,3.0
yolo26,standardized_resnet18,calibrated,patient,conditional.per_class.papilledema.fp,5,1.6,0.8944271909999159,1.0,3.0
yolo26,standardized_resnet18,calibrated,patient,conditional.per_class.papilledema.mcc_ovr,5,0.34089649237472536,0.3590118909750364,-0.12403473458920847,0.8618916073713346
yolo26,standardized_resnet18,calibrated,patient,conditional.per_class.papilledema.nll_ovr,5,0.5090980371192156,0.25318751786614613,0.2530517650418631,0.9237496131580561
yolo26,standardized_resnet18,calibrated,patient,conditional.per_class.papilledema.nll_true_class,5,1.6865878913879933,1.4647627378918335,0.4499822122216939,4.139157372268687
yolo26,standardized_resnet18,calibrated,patient,conditional.per_class.papilledema.precision,5,0.4066666666666666,0.28905977851571735,0.0,0.8
yolo26,standardized_resnet18,calibrated,patient,conditional.per_class.papilledema.recall,5,0.5,0.37267799624996495,0.0,1.0
yolo26,standardized_resnet18,calibrated,patient,conditional.per_class.papilledema.sensitivity,5,0.5,0.37267799624996495,0.0,1.0
yolo26,standardized_resnet18,calibrated,patient,conditional.per_class.papilledema.specificity,5,0.8774225774225775,0.06674605212307685,0.7692307692307693,0.9285714285714286
yolo26,standardized_resnet18,calibrated,patient,conditional.per_class.papilledema.support,5,3.0,0.7071067811865476,2.0,4.0
yolo26,standardized_resnet18,calibrated,patient,conditional.per_class.papilledema.tn,5,11.4,1.3416407864998738,10.0,13.0
yolo26,standardized_resnet18,calibrated,patient,conditional.per_class.papilledema.tp,5,1.6,1.5165750888103102,0.0,4.0
yolo26,standardized_resnet18,calibrated,patient,conditional.per_class.pseudopapilledema.adaptive_ece_ovr,5,0.25754957391102273,0.05865974108955948,0.1779033267519241,0.32883144283134713
yolo26,standardized_resnet18,calibrated,patient,conditional.per_class.pseudopapilledema.auroc_ovr,5,0.7225824175824175,0.12331417641430265,0.5666666666666667,0.9038461538461539
yolo26,standardized_resnet18,calibrated,patient,conditional.per_class.pseudopapilledema.average_precision_ovr,5,0.5586981074481073,0.11171568722740337,0.3833333333333333,0.6651785714285714
yolo26,standardized_resnet18,calibrated,patient,conditional.per_class.pseudopapilledema.balanced_accuracy_ovr,5,0.650897435897436,0.13977563735087808,0.5,0.8365384615384616
yolo26,standardized_resnet18,calibrated,patient,conditional.per_class.pseudopapilledema.brier_ovr,5,0.16836638674764828,0.05882131797384287,0.11981475340242168,0.2684886833972747
yolo26,standardized_resnet18,calibrated,patient,conditional.per_class.pseudopapilledema.class_index,5,2.0,0.0,2.0,2.0
yolo26,standardized_resnet18,calibrated,patient,conditional.per_class.pseudopapilledema.ece_ovr,5,0.19191231517946683,0.05978423345568253,0.11381260682409197,0.2706426745437797
yolo26,standardized_resnet18,calibrated,patient,conditional.per_class.pseudopapilledema.f1,5,0.4204761904761904,0.30190063088656377,0.0,0.75
yolo26,standardized_resnet18,calibrated,patient,conditional.per_class.pseudopapilledema.fn,5,2.0,0.7071067811865476,1.0,3.0
yolo26,standardized_resnet18,calibrated,patient,conditional.per_class.pseudopapilledema.fp,5,1.0,1.224744871391589,0.0,3.0
yolo26,standardized_resnet18,calibrated,patient,conditional.per_class.pseudopapilledema.mcc_ovr,5,0.33988788280076176,0.3145246861512659,0.0,0.6730769230769231
yolo26,standardized_resnet18,calibrated,patient,conditional.per_class.pseudopapilledema.nll_ovr,5,0.5804265060352171,0.2785827614644708,0.3940443068880344,1.0706366800764164
yolo26,standardized_resnet18,calibrated,patient,conditional.per_class.pseudopapilledema.nll_true_class,5,1.1966409373304183,0.362837482356129,0.5895070625281307,1.5121749405793659
yolo26,standardized_resnet18,calibrated,patient,conditional.per_class.pseudopapilledema.precision,5,0.5,0.39528470752104744,0.0,1.0
yolo26,standardized_resnet18,calibrated,patient,conditional.per_class.pseudopapilledema.recall,5,0.3833333333333333,0.2738612787525831,0.0,0.75
yolo26,standardized_resnet18,calibrated,patient,conditional.per_class.pseudopapilledema.sensitivity,5,0.3833333333333333,0.2738612787525831,0.0,0.75
yolo26,standardized_resnet18,calibrated,patient,conditional.per_class.pseudopapilledema.specificity,5,0.9184615384615384,0.094774725115455,0.7692307692307693,1.0
yolo26,standardized_resnet18,calibrated,patient,conditional.per_class.pseudopapilledema.support,5,3.4,0.5477225575051661,3.0,4.0
yolo26,standardized_resnet18,calibrated,patient,conditional.per_class.pseudopapilledema.tn,5,11.6,2.073644135332772,9.0,14.0
yolo26,standardized_resnet18,calibrated,patient,conditional.per_class.pseudopapilledema.tp,5,1.4,1.140175425099138,0.0,3.0
yolo26,standardized_resnet18,calibrated,patient,conditional.top_label_adaptive_ece,5,0.2797622284366777,0.07748858660505734,0.17568123975497765,0.3939012060294925
yolo26,standardized_resnet18,calibrated,patient,conditional.top_label_ece,5,0.2208533899087774,0.033702879745681966,0.18378738754265866,0.2712562339264997
yolo26,standardized_resnet18,calibrated,patient,conditional_aurc,5,0.19642291318309973,0.09462663289211695,0.11543969828283555,0.3457511238761239
yolo26,standardized_resnet18,calibrated,patient,coverage,5,0.888888888888889,0.10393492741038726,0.7222222222222222,1.0
yolo26,standardized_resnet18,calibrated,patient,failure_aware.accuracy,5,0.6666666666666665,0.1360827634879543,0.5555555555555556,0.8888888888888888
yolo26,standardized_resnet18,calibrated,patient,failure_aware.aurc,5,0.21230155102704124,0.09783007230146651,0.11543969828283555,0.35490150735248777
yolo26,standardized_resnet18,calibrated,patient,failure_aware.balanced_accuracy,5,0.55,0.17795130420052185,0.3833333333333333,0.8333333333333334
yolo26,standardized_resnet18,calibrated,patient,failure_aware.correct,5,12.0,2.449489742783178,10.0,16.0
yolo26,standardized_resnet18,calibrated,patient,failure_aware.incorrect_or_abstained,5,6.0,2.449489742783178,2.0,8.0
yolo26,standardized_resnet18,calibrated,patient,failure_aware.macro_f1,5,0.557092731829574,0.1784981842890451,0.36904761904761907,0.8359788359788359
yolo26,standardized_resnet18,calibrated,patient,failure_aware.macro_precision,5,0.5905723905723905,0.2117284657095918,0.35606060606060613,0.903030303030303
yolo26,standardized_resnet18,calibrated,patient,failure_aware.macro_recall,5,0.55,0.17795130420052185,0.3833333333333333,0.8333333333333334
yolo26,standardized_resnet18,calibrated,patient,failure_aware.macro_specificity,5,0.755952380952381,0.11777594605600823,0.6190476190476191,0.9345238095238096
yolo26,standardized_resnet18,calibrated,patient,failure_aware.multiclass_mcc,5,0.47570390381511674,0.20884485537279213,0.26747530781932055,0.8206652053732659
yolo26,standardized_resnet18,calibrated,patient,failure_aware.per_class.normal.abstain,5,0.4,0.8944271909999161,0.0,2.0
yolo26,standardized_resnet18,calibrated,patient,failure_aware.per_class.normal.balanced_accuracy_ovr,5,0.7625,0.11422291801560666,0.65,0.9375
yolo26,standardized_resnet18,calibrated,patient,failure_aware.per_class.normal.class_index,5,0.0,0.0,0.0,0.0
yolo26,standardized_resnet18,calibrated,patient,failure_aware.per_class.normal.f1,5,0.8808020050125313,0.06861714169008898,0.8,0.9523809523809523
yolo26,standardized_resnet18,calibrated,patient,failure_aware.per_class.normal.fn_including_abstain,5,1.0,1.0,0.0,2.0
yolo26,standardized_resnet18,calibrated,patient,failure_aware.per_class.normal.fp,5,1.4,0.5477225575051661,1.0,2.0
yolo26,standardized_resnet18,calibrated,patient,failure_aware.per_class.normal.precision,5,0.865050505050505,0.052143132184955525,0.8,0.9090909090909091
yolo26,standardized_resnet18,calibrated,patient,failure_aware.per_class.normal.recall,5,0.9,0.09999999999999998,0.8,1.0
yolo26,standardized_resnet18,calibrated,patient,failure_aware.per_class.normal.sensitivity,5,0.9,0.09999999999999998,0.8,1.0
yolo26,standardized_resnet18,calibrated,patient,failure_aware.per_class.normal.specificity,5,0.625,0.15309310892394862,0.5,0.875
yolo26,standardized_resnet18,calibrated,patient,failure_aware.per_class.normal.support,5,10.0,0.0,10.0,10.0
yolo26,standardized_resnet18,calibrated,patient,failure_aware.per_class.normal.tn_excluding_abstain,5,5.0,1.224744871391589,4.0,7.0
yolo26,standardized_resnet18,calibrated,patient,failure_aware.per_class.normal.tp,5,9.0,1.0,8.0,10.0
yolo26,standardized_resnet18,calibrated,patient,failure_aware.per_class.papilledema.abstain,5,1.0,0.7071067811865476,0.0,2.0
yolo26,standardized_resnet18,calibrated,patient,failure_aware.per_class.papilledema.balanced_accuracy_ovr,5,0.6071428571428571,0.21091092519674495,0.42857142857142855,0.9642857142857143
yolo26,standardized_resnet18,calibrated,patient,failure_aware.per_class.papilledema.class_index,5,1.0,0.0,1.0,1.0
yolo26,standardized_resnet18,calibrated,patient,failure_aware.per_class.papilledema.f1,5,0.3904761904761904,0.3232799903009769,0.0,0.8888888888888888
yolo26,standardized_resnet18,calibrated,patient,failure_aware.per_class.papilledema.fn_including_abstain,5,2.4,1.5165750888103102,0.0,4.0
yolo26,standardized_resnet18,calibrated,patient,failure_aware.per_class.papilledema.fp,5,1.6,0.8944271909999159,1.0,3.0
yolo26,standardized_resnet18,calibrated,patient,failure_aware.per_class.papilledema.precision,5,0.4066666666666666,0.28905977851571735,0.0,0.8
yolo26,standardized_resnet18,calibrated,patient,failure_aware.per_class.papilledema.recall,5,0.4,0.37914377220257756,0.0,1.0
yolo26,standardized_resnet18,calibrated,patient,failure_aware.per_class.papilledema.sensitivity,5,0.4,0.37914377220257756,0.0,1.0
yolo26,standardized_resnet18,calibrated,patient,failure_aware.per_class.papilledema.specificity,5,0.8142857142857143,0.09583148474999098,0.7142857142857143,0.9285714285714286
yolo26,standardized_resnet18,calibrated,patient,failure_aware.per_class.papilledema.support,5,4.0,0.0,4.0,4.0
yolo26,standardized_resnet18,calibrated,patient,failure_aware.per_class.papilledema.tn_excluding_abstain,5,11.4,1.3416407864998738,10.0,13.0
yolo26,standardized_resnet18,calibrated,patient,failure_aware.per_class.papilledema.tp,5,1.6,1.5165750888103102,0.0,4.0
yolo26,standardized_resnet18,calibrated,patient,failure_aware.per_class.pseudopapilledema.abstain,5,0.6,0.5477225575051662,0.0,1.0
yolo26,standardized_resnet18,calibrated,patient,failure_aware.per_class.pseudopapilledema.balanced_accuracy_ovr,5,0.5892857142857143,0.17267035362333674,0.44642857142857145,0.8035714285714286
yolo26,standardized_resnet18,calibrated,patient,failure_aware.per_class.pseudopapilledema.class_index,5,2.0,0.0,2.0,2.0
yolo26,standardized_resnet18,calibrated,patient,failure_aware.per_class.pseudopapilledema.f1,5,0.39999999999999997,0.3084459253886958,0.0,0.75
yolo26,standardized_resnet18,calibrated,patient,failure_aware.per_class.pseudopapilledema.fn_including_abstain,5,2.6,1.140175425099138,1.0,4.0
yolo26,standardized_resnet18,calibrated,patient,failure_aware.per_class.pseudopapilledema.fp,5,1.0,1.224744871391589,0.0,3.0
yolo26,standardized_resnet18,calibrated,patient,failure_aware.per_class.pseudopapilledema.precision,5,0.5,0.39528470752104744,0.0,1.0
yolo26,standardized_resnet18,calibrated,patient,failure_aware.per_class.pseudopapilledema.recall,5,0.35,0.2850438562747845,0.0,0.75
yolo26,standardized_resnet18,calibrated,patient,failure_aware.per_class.pseudopapilledema.sensitivity,5,0.35,0.2850438562747845,0.0,0.75
yolo26,standardized_resnet18,calibrated,patient,failure_aware.per_class.pseudopapilledema.specificity,5,0.8285714285714286,0.14811743823805512,0.6428571428571429,1.0
yolo26,standardized_resnet18,calibrated,patient,failure_aware.per_class.pseudopapilledema.support,5,4.0,0.0,4.0,4.0
yolo26,standardized_resnet18,calibrated,patient,failure_aware.per_class.pseudopapilledema.tn_excluding_abstain,5,11.6,2.073644135332772,9.0,14.0
yolo26,standardized_resnet18,calibrated,patient,failure_aware.per_class.pseudopapilledema.tp,5,1.4,1.140175425099138,0.0,3.0
yolo26,standardized_resnet18,calibrated,patient,failure_aware_accuracy,5,0.6666666666666665,0.1360827634879543,0.5555555555555556,0.8888888888888888
yolo26,standardized_resnet18,calibrated,patient,failure_aware_aurc,5,0.21230155102704124,0.09783007230146651,0.11543969828283555,0.35490150735248777
yolo26,standardized_resnet18,calibrated,patient,failure_aware_balanced_accuracy,5,0.55,0.17795130420052185,0.3833333333333333,0.8333333333333334
yolo26,standardized_resnet18,calibrated,patient,failure_inclusive.accuracy,5,0.6666666666666665,0.1360827634879543,0.5555555555555556,0.8888888888888888
yolo26,standardized_resnet18,calibrated,patient,failure_inclusive.aurc,5,0.21230155102704124,0.09783007230146651,0.11543969828283555,0.35490150735248777
yolo26,standardized_resnet18,calibrated,patient,failure_inclusive.balanced_accuracy,5,0.55,0.17795130420052185,0.3833333333333333,0.8333333333333334
yolo26,standardized_resnet18,calibrated,patient,failure_inclusive.correct,5,12.0,2.449489742783178,10.0,16.0
yolo26,standardized_resnet18,calibrated,patient,failure_inclusive.incorrect_or_abstained,5,6.0,2.449489742783178,2.0,8.0
yolo26,standardized_resnet18,calibrated,patient,failure_inclusive.macro_f1,5,0.557092731829574,0.1784981842890451,0.36904761904761907,0.8359788359788359
yolo26,standardized_resnet18,calibrated,patient,failure_inclusive.macro_precision,5,0.5905723905723905,0.2117284657095918,0.35606060606060613,0.903030303030303
yolo26,standardized_resnet18,calibrated,patient,failure_inclusive.macro_recall,5,0.55,0.17795130420052185,0.3833333333333333,0.8333333333333334
yolo26,standardized_resnet18,calibrated,patient,failure_inclusive.macro_specificity,5,0.755952380952381,0.11777594605600823,0.6190476190476191,0.9345238095238096
yolo26,standardized_resnet18,calibrated,patient,failure_inclusive.multiclass_mcc,5,0.47570390381511674,0.20884485537279213,0.26747530781932055,0.8206652053732659
yolo26,standardized_resnet18,calibrated,patient,failure_inclusive.per_class.normal.abstain,5,0.4,0.8944271909999161,0.0,2.0
yolo26,standardized_resnet18,calibrated,patient,failure_inclusive.per_class.normal.balanced_accuracy_ovr,5,0.7625,0.11422291801560666,0.65,0.9375
yolo26,standardized_resnet18,calibrated,patient,failure_inclusive.per_class.normal.class_index,5,0.0,0.0,0.0,0.0
yolo26,standardized_resnet18,calibrated,patient,failure_inclusive.per_class.normal.f1,5,0.8808020050125313,0.06861714169008898,0.8,0.9523809523809523
yolo26,standardized_resnet18,calibrated,patient,failure_inclusive.per_class.normal.fn_including_abstain,5,1.0,1.0,0.0,2.0
yolo26,standardized_resnet18,calibrated,patient,failure_inclusive.per_class.normal.fp,5,1.4,0.5477225575051661,1.0,2.0
yolo26,standardized_resnet18,calibrated,patient,failure_inclusive.per_class.normal.precision,5,0.865050505050505,0.052143132184955525,0.8,0.9090909090909091
yolo26,standardized_resnet18,calibrated,patient,failure_inclusive.per_class.normal.recall,5,0.9,0.09999999999999998,0.8,1.0
yolo26,standardized_resnet18,calibrated,patient,failure_inclusive.per_class.normal.sensitivity,5,0.9,0.09999999999999998,0.8,1.0
yolo26,standardized_resnet18,calibrated,patient,failure_inclusive.per_class.normal.specificity,5,0.625,0.15309310892394862,0.5,0.875
yolo26,standardized_resnet18,calibrated,patient,failure_inclusive.per_class.normal.support,5,10.0,0.0,10.0,10.0
yolo26,standardized_resnet18,calibrated,patient,failure_inclusive.per_class.normal.tn_excluding_abstain,5,5.0,1.224744871391589,4.0,7.0
yolo26,standardized_resnet18,calibrated,patient,failure_inclusive.per_class.normal.tp,5,9.0,1.0,8.0,10.0
yolo26,standardized_resnet18,calibrated,patient,failure_inclusive.per_class.papilledema.abstain,5,1.0,0.7071067811865476,0.0,2.0
yolo26,standardized_resnet18,calibrated,patient,failure_inclusive.per_class.papilledema.balanced_accuracy_ovr,5,0.6071428571428571,0.21091092519674495,0.42857142857142855,0.9642857142857143
yolo26,standardized_resnet18,calibrated,patient,failure_inclusive.per_class.papilledema.class_index,5,1.0,0.0,1.0,1.0
yolo26,standardized_resnet18,calibrated,patient,failure_inclusive.per_class.papilledema.f1,5,0.3904761904761904,0.3232799903009769,0.0,0.8888888888888888
yolo26,standardized_resnet18,calibrated,patient,failure_inclusive.per_class.papilledema.fn_including_abstain,5,2.4,1.5165750888103102,0.0,4.0
yolo26,standardized_resnet18,calibrated,patient,failure_inclusive.per_class.papilledema.fp,5,1.6,0.8944271909999159,1.0,3.0
yolo26,standardized_resnet18,calibrated,patient,failure_inclusive.per_class.papilledema.precision,5,0.4066666666666666,0.28905977851571735,0.0,0.8
yolo26,standardized_resnet18,calibrated,patient,failure_inclusive.per_class.papilledema.recall,5,0.4,0.37914377220257756,0.0,1.0
yolo26,standardized_resnet18,calibrated,patient,failure_inclusive.per_class.papilledema.sensitivity,5,0.4,0.37914377220257756,0.0,1.0
yolo26,standardized_resnet18,calibrated,patient,failure_inclusive.per_class.papilledema.specificity,5,0.8142857142857143,0.09583148474999098,0.7142857142857143,0.9285714285714286
yolo26,standardized_resnet18,calibrated,patient,failure_inclusive.per_class.papilledema.support,5,4.0,0.0,4.0,4.0
yolo26,standardized_resnet18,calibrated,patient,failure_inclusive.per_class.papilledema.tn_excluding_abstain,5,11.4,1.3416407864998738,10.0,13.0
yolo26,standardized_resnet18,calibrated,patient,failure_inclusive.per_class.papilledema.tp,5,1.6,1.5165750888103102,0.0,4.0
yolo26,standardized_resnet18,calibrated,patient,failure_inclusive.per_class.pseudopapilledema.abstain,5,0.6,0.5477225575051662,0.0,1.0
yolo26,standardized_resnet18,calibrated,patient,failure_inclusive.per_class.pseudopapilledema.balanced_accuracy_ovr,5,0.5892857142857143,0.17267035362333674,0.44642857142857145,0.8035714285714286
yolo26,standardized_resnet18,calibrated,patient,failure_inclusive.per_class.pseudopapilledema.class_index,5,2.0,0.0,2.0,2.0
yolo26,standardized_resnet18,calibrated,patient,failure_inclusive.per_class.pseudopapilledema.f1,5,0.39999999999999997,0.3084459253886958,0.0,0.75
yolo26,standardized_resnet18,calibrated,patient,failure_inclusive.per_class.pseudopapilledema.fn_including_abstain,5,2.6,1.140175425099138,1.0,4.0
yolo26,standardized_resnet18,calibrated,patient,failure_inclusive.per_class.pseudopapilledema.fp,5,1.0,1.224744871391589,0.0,3.0
yolo26,standardized_resnet18,calibrated,patient,failure_inclusive.per_class.pseudopapilledema.precision,5,0.5,0.39528470752104744,0.0,1.0
yolo26,standardized_resnet18,calibrated,patient,failure_inclusive.per_class.pseudopapilledema.recall,5,0.35,0.2850438562747845,0.0,0.75
yolo26,standardized_resnet18,calibrated,patient,failure_inclusive.per_class.pseudopapilledema.sensitivity,5,0.35,0.2850438562747845,0.0,0.75
yolo26,standardized_resnet18,calibrated,patient,failure_inclusive.per_class.pseudopapilledema.specificity,5,0.8285714285714286,0.14811743823805512,0.6428571428571429,1.0
yolo26,standardized_resnet18,calibrated,patient,failure_inclusive.per_class.pseudopapilledema.support,5,4.0,0.0,4.0,4.0
yolo26,standardized_resnet18,calibrated,patient,failure_inclusive.per_class.pseudopapilledema.tn_excluding_abstain,5,11.6,2.073644135332772,9.0,14.0
yolo26,standardized_resnet18,calibrated,patient,failure_inclusive.per_class.pseudopapilledema.tp,5,1.4,1.140175425099138,0.0,3.0
yolo26,standardized_resnet18,calibrated,patient,localized_diagnostic_success.localized_rate,5,0.8444444444444443,0.12044157438154889,0.6666666666666666,0.9444444444444444
yolo26,standardized_resnet18,calibrated,patient,localized_diagnostic_success.n_success,5,11.2,2.7748873851023212,8.0,15.0
yolo26,standardized_resnet18,calibrated,patient,localized_diagnostic_success.per_class_rate.normal,5,0.86,0.1341640786499874,0.7,1.0
yolo26,standardized_resnet18,calibrated,patient,localized_diagnostic_success.per_class_rate.papilledema,5,0.35,0.2850438562747845,0.0,0.75
yolo26,standardized_resnet18,calibrated,patient,localized_diagnostic_success.per_class_rate.pseudopapilledema,5,0.3,0.32596012026013244,0.0,0.75
yolo26,standardized_resnet18,calibrated,patient,localized_diagnostic_success.rate,5,0.6222222222222222,0.15416041028346233,0.4444444444444444,0.8333333333333334
yolo26,standardized_resnet18,calibrated,patient,n_abstain,5,2.0,1.8708286933869707,0.0,5.0
yolo26,standardized_resnet18,calibrated,patient,n_covered,5,16.0,1.8708286933869707,13.0,18.0
yolo26,standardized_resnet18,calibrated,patient,n_total,5,18.0,0.0,18.0,18.0
yolo26,standardized_resnet18,calibrated,patient,selective_risk,5,0.2521995977878331,0.09644573807569588,0.1111111111111111,0.375
yolo26,standardized_resnet18,raw,eye,abstention_rate,5,0.0611111111111111,0.06334307917217434,0.0,0.16666666666666666
yolo26,standardized_resnet18,raw,eye,class_conditional_coverage.normal,5,0.97,0.0670820393249937,0.85,1.0
yolo26,standardized_resnet18,raw,eye,class_conditional_coverage.papilledema,5,0.875,0.08838834764831845,0.75,1.0
yolo26,standardized_resnet18,raw,eye,class_conditional_coverage.pseudopapilledema,5,0.925,0.06846531968814577,0.875,1.0
yolo26,standardized_resnet18,raw,eye,conditional.accuracy,5,0.7043697478991596,0.09618792300953206,0.5882352941176471,0.8333333333333334
yolo26,standardized_resnet18,raw,eye,conditional.balanced_accuracy,5,0.5932539682539683,0.11177945252393558,0.45714285714285713,0.75
yolo26,standardized_resnet18,raw,eye,conditional.class_counts.normal,5,19.4,1.3416407864998738,17.0,20.0
yolo26,standardized_resnet18,raw,eye,conditional.class_counts.papilledema,5,7.0,0.7071067811865476,6.0,8.0
yolo26,standardized_resnet18,raw,eye,conditional.class_counts.pseudopapilledema,5,7.4,0.5477225575051662,7.0,8.0
yolo26,standardized_resnet18,raw,eye,conditional.derived_discrimination.normal_vs_abnormal.auroc,5,0.8994229691876751,0.022712232278240933,0.875,0.925
yolo26,standardized_resnet18,raw,eye,conditional.derived_discrimination.normal_vs_abnormal.average_precision,5,0.9229692511619557,0.02262064738005037,0.8893304690297171,0.9470108695652174
yolo26,standardized_resnet18,raw,eye,conditional.derived_discrimination.normal_vs_abnormal.n,5,33.8,2.280350850198276,30.0,36.0
yolo26,standardized_resnet18,raw,eye,conditional.derived_discrimination.normal_vs_abnormal.negative,5,19.4,1.3416407864998738,17.0,20.0
yolo26,standardized_resnet18,raw,eye,conditional.derived_discrimination.normal_vs_abnormal.positive,5,14.4,1.1401754250991378,13.0,16.0
yolo26,standardized_resnet18,raw,eye,conditional.derived_discrimination.papilledema_vs_pseudopapilledema.auroc,5,0.4574829931972789,0.18619924967958196,0.26190476190476186,0.75
yolo26,standardized_resnet18,raw,eye,conditional.derived_discrimination.papilledema_vs_pseudopapilledema.average_precision,5,0.6040558647701504,0.13615011521382114,0.4804164089878375,0.8217261904761906
yolo26,standardized_resnet18,raw,eye,conditional.derived_discrimination.papilledema_vs_pseudopapilledema.n,5,14.4,1.1401754250991378,13.0,16.0
yolo26,standardized_resnet18,raw,eye,conditional.derived_discrimination.papilledema_vs_pseudopapilledema.negative,5,7.0,0.7071067811865476,6.0,8.0
yolo26,standardized_resnet18,raw,eye,conditional.derived_discrimination.papilledema_vs_pseudopapilledema.positive,5,7.4,0.5477225575051662,7.0,8.0
yolo26,standardized_resnet18,raw,eye,conditional.macro.adaptive_ece_ovr,5,0.1641559515276284,0.04974907854843431,0.11400284585731861,0.24056909928647016
yolo26,standardized_resnet18,raw,eye,conditional.macro.auroc_ovr,5,0.7742185801856974,0.06110141408723167,0.6761463844797179,0.844047619047619
yolo26,standardized_resnet18,raw,eye,conditional.macro.average_precision_ovr,5,0.606611077181299,0.06805401171099111,0.5104594607578169,0.6934671136683521
yolo26,standardized_resnet18,raw,eye,conditional.macro.balanced_accuracy_ovr,5,0.7202558720131184,0.07720443573220899,0.6249559082892416,0.8258928571428572
yolo26,standardized_resnet18,raw,eye,conditional.macro.brier_ovr,5,0.1552686138245042,0.047830040781144945,0.1058252368492776,0.2332009175009122
yolo26,standardized_resnet18,raw,eye,conditional.macro.ece_ovr,5,0.1708421268323664,0.05340584387804049,0.11550744939367386,0.25091034689648833
yolo26,standardized_resnet18,raw,eye,conditional.macro.f1,5,0.5806145815024573,0.1253782910370221,0.4138551506972559,0.7512539899680802
yolo26,standardized_resnet18,raw,eye,conditional.macro.mcc_ovr,5,0.4428234832378076,0.1785102008084017,0.2183166732599576,0.6869660122302362
yolo26,standardized_resnet18,raw,eye,conditional.macro.nll_ovr,5,0.6589411108044806,0.3240716117556297,0.47922168454527264,1.2369470991027884
yolo26,standardized_resnet18,raw,eye,conditional.macro.nll_true_class,5,1.5378321129676633,0.8213648967418632,1.112423229489293,3.005236820478398
yolo26,standardized_resnet18,raw,eye,conditional.macro.precision,5,0.5889841534006294,0.15064452413927226,0.391812865497076,0.7991143317230275
yolo26,standardized_resnet18,raw,eye,conditional.macro.recall,5,0.5932539682539683,0.11177945252393558,0.45714285714285713,0.75
yolo26,standardized_resnet18,raw,eye,conditional.macro.specificity,5,0.8472577757722686,0.04294024852714795,0.7927689594356261,0.9017857142857143
yolo26,standardized_resnet18,raw,eye,conditional.macro_auroc,5,0.7742185801856974,0.06110141408723167,0.6761463844797179,0.844047619047619
yolo26,standardized_resnet18,raw,eye,conditional.macro_average_precision,5,0.606611077181299,0.06805401171099111,0.5104594607578169,0.6934671136683521
yolo26,standardized_resnet18,raw,eye,conditional.macro_classwise_adaptive_ece,5,0.1641559515276284,0.04974907854843431,0.11400284585731861,0.24056909928647016
yolo26,standardized_resnet18,raw,eye,conditional.macro_classwise_ece,5,0.1708421268323664,0.05340584387804049,0.11550744939367386,0.25091034689648833
yolo26,standardized_resnet18,raw,eye,conditional.macro_f1,5,0.5806145815024573,0.1253782910370221,0.4138551506972559,0.7512539899680802
yolo26,standardized_resnet18,raw,eye,conditional.macro_precision,5,0.5889841534006294,0.15064452413927226,0.391812865497076,0.7991143317230275
yolo26,standardized_resnet18,raw,eye,conditional.macro_recall,5,0.5932539682539683,0.11177945252393558,0.45714285714285713,0.75
yolo26,standardized_resnet18,raw,eye,conditional.multiclass_brier,5,0.46580584147351256,0.1434901223434349,0.31747571054783275,0.6996027525027367
yolo26,standardized_resnet18,raw,eye,conditional.multiclass_mcc,5,0.49357340832820373,0.1640522196499255,0.30002272447523926,0.7193358255020712
yolo26,standardized_resnet18,raw,eye,conditional.multiclass_nll,5,1.0698582107323338,0.5170505584016473,0.7914344888317247,1.9883829121388408
yolo26,standardized_resnet18,raw,eye,conditional.n,5,33.8,2.280350850198276,30.0,36.0
yolo26,standardized_resnet18,raw,eye,conditional.per_class.normal.adaptive_ece_ovr,5,0.1198395402514261,0.04480801705471664,0.07433729259421819,0.18687264572989445
yolo26,standardized_resnet18,raw,eye,conditional.per_class.normal.auroc_ovr,5,0.8994229691876751,0.022712232278240933,0.875,0.925
yolo26,standardized_resnet18,raw,eye,conditional.per_class.normal.average_precision_ovr,5,0.8892947355919226,0.020114542890061045,0.8576888918766536,0.9112348865444841
yolo26,standardized_resnet18,raw,eye,conditional.per_class.normal.balanced_accuracy_ovr,5,0.8596749084249083,0.05392212957040164,0.7928571428571429,0.9230769230769231
yolo26,standardized_resnet18,raw,eye,conditional.per_class.normal.brier_ovr,5,0.10639234808101036,0.044671253164522445,0.06727911003781682,0.15845038281084112
yolo26,standardized_resnet18,raw,eye,conditional.per_class.normal.class_index,5,0.0,0.0,0.0,0.0
yolo26,standardized_resnet18,raw,eye,conditional.per_class.normal.ece_ovr,5,0.1292586666713031,0.05096616177492564,0.08703039699554381,0.18669678077121443
yolo26,standardized_resnet18,raw,eye,conditional.per_class.normal.f1,5,0.8830687733484999,0.053869871748802256,0.8205128205128205,0.9444444444444444
yolo26,standardized_resnet18,raw,eye,conditional.per_class.normal.fn,5,2.0,2.0,0.0,4.0
yolo26,standardized_resnet18,raw,eye,conditional.per_class.normal.fp,5,2.6,0.5477225575051661,2.0,3.0
yolo26,standardized_resnet18,raw,eye,conditional.per_class.normal.mcc_ovr,5,0.7291513445376502,0.12281224870222636,0.5805537068319268,0.8701063269755686
yolo26,standardized_resnet18,raw,eye,conditional.per_class.normal.nll_ovr,5,0.39758445395135944,0.11167935753456198,0.2805667150362917,0.5399726210241671
yolo26,standardized_resnet18,raw,eye,conditional.per_class.normal.nll_true_class,5,0.2516115464905665,0.19950854712343324,0.035630835298767004,0.545221564506093
yolo26,standardized_resnet18,raw,eye,conditional.per_class.normal.precision,5,0.8704878137372416,0.021858197383604238,0.8421052631578947,0.8947368421052632
yolo26,standardized_resnet18,raw,eye,conditional.per_class.normal.recall,5,0.9,0.09999999999999998,0.8,1.0
yolo26,standardized_resnet18,raw,eye,conditional.per_class.normal.sensitivity,5,0.9,0.09999999999999998,0.8,1.0
yolo26,standardized_resnet18,raw,eye,conditional.per_class.normal.specificity,5,0.8193498168498168,0.03628690591637771,0.7857142857142857,0.8666666666666667
yolo26,standardized_resnet18,raw,eye,conditional.per_class.normal.support,5,19.4,1.3416407864998738,17.0,20.0
yolo26,standardized_resnet18,raw,eye,conditional.per_class.normal.tn,5,11.8,1.0954451150103324,11.0,13.0
yolo26,standardized_resnet18,raw,eye,conditional.per_class.normal.tp,5,17.4,1.6733200530681511,16.0,20.0
yolo26,standardized_resnet18,raw,eye,conditional.per_class.papilledema.adaptive_ece_ovr,5,0.1781038258539489,0.06189245564284354,0.11981139056539931,0.2776956873541102
yolo26,standardized_resnet18,raw,eye,conditional.per_class.papilledema.auroc_ovr,5,0.7373157596371882,0.16641318391305907,0.5026455026455027,0.9241071428571428
yolo26,standardized_resnet18,raw,eye,conditional.per_class.papilledema.average_precision_ovr,5,0.46619994904049145,0.1643229272517256,0.21567032082925397,0.6746031746031746
yolo26,standardized_resnet18,raw,eye,conditional.per_class.papilledema.balanced_accuracy_ovr,5,0.6657407407407406,0.17697475354010972,0.4444444444444444,0.9017857142857143
yolo26,standardized_resnet18,raw,eye,conditional.per_class.papilledema.brier_ovr,5,0.16437156001897327,0.05652219605560675,0.09231879264751398,0.24699563272092404
yolo26,standardized_resnet18,raw,eye,conditional.per_class.papilledema.class_index,5,1.0,0.0,1.0,1.0
yolo26,standardized_resnet18,raw,eye,conditional.per_class.papilledema.ece_ovr,5,0.18057250461852123,0.0541136683218659,0.11956200420991274,0.2653413476886516
yolo26,standardized_resnet18,raw,eye,conditional.per_class.papilledema.f1,5,0.43503555268261146,0.3118362078099014,0.0,0.8235294117647058
yolo26,standardized_resnet18,raw,eye,conditional.per_class.papilledema.fn,5,3.8,2.3874672772626644,1.0,7.0
yolo26,standardized_resnet18,raw,eye,conditional.per_class.papilledema.fp,5,3.2,0.8366600265340756,2.0,4.0
yolo26,standardized_resnet18,raw,eye,conditional.per_class.papilledema.mcc_ovr,5,0.3114868830468878,0.35329003369061446,-0.15839698777049716,0.7715167498104596
yolo26,standardized_resnet18,raw,eye,conditional.per_class.papilledema.nll_ovr,5,0.7041779950473602,0.41213480966494687,0.41432408602999143,1.4146469675066575
yolo26,standardized_resnet18,raw,eye,conditional.per_class.papilledema.nll_true_class,5,2.2252085949216243,2.249706271163967,0.5665259256522335,6.1369013809820325
yolo26,standardized_resnet18,raw,eye,conditional.per_class.papilledema.precision,5,0.4222222222222222,0.289350755855823,0.0,0.7777777777777778
yolo26,standardized_resnet18,raw,eye,conditional.per_class.papilledema.recall,5,0.4511904761904761,0.3381979220325284,0.0,0.875
yolo26,standardized_resnet18,raw,eye,conditional.per_class.papilledema.sensitivity,5,0.4511904761904761,0.3381979220325284,0.0,0.875
yolo26,standardized_resnet18,raw,eye,conditional.per_class.papilledema.specificity,5,0.8802910052910052,0.03073084697219299,0.8518518518518519,0.9285714285714286
yolo26,standardized_resnet18,raw,eye,conditional.per_class.papilledema.support,5,7.0,0.7071067811865476,6.0,8.0
yolo26,standardized_resnet18,raw,eye,conditional.per_class.papilledema.tn,5,23.6,1.816590212458495,21.0,26.0
yolo26,standardized_resnet18,raw,eye,conditional.per_class.papilledema.tp,5,3.2,2.588435821108957,0.0,7.0
yolo26,standardized_resnet18,raw,eye,conditional.per_class.pseudopapilledema.adaptive_ece_ovr,5,0.19452448847751017,0.06519583553427677,0.14785985441233832,0.3062585347624065
yolo26,standardized_resnet18,raw,eye,conditional.per_class.pseudopapilledema.auroc_ovr,5,0.6859170117322291,0.0764883236642075,0.5838509316770186,0.7870370370370371
yolo26,standardized_resnet18,raw,eye,conditional.per_class.pseudopapilledema.average_precision_ovr,5,0.46433854691148335,0.07843023531631581,0.3807775557775558,0.5845646121351766
yolo26,standardized_resnet18,raw,eye,conditional.per_class.pseudopapilledema.balanced_accuracy_ovr,5,0.635351966873706,0.05307335443933182,0.5687830687830688,0.7013888888888888
yolo26,standardized_resnet18,raw,eye,conditional.per_class.pseudopapilledema.brier_ovr,5,0.19504193337352896,0.06307420924579034,0.15145071495967607,0.301160600768451
yolo26,standardized_resnet18,raw,eye,conditional.per_class.pseudopapilledema.class_index,5,2.0,0.0,2.0,2.0
yolo26,standardized_resnet18,raw,eye,conditional.per_class.pseudopapilledema.ece_ovr,5,0.20269520920727485,0.0736851250909959,0.09965276074021233,0.300692912229599
yolo26,standardized_resnet18,raw,eye,conditional.per_class.pseudopapilledema.f1,5,0.4237394184762605,0.0914113178544679,0.3076923076923077,0.5263157894736842
yolo26,standardized_resnet18,raw,eye,conditional.per_class.pseudopapilledema.fn,5,4.2,1.0954451150103321,3.0,5.0
yolo26,standardized_resnet18,raw,eye,conditional.per_class.pseudopapilledema.fp,5,4.2,2.8635642126552705,1.0,8.0
yolo26,standardized_resnet18,raw,eye,conditional.per_class.pseudopapilledema.mcc_ovr,5,0.2878322221288851,0.11893957672554709,0.145910923101986,0.4488328116984573
yolo26,standardized_resnet18,raw,eye,conditional.per_class.pseudopapilledema.nll_ovr,5,0.875060883414722,0.5047664200099409,0.5277343857264196,1.7562217087775407
yolo26,standardized_resnet18,raw,eye,conditional.per_class.pseudopapilledema.nll_true_class,5,2.1366761974907993,0.671480510500871,1.2157509970333407,2.90585218584361
yolo26,standardized_resnet18,raw,eye,conditional.per_class.pseudopapilledema.precision,5,0.4742424242424243,0.1708832991499598,0.3333333333333333,0.75
yolo26,standardized_resnet18,raw,eye,conditional.per_class.pseudopapilledema.recall,5,0.42857142857142855,0.16021748611541392,0.2857142857142857,0.625
yolo26,standardized_resnet18,raw,eye,conditional.per_class.pseudopapilledema.sensitivity,5,0.42857142857142855,0.16021748611541392,0.2857142857142857,0.625
yolo26,standardized_resnet18,raw,eye,conditional.per_class.pseudopapilledema.specificity,5,0.8421325051759835,0.10410127558657241,0.7037037037037037,0.9642857142857143
yolo26,standardized_resnet18,raw,eye,conditional.per_class.pseudopapilledema.support,5,7.4,0.5477225575051662,7.0,8.0
yolo26,standardized_resnet18,raw,eye,conditional.per_class.pseudopapilledema.tn,5,22.2,3.03315017762062,19.0,27.0
yolo26,standardized_resnet18,raw,eye,conditional.per_class.pseudopapilledema.tp,5,3.2,1.3038404810405297,2.0,5.0
yolo26,standardized_resnet18,raw,eye,conditional.top_label_adaptive_ece,5,0.22368400103590796,0.07409553158339884,0.1630122812791336,0.3499949426480676
yolo26,standardized_resnet18,raw,eye,conditional.top_label_ece,5,0.2226906702807104,0.07832545595897997,0.14250793571921078,0.3464754980159798
yolo26,standardized_resnet18,raw,eye,conditional_aurc,5,0.2261246382109101,0.04442625851560005,0.19026141014491738,0.3036799031928534
yolo26,standardized_resnet18,raw,eye,coverage,5,0.9388888888888889,0.06334307917217433,0.8333333333333334,1.0
yolo26,standardized_resnet18,raw,eye,failure_aware.accuracy,5,0.6611111111111112,0.10281530846289862,0.5555555555555556,0.8333333333333334
yolo26,standardized_resnet18,raw,eye,failure_aware.aurc,5,0.23360203060255397,0.04447709295720483,0.19924600552487343,0.3110592383770247
yolo26,standardized_resnet18,raw,eye,failure_aware.balanced_accuracy,5,0.5566666666666668,0.11776270867959668,0.43333333333333335,0.75
yolo26,standardized_resnet18,raw,eye,failure_aware.correct,5,23.8,3.7013511046643495,20.0,30.0
yolo26,standardized_resnet18,raw,eye,failure_aware.incorrect_or_abstained,5,12.2,3.7013511046643495,6.0,16.0
yolo26,standardized_resnet18,raw,eye,failure_aware.macro_f1,5,0.5620423155617702,0.12447013539885865,0.4068376068376069,0.7512539899680802
yolo26,standardized_resnet18,raw,eye,failure_aware.macro_precision,5,0.5889841534006294,0.15064452413927226,0.391812865497076,0.7991143317230275
yolo26,standardized_resnet18,raw,eye,failure_aware.macro_recall,5,0.5566666666666668,0.11776270867959668,0.43333333333333335,0.75
yolo26,standardized_resnet18,raw,eye,failure_aware.macro_specificity,5,0.7910714285714285,0.06898087907532449,0.7291666666666666,0.9017857142857143
yolo26,standardized_resnet18,raw,eye,failure_aware.multiclass_mcc,5,0.4540032975127202,0.16093436156025215,0.28461138736288083,0.7193358255020712
yolo26,standardized_resnet18,raw,eye,failure_aware.per_class.normal.abstain,5,0.6,1.3416407864998738,0.0,3.0
yolo26,standardized_resnet18,raw,eye,failure_aware.per_class.normal.balanced_accuracy_ovr,5,0.80375,0.06212386819894587,0.74375,0.90625
yolo26,standardized_resnet18,raw,eye,failure_aware.per_class.normal.class_index,5,0.0,0.0,0.0,0.0
yolo26,standardized_resnet18,raw,eye,failure_aware.per_class.normal.f1,5,0.8685388588185854,0.04157038639903363,0.8205128205128205,0.9302325581395349
yolo26,standardized_resnet18,raw,eye,failure_aware.per_class.normal.fn_including_abstain,5,2.6,1.6733200530681511,0.0,4.0
yolo26,standardized_resnet18,raw,eye,failure_aware.per_class.normal.fp,5,2.6,0.5477225575051661,2.0,3.0
yolo26,standardized_resnet18,raw,eye,failure_aware.per_class.normal.precision,5,0.8704878137372416,0.021858197383604238,0.8421052631578947,0.8947368421052632
yolo26,standardized_resnet18,raw,eye,failure_aware.per_class.normal.recall,5,0.8700000000000001,0.08366600265340754,0.8,1.0
yolo26,standardized_resnet18,raw,eye,failure_aware.per_class.normal.sensitivity,5,0.8700000000000001,0.08366600265340754,0.8,1.0
yolo26,standardized_resnet18,raw,eye,failure_aware.per_class.normal.specificity,5,0.7375,0.06846531968814577,0.6875,0.8125
yolo26,standardized_resnet18,raw,eye,failure_aware.per_class.normal.support,5,20.0,0.0,20.0,20.0
yolo26,standardized_resnet18,raw,eye,failure_aware.per_class.normal.tn_excluding_abstain,5,11.8,1.0954451150103324,11.0,13.0
yolo26,standardized_resnet18,raw,eye,failure_aware.per_class.normal.tp,5,17.4,1.6733200530681511,16.0,20.0
yolo26,standardized_resnet18,raw,eye,failure_aware.per_class.papilledema.abstain,5,1.0,0.7071067811865476,0.0,2.0
yolo26,standardized_resnet18,raw,eye,failure_aware.per_class.papilledema.balanced_accuracy_ovr,5,0.6214285714285713,0.1738895160022887,0.42857142857142855,0.9017857142857143
yolo26,standardized_resnet18,raw,eye,failure_aware.per_class.papilledema.class_index,5,1.0,0.0,1.0,1.0
yolo26,standardized_resnet18,raw,eye,failure_aware.per_class.papilledema.f1,5,0.40851540616246496,0.30407795225351864,0.0,0.8235294117647058
yolo26,standardized_resnet18,raw,eye,failure_aware.per_class.papilledema.fn_including_abstain,5,4.8,2.588435821108957,1.0,8.0
yolo26,standardized_resnet18,raw,eye,failure_aware.per_class.papilledema.fp,5,3.2,0.8366600265340756,2.0,4.0
yolo26,standardized_resnet18,raw,eye,failure_aware.per_class.papilledema.precision,5,0.4222222222222222,0.289350755855823,0.0,0.7777777777777778
yolo26,standardized_resnet18,raw,eye,failure_aware.per_class.papilledema.recall,5,0.4,0.3235544776386196,0.0,0.875
yolo26,standardized_resnet18,raw,eye,failure_aware.per_class.papilledema.sensitivity,5,0.4,0.3235544776386196,0.0,0.875
yolo26,standardized_resnet18,raw,eye,failure_aware.per_class.papilledema.specificity,5,0.8428571428571429,0.06487822187351769,0.75,0.9285714285714286
yolo26,standardized_resnet18,raw,eye,failure_aware.per_class.papilledema.support,5,8.0,0.0,8.0,8.0
yolo26,standardized_resnet18,raw,eye,failure_aware.per_class.papilledema.tn_excluding_abstain,5,23.6,1.816590212458495,21.0,26.0
yolo26,standardized_resnet18,raw,eye,failure_aware.per_class.papilledema.tp,5,3.2,2.588435821108957,0.0,7.0
yolo26,standardized_resnet18,raw,eye,failure_aware.per_class.pseudopapilledema.abstain,5,0.6,0.5477225575051662,0.0,1.0
yolo26,standardized_resnet18,raw,eye,failure_aware.per_class.pseudopapilledema.balanced_accuracy_ovr,5,0.5964285714285714,0.08168545008201916,0.5,0.6875
yolo26,standardized_resnet18,raw,eye,failure_aware.per_class.pseudopapilledema.class_index,5,2.0,0.0,2.0,2.0
yolo26,standardized_resnet18,raw,eye,failure_aware.per_class.pseudopapilledema.f1,5,0.4090726817042606,0.10374220433129704,0.2857142857142857,0.5263157894736842
yolo26,standardized_resnet18,raw,eye,failure_aware.per_class.pseudopapilledema.fn_including_abstain,5,4.8,1.3038404810405297,3.0,6.0
yolo26,standardized_resnet18,raw,eye,failure_aware.per_class.pseudopapilledema.fp,5,4.2,2.8635642126552705,1.0,8.0
yolo26,standardized_resnet18,raw,eye,failure_aware.per_class.pseudopapilledema.precision,5,0.4742424242424243,0.1708832991499598,0.3333333333333333,0.75
yolo26,standardized_resnet18,raw,eye,failure_aware.per_class.pseudopapilledema.recall,5,0.4,0.16298006013006622,0.25,0.625
yolo26,standardized_resnet18,raw,eye,failure_aware.per_class.pseudopapilledema.sensitivity,5,0.4,0.16298006013006622,0.25,0.625
yolo26,standardized_resnet18,raw,eye,failure_aware.per_class.pseudopapilledema.specificity,5,0.7928571428571429,0.10832679205787929,0.6785714285714286,0.9642857142857143
yolo26,standardized_resnet18,raw,eye,failure_aware.per_class.pseudopapilledema.support,5,8.0,0.0,8.0,8.0
yolo26,standardized_resnet18,raw,eye,failure_aware.per_class.pseudopapilledema.tn_excluding_abstain,5,22.2,3.03315017762062,19.0,27.0
yolo26,standardized_resnet18,raw,eye,failure_aware.per_class.pseudopapilledema.tp,5,3.2,1.3038404810405297,2.0,5.0
yolo26,standardized_resnet18,raw,eye,failure_aware_accuracy,5,0.6611111111111112,0.10281530846289862,0.5555555555555556,0.8333333333333334
yolo26,standardized_resnet18,raw,eye,failure_aware_aurc,5,0.23360203060255397,0.04447709295720483,0.19924600552487343,0.3110592383770247
yolo26,standardized_resnet18,raw,eye,failure_aware_balanced_accuracy,5,0.5566666666666668,0.11776270867959668,0.43333333333333335,0.75
yolo26,standardized_resnet18,raw,eye,failure_inclusive.accuracy,5,0.6611111111111112,0.10281530846289862,0.5555555555555556,0.8333333333333334
yolo26,standardized_resnet18,raw,eye,failure_inclusive.aurc,5,0.23360203060255397,0.04447709295720483,0.19924600552487343,0.3110592383770247
yolo26,standardized_resnet18,raw,eye,failure_inclusive.balanced_accuracy,5,0.5566666666666668,0.11776270867959668,0.43333333333333335,0.75
yolo26,standardized_resnet18,raw,eye,failure_inclusive.correct,5,23.8,3.7013511046643495,20.0,30.0
yolo26,standardized_resnet18,raw,eye,failure_inclusive.incorrect_or_abstained,5,12.2,3.7013511046643495,6.0,16.0
yolo26,standardized_resnet18,raw,eye,failure_inclusive.macro_f1,5,0.5620423155617702,0.12447013539885865,0.4068376068376069,0.7512539899680802
yolo26,standardized_resnet18,raw,eye,failure_inclusive.macro_precision,5,0.5889841534006294,0.15064452413927226,0.391812865497076,0.7991143317230275
yolo26,standardized_resnet18,raw,eye,failure_inclusive.macro_recall,5,0.5566666666666668,0.11776270867959668,0.43333333333333335,0.75
yolo26,standardized_resnet18,raw,eye,failure_inclusive.macro_specificity,5,0.7910714285714285,0.06898087907532449,0.7291666666666666,0.9017857142857143
yolo26,standardized_resnet18,raw,eye,failure_inclusive.multiclass_mcc,5,0.4540032975127202,0.16093436156025215,0.28461138736288083,0.7193358255020712
yolo26,standardized_resnet18,raw,eye,failure_inclusive.per_class.normal.abstain,5,0.6,1.3416407864998738,0.0,3.0
yolo26,standardized_resnet18,raw,eye,failure_inclusive.per_class.normal.balanced_accuracy_ovr,5,0.80375,0.06212386819894587,0.74375,0.90625
yolo26,standardized_resnet18,raw,eye,failure_inclusive.per_class.normal.class_index,5,0.0,0.0,0.0,0.0
yolo26,standardized_resnet18,raw,eye,failure_inclusive.per_class.normal.f1,5,0.8685388588185854,0.04157038639903363,0.8205128205128205,0.9302325581395349
yolo26,standardized_resnet18,raw,eye,failure_inclusive.per_class.normal.fn_including_abstain,5,2.6,1.6733200530681511,0.0,4.0
yolo26,standardized_resnet18,raw,eye,failure_inclusive.per_class.normal.fp,5,2.6,0.5477225575051661,2.0,3.0
yolo26,standardized_resnet18,raw,eye,failure_inclusive.per_class.normal.precision,5,0.8704878137372416,0.021858197383604238,0.8421052631578947,0.8947368421052632
yolo26,standardized_resnet18,raw,eye,failure_inclusive.per_class.normal.recall,5,0.8700000000000001,0.08366600265340754,0.8,1.0
yolo26,standardized_resnet18,raw,eye,failure_inclusive.per_class.normal.sensitivity,5,0.8700000000000001,0.08366600265340754,0.8,1.0
yolo26,standardized_resnet18,raw,eye,failure_inclusive.per_class.normal.specificity,5,0.7375,0.06846531968814577,0.6875,0.8125
yolo26,standardized_resnet18,raw,eye,failure_inclusive.per_class.normal.support,5,20.0,0.0,20.0,20.0
yolo26,standardized_resnet18,raw,eye,failure_inclusive.per_class.normal.tn_excluding_abstain,5,11.8,1.0954451150103324,11.0,13.0
yolo26,standardized_resnet18,raw,eye,failure_inclusive.per_class.normal.tp,5,17.4,1.6733200530681511,16.0,20.0
yolo26,standardized_resnet18,raw,eye,failure_inclusive.per_class.papilledema.abstain,5,1.0,0.7071067811865476,0.0,2.0
yolo26,standardized_resnet18,raw,eye,failure_inclusive.per_class.papilledema.balanced_accuracy_ovr,5,0.6214285714285713,0.1738895160022887,0.42857142857142855,0.9017857142857143
yolo26,standardized_resnet18,raw,eye,failure_inclusive.per_class.papilledema.class_index,5,1.0,0.0,1.0,1.0
yolo26,standardized_resnet18,raw,eye,failure_inclusive.per_class.papilledema.f1,5,0.40851540616246496,0.30407795225351864,0.0,0.8235294117647058
yolo26,standardized_resnet18,raw,eye,failure_inclusive.per_class.papilledema.fn_including_abstain,5,4.8,2.588435821108957,1.0,8.0
yolo26,standardized_resnet18,raw,eye,failure_inclusive.per_class.papilledema.fp,5,3.2,0.8366600265340756,2.0,4.0
yolo26,standardized_resnet18,raw,eye,failure_inclusive.per_class.papilledema.precision,5,0.4222222222222222,0.289350755855823,0.0,0.7777777777777778
yolo26,standardized_resnet18,raw,eye,failure_inclusive.per_class.papilledema.recall,5,0.4,0.3235544776386196,0.0,0.875
yolo26,standardized_resnet18,raw,eye,failure_inclusive.per_class.papilledema.sensitivity,5,0.4,0.3235544776386196,0.0,0.875
yolo26,standardized_resnet18,raw,eye,failure_inclusive.per_class.papilledema.specificity,5,0.8428571428571429,0.06487822187351769,0.75,0.9285714285714286
yolo26,standardized_resnet18,raw,eye,failure_inclusive.per_class.papilledema.support,5,8.0,0.0,8.0,8.0
yolo26,standardized_resnet18,raw,eye,failure_inclusive.per_class.papilledema.tn_excluding_abstain,5,23.6,1.816590212458495,21.0,26.0
yolo26,standardized_resnet18,raw,eye,failure_inclusive.per_class.papilledema.tp,5,3.2,2.588435821108957,0.0,7.0
yolo26,standardized_resnet18,raw,eye,failure_inclusive.per_class.pseudopapilledema.abstain,5,0.6,0.5477225575051662,0.0,1.0
yolo26,standardized_resnet18,raw,eye,failure_inclusive.per_class.pseudopapilledema.balanced_accuracy_ovr,5,0.5964285714285714,0.08168545008201916,0.5,0.6875
yolo26,standardized_resnet18,raw,eye,failure_inclusive.per_class.pseudopapilledema.class_index,5,2.0,0.0,2.0,2.0
yolo26,standardized_resnet18,raw,eye,failure_inclusive.per_class.pseudopapilledema.f1,5,0.4090726817042606,0.10374220433129704,0.2857142857142857,0.5263157894736842
yolo26,standardized_resnet18,raw,eye,failure_inclusive.per_class.pseudopapilledema.fn_including_abstain,5,4.8,1.3038404810405297,3.0,6.0
yolo26,standardized_resnet18,raw,eye,failure_inclusive.per_class.pseudopapilledema.fp,5,4.2,2.8635642126552705,1.0,8.0
yolo26,standardized_resnet18,raw,eye,failure_inclusive.per_class.pseudopapilledema.precision,5,0.4742424242424243,0.1708832991499598,0.3333333333333333,0.75
yolo26,standardized_resnet18,raw,eye,failure_inclusive.per_class.pseudopapilledema.recall,5,0.4,0.16298006013006622,0.25,0.625
yolo26,standardized_resnet18,raw,eye,failure_inclusive.per_class.pseudopapilledema.sensitivity,5,0.4,0.16298006013006622,0.25,0.625
yolo26,standardized_resnet18,raw,eye,failure_inclusive.per_class.pseudopapilledema.specificity,5,0.7928571428571429,0.10832679205787929,0.6785714285714286,0.9642857142857143
yolo26,standardized_resnet18,raw,eye,failure_inclusive.per_class.pseudopapilledema.support,5,8.0,0.0,8.0,8.0
yolo26,standardized_resnet18,raw,eye,failure_inclusive.per_class.pseudopapilledema.tn_excluding_abstain,5,22.2,3.03315017762062,19.0,27.0
yolo26,standardized_resnet18,raw,eye,failure_inclusive.per_class.pseudopapilledema.tp,5,3.2,1.3038404810405297,2.0,5.0
yolo26,standardized_resnet18,raw,eye,localized_diagnostic_success.localized_rate,5,0.9166666666666666,0.07081971546656644,0.8055555555555556,0.9722222222222222
yolo26,standardized_resnet18,raw,eye,localized_diagnostic_success.n_success,5,23.0,3.9370039370059056,18.0,29.0
yolo26,standardized_resnet18,raw,eye,localized_diagnostic_success.per_class_rate.normal,5,0.85,0.1118033988749895,0.7,1.0
yolo26,standardized_resnet18,raw,eye,localized_diagnostic_success.per_class_rate.papilledema,5,0.375,0.2795084971874737,0.0,0.75
yolo26,standardized_resnet18,raw,eye,localized_diagnostic_success.per_class_rate.pseudopapilledema,5,0.375,0.19764235376052372,0.125,0.625
yolo26,standardized_resnet18,raw,eye,localized_diagnostic_success.rate,5,0.6388888888888888,0.10936122047238626,0.5,0.8055555555555556
yolo26,standardized_resnet18,raw,eye,n_abstain,5,2.2,2.2803508501982757,0.0,6.0
yolo26,standardized_resnet18,raw,eye,n_covered,5,33.8,2.280350850198276,30.0,36.0
yolo26,standardized_resnet18,raw,eye,n_total,5,36.0,0.0,36.0,36.0
yolo26,standardized_resnet18,raw,eye,selective_risk,5,0.2956302521008403,0.09618792300953205,0.16666666666666666,0.4117647058823529
yolo26,standardized_resnet18,raw,patient,abstention_rate,5,0.11111111111111112,0.10393492741038728,0.0,0.2777777777777778
yolo26,standardized_resnet18,raw,patient,class_conditional_coverage.normal,5,0.96,0.08944271909999157,0.8,1.0
yolo26,standardized_resnet18,raw,patient,class_conditional_coverage.papilledema,5,0.75,0.1767766952966369,0.5,1.0
yolo26,standardized_resnet18,raw,patient,class_conditional_coverage.pseudopapilledema,5,0.85,0.13693063937629152,0.75,1.0
yolo26,standardized_resnet18,raw,patient,conditional.accuracy,5,0.7478004022121669,0.09644573807569587,0.625,0.8888888888888888
yolo26,standardized_resnet18,raw,patient,conditional.balanced_accuracy,5,0.6077777777777778,0.15222627731825028,0.41111111111111115,0.8333333333333334
yolo26,standardized_resnet18,raw,patient,conditional.class_counts.normal,5,9.6,0.8944271909999159,8.0,10.0
yolo26,standardized_resnet18,raw,patient,conditional.class_counts.papilledema,5,3.0,0.7071067811865476,2.0,4.0
yolo26,standardized_resnet18,raw,patient,conditional.class_counts.pseudopapilledema,5,3.4,0.5477225575051661,3.0,4.0
yolo26,standardized_resnet18,raw,patient,conditional.derived_discrimination.normal_vs_abnormal.auroc,5,0.9007142857142858,0.05662963976376016,0.8333333333333333,0.9666666666666668
yolo26,standardized_resnet18,raw,patient,conditional.derived_discrimination.normal_vs_abnormal.average_precision,5,0.9116017316017315,0.047220104247664756,0.8409090909090908,0.9583333333333334
yolo26,standardized_resnet18,raw,patient,conditional.derived_discrimination.normal_vs_abnormal.n,5,16.0,1.8708286933869707,13.0,18.0
yolo26,standardized_resnet18,raw,patient,conditional.derived_discrimination.normal_vs_abnormal.negative,5,9.6,0.8944271909999159,8.0,10.0
yolo26,standardized_resnet18,raw,patient,conditional.derived_discrimination.normal_vs_abnormal.positive,5,6.4,1.1401754250991378,5.0,8.0
yolo26,standardized_resnet18,raw,patient,conditional.derived_discrimination.papilledema_vs_pseudopapilledema.auroc,5,0.5166666666666667,0.15416041028346233,0.3333333333333333,0.75
yolo26,standardized_resnet18,raw,patient,conditional.derived_discrimination.papilledema_vs_pseudopapilledema.average_precision,5,0.6877777777777778,0.1289888261980495,0.5333333333333333,0.875
yolo26,standardized_resnet18,raw,patient,conditional.derived_discrimination.papilledema_vs_pseudopapilledema.n,5,6.4,1.1401754250991378,5.0,8.0
yolo26,standardized_resnet18,raw,patient,conditional.derived_discrimination.papilledema_vs_pseudopapilledema.negative,5,3.0,0.7071067811865476,2.0,4.0
yolo26,standardized_resnet18,raw,patient,conditional.derived_discrimination.papilledema_vs_pseudopapilledema.positive,5,3.4,0.5477225575051661,3.0,4.0
yolo26,standardized_resnet18,raw,patient,conditional.macro.adaptive_ece_ovr,5,0.18941460852266462,0.04474710211142267,0.12785014660054117,0.25273074132540274
yolo26,standardized_resnet18,raw,patient,conditional.macro.auroc_ovr,5,0.7932800532800534,0.0804176043213795,0.6623931623931624,0.861904761904762
yolo26,standardized_resnet18,raw,patient,conditional.macro.average_precision_ovr,5,0.6719173064589732,0.07721445275055504,0.5487485970819304,0.7568969456469455
yolo26,standardized_resnet18,raw,patient,conditional.macro.balanced_accuracy_ovr,5,0.7328457653457654,0.10165836461974177,0.5987179487179487,0.8839285714285715
yolo26,standardized_resnet18,raw,patient,conditional.macro.brier_ovr,5,0.13611685965184067,0.04540544405587175,0.09473124068964257,0.21198984426868814
yolo26,standardized_resnet18,raw,patient,conditional.macro.ece_ovr,5,0.17662439181825626,0.038458414543066734,0.13751029843848203,0.23354582030516638
yolo26,standardized_resnet18,raw,patient,conditional.macro.f1,5,0.5885122938064115,0.17131446472737538,0.38095238095238093,0.8359788359788359
yolo26,standardized_resnet18,raw,patient,conditional.macro.mcc_ovr,5,0.47437443519456163,0.22208684535000672,0.18675977612145633,0.8050706733844423
yolo26,standardized_resnet18,raw,patient,conditional.macro.nll_ovr,5,0.541625309748433,0.2846692560600149,0.396545857366201,1.0502932994894765
yolo26,standardized_resnet18,raw,patient,conditional.macro.nll_true_class,5,1.3346563893590904,0.800684447989774,0.8711669540789965,2.7560993881825397
yolo26,standardized_resnet18,raw,patient,conditional.macro.precision,5,0.5905723905723905,0.2117284657095918,0.35606060606060613,0.903030303030303
yolo26,standardized_resnet18,raw,patient,conditional.macro.recall,5,0.6077777777777778,0.15222627731825028,0.41111111111111115,0.8333333333333334
yolo26,standardized_resnet18,raw,patient,conditional.macro.specificity,5,0.8579137529137529,0.054595835372193265,0.7863247863247863,0.9345238095238096
yolo26,standardized_resnet18,raw,patient,conditional.macro_auroc,5,0.7932800532800534,0.0804176043213795,0.6623931623931624,0.861904761904762
yolo26,standardized_resnet18,raw,patient,conditional.macro_average_precision,5,0.6719173064589732,0.07721445275055504,0.5487485970819304,0.7568969456469455
yolo26,standardized_resnet18,raw,patient,conditional.macro_classwise_adaptive_ece,5,0.18941460852266462,0.04474710211142267,0.12785014660054117,0.25273074132540274
yolo26,standardized_resnet18,raw,patient,conditional.macro_classwise_ece,5,0.17662439181825626,0.038458414543066734,0.13751029843848203,0.23354582030516638
yolo26,standardized_resnet18,raw,patient,conditional.macro_f1,5,0.5885122938064115,0.17131446472737538,0.38095238095238093,0.8359788359788359
yolo26,standardized_resnet18,raw,patient,conditional.macro_precision,5,0.5905723905723905,0.2117284657095918,0.35606060606060613,0.903030303030303
yolo26,standardized_resnet18,raw,patient,conditional.macro_recall,5,0.6077777777777778,0.15222627731825028,0.41111111111111115,0.8333333333333334
yolo26,standardized_resnet18,raw,patient,conditional.multiclass_brier,5,0.408350578955522,0.1362163321676152,0.2841937220689277,0.6359695328060643
yolo26,standardized_resnet18,raw,patient,conditional.multiclass_mcc,5,0.5359901706602402,0.19563662018968977,0.27427580443784055,0.8206652053732659
yolo26,standardized_resnet18,raw,patient,conditional.multiclass_nll,5,0.877674784900724,0.4462523636663341,0.6107374589127536,1.6725808208132193
yolo26,standardized_resnet18,raw,patient,conditional.n,5,16.0,1.8708286933869707,13.0,18.0
yolo26,standardized_resnet18,raw,patient,conditional.per_class.normal.adaptive_ece_ovr,5,0.1285622112176943,0.042904990387630536,0.07723013345201565,0.18338419422199215
yolo26,standardized_resnet18,raw,patient,conditional.per_class.normal.auroc_ovr,5,0.9007142857142858,0.05662963976376011,0.8333333333333334,0.9666666666666667
yolo26,standardized_resnet18,raw,patient,conditional.per_class.normal.average_precision_ovr,5,0.9269540043290043,0.0422209926798462,0.8755456349206349,0.980909090909091
yolo26,standardized_resnet18,raw,patient,conditional.per_class.normal.balanced_accuracy_ovr,5,0.8589285714285714,0.08256662602060416,0.7571428571428571,0.9375
yolo26,standardized_resnet18,raw,patient,conditional.per_class.normal.brier_ovr,5,0.09624414802359522,0.03511502680311053,0.06557979448887152,0.13649391965875127
yolo26,standardized_resnet18,raw,patient,conditional.per_class.normal.class_index,5,0.0,0.0,0.0,0.0
yolo26,standardized_resnet18,raw,patient,conditional.per_class.normal.ece_ovr,5,0.132049150051799,0.04735161470396451,0.08915253872094563,0.18341000406142505
yolo26,standardized_resnet18,raw,patient,conditional.per_class.normal.f1,5,0.9006162464985994,0.06895263948885016,0.8,0.9523809523809523
yolo26,standardized_resnet18,raw,patient,conditional.per_class.normal.fn,5,0.6,0.8944271909999159,0.0,2.0
yolo26,standardized_resnet18,raw,patient,conditional.per_class.normal.fp,5,1.4,0.5477225575051661,1.0,2.0
yolo26,standardized_resnet18,raw,patient,conditional.per_class.normal.mcc_ovr,5,0.7423389304081978,0.17578310667188463,0.5142857142857142,0.8918825850158447
yolo26,standardized_resnet18,raw,patient,conditional.per_class.normal.nll_ovr,5,0.33021495045135585,0.06329047920518559,0.22886105079252755,0.3868914287664109
yolo26,standardized_resnet18,raw,patient,conditional.per_class.normal.nll_true_class,5,0.21503108135079815,0.16394712001480313,0.03529307347464767,0.4627007309712738
yolo26,standardized_resnet18,raw,patient,conditional.per_class.normal.precision,5,0.865050505050505,0.052143132184955525,0.8,0.9090909090909091
yolo26,standardized_resnet18,raw,patient,conditional.per_class.normal.recall,5,0.9399999999999998,0.08944271909999157,0.8,1.0
yolo26,standardized_resnet18,raw,patient,conditional.per_class.normal.sensitivity,5,0.9399999999999998,0.08944271909999157,0.8,1.0
yolo26,standardized_resnet18,raw,patient,conditional.per_class.normal.specificity,5,0.7778571428571428,0.08574569530325445,0.6666666666666666,0.875
yolo26,standardized_resnet18,raw,patient,conditional.per_class.normal.support,5,9.6,0.8944271909999159,8.0,10.0
yolo26,standardized_resnet18,raw,patient,conditional.per_class.normal.tn,5,5.0,1.224744871391589,4.0,7.0
yolo26,standardized_resnet18,raw,patient,conditional.per_class.normal.tp,5,9.0,1.0,8.0,10.0
yolo26,standardized_resnet18,raw,patient,conditional.per_class.papilledema.adaptive_ece_ovr,5,0.20503840937894502,0.06773643928609638,0.0991485572919602,0.27695763808039103
yolo26,standardized_resnet18,raw,patient,conditional.per_class.papilledema.auroc_ovr,5,0.7514152514152515,0.17927986126376594,0.48717948717948717,0.9285714285714286
yolo26,standardized_resnet18,raw,patient,conditional.per_class.papilledema.average_precision_ovr,5,0.49676647426647424,0.17224938217056196,0.22053872053872053,0.6791666666666667
yolo26,standardized_resnet18,raw,patient,conditional.per_class.papilledema.balanced_accuracy_ovr,5,0.6887112887112888,0.18533182633490425,0.46153846153846156,0.9642857142857143
yolo26,standardized_resnet18,raw,patient,conditional.per_class.papilledema.brier_ovr,5,0.14187541418034058,0.05793445745628121,0.07641255690795683,0.22126414298070618
yolo26,standardized_resnet18,raw,patient,conditional.per_class.papilledema.class_index,5,1.0,0.0,1.0,1.0
yolo26,standardized_resnet18,raw,patient,conditional.per_class.papilledema.ece_ovr,5,0.19345972339284495,0.046951009211406367,0.13797666199755204,0.2683782540895209
yolo26,standardized_resnet18,raw,patient,conditional.per_class.papilledema.f1,5,0.4444444444444445,0.32155102507750627,0.0,0.8888888888888888
yolo26,standardized_resnet18,raw,patient,conditional.per_class.papilledema.fn,5,1.4,1.140175425099138,0.0,3.0
yolo26,standardized_resnet18,raw,patient,conditional.per_class.papilledema.fp,5,1.6,0.8944271909999159,1.0,3.0
yolo26,standardized_resnet18,raw,patient,conditional.per_class.papilledema.mcc_ovr,5,0.34089649237472536,0.3590118909750364,-0.12403473458920847,0.8618916073713346
yolo26,standardized_resnet18,raw,patient,conditional.per_class.papilledema.nll_ovr,5,0.5771703972736502,0.407614296659007,0.2644930295090646,1.2710836698499905
yolo26,standardized_resnet18,raw,patient,conditional.per_class.papilledema.nll_true_class,5,2.063844364194218,2.3208747198620365,0.32463319948770797,6.0745270395037965
yolo26,standardized_resnet18,raw,patient,conditional.per_class.papilledema.precision,5,0.4066666666666666,0.28905977851571735,0.0,0.8
yolo26,standardized_resnet18,raw,patient,conditional.per_class.papilledema.recall,5,0.5,0.37267799624996495,0.0,1.0
yolo26,standardized_resnet18,raw,patient,conditional.per_class.papilledema.sensitivity,5,0.5,0.37267799624996495,0.0,1.0
yolo26,standardized_resnet18,raw,patient,conditional.per_class.papilledema.specificity,5,0.8774225774225775,0.06674605212307685,0.7692307692307693,0.9285714285714286
yolo26,standardized_resnet18,raw,patient,conditional.per_class.papilledema.support,5,3.0,0.7071067811865476,2.0,4.0
yolo26,standardized_resnet18,raw,patient,conditional.per_class.papilledema.tn,5,11.4,1.3416407864998738,10.0,13.0
yolo26,standardized_resnet18,raw,patient,conditional.per_class.papilledema.tp,5,1.6,1.5165750888103102,0.0,4.0
yolo26,standardized_resnet18,raw,patient,conditional.per_class.pseudopapilledema.adaptive_ece_ovr,5,0.23464320497135463,0.04408637132665755,0.1883880742631432,0.297850391673825
yolo26,standardized_resnet18,raw,patient,conditional.per_class.pseudopapilledema.auroc_ovr,5,0.7277106227106226,0.1249287926633573,0.5666666666666667,0.9038461538461539
yolo26,standardized_resnet18,raw,patient,conditional.per_class.pseudopapilledema.average_precision_ovr,5,0.5920314407814408,0.061080775431587624,0.5277777777777777,0.6651785714285714
yolo26,standardized_resnet18,raw,patient,conditional.per_class.pseudopapilledema.balanced_accuracy_ovr,5,0.650897435897436,0.13977563735087808,0.5,0.8365384615384616
yolo26,standardized_resnet18,raw,patient,conditional.per_class.pseudopapilledema.brier_ovr,5,0.1702310167515862,0.06623880944346973,0.12162371004383832,0.28314965490610294
yolo26,standardized_resnet18,raw,patient,conditional.per_class.pseudopapilledema.class_index,5,2.0,0.0,2.0,2.0
yolo26,standardized_resnet18,raw,patient,conditional.per_class.pseudopapilledema.ece_ovr,5,0.20436430201012484,0.045462604999956295,0.12941037351075957,0.24887501260398615
yolo26,standardized_resnet18,raw,patient,conditional.per_class.pseudopapilledema.f1,5,0.4204761904761904,0.30190063088656377,0.0,0.75
yolo26,standardized_resnet18,raw,patient,conditional.per_class.pseudopapilledema.fn,5,2.0,0.7071067811865476,1.0,3.0
yolo26,standardized_resnet18,raw,patient,conditional.per_class.pseudopapilledema.fp,5,1.0,1.224744871391589,0.0,3.0
yolo26,standardized_resnet18,raw,patient,conditional.per_class.pseudopapilledema.mcc_ovr,5,0.33988788280076176,0.3145246861512659,0.0,0.6730769230769231
yolo26,standardized_resnet18,raw,patient,conditional.per_class.pseudopapilledema.nll_ovr,5,0.7174905815202932,0.45936115124285387,0.39336663274956885,1.508526705579344
yolo26,standardized_resnet18,raw,patient,conditional.per_class.pseudopapilledema.nll_true_class,5,1.7250937225322551,0.7371327943146103,0.5992271951204178,2.3595853096444883
yolo26,standardized_resnet18,raw,patient,conditional.per_class.pseudopapilledema.precision,5,0.5,0.39528470752104744,0.0,1.0
yolo26,standardized_resnet18,raw,patient,conditional.per_class.pseudopapilledema.recall,5,0.3833333333333333,0.2738612787525831,0.0,0.75
yolo26,standardized_resnet18,raw,patient,conditional.per_class.pseudopapilledema.sensitivity,5,0.3833333333333333,0.2738612787525831,0.0,0.75
yolo26,standardized_resnet18,raw,patient,conditional.per_class.pseudopapilledema.specificity,5,0.9184615384615384,0.094774725115455,0.7692307692307693,1.0
yolo26,standardized_resnet18,raw,patient,conditional.per_class.pseudopapilledema.support,5,3.4,0.5477225575051661,3.0,4.0
yolo26,standardized_resnet18,raw,patient,conditional.per_class.pseudopapilledema.tn,5,11.6,2.073644135332772,9.0,14.0
yolo26,standardized_resnet18,raw,patient,conditional.per_class.pseudopapilledema.tp,5,1.4,1.140175425099138,0.0,3.0
yolo26,standardized_resnet18,raw,patient,conditional.top_label_adaptive_ece,5,0.23322282084843682,0.04587969963084087,0.17507937374471783,0.3027419926361258
yolo26,standardized_resnet18,raw,patient,conditional.top_label_ece,5,0.2130563595521613,0.060668879960358316,0.13309794625602134,0.30258942170333447
yolo26,standardized_resnet18,raw,patient,conditional_aurc,5,0.1771631451733317,0.08669896835748063,0.09838477494727495,0.3186677905427906
yolo26,standardized_resnet18,raw,patient,coverage,5,0.888888888888889,0.10393492741038726,0.7222222222222222,1.0
yolo26,standardized_resnet18,raw,patient,failure_aware.accuracy,5,0.6666666666666665,0.1360827634879543,0.5555555555555556,0.8888888888888888
yolo26,standardized_resnet18,raw,patient,failure_aware.aurc,5,0.19670190376072733,0.08897502362031144,0.11543969828283555,0.33082743327841374
yolo26,standardized_resnet18,raw,patient,failure_aware.balanced_accuracy,5,0.55,0.17795130420052185,0.3833333333333333,0.8333333333333334
yolo26,standardized_resnet18,raw,patient,failure_aware.correct,5,12.0,2.449489742783178,10.0,16.0
yolo26,standardized_resnet18,raw,patient,failure_aware.incorrect_or_abstained,5,6.0,2.449489742783178,2.0,8.0
yolo26,standardized_resnet18,raw,patient,failure_aware.macro_f1,5,0.557092731829574,0.1784981842890451,0.36904761904761907,0.8359788359788359
yolo26,standardized_resnet18,raw,patient,failure_aware.macro_precision,5,0.5905723905723905,0.2117284657095918,0.35606060606060613,0.903030303030303
yolo26,standardized_resnet18,raw,patient,failure_aware.macro_recall,5,0.55,0.17795130420052185,0.3833333333333333,0.8333333333333334
yolo26,standardized_resnet18,raw,patient,failure_aware.macro_specificity,5,0.755952380952381,0.11777594605600823,0.6190476190476191,0.9345238095238096
yolo26,standardized_resnet18,raw,patient,failure_aware.multiclass_mcc,5,0.47570390381511674,0.20884485537279213,0.26747530781932055,0.8206652053732659
yolo26,standardized_resnet18,raw,patient,failure_aware.per_class.normal.abstain,5,0.4,0.8944271909999161,0.0,2.0
yolo26,standardized_resnet18,raw,patient,failure_aware.per_class.normal.balanced_accuracy_ovr,5,0.7625,0.11422291801560666,0.65,0.9375
yolo26,standardized_resnet18,raw,patient,failure_aware.per_class.normal.class_index,5,0.0,0.0,0.0,0.0
yolo26,standardized_resnet18,raw,patient,failure_aware.per_class.normal.f1,5,0.8808020050125313,0.06861714169008898,0.8,0.9523809523809523
yolo26,standardized_resnet18,raw,patient,failure_aware.per_class.normal.fn_including_abstain,5,1.0,1.0,0.0,2.0
yolo26,standardized_resnet18,raw,patient,failure_aware.per_class.normal.fp,5,1.4,0.5477225575051661,1.0,2.0
yolo26,standardized_resnet18,raw,patient,failure_aware.per_class.normal.precision,5,0.865050505050505,0.052143132184955525,0.8,0.9090909090909091
yolo26,standardized_resnet18,raw,patient,failure_aware.per_class.normal.recall,5,0.9,0.09999999999999998,0.8,1.0
yolo26,standardized_resnet18,raw,patient,failure_aware.per_class.normal.sensitivity,5,0.9,0.09999999999999998,0.8,1.0
yolo26,standardized_resnet18,raw,patient,failure_aware.per_class.normal.specificity,5,0.625,0.15309310892394862,0.5,0.875
yolo26,standardized_resnet18,raw,patient,failure_aware.per_class.normal.support,5,10.0,0.0,10.0,10.0
yolo26,standardized_resnet18,raw,patient,failure_aware.per_class.normal.tn_excluding_abstain,5,5.0,1.224744871391589,4.0,7.0
yolo26,standardized_resnet18,raw,patient,failure_aware.per_class.normal.tp,5,9.0,1.0,8.0,10.0
yolo26,standardized_resnet18,raw,patient,failure_aware.per_class.papilledema.abstain,5,1.0,0.7071067811865476,0.0,2.0
yolo26,standardized_resnet18,raw,patient,failure_aware.per_class.papilledema.balanced_accuracy_ovr,5,0.6071428571428571,0.21091092519674495,0.42857142857142855,0.9642857142857143
yolo26,standardized_resnet18,raw,patient,failure_aware.per_class.papilledema.class_index,5,1.0,0.0,1.0,1.0
yolo26,standardized_resnet18,raw,patient,failure_aware.per_class.papilledema.f1,5,0.3904761904761904,0.3232799903009769,0.0,0.8888888888888888
yolo26,standardized_resnet18,raw,patient,failure_aware.per_class.papilledema.fn_including_abstain,5,2.4,1.5165750888103102,0.0,4.0
yolo26,standardized_resnet18,raw,patient,failure_aware.per_class.papilledema.fp,5,1.6,0.8944271909999159,1.0,3.0
yolo26,standardized_resnet18,raw,patient,failure_aware.per_class.papilledema.precision,5,0.4066666666666666,0.28905977851571735,0.0,0.8
yolo26,standardized_resnet18,raw,patient,failure_aware.per_class.papilledema.recall,5,0.4,0.37914377220257756,0.0,1.0
yolo26,standardized_resnet18,raw,patient,failure_aware.per_class.papilledema.sensitivity,5,0.4,0.37914377220257756,0.0,1.0
yolo26,standardized_resnet18,raw,patient,failure_aware.per_class.papilledema.specificity,5,0.8142857142857143,0.09583148474999098,0.7142857142857143,0.9285714285714286
yolo26,standardized_resnet18,raw,patient,failure_aware.per_class.papilledema.support,5,4.0,0.0,4.0,4.0
yolo26,standardized_resnet18,raw,patient,failure_aware.per_class.papilledema.tn_excluding_abstain,5,11.4,1.3416407864998738,10.0,13.0
yolo26,standardized_resnet18,raw,patient,failure_aware.per_class.papilledema.tp,5,1.6,1.5165750888103102,0.0,4.0
yolo26,standardized_resnet18,raw,patient,failure_aware.per_class.pseudopapilledema.abstain,5,0.6,0.5477225575051662,0.0,1.0
yolo26,standardized_resnet18,raw,patient,failure_aware.per_class.pseudopapilledema.balanced_accuracy_ovr,5,0.5892857142857143,0.17267035362333674,0.44642857142857145,0.8035714285714286
yolo26,standardized_resnet18,raw,patient,failure_aware.per_class.pseudopapilledema.class_index,5,2.0,0.0,2.0,2.0
yolo26,standardized_resnet18,raw,patient,failure_aware.per_class.pseudopapilledema.f1,5,0.39999999999999997,0.3084459253886958,0.0,0.75
yolo26,standardized_resnet18,raw,patient,failure_aware.per_class.pseudopapilledema.fn_including_abstain,5,2.6,1.140175425099138,1.0,4.0
yolo26,standardized_resnet18,raw,patient,failure_aware.per_class.pseudopapilledema.fp,5,1.0,1.224744871391589,0.0,3.0
yolo26,standardized_resnet18,raw,patient,failure_aware.per_class.pseudopapilledema.precision,5,0.5,0.39528470752104744,0.0,1.0
yolo26,standardized_resnet18,raw,patient,failure_aware.per_class.pseudopapilledema.recall,5,0.35,0.2850438562747845,0.0,0.75
yolo26,standardized_resnet18,raw,patient,failure_aware.per_class.pseudopapilledema.sensitivity,5,0.35,0.2850438562747845,0.0,0.75
yolo26,standardized_resnet18,raw,patient,failure_aware.per_class.pseudopapilledema.specificity,5,0.8285714285714286,0.14811743823805512,0.6428571428571429,1.0
yolo26,standardized_resnet18,raw,patient,failure_aware.per_class.pseudopapilledema.support,5,4.0,0.0,4.0,4.0
yolo26,standardized_resnet18,raw,patient,failure_aware.per_class.pseudopapilledema.tn_excluding_abstain,5,11.6,2.073644135332772,9.0,14.0
yolo26,standardized_resnet18,raw,patient,failure_aware.per_class.pseudopapilledema.tp,5,1.4,1.140175425099138,0.0,3.0
yolo26,standardized_resnet18,raw,patient,failure_aware_accuracy,5,0.6666666666666665,0.1360827634879543,0.5555555555555556,0.8888888888888888
yolo26,standardized_resnet18,raw,patient,failure_aware_aurc,5,0.19670190376072733,0.08897502362031144,0.11543969828283555,0.33082743327841374
yolo26,standardized_resnet18,raw,patient,failure_aware_balanced_accuracy,5,0.55,0.17795130420052185,0.3833333333333333,0.8333333333333334
yolo26,standardized_resnet18,raw,patient,failure_inclusive.accuracy,5,0.6666666666666665,0.1360827634879543,0.5555555555555556,0.8888888888888888
yolo26,standardized_resnet18,raw,patient,failure_inclusive.aurc,5,0.19670190376072733,0.08897502362031144,0.11543969828283555,0.33082743327841374
yolo26,standardized_resnet18,raw,patient,failure_inclusive.balanced_accuracy,5,0.55,0.17795130420052185,0.3833333333333333,0.8333333333333334
yolo26,standardized_resnet18,raw,patient,failure_inclusive.correct,5,12.0,2.449489742783178,10.0,16.0
yolo26,standardized_resnet18,raw,patient,failure_inclusive.incorrect_or_abstained,5,6.0,2.449489742783178,2.0,8.0
yolo26,standardized_resnet18,raw,patient,failure_inclusive.macro_f1,5,0.557092731829574,0.1784981842890451,0.36904761904761907,0.8359788359788359
yolo26,standardized_resnet18,raw,patient,failure_inclusive.macro_precision,5,0.5905723905723905,0.2117284657095918,0.35606060606060613,0.903030303030303
yolo26,standardized_resnet18,raw,patient,failure_inclusive.macro_recall,5,0.55,0.17795130420052185,0.3833333333333333,0.8333333333333334
yolo26,standardized_resnet18,raw,patient,failure_inclusive.macro_specificity,5,0.755952380952381,0.11777594605600823,0.6190476190476191,0.9345238095238096
yolo26,standardized_resnet18,raw,patient,failure_inclusive.multiclass_mcc,5,0.47570390381511674,0.20884485537279213,0.26747530781932055,0.8206652053732659
yolo26,standardized_resnet18,raw,patient,failure_inclusive.per_class.normal.abstain,5,0.4,0.8944271909999161,0.0,2.0
yolo26,standardized_resnet18,raw,patient,failure_inclusive.per_class.normal.balanced_accuracy_ovr,5,0.7625,0.11422291801560666,0.65,0.9375
yolo26,standardized_resnet18,raw,patient,failure_inclusive.per_class.normal.class_index,5,0.0,0.0,0.0,0.0
yolo26,standardized_resnet18,raw,patient,failure_inclusive.per_class.normal.f1,5,0.8808020050125313,0.06861714169008898,0.8,0.9523809523809523
yolo26,standardized_resnet18,raw,patient,failure_inclusive.per_class.normal.fn_including_abstain,5,1.0,1.0,0.0,2.0
yolo26,standardized_resnet18,raw,patient,failure_inclusive.per_class.normal.fp,5,1.4,0.5477225575051661,1.0,2.0
yolo26,standardized_resnet18,raw,patient,failure_inclusive.per_class.normal.precision,5,0.865050505050505,0.052143132184955525,0.8,0.9090909090909091
yolo26,standardized_resnet18,raw,patient,failure_inclusive.per_class.normal.recall,5,0.9,0.09999999999999998,0.8,1.0
yolo26,standardized_resnet18,raw,patient,failure_inclusive.per_class.normal.sensitivity,5,0.9,0.09999999999999998,0.8,1.0
yolo26,standardized_resnet18,raw,patient,failure_inclusive.per_class.normal.specificity,5,0.625,0.15309310892394862,0.5,0.875
yolo26,standardized_resnet18,raw,patient,failure_inclusive.per_class.normal.support,5,10.0,0.0,10.0,10.0
yolo26,standardized_resnet18,raw,patient,failure_inclusive.per_class.normal.tn_excluding_abstain,5,5.0,1.224744871391589,4.0,7.0
yolo26,standardized_resnet18,raw,patient,failure_inclusive.per_class.normal.tp,5,9.0,1.0,8.0,10.0
yolo26,standardized_resnet18,raw,patient,failure_inclusive.per_class.papilledema.abstain,5,1.0,0.7071067811865476,0.0,2.0
yolo26,standardized_resnet18,raw,patient,failure_inclusive.per_class.papilledema.balanced_accuracy_ovr,5,0.6071428571428571,0.21091092519674495,0.42857142857142855,0.9642857142857143
yolo26,standardized_resnet18,raw,patient,failure_inclusive.per_class.papilledema.class_index,5,1.0,0.0,1.0,1.0
yolo26,standardized_resnet18,raw,patient,failure_inclusive.per_class.papilledema.f1,5,0.3904761904761904,0.3232799903009769,0.0,0.8888888888888888
yolo26,standardized_resnet18,raw,patient,failure_inclusive.per_class.papilledema.fn_including_abstain,5,2.4,1.5165750888103102,0.0,4.0
yolo26,standardized_resnet18,raw,patient,failure_inclusive.per_class.papilledema.fp,5,1.6,0.8944271909999159,1.0,3.0
yolo26,standardized_resnet18,raw,patient,failure_inclusive.per_class.papilledema.precision,5,0.4066666666666666,0.28905977851571735,0.0,0.8
yolo26,standardized_resnet18,raw,patient,failure_inclusive.per_class.papilledema.recall,5,0.4,0.37914377220257756,0.0,1.0
yolo26,standardized_resnet18,raw,patient,failure_inclusive.per_class.papilledema.sensitivity,5,0.4,0.37914377220257756,0.0,1.0
yolo26,standardized_resnet18,raw,patient,failure_inclusive.per_class.papilledema.specificity,5,0.8142857142857143,0.09583148474999098,0.7142857142857143,0.9285714285714286
yolo26,standardized_resnet18,raw,patient,failure_inclusive.per_class.papilledema.support,5,4.0,0.0,4.0,4.0
yolo26,standardized_resnet18,raw,patient,failure_inclusive.per_class.papilledema.tn_excluding_abstain,5,11.4,1.3416407864998738,10.0,13.0
yolo26,standardized_resnet18,raw,patient,failure_inclusive.per_class.papilledema.tp,5,1.6,1.5165750888103102,0.0,4.0
yolo26,standardized_resnet18,raw,patient,failure_inclusive.per_class.pseudopapilledema.abstain,5,0.6,0.5477225575051662,0.0,1.0
yolo26,standardized_resnet18,raw,patient,failure_inclusive.per_class.pseudopapilledema.balanced_accuracy_ovr,5,0.5892857142857143,0.17267035362333674,0.44642857142857145,0.8035714285714286
yolo26,standardized_resnet18,raw,patient,failure_inclusive.per_class.pseudopapilledema.class_index,5,2.0,0.0,2.0,2.0
yolo26,standardized_resnet18,raw,patient,failure_inclusive.per_class.pseudopapilledema.f1,5,0.39999999999999997,0.3084459253886958,0.0,0.75
yolo26,standardized_resnet18,raw,patient,failure_inclusive.per_class.pseudopapilledema.fn_including_abstain,5,2.6,1.140175425099138,1.0,4.0
yolo26,standardized_resnet18,raw,patient,failure_inclusive.per_class.pseudopapilledema.fp,5,1.0,1.224744871391589,0.0,3.0
yolo26,standardized_resnet18,raw,patient,failure_inclusive.per_class.pseudopapilledema.precision,5,0.5,0.39528470752104744,0.0,1.0
yolo26,standardized_resnet18,raw,patient,failure_inclusive.per_class.pseudopapilledema.recall,5,0.35,0.2850438562747845,0.0,0.75
yolo26,standardized_resnet18,raw,patient,failure_inclusive.per_class.pseudopapilledema.sensitivity,5,0.35,0.2850438562747845,0.0,0.75
yolo26,standardized_resnet18,raw,patient,failure_inclusive.per_class.pseudopapilledema.specificity,5,0.8285714285714286,0.14811743823805512,0.6428571428571429,1.0
yolo26,standardized_resnet18,raw,patient,failure_inclusive.per_class.pseudopapilledema.support,5,4.0,0.0,4.0,4.0
yolo26,standardized_resnet18,raw,patient,failure_inclusive.per_class.pseudopapilledema.tn_excluding_abstain,5,11.6,2.073644135332772,9.0,14.0
yolo26,standardized_resnet18,raw,patient,failure_inclusive.per_class.pseudopapilledema.tp,5,1.4,1.140175425099138,0.0,3.0
yolo26,standardized_resnet18,raw,patient,localized_diagnostic_success.localized_rate,5,0.8444444444444443,0.12044157438154889,0.6666666666666666,0.9444444444444444
yolo26,standardized_resnet18,raw,patient,localized_diagnostic_success.n_success,5,11.2,2.7748873851023212,8.0,15.0
yolo26,standardized_resnet18,raw,patient,localized_diagnostic_success.per_class_rate.normal,5,0.86,0.1341640786499874,0.7,1.0
yolo26,standardized_resnet18,raw,patient,localized_diagnostic_success.per_class_rate.papilledema,5,0.35,0.2850438562747845,0.0,0.75
yolo26,standardized_resnet18,raw,patient,localized_diagnostic_success.per_class_rate.pseudopapilledema,5,0.3,0.32596012026013244,0.0,0.75
yolo26,standardized_resnet18,raw,patient,localized_diagnostic_success.rate,5,0.6222222222222222,0.15416041028346233,0.4444444444444444,0.8333333333333334
yolo26,standardized_resnet18,raw,patient,n_abstain,5,2.0,1.8708286933869707,0.0,5.0
yolo26,standardized_resnet18,raw,patient,n_covered,5,16.0,1.8708286933869707,13.0,18.0
yolo26,standardized_resnet18,raw,patient,n_total,5,18.0,0.0,18.0,18.0
yolo26,standardized_resnet18,raw,patient,selective_risk,5,0.2521995977878331,0.09644573807569588,0.1111111111111111,0.375
